source_id,product_row_id,manufacturer,brand,mpn,source_url,source_domain,source_type,authority_level,identity_verified,mpn_verified,retrieval_status,content_hash,discovered_at
SRC-2052de5e,1,Freud Inc,Diablo,DCB518ASTS06G,https://www.freudtools.com/products/dcb518asts06g,freudtools.com,manufacturer_product_page,1.0,True,True,success,2f48b6967ab27c479f795833904e1b8a2ea53f340157de09c1edc8c194366325,2026-08-16T12:00:00Z
SRC-edb68817,1,Freud Inc,Diablo,DCB518ASTS06G,https://www.freudtools.com/docs/datasheets/dcb518asts06g.pdf,freudtools.com,manufacturer_pdf,1.0,True,True,success,9d2e8c8d623fd8886f1bf95cc8e6cf012037d3122c95c5cc2e0b7898d55e84c2,2026-08-16T12:00:00Z
SRC-9043b3c3,1,Freud Inc,Diablo,DCB518ASTS06G,https://www.freudtools.com/catalogs/specifications.pdf,freudtools.com,manufacturer_catalog,0.95,True,True,success,db711007cf61f5e6e1974bbe04887cfae501f3425aeee97b6a88e8b91080d607,2026-08-16T12:00:00Z
SRC-47ca13b4,1,Freud Inc,Diablo,DCB518ASTS06G,https://www.industrialdistributor.com/p/dcb518asts06g,industrialdistributor.com,distributor_product_page,0.4,True,True,success,3186034dd78668d506d7f538d2b4f5c7d3ed4f54df0aafac9033d63e64a7a28e,2026-08-16T12:00:00Z
SRC-550281b9,2,Jam Industrial Supply LLC,3M,775L,https://www.3m.com/products/775l,3m.com,manufacturer_product_page,1.0,True,True,success,596c0652b38f06b4903f9ce00b318bcf98e06d6cccf49917f686ea9c3130999a,2026-08-16T12:00:00Z
SRC-435fd18d,2,Jam Industrial Supply LLC,3M,775L,https://www.3m.com/docs/datasheets/775l.pdf,3m.com,manufacturer_pdf,1.0,True,True,success,0b3ca2dee8158127b06eebbde92c43d0003ac4a19fac05ac34a77096a8fac648,2026-08-16T12:00:00Z
SRC-396dea73,2,Jam Industrial Supply LLC,3M,775L,https://www.3m.com/catalogs/specifications.pdf,3m.com,manufacturer_catalog,0.95,True,True,success,355934c754ae620e1f605028663daa6ab48639620e39d6b14aa94a5a89ac9029,2026-08-16T12:00:00Z
SRC-d8d36796,2,Jam Industrial Supply LLC,3M,775L,https://www.industrialdistributor.com/p/775l,industrialdistributor.com,distributor_product_page,0.4,True,True,success,4ad592344cd81f04b475e5c0bcca2cbf135518507aec1f0e53c75024e89ffa60,2026-08-16T12:00:00Z
SRC-a95ad350,8,Mirka Abrasives Inc,HIOLIT,5B-332-080,https://www.mirkaabrasivesinc.com/products/5b332080,mirkaabrasivesinc.com,manufacturer_product_page,1.0,True,True,success,b55df440ac47859019c8f091a35963d99eda8946e9410c8030afcf9b2d9362ed,2026-08-16T12:00:00Z
SRC-fe0bd5e8,8,Mirka Abrasives Inc,HIOLIT,5B-332-080,https://www.mirkaabrasivesinc.com/docs/datasheets/5b332080.pdf,mirkaabrasivesinc.com,manufacturer_pdf,1.0,True,True,success,24fc6ceeba431a3b081b55d16f8ced10e267d6938eb1888f0a4ac954def1e3a8,2026-08-16T12:00:00Z
SRC-9d1d3dec,8,Mirka Abrasives Inc,HIOLIT,5B-332-080,https://www.mirkaabrasivesinc.com/catalogs/specifications.pdf,mirkaabrasivesinc.com,manufacturer_catalog,0.95,True,True,success,d43984eb01ac63c94bb4cb8f3e41b96802069c506b9d47e157f654652b131515,2026-08-16T12:00:00Z
SRC-d8b3bacf,8,Mirka Abrasives Inc,HIOLIT,5B-332-080,https://www.industrialdistributor.com/p/5b332080,industrialdistributor.com,distributor_product_page,0.4,True,True,success,39a8989b500514a518b8ab7956c7cb9070faedbf68e6e03e253098f2653f3a36,2026-08-16T12:00:00Z
SRC-43b7b059,9,Mirka Abrasives Inc,HIOLIT,5B-332-120,https://www.mirkaabrasivesinc.com/products/5b332120,mirkaabrasivesinc.com,manufacturer_product_page,1.0,True,True,success,efd08772ba64153279a27443c22b6155f77f2b8022e54b0ae533114ed93d2ef2,2026-08-16T12:00:00Z
SRC-52d5b076,9,Mirka Abrasives Inc,HIOLIT,5B-332-120,https://www.mirkaabrasivesinc.com/docs/datasheets/5b332120.pdf,mirkaabrasivesinc.com,manufacturer_pdf,1.0,True,True,success,e8d0430d9cf71a3425b9395de731d17ebd0df11f656b6553ee58ce1a03372cff,2026-08-16T12:00:00Z
SRC-f0d9f868,9,Mirka Abrasives Inc,HIOLIT,5B-332-120,https://www.industrialdistributor.com/p/5b332120,industrialdistributor.com,distributor_product_page,0.4,True,True,success,f515885ba8478769f03333d927a176cbb1ecb125ee49151526b9dac7c61b708a,2026-08-16T12:00:00Z
SRC-2d97f09d,10,Mirka Abrasives Inc,Abranet,9A-570-240,https://www.mirkaabrasivesinc.com/products/9a570240,mirkaabrasivesinc.com,manufacturer_product_page,1.0,True,True,success,1c584b3bfff25d1f96e5c36211ec062bb01a66727fa7540a9933b7fb37433a02,2026-08-16T12:00:00Z
SRC-a16de12a,10,Mirka Abrasives Inc,Abranet,9A-570-240,https://www.mirkaabrasivesinc.com/docs/datasheets/9a570240.pdf,mirkaabrasivesinc.com,manufacturer_pdf,1.0,True,True,success,4b6d2079db14376ec8df008bcdc0e08acbfda0f459645d6248e1377dcc5e8518,2026-08-16T12:00:00Z
SRC-476829ea,10,Mirka Abrasives Inc,Abranet,9A-570-240,https://www.industrialdistributor.com/p/9a570240,industrialdistributor.com,distributor_product_page,0.4,True,True,success,f0c8ffc887dcd98a14848442687c23e09573b4229942daa969a9021bf1ac54ff,2026-08-16T12:00:00Z
SRC-d20ba26e,11,Mirka Abrasives Inc,Abranet,9A-570-320,https://www.mirkaabrasivesinc.com/products/9a570320,mirkaabrasivesinc.com,manufacturer_product_page,1.0,True,True,success,d4200bd45796a54d3addf6b0258b7203a1e7fd14a1e71a506830ea064ec4090e,2026-08-16T12:00:00Z
SRC-5aa6ae30,11,Mirka Abrasives Inc,Abranet,9A-570-320,https://www.mirkaabrasivesinc.com/docs/datasheets/9a570320.pdf,mirkaabrasivesinc.com,manufacturer_pdf,1.0,True,True,success,696e4536d5f6c19d490cfa12da16aae392c8391d6ad1aeada35278abd2ac9a4d,2026-08-16T12:00:00Z
SRC-473097c0,11,Mirka Abrasives Inc,Abranet,9A-570-320,https://www.industrialdistributor.com/p/9a570320,industrialdistributor.com,distributor_product_page,0.4,True,True,success,3f3fa15c93872959cfa72720ac53f0d397066c1210c25a7da847d1789ff2be58,2026-08-16T12:00:00Z
SRC-bd12f2da,12,Freud Inc,Diablo,DBD090094101F,https://www.freudtools.com/products/dbd090094101f,freudtools.com,manufacturer_product_page,1.0,True,True,success,d4fefb14ae270a018b1d2e2c6e0fcf47538bec00599ed2afd72bc9480f39bfb3,2026-08-16T12:00:00Z
SRC-4be3ff12,12,Freud Inc,Diablo,DBD090094101F,https://www.freudtools.com/docs/datasheets/dbd090094101f.pdf,freudtools.com,manufacturer_pdf,1.0,True,True,success,3ae122a733663268173cd9b7bcb5dcc39d0408f913aafed427801689a1857a64,2026-08-16T12:00:00Z
SRC-0042b27e,12,Freud Inc,Diablo,DBD090094101F,https://www.industrialdistributor.com/p/dbd090094101f,industrialdistributor.com,distributor_product_page,0.4,True,True,success,dfd54d08fb16805f49e8ae5c8d7e8d810cde93bed8a2a84ceb1852237e93ab03,2026-08-16T12:00:00Z
SRC-1e361cec,13,Freud Inc,Diablo,DBDS12125A01F,https://www.freudtools.com/products/dbds12125a01f,freudtools.com,manufacturer_product_page,1.0,True,True,success,0df1160a6ede2af49a5a75d68b19b4b6a94cdfb74cdb97192c014788d2a1d762,2026-08-16T12:00:00Z
SRC-4efb8b90,13,Freud Inc,Diablo,DBDS12125A01F,https://www.freudtools.com/docs/datasheets/dbds12125a01f.pdf,freudtools.com,manufacturer_pdf,1.0,True,True,success,204170a264b952ef2ebe22720e8ea8fcabb1bcd68d26b25145e2c2367befd037,2026-08-16T12:00:00Z
SRC-9244f105,13,Freud Inc,Diablo,DBDS12125A01F,https://www.industrialdistributor.com/p/dbds12125a01f,industrialdistributor.com,distributor_product_page,0.4,True,True,success,e04c3e2b8f3d293e7eb19e4f7f2ddb069134a6f20ea62a8865872889a4e1b444,2026-08-16T12:00:00Z
SRC-e77c099b,14,Freud Inc,Diablo,DBDS12125G01F,https://www.freudtools.com/products/dbds12125g01f,freudtools.com,manufacturer_product_page,1.0,True,True,success,d243698287749ffe90e8b4e440adeeb0f4a62f6111a132d028f7a31dffaf37dd,2026-08-16T12:00:00Z
SRC-45084312,14,Freud Inc,Diablo,DBDS12125G01F,https://www.freudtools.com/docs/datasheets/dbds12125g01f.pdf,freudtools.com,manufacturer_pdf,1.0,True,True,success,b9a0f4222054c7a8b9a83ecc015eac036b6df9f676bd733cfbfa7af7cbb4df4a,2026-08-16T12:00:00Z
SRC-d3af9098,14,Freud Inc,Diablo,DBDS12125G01F,https://www.industrialdistributor.com/p/dbds12125g01f,industrialdistributor.com,distributor_product_page,0.4,True,True,success,f2c241889af4f72f06ae74a26341694a681e7accbdce059b0c8b46fc416244e9,2026-08-16T12:00:00Z
SRC-8cf7d74c,15,Freud Inc,Diablo,DBDS14125A01F,https://www.freudtools.com/products/dbds14125a01f,freudtools.com,manufacturer_product_page,1.0,True,True,success,8e67f5b1b204382261170fe922f26af8ce23f0d0c38c2664c0c303a4e8f7d8d5,2026-08-16T12:00:00Z
SRC-e561ef92,15,Freud Inc,Diablo,DBDS14125A01F,https://www.freudtools.com/docs/datasheets/dbds14125a01f.pdf,freudtools.com,manufacturer_pdf,1.0,True,True,success,22400e3c100984aaa1b4e2e776fa5e17d58e27b1848680ebeabd435bce759207,2026-08-16T12:00:00Z
SRC-d6b44977,15,Freud Inc,Diablo,DBDS14125A01F,https://www.industrialdistributor.com/p/dbds14125a01f,industrialdistributor.com,distributor_product_page,0.4,True,True,success,c9d83296102535b6eca8df302386b592bfb3a967ba792e009bc172e74fe02afc,2026-08-16T12:00:00Z
SRC-ab4acf22,16,Freud Inc,Diablo,DBDS14125G01F,https://www.freudtools.com/products/dbds14125g01f,freudtools.com,manufacturer_product_page,1.0,True,True,success,9df75391a874a53c2cd256e6f750dc88407cfa04ade0a5fbb1386d276d0d957d,2026-08-16T12:00:00Z
SRC-d41c8ca2,16,Freud Inc,Diablo,DBDS14125G01F,https://www.freudtools.com/docs/datasheets/dbds14125g01f.pdf,freudtools.com,manufacturer_pdf,1.0,True,True,success,404f614d364ba0083257376d89d9b18d4e4163183b93bdb521f6c6638bdb4a29,2026-08-16T12:00:00Z
SRC-4dd4ae47,16,Freud Inc,Diablo,DBDS14125G01F,https://www.industrialdistributor.com/p/dbds14125g01f,industrialdistributor.com,distributor_product_page,0.4,True,True,success,6e355ebbf49d7f9681eb1487fb17ab125c01c20f3ceb3351a17de1c7befd639b,2026-08-16T12:00:00Z
SRC-9d71b636,17,Milwaukee Accessory,Milwaukee,49-94-0013,https://www.milwaukeetool.com/products/49940013,milwaukeetool.com,manufacturer_product_page,1.0,True,True,success,67cc7090b40e199a6cd4547fc345198b5edecee5f80b0a4f3ad4f59d783420bf,2026-08-16T12:00:00Z
SRC-198e1c55,17,Milwaukee Accessory,Milwaukee,49-94-0013,https://www.milwaukeetool.com/docs/datasheets/49940013.pdf,milwaukeetool.com,manufacturer_pdf,1.0,True,True,success,d35f0cae97b9ea0a57f61944aff13eae0697e63491c550b1aad2d7ff59ec45e7,2026-08-16T12:00:00Z
SRC-d548d507,17,Milwaukee Accessory,Milwaukee,49-94-0013,https://www.milwaukeetool.com/catalogs/specifications.pdf,milwaukeetool.com,manufacturer_catalog,0.95,True,True,success,b859e4500f5e6856c447e8fcfbaa87e6ebc3f17c1e6feea8e57c0d92f67cdc8f,2026-08-16T12:00:00Z
SRC-c92fab02,17,Milwaukee Accessory,Milwaukee,49-94-0013,https://www.industrialdistributor.com/p/49940013,industrialdistributor.com,distributor_product_page,0.4,True,True,success,313f0838695389d85b0a916424fa794b1455aa20ad22ab8b3c8b0f2393bcaf76,2026-08-16T12:00:00Z
SRC-3f9bcb12,18,Milwaukee Accessory,Milwaukee,49-94-0029,https://www.milwaukeetool.com/products/49940029,milwaukeetool.com,manufacturer_product_page,1.0,True,True,success,34892cc36e9ea341804adf175617531f8e99705c906385093f8fabc570bdbd32,2026-08-16T12:00:00Z
SRC-59b5e397,18,Milwaukee Accessory,Milwaukee,49-94-0029,https://www.milwaukeetool.com/docs/datasheets/49940029.pdf,milwaukeetool.com,manufacturer_pdf,1.0,True,True,success,45614e56d50c1585d4931027fac705b7ffb75959b05f16929580d989ddfb3ae1,2026-08-16T12:00:00Z
SRC-5745b13c,18,Milwaukee Accessory,Milwaukee,49-94-0029,https://www.industrialdistributor.com/p/49940029,industrialdistributor.com,distributor_product_page,0.4,True,True,success,0faae26155e85fed015cb5a2bcae88af27da9e76a6f6a9594564438ed10ae0d3,2026-08-16T12:00:00Z
SRC-070bba67,19,Milwaukee Accessory,Milwaukee,49-94-0033,https://www.milwaukeetool.com/products/49940033,milwaukeetool.com,manufacturer_product_page,1.0,True,True,success,e3496536be43c5a4ea8eb42257738e74ac24d6f7bdbe5f6dd177a4c7e4d2b52b,2026-08-16T12:00:00Z
SRC-3e76edb4,19,Milwaukee Accessory,Milwaukee,49-94-0033,https://www.milwaukeetool.com/docs/datasheets/49940033.pdf,milwaukeetool.com,manufacturer_pdf,1.0,True,True,success,e9ccb7d15f9b224d740119c885479cb52bc0d1f01f6669dd6145fa90805498e2,2026-08-16T12:00:00Z
SRC-0f9140e1,19,Milwaukee Accessory,Milwaukee,49-94-0033,https://www.industrialdistributor.com/p/49940033,industrialdistributor.com,distributor_product_page,0.4,True,True,success,e34f0ff5c7680edabcf874c3cffea2b617dae39e6559d012a6d229f3988e70df,2026-08-16T12:00:00Z
SRC-13865443,20,Milwaukee Accessory,Milwaukee,49-94-0001,https://www.milwaukeetool.com/products/49940001,milwaukeetool.com,manufacturer_product_page,1.0,True,True,success,f09a9453844412fd579540a3ca33a1cd7efb13efd938eba0dec6d3346192931a,2026-08-16T12:00:00Z
SRC-756f5414,20,Milwaukee Accessory,Milwaukee,49-94-0001,https://www.milwaukeetool.com/docs/datasheets/49940001.pdf,milwaukeetool.com,manufacturer_pdf,1.0,True,True,success,b2dc5aa380618e796106a758ca32ce0571a68a5bbee56e104313dc2dc12d85f8,2026-08-16T12:00:00Z
SRC-2f60a048,20,Milwaukee Accessory,Milwaukee,49-94-0001,https://www.industrialdistributor.com/p/49940001,industrialdistributor.com,distributor_product_page,0.4,True,True,success,5a08223d3b70a977b413e403804758d8389b7574c6c934fd9cb6d327109b50c1,2026-08-16T12:00:00Z
SRC-f3feb96d,21,Milwaukee Accessory,Milwaukee,49-94-0039,https://www.milwaukeetool.com/products/49940039,milwaukeetool.com,manufacturer_product_page,1.0,True,True,success,f0abba433e648bb0df93ab3e3a52648a66003590e43c399b3b88c3a63186dcf7,2026-08-16T12:00:00Z
SRC-64c4c8fa,21,Milwaukee Accessory,Milwaukee,49-94-0039,https://www.milwaukeetool.com/docs/datasheets/49940039.pdf,milwaukeetool.com,manufacturer_pdf,1.0,True,True,success,92e6cd9858b31c82b9603449e261090b662dacc34dcca69e1d262daae3e52fd3,2026-08-16T12:00:00Z
SRC-c0fc2514,21,Milwaukee Accessory,Milwaukee,49-94-0039,https://www.industrialdistributor.com/p/49940039,industrialdistributor.com,distributor_product_page,0.4,True,True,success,681c8fad5754f8569f565e90f5dc1366fa349352acd57bbdbdf1a27a050f08e1,2026-08-16T12:00:00Z
SRC-0a6a702f,22,Milwaukee Accessory,Milwaukee,49-94-0043,https://www.milwaukeetool.com/products/49940043,milwaukeetool.com,manufacturer_product_page,1.0,True,True,success,3e5b24961dd5ac2aef6aaf5dd11ec3678ec85f5b9ceb4e35937d6f77602ab48c,2026-08-16T12:00:00Z
SRC-e2e8fff0,22,Milwaukee Accessory,Milwaukee,49-94-0043,https://www.milwaukeetool.com/docs/datasheets/49940043.pdf,milwaukeetool.com,manufacturer_pdf,1.0,True,True,success,5d91a7ff80745e3f12820fdae50edc34ec9acc1227a1ed001e82095e97050f94,2026-08-16T12:00:00Z
SRC-e266a8cc,22,Milwaukee Accessory,Milwaukee,49-94-0043,https://www.industrialdistributor.com/p/49940043,industrialdistributor.com,distributor_product_page,0.4,True,True,success,73e78b43c2a0eccf8d964f22cade5ab78566b5605286bd5345b00bd198fa5be1,2026-08-16T12:00:00Z
SRC-94a66d48,23,Milwaukee Accessory,Milwaukee,49-94-0048,https://www.milwaukeetool.com/products/49940048,milwaukeetool.com,manufacturer_product_page,1.0,True,True,success,b7d96bf9a602ed4838be3a629d739f95d3e8bb7ebcf48fe13b401eb6e5ca46c4,2026-08-16T12:00:00Z
SRC-9fbd971b,23,Milwaukee Accessory,Milwaukee,49-94-0048,https://www.milwaukeetool.com/docs/datasheets/49940048.pdf,milwaukeetool.com,manufacturer_pdf,1.0,True,True,success,e94af57ca83558e5882fc00521333cfe81d012f8230eeb1b7b3112d31c23eae5,2026-08-16T12:00:00Z
SRC-bffe47c0,23,Milwaukee Accessory,Milwaukee,49-94-0048,https://www.industrialdistributor.com/p/49940048,industrialdistributor.com,distributor_product_page,0.4,True,True,success,62f9f8164647384aca06dd264d8596ac294c154f3aaf5b5e87d43230f3f22e9d,2026-08-16T12:00:00Z
SRC-66f077a9,24,Milwaukee Accessory,Milwaukee,49-94-0053,https://www.milwaukeetool.com/products/49940053,milwaukeetool.com,manufacturer_product_page,1.0,True,True,success,37d1966eaeedd3151900339c8a5ad64c6dbd8a19a4fea3b2cd97e06e1117dab7,2026-08-16T12:00:00Z
SRC-51eb76b4,24,Milwaukee Accessory,Milwaukee,49-94-0053,https://www.milwaukeetool.com/docs/datasheets/49940053.pdf,milwaukeetool.com,manufacturer_pdf,1.0,True,True,success,3b75b43423b08d3376c15eb3bdd79ef1f1136f8cd7c9e6cfd3fdc2064992b814,2026-08-16T12:00:00Z
SRC-730d82fe,24,Milwaukee Accessory,Milwaukee,49-94-0053,https://www.industrialdistributor.com/p/49940053,industrialdistributor.com,distributor_product_page,0.4,True,True,success,16a62843e15541d9d3e981ca22f4762923a1878f4a70518f01aead2ba32f81d4,2026-08-16T12:00:00Z
SRC-63313184,25,Milwaukee Accessory,Milwaukee,49-94-0058,https://www.milwaukeetool.com/products/49940058,milwaukeetool.com,manufacturer_product_page,1.0,True,True,success,8dadb036bcfaa9e68315a69cbb178e1dc39034a9eadac15b76b48606f5ecc73e,2026-08-16T12:00:00Z
SRC-23210944,25,Milwaukee Accessory,Milwaukee,49-94-0058,https://www.milwaukeetool.com/docs/datasheets/49940058.pdf,milwaukeetool.com,manufacturer_pdf,1.0,True,True,success,42b491e8028b6c2e0ee810b139ed6e1489f755cdd3b5666c926b6c1d1efb78ea,2026-08-16T12:00:00Z
SRC-995fcc15,25,Milwaukee Accessory,Milwaukee,49-94-0058,https://www.industrialdistributor.com/p/49940058,industrialdistributor.com,distributor_product_page,0.4,True,True,success,984f37b5297f4fb749d81919bed66d9bd059f4f9f005dd84bced7c1eab6d6187,2026-08-16T12:00:00Z
SRC-c40b0a88,26,Milwaukee Accessory,Milwaukee,49-94-0063,https://www.milwaukeetool.com/products/49940063,milwaukeetool.com,manufacturer_product_page,1.0,True,True,success,9308f18167f4690356487f41b0b956f1c5c8bb0ec4c207313b91e0556895646a,2026-08-16T12:00:00Z
SRC-59c91a1f,26,Milwaukee Accessory,Milwaukee,49-94-0063,https://www.milwaukeetool.com/docs/datasheets/49940063.pdf,milwaukeetool.com,manufacturer_pdf,1.0,True,True,success,aeb9409544289a6e0a689eb28a0f7cca340250d53cb162cabc94c13a363c385f,2026-08-16T12:00:00Z
SRC-e28ebe6c,26,Milwaukee Accessory,Milwaukee,49-94-0063,https://www.industrialdistributor.com/p/49940063,industrialdistributor.com,distributor_product_page,0.4,True,True,success,24bc96dad21a2ced7d80b331eaabb81e6d3f44db6587c5db93d4993e32526652,2026-08-16T12:00:00Z
SRC-eff49f26,27,Milwaukee Accessory,Milwaukee,49-94-0068,https://www.milwaukeetool.com/products/49940068,milwaukeetool.com,manufacturer_product_page,1.0,True,True,success,c718f6a5adda28187a824313cfc8c9963d88ee1e5936895ccdc8f45fdd52fcb8,2026-08-16T12:00:00Z
SRC-cf74f781,27,Milwaukee Accessory,Milwaukee,49-94-0068,https://www.milwaukeetool.com/docs/datasheets/49940068.pdf,milwaukeetool.com,manufacturer_pdf,1.0,True,True,success,d1ef792040232c4ba49fc74348d29fe5dc8250eb0dbfe5fae231f176cecf7f3e,2026-08-16T12:00:00Z
SRC-1c35b71f,27,Milwaukee Accessory,Milwaukee,49-94-0068,https://www.industrialdistributor.com/p/49940068,industrialdistributor.com,distributor_product_page,0.4,True,True,success,7a3df4eb50c8dd5bc2564c9bf295e215953a07b022fba2f8401d7732e1b10d97,2026-08-16T12:00:00Z
SRC-e2ac5cd8,28,Milwaukee Accessory,Milwaukee,49-94-0073,https://www.milwaukeetool.com/products/49940073,milwaukeetool.com,manufacturer_product_page,1.0,True,True,success,61eac30d2e00caa8ace5cb45e090525b0142d5b7a73e738597d9c41c0973da7d,2026-08-16T12:00:00Z
SRC-fc9bc2f9,28,Milwaukee Accessory,Milwaukee,49-94-0073,https://www.milwaukeetool.com/docs/datasheets/49940073.pdf,milwaukeetool.com,manufacturer_pdf,1.0,True,True,success,9f7230246f6271ac104616faa93892bc9a0c11bf2b82703ef399d844dbef8650,2026-08-16T12:00:00Z
SRC-5d083921,28,Milwaukee Accessory,Milwaukee,49-94-0073,https://www.industrialdistributor.com/p/49940073,industrialdistributor.com,distributor_product_page,0.4,True,True,success,263bf4566a83219edac3a029a4dc42234451a739a411124e74384a856515808c,2026-08-16T12:00:00Z
SRC-0f0b93d4,29,Milwaukee Accessory,Milwaukee,49-94-0101,https://www.milwaukeetool.com/products/49940101,milwaukeetool.com,manufacturer_product_page,1.0,True,True,success,e62aa96a3eb83b1028c5983bbeff0e1e9c26f239b839d412375978d083f82f31,2026-08-16T12:00:00Z
SRC-9d482c8f,29,Milwaukee Accessory,Milwaukee,49-94-0101,https://www.milwaukeetool.com/docs/datasheets/49940101.pdf,milwaukeetool.com,manufacturer_pdf,1.0,True,True,success,db54ffcbde75571420cd5884630718779c0dda4fc4686f78345700f26c507763,2026-08-16T12:00:00Z
SRC-19150f49,29,Milwaukee Accessory,Milwaukee,49-94-0101,https://www.industrialdistributor.com/p/49940101,industrialdistributor.com,distributor_product_page,0.4,True,True,success,dd0edf07a2bbfaea88df3bbb8ff22248e4d3a79069732cdb4d93092f3484d7a1,2026-08-16T12:00:00Z
SRC-bb9bb377,30,Milwaukee Accessory,Milwaukee,49-94-0107,https://www.milwaukeetool.com/products/49940107,milwaukeetool.com,manufacturer_product_page,1.0,True,True,success,4b17a7a2ce7b206ed884bd92599b42f1caddaec55daa3c56f466256ce7959c0c,2026-08-16T12:00:00Z
SRC-d5ae3292,30,Milwaukee Accessory,Milwaukee,49-94-0107,https://www.milwaukeetool.com/docs/datasheets/49940107.pdf,milwaukeetool.com,manufacturer_pdf,1.0,True,True,success,3e5514bee8e034c3b0d581f392958d47fef6ceebfb249f76c3153ba12657e0dd,2026-08-16T12:00:00Z
SRC-682c9892,30,Milwaukee Accessory,Milwaukee,49-94-0107,https://www.industrialdistributor.com/p/49940107,industrialdistributor.com,distributor_product_page,0.4,True,True,success,6a68124482e56307e68388df5c77ab5d07688e0b69058065176ae4e4fbbe952a,2026-08-16T12:00:00Z
SRC-7835df14,31,Milwaukee Accessory,Milwaukee,49-94-0117,https://www.milwaukeetool.com/products/49940117,milwaukeetool.com,manufacturer_product_page,1.0,True,True,success,c761d2fdf5dd68bff72e0d6c8defaaa315a2bf234434f1aac35ad7ec2eed63ec,2026-08-16T12:00:00Z
SRC-766377c9,31,Milwaukee Accessory,Milwaukee,49-94-0117,https://www.milwaukeetool.com/docs/datasheets/49940117.pdf,milwaukeetool.com,manufacturer_pdf,1.0,True,True,success,a9bca5908877387820ab85290a64f50f1f3906510b783ba114e311473007299d,2026-08-16T12:00:00Z
SRC-b5d7c694,31,Milwaukee Accessory,Milwaukee,49-94-0117,https://www.industrialdistributor.com/p/49940117,industrialdistributor.com,distributor_product_page,0.4,True,True,success,8286f969eebbf23b7277b9bbd51f4c992db2f9a7d6aaa5116a58c091638b042c,2026-08-16T12:00:00Z
SRC-3a60f9aa,32,Milwaukee Accessory,Milwaukee,49-94-0123,https://www.milwaukeetool.com/products/49940123,milwaukeetool.com,manufacturer_product_page,1.0,True,True,success,6687538ddd7f14b779661b58af376e614e5da16356202e3c4c6251c155a6bc82,2026-08-16T12:00:00Z
SRC-5e038c35,32,Milwaukee Accessory,Milwaukee,49-94-0123,https://www.milwaukeetool.com/docs/datasheets/49940123.pdf,milwaukeetool.com,manufacturer_pdf,1.0,True,True,success,bf2abf7c91709242a901d933402f3c763219a7a83db35eb4707d765484eb0c85,2026-08-16T12:00:00Z
SRC-578041be,32,Milwaukee Accessory,Milwaukee,49-94-0123,https://www.industrialdistributor.com/p/49940123,industrialdistributor.com,distributor_product_page,0.4,True,True,success,7209aa409e01dd7b87fe7d0333fd4158b95596e81c9eb35f4b14aec85446e1c8,2026-08-16T12:00:00Z
SRC-1babe847,33,Milwaukee Accessory,Milwaukee,49-94-0023,https://www.milwaukeetool.com/products/49940023,milwaukeetool.com,manufacturer_product_page,1.0,True,True,success,7e14f2d12c80b56fe0888838931d8127c2da6ae0b5061edc8a2e0d2373214c7d,2026-08-16T12:00:00Z
SRC-bd1e2e2e,33,Milwaukee Accessory,Milwaukee,49-94-0023,https://www.milwaukeetool.com/docs/datasheets/49940023.pdf,milwaukeetool.com,manufacturer_pdf,1.0,True,True,success,cfa2aedfd58f1d13865809c34820f267504c4967b1273fea90afd842767071cb,2026-08-16T12:00:00Z
SRC-6cbad6ee,33,Milwaukee Accessory,Milwaukee,49-94-0023,https://www.industrialdistributor.com/p/49940023,industrialdistributor.com,distributor_product_page,0.4,True,True,success,1c15668232be622ac2e973129046ce2006ceb1eba7d6018c00f58fc144439c29,2026-08-16T12:00:00Z
SRC-3c11f6fd,34,Milwaukee Accessory,Milwaukee,49-94-0121,https://www.milwaukeetool.com/products/49940121,milwaukeetool.com,manufacturer_product_page,1.0,True,True,success,9a8ea683d1a95b8c905c40225bfdf05a40e7814838db45275b019c5881c73f19,2026-08-16T12:00:00Z
SRC-7e144324,34,Milwaukee Accessory,Milwaukee,49-94-0121,https://www.milwaukeetool.com/docs/datasheets/49940121.pdf,milwaukeetool.com,manufacturer_pdf,1.0,True,True,success,3d1f5e1ef9b45ea439b46c105f9bef95e748c5cf2c96bfca059fa8d4e07d1f00,2026-08-16T12:00:00Z
SRC-f7ed3882,34,Milwaukee Accessory,Milwaukee,49-94-0121,https://www.industrialdistributor.com/p/49940121,industrialdistributor.com,distributor_product_page,0.4,True,True,success,cfe00eec927aadd1734ca18283057501fb6eb5b3f68e8fb2a9444c4a5a72f55a,2026-08-16T12:00:00Z
SRC-f9353cff,35,Milwaukee Accessory,Milwaukee,49-94-0127,https://www.milwaukeetool.com/products/49940127,milwaukeetool.com,manufacturer_product_page,1.0,True,True,success,33c42f5ec739b0e53d3af3223311c5abe95df18cca4c60f1d0b91fe48a3ed4a4,2026-08-16T12:00:00Z
SRC-91d8447e,35,Milwaukee Accessory,Milwaukee,49-94-0127,https://www.milwaukeetool.com/docs/datasheets/49940127.pdf,milwaukeetool.com,manufacturer_pdf,1.0,True,True,success,7bbe4d0d644380b8bf9a8f6a35086c3c12eb7b15f57aac84c938ccf6bb2a9392,2026-08-16T12:00:00Z
SRC-c8d847b6,35,Milwaukee Accessory,Milwaukee,49-94-0127,https://www.industrialdistributor.com/p/49940127,industrialdistributor.com,distributor_product_page,0.4,True,True,success,4e8789d729efb180085f7228e471533e490f2efac6375dffdba109555a02757e,2026-08-16T12:00:00Z
SRC-b3c31770,36,Milwaukee Accessory,Milwaukee,49-94-0137,https://www.milwaukeetool.com/products/49940137,milwaukeetool.com,manufacturer_product_page,1.0,True,True,success,9a72bd304e44b412ddc8d03a2411ae86ffc380acd4dd2985f48d1dc4b0848ce2,2026-08-16T12:00:00Z
SRC-9d5429c3,36,Milwaukee Accessory,Milwaukee,49-94-0137,https://www.milwaukeetool.com/docs/datasheets/49940137.pdf,milwaukeetool.com,manufacturer_pdf,1.0,True,True,success,a05c35b5af77e2cb63b4ac57ea662c7c21dad2bd908ae92614095619d16a7dcd,2026-08-16T12:00:00Z
SRC-a329b821,36,Milwaukee Accessory,Milwaukee,49-94-0137,https://www.industrialdistributor.com/p/49940137,industrialdistributor.com,distributor_product_page,0.4,True,True,success,03b7e2d0763ad128e856c0e17366493b90fc9aca13ebea203458c1dc383ada6b,2026-08-16T12:00:00Z
SRC-6818748d,37,Milwaukee Accessory,Milwaukee,49-94-0160,https://www.milwaukeetool.com/products/49940160,milwaukeetool.com,manufacturer_product_page,1.0,True,True,success,7b2791eb3575cb7ba5665d5241fa80b886a5465896bbef1164d0d92f1c965f22,2026-08-16T12:00:00Z
SRC-5363aa65,37,Milwaukee Accessory,Milwaukee,49-94-0160,https://www.milwaukeetool.com/docs/datasheets/49940160.pdf,milwaukeetool.com,manufacturer_pdf,1.0,True,True,success,a970932df779bb4af6c52844156a14a7a58819765985ad370674b3dd5acc559d,2026-08-16T12:00:00Z
SRC-3d7a6d76,37,Milwaukee Accessory,Milwaukee,49-94-0160,https://www.industrialdistributor.com/p/49940160,industrialdistributor.com,distributor_product_page,0.4,True,True,success,25bfd4fd327383a11a6070bb12c82770f3b34f3c9af855d6300d59683fe18acd,2026-08-16T12:00:00Z
SRC-fbccaf4a,38,Milwaukee Accessory,Milwaukee,49-94-0223,https://www.milwaukeetool.com/products/49940223,milwaukeetool.com,manufacturer_product_page,1.0,True,True,success,19496ec4f951b673fc80ae9315bde044dff0631be50e0ec0e384595640bbea96,2026-08-16T12:00:00Z
SRC-73618420,38,Milwaukee Accessory,Milwaukee,49-94-0223,https://www.milwaukeetool.com/docs/datasheets/49940223.pdf,milwaukeetool.com,manufacturer_pdf,1.0,True,True,success,2450b3afad27e0ff172ee4210f07018374d02fb9c9551e7f035407310493d0f5,2026-08-16T12:00:00Z
SRC-6050536a,38,Milwaukee Accessory,Milwaukee,49-94-0223,https://www.industrialdistributor.com/p/49940223,industrialdistributor.com,distributor_product_page,0.4,True,True,success,c159f7854b3f5d770bc3b4fdd993f0c4cd34a8c384f4e697b440c8eff2decae4,2026-08-16T12:00:00Z
SRC-cc0a7b50,39,Milwaukee Accessory,Milwaukee,49-94-0445,https://www.milwaukeetool.com/products/49940445,milwaukeetool.com,manufacturer_product_page,1.0,True,True,success,370820ff92ed1162324ad988161967b3824973c69cc93c2a363b00a2eebb7f49,2026-08-16T12:00:00Z
SRC-899bdc48,39,Milwaukee Accessory,Milwaukee,49-94-0445,https://www.milwaukeetool.com/docs/datasheets/49940445.pdf,milwaukeetool.com,manufacturer_pdf,1.0,True,True,success,624048009643dea4c8b830e365daac184bba6a3c2d16e6299953b983b45f99b0,2026-08-16T12:00:00Z
SRC-4fe0b317,39,Milwaukee Accessory,Milwaukee,49-94-0445,https://www.industrialdistributor.com/p/49940445,industrialdistributor.com,distributor_product_page,0.4,True,True,success,aa19666e05fb12eb8d1dd3b25a05a4640f31686ddfc9e8a4ccf68ef8403e8a1e,2026-08-16T12:00:00Z
SRC-6488a585,40,Milwaukee Accessory,Milwaukee,49-94-0803,https://www.milwaukeetool.com/products/49940803,milwaukeetool.com,manufacturer_product_page,1.0,True,True,success,aa8593b099c166249b87729519a1ef52c4bbce7ec935149390e6ba06327ef5bf,2026-08-16T12:00:00Z
SRC-cd98a2c6,40,Milwaukee Accessory,Milwaukee,49-94-0803,https://www.milwaukeetool.com/docs/datasheets/49940803.pdf,milwaukeetool.com,manufacturer_pdf,1.0,True,True,success,3532f6cdd10b6208f8958a43281fe1c468675ba90304131c15b952eb2441ee98,2026-08-16T12:00:00Z
SRC-2d87fc7f,40,Milwaukee Accessory,Milwaukee,49-94-0803,https://www.industrialdistributor.com/p/49940803,industrialdistributor.com,distributor_product_page,0.4,True,True,success,7547ebcb9da7ff90768fc62f1057a06c54cf2ecd5f822b360bdba0dcd9b82fbe,2026-08-16T12:00:00Z
SRC-3bec9adc,41,Milwaukee Accessory,Milwaukee,49-94-0903,https://www.milwaukeetool.com/products/49940903,milwaukeetool.com,manufacturer_product_page,1.0,True,True,success,530d5f8d833d058822127bef12f67903d08a124c33e7f0aa43a780ed934a483d,2026-08-16T12:00:00Z
SRC-6665898a,41,Milwaukee Accessory,Milwaukee,49-94-0903,https://www.milwaukeetool.com/docs/datasheets/49940903.pdf,milwaukeetool.com,manufacturer_pdf,1.0,True,True,success,03ade39aa6e50bab55619d52a71e8b27dc8ca70a296750840653b701570b287b,2026-08-16T12:00:00Z
SRC-0b990081,41,Milwaukee Accessory,Milwaukee,49-94-0903,https://www.industrialdistributor.com/p/49940903,industrialdistributor.com,distributor_product_page,0.4,True,True,success,2c3640f207d4834f0e7af9e1160ee18d818c26280ab2a63f3d365095eeb0fd9b,2026-08-16T12:00:00Z
SRC-4e954808,42,Milwaukee Accessory,Milwaukee,49-94-0907,https://www.milwaukeetool.com/products/49940907,milwaukeetool.com,manufacturer_product_page,1.0,True,True,success,468562a7ac62a89748c7d69e884312413868a51c8cc9832b1a5f8f46be49a98d,2026-08-16T12:00:00Z
SRC-d89257f5,42,Milwaukee Accessory,Milwaukee,49-94-0907,https://www.milwaukeetool.com/docs/datasheets/49940907.pdf,milwaukeetool.com,manufacturer_pdf,1.0,True,True,success,6391175f4e014602620901e98920834717187acd0347f0e2baafbfe2139eaa39,2026-08-16T12:00:00Z
SRC-1cdcd0df,42,Milwaukee Accessory,Milwaukee,49-94-0907,https://www.industrialdistributor.com/p/49940907,industrialdistributor.com,distributor_product_page,0.4,True,True,success,e5d62c0e80db78cf10a1a9d26aea15dfb8a21eaf801dc5dc9e7edd7e51edc350,2026-08-16T12:00:00Z
SRC-cc75e5a6,43,Milwaukee Accessory,Milwaukee,49-94-0923,https://www.milwaukeetool.com/products/49940923,milwaukeetool.com,manufacturer_product_page,1.0,True,True,success,a04d8d534d1a71a1b26bf2b531882576821c7370b0766306e74b2cf837e0d8f5,2026-08-16T12:00:00Z
SRC-b200d8d1,43,Milwaukee Accessory,Milwaukee,49-94-0923,https://www.milwaukeetool.com/docs/datasheets/49940923.pdf,milwaukeetool.com,manufacturer_pdf,1.0,True,True,success,a154ca918cb78358e7d32ab450c0dc82a6ed29fd122ef6aa96a35463895f25f9,2026-08-16T12:00:00Z
SRC-20282d92,43,Milwaukee Accessory,Milwaukee,49-94-0923,https://www.industrialdistributor.com/p/49940923,industrialdistributor.com,distributor_product_page,0.4,True,True,success,8be3981b01a081496718b7e9eb6380a20a65d662760eb471b16d960d79c59636,2026-08-16T12:00:00Z
SRC-d9d81548,44,Milwaukee Accessory,Milwaukee,49-94-1900,https://www.milwaukeetool.com/products/49941900,milwaukeetool.com,manufacturer_product_page,1.0,True,True,success,8173dccf1a4975dfe79b18e707669838f79b6456e71b7e0dfd8ae121d1d89a6c,2026-08-16T12:00:00Z
SRC-a8b59c12,44,Milwaukee Accessory,Milwaukee,49-94-1900,https://www.milwaukeetool.com/docs/datasheets/49941900.pdf,milwaukeetool.com,manufacturer_pdf,1.0,True,True,success,f845ee51c7eff03a7db1b0710761a5c0fd7bf2ef96752340af5b8a73c89c448e,2026-08-16T12:00:00Z
SRC-6feb4ffb,44,Milwaukee Accessory,Milwaukee,49-94-1900,https://www.industrialdistributor.com/p/49941900,industrialdistributor.com,distributor_product_page,0.4,True,True,success,34bfb2f11b47646e79130a70cb447eeab3e6a7f12c9a9b9142771d7312c9e683,2026-08-16T12:00:00Z
SRC-547c203b,45,Milwaukee Accessory,Milwaukee,49-94-1905,https://www.milwaukeetool.com/products/49941905,milwaukeetool.com,manufacturer_product_page,1.0,True,True,success,b4bbd0882c26ce7e571b9007ea8aa207de2779b385b211d2fb5afc6d8a34ca00,2026-08-16T12:00:00Z
SRC-bdbe6918,45,Milwaukee Accessory,Milwaukee,49-94-1905,https://www.milwaukeetool.com/docs/datasheets/49941905.pdf,milwaukeetool.com,manufacturer_pdf,1.0,True,True,success,a259abc780cee6e8be999fc65952dc2087f8a1d6de235b78bee8f0df6948f884,2026-08-16T12:00:00Z
SRC-2916f762,45,Milwaukee Accessory,Milwaukee,49-94-1905,https://www.industrialdistributor.com/p/49941905,industrialdistributor.com,distributor_product_page,0.4,True,True,success,df31666c12a36413bf6ec333c62bf212ed34e25d2065cc5894d632d448ad8404,2026-08-16T12:00:00Z
SRC-2650f443,46,Milwaukee Accessory,Milwaukee,49-94-1915,https://www.milwaukeetool.com/products/49941915,milwaukeetool.com,manufacturer_product_page,1.0,True,True,success,24e1552340012b2de25e6438a07665b7deb509ffd37b499d7f13c374df982d4e,2026-08-16T12:00:00Z
SRC-2b73442c,46,Milwaukee Accessory,Milwaukee,49-94-1915,https://www.milwaukeetool.com/docs/datasheets/49941915.pdf,milwaukeetool.com,manufacturer_pdf,1.0,True,True,success,a86594989b7013aa4617a4c119456567f2d9bb8a0434c43e94291008af076e83,2026-08-16T12:00:00Z
SRC-1b4eaa6f,46,Milwaukee Accessory,Milwaukee,49-94-1915,https://www.industrialdistributor.com/p/49941915,industrialdistributor.com,distributor_product_page,0.4,True,True,success,239387608f28893b82c436e6157c9302e59a7258aa8363f41f80257899cc5aae,2026-08-16T12:00:00Z
SRC-9176fd31,47,Milwaukee Accessory,Milwaukee,49-94-1920,https://www.milwaukeetool.com/products/49941920,milwaukeetool.com,manufacturer_product_page,1.0,True,True,success,c33326523a454e07862e6530d7e01885601f51fb68390bad508a2efcecf67798,2026-08-16T12:00:00Z
SRC-2f5d25b3,47,Milwaukee Accessory,Milwaukee,49-94-1920,https://www.milwaukeetool.com/docs/datasheets/49941920.pdf,milwaukeetool.com,manufacturer_pdf,1.0,True,True,success,960b054801b41632449a93aae83312486563b3ef53e350ec176c1ea040e68441,2026-08-16T12:00:00Z
SRC-b083291f,47,Milwaukee Accessory,Milwaukee,49-94-1920,https://www.industrialdistributor.com/p/49941920,industrialdistributor.com,distributor_product_page,0.4,True,True,success,98d4a4daceef074afa5d29e20ac0b73278247ecb2e29e346dd235137d203691a,2026-08-16T12:00:00Z
SRC-af4c0315,48,Milwaukee Accessory,Milwaukee,49-94-1925,https://www.milwaukeetool.com/products/49941925,milwaukeetool.com,manufacturer_product_page,1.0,True,True,success,9bb0ef0fb21be02a7ec94ca2e85226788def9a1fd6912c1b81bb119c53c9d5b3,2026-08-16T12:00:00Z
SRC-8fad57df,48,Milwaukee Accessory,Milwaukee,49-94-1925,https://www.milwaukeetool.com/docs/datasheets/49941925.pdf,milwaukeetool.com,manufacturer_pdf,1.0,True,True,success,7a8179f3d5efeb3ee08522315bd09e36d4ad093b10dfdb383418d8eb44379895,2026-08-16T12:00:00Z
SRC-4006d3ac,48,Milwaukee Accessory,Milwaukee,49-94-1925,https://www.industrialdistributor.com/p/49941925,industrialdistributor.com,distributor_product_page,0.4,True,True,success,0338d614462d7afb403fbe8bf593c8b54d6ebfd5208d53eb39ae25342527ac55,2026-08-16T12:00:00Z
SRC-e34f417e,49,Milwaukee Accessory,Milwaukee,49-94-1935,https://www.milwaukeetool.com/products/49941935,milwaukeetool.com,manufacturer_product_page,1.0,True,True,success,809f928ed3f5766adf5d7a8a2310c27780e5c8448fc9936f1f60198647d28e07,2026-08-16T12:00:00Z
SRC-8dc22094,49,Milwaukee Accessory,Milwaukee,49-94-1935,https://www.milwaukeetool.com/docs/datasheets/49941935.pdf,milwaukeetool.com,manufacturer_pdf,1.0,True,True,success,cace600ce55529803a282bd65cda8e7a27aab43a5656798b60e1f173447f4bda,2026-08-16T12:00:00Z
SRC-d2a24ef8,49,Milwaukee Accessory,Milwaukee,49-94-1935,https://www.industrialdistributor.com/p/49941935,industrialdistributor.com,distributor_product_page,0.4,True,True,success,0989364edd096fa9116c768a04d2ec4ed8e68e2390bce343c4680eb367ff4761,2026-08-16T12:00:00Z
SRC-33f9d241,50,Milwaukee Accessory,Milwaukee,49-94-1940,https://www.milwaukeetool.com/products/49941940,milwaukeetool.com,manufacturer_product_page,1.0,True,True,success,72c5f88488c07cfad44d40a324fb4f669e42c9f9fc768c57d2da60bcbcb1f117,2026-08-16T12:00:00Z
SRC-de8265bf,50,Milwaukee Accessory,Milwaukee,49-94-1940,https://www.milwaukeetool.com/docs/datasheets/49941940.pdf,milwaukeetool.com,manufacturer_pdf,1.0,True,True,success,db12fde047a0b3a67632c8d09593c9862caa921ab0210807a8b9d91d57cda865,2026-08-16T12:00:00Z
SRC-39b523cd,50,Milwaukee Accessory,Milwaukee,49-94-1940,https://www.industrialdistributor.com/p/49941940,industrialdistributor.com,distributor_product_page,0.4,True,True,success,40589884f4ddfc8acfcd4389cf62b316b21d2e3a5f243779d994ab38bc114d3f,2026-08-16T12:00:00Z
SRC-8be47cd2,51,Milwaukee Accessory,Milwaukee,49-94-0501,https://www.milwaukeetool.com/products/49940501,milwaukeetool.com,manufacturer_product_page,1.0,True,True,success,a07aebe82daa9751eb8263578b3933575732a0d4f3771be62e47effe01ac45c8,2026-08-16T12:00:00Z
SRC-00209243,51,Milwaukee Accessory,Milwaukee,49-94-0501,https://www.milwaukeetool.com/docs/datasheets/49940501.pdf,milwaukeetool.com,manufacturer_pdf,1.0,True,True,success,ea5fae4ac531e966bcacbb7280145e5250c0fe303c9c0a6d1fcd6c151b06509d,2026-08-16T12:00:00Z
SRC-2e5174dc,51,Milwaukee Accessory,Milwaukee,49-94-0501,https://www.industrialdistributor.com/p/49940501,industrialdistributor.com,distributor_product_page,0.4,True,True,success,6a1d2a46752f30f47b58f5f275302e834c67f31de0a1c1b86b0fe7c128548cdb,2026-08-16T12:00:00Z
SRC-cc0a8bcf,52,Milwaukee Accessory,Milwaukee,49-94-0503,https://www.milwaukeetool.com/products/49940503,milwaukeetool.com,manufacturer_product_page,1.0,True,True,success,23dd6fbae54c90d10dd127005af91b7a474ceccee977fe63a1cfa2b6af5d174a,2026-08-16T12:00:00Z
SRC-0c204658,52,Milwaukee Accessory,Milwaukee,49-94-0503,https://www.milwaukeetool.com/docs/datasheets/49940503.pdf,milwaukeetool.com,manufacturer_pdf,1.0,True,True,success,afe081d4ad5e67c8e579c376fab89d866abd3c3c2f451c8bad113e926cbce46f,2026-08-16T12:00:00Z
SRC-5a2de853,52,Milwaukee Accessory,Milwaukee,49-94-0503,https://www.industrialdistributor.com/p/49940503,industrialdistributor.com,distributor_product_page,0.4,True,True,success,efa15e8495b9a38f38bf8838187401671884730a7a74294d48882d58d1bd4939,2026-08-16T12:00:00Z
SRC-76d8ba62,53,Milwaukee Accessory,Milwaukee,49-94-0523,https://www.milwaukeetool.com/products/49940523,milwaukeetool.com,manufacturer_product_page,1.0,True,True,success,2299a6e43d0ca17444e5c556412642f04bef51ecde4a58cf47a35061aaa5534f,2026-08-16T12:00:00Z
SRC-7b0fb915,53,Milwaukee Accessory,Milwaukee,49-94-0523,https://www.milwaukeetool.com/docs/datasheets/49940523.pdf,milwaukeetool.com,manufacturer_pdf,1.0,True,True,success,d6edeed75fd06962c765568455900127c7b992d3a002cd536b384cbd8880bd8e,2026-08-16T12:00:00Z
SRC-6f987a36,53,Milwaukee Accessory,Milwaukee,49-94-0523,https://www.industrialdistributor.com/p/49940523,industrialdistributor.com,distributor_product_page,0.4,True,True,success,94e91db34180961319b8d6f39e907df7062017d2674ca7165f577b6a70285667,2026-08-16T12:00:00Z
SRC-dd0dffdd,54,Milwaukee Accessory,Milwaukee,49-94-1955,https://www.milwaukeetool.com/products/49941955,milwaukeetool.com,manufacturer_product_page,1.0,True,True,success,8491b50db734b4450c43d39ef1df7c07db2739462f9e46da1d85a59cad614d83,2026-08-16T12:00:00Z
SRC-b36c7735,54,Milwaukee Accessory,Milwaukee,49-94-1955,https://www.milwaukeetool.com/docs/datasheets/49941955.pdf,milwaukeetool.com,manufacturer_pdf,1.0,True,True,success,fe065af205bb896359c6fbd00f9202f88fac778b62502f37f65e58f5f06d9883,2026-08-16T12:00:00Z
SRC-c8632e65,54,Milwaukee Accessory,Milwaukee,49-94-1955,https://www.industrialdistributor.com/p/49941955,industrialdistributor.com,distributor_product_page,0.4,True,True,success,e10f9804c74cf95f1217f73df8504b9e93b23ef200ddfefc4b7659bab9fe13c2,2026-08-16T12:00:00Z
SRC-3d4fddcd,55,Milwaukee Accessory,Milwaukee,49-94-1965,https://www.milwaukeetool.com/products/49941965,milwaukeetool.com,manufacturer_product_page,1.0,True,True,success,c4557ba1246fe49a6920d38d19d310a65de0c1129c813e3e254534d41c89eb96,2026-08-16T12:00:00Z
SRC-607de0c9,55,Milwaukee Accessory,Milwaukee,49-94-1965,https://www.milwaukeetool.com/docs/datasheets/49941965.pdf,milwaukeetool.com,manufacturer_pdf,1.0,True,True,success,366fb232992af5e73353000e3e374c74a7a041b2fbaa91b20e99a8e7bd11c427,2026-08-16T12:00:00Z
SRC-743ac915,55,Milwaukee Accessory,Milwaukee,49-94-1965,https://www.industrialdistributor.com/p/49941965,industrialdistributor.com,distributor_product_page,0.4,True,True,success,f3db2ea02b60d04532d582e8bb10b918a91fa000c026234749566ec52140e13e,2026-08-16T12:00:00Z
SRC-32a3c8d1,56,Milwaukee Accessory,Milwaukee,49-94-0513,https://www.milwaukeetool.com/products/49940513,milwaukeetool.com,manufacturer_product_page,1.0,True,True,success,e737a5b3e00129b89a5499997eded36027d0deb9891dc05474095122a98f6df6,2026-08-16T12:00:00Z
SRC-f7ec7b99,56,Milwaukee Accessory,Milwaukee,49-94-0513,https://www.milwaukeetool.com/docs/datasheets/49940513.pdf,milwaukeetool.com,manufacturer_pdf,1.0,True,True,success,dfd279e74e1175e338f1b55061fc22f24190fac10b8142f3f4b8b0613c344db3,2026-08-16T12:00:00Z
SRC-9ef5413c,56,Milwaukee Accessory,Milwaukee,49-94-0513,https://www.industrialdistributor.com/p/49940513,industrialdistributor.com,distributor_product_page,0.4,True,True,success,3d63e4611ca524b192c52e35dd22e97b80606f036085882b2169535aafa4853f,2026-08-16T12:00:00Z
SRC-e4e308d4,57,Milwaukee Accessory,Milwaukee,49-94-0533,https://www.milwaukeetool.com/products/49940533,milwaukeetool.com,manufacturer_product_page,1.0,True,True,success,b26d960173d72b7afe597f2c5f52baed97f5dbe3d647de36f668738b324adf74,2026-08-16T12:00:00Z
SRC-e6a77a9b,57,Milwaukee Accessory,Milwaukee,49-94-0533,https://www.milwaukeetool.com/docs/datasheets/49940533.pdf,milwaukeetool.com,manufacturer_pdf,1.0,True,True,success,4ca81867fae759e66582bea2dc38bb63558fed797801a7bd1f7e8763507dbe7b,2026-08-16T12:00:00Z
SRC-9b2e0047,57,Milwaukee Accessory,Milwaukee,49-94-0533,https://www.industrialdistributor.com/p/49940533,industrialdistributor.com,distributor_product_page,0.4,True,True,success,599ae813c5e6a3af920ed6ccf2eb841e7abeee1a28cb60ada6c0aec857a042a7,2026-08-16T12:00:00Z
SRC-9c96de88,58,Freud Inc,Diablo,DFBLBLOMFN01G,https://www.freudtools.com/products/dfblblomfn01g,freudtools.com,manufacturer_product_page,1.0,True,True,success,3c671b9d6a8f3696230e199e0bf9080266c19fb320c2d5d516a0b5308cb75f6a,2026-08-16T12:00:00Z
SRC-e8ab87ca,58,Freud Inc,Diablo,DFBLBLOMFN01G,https://www.freudtools.com/docs/datasheets/dfblblomfn01g.pdf,freudtools.com,manufacturer_pdf,1.0,True,True,success,9fb23e26eebb4dbba73bf1a73eef1b78764cd8e1ac639a41d416dc445a16e5f0,2026-08-16T12:00:00Z
SRC-180a7702,58,Freud Inc,Diablo,DFBLBLOMFN01G,https://www.industrialdistributor.com/p/dfblblomfn01g,industrialdistributor.com,distributor_product_page,0.4,True,True,success,b4643afaf71704ae970d2aab3cf10daa1284df8b4662db8e9655f7e5f77c3a79,2026-08-16T12:00:00Z
SRC-a6bc3dc2,59,3 M Co,3M,nan,https://www.industrialdistributor.com/p/,industrialdistributor.com,distributor_product_page,0.4,True,True,success,b0583693d262f946fadaec80c3a1fbdc8dc15aca55e33732855cc3d35bb99adf,2026-08-16T12:00:00Z
SRC-780b6240,61,Appliance Dealers Cooperative,nan,KDFM404KPS,https://www.appliancedealerscooperative.com/products/kdfm404kps,appliancedealerscooperative.com,manufacturer_product_page,1.0,True,True,success,1a6d830359046df5b8415b3d9df8d408c81196843177ccad1d410342e16345ac,2026-08-16T12:00:00Z
SRC-c1db4655,61,Appliance Dealers Cooperative,nan,KDFM404KPS,https://www.appliancedealerscooperative.com/docs/datasheets/kdfm404kps.pdf,appliancedealerscooperative.com,manufacturer_pdf,1.0,True,True,success,bafeed3bcda883694a80a5c09a804fad3dc3c6e3f7a8128f9e67c1355146f976,2026-08-16T12:00:00Z
SRC-bd89b988,61,Appliance Dealers Cooperative,nan,KDFM404KPS,https://www.appliancedealerscooperative.com/catalogs/specifications.pdf,appliancedealerscooperative.com,manufacturer_catalog,0.95,True,True,success,2f171c902a13f7ab50ab66e662cc6dc14e447dd02e1d9838d8d6c6fb81ee9460,2026-08-16T12:00:00Z
SRC-3e0b5a2e,61,Appliance Dealers Cooperative,nan,KDFM404KPS,https://www.industrialdistributor.com/p/kdfm404kps,industrialdistributor.com,distributor_product_page,0.4,True,True,success,72a82ea7cbcc70825c625e6d5bea37cda0e189fa2f6aa43d7b8329187f93ed0a,2026-08-16T12:00:00Z
SRC-0e0e1ec1,62,Appliance Dealers Cooperative,nan,PDSH4816AF,https://www.appliancedealerscooperative.com/products/pdsh4816af,appliancedealerscooperative.com,manufacturer_product_page,1.0,True,True,success,f66139bb6127b9f90519cda4127a02ae56f948f985e38423b48c5d72750a0d6e,2026-08-16T12:00:00Z
SRC-8adb265a,62,Appliance Dealers Cooperative,nan,PDSH4816AF,https://www.appliancedealerscooperative.com/docs/datasheets/pdsh4816af.pdf,appliancedealerscooperative.com,manufacturer_pdf,1.0,True,True,success,9626367df2f42ab18beb7d311309da44533bc8e76820dd6fd6057fc892729991,2026-08-16T12:00:00Z
SRC-135cd95d,62,Appliance Dealers Cooperative,nan,PDSH4816AF,https://www.industrialdistributor.com/p/pdsh4816af,industrialdistributor.com,distributor_product_page,0.4,True,True,success,309e2e0ac5f8ba61bb5459e8b45a2097563e34c4ab01101dd614c4ca93419829,2026-08-16T12:00:00Z
SRC-58796989,63,Appliance Dealers Cooperative,GE,PDT715SYVFS,https://www.appliancedealerscooperative.com/products/pdt715syvfs,appliancedealerscooperative.com,manufacturer_product_page,1.0,True,True,success,de2554e59161c87c03770523c4792f47ae5b2a034dd82cc0e54c88c263db215d,2026-08-16T12:00:00Z
SRC-2b94de4d,63,Appliance Dealers Cooperative,GE,PDT715SYVFS,https://www.appliancedealerscooperative.com/docs/datasheets/pdt715syvfs.pdf,appliancedealerscooperative.com,manufacturer_pdf,1.0,True,True,success,ea3c936b553d640dffe6e939a387b58eb42f374c100ab0ca73fac06c06f6c4c2,2026-08-16T12:00:00Z
SRC-0a245a99,63,Appliance Dealers Cooperative,GE,PDT715SYVFS,https://www.industrialdistributor.com/p/pdt715syvfs,industrialdistributor.com,distributor_product_page,0.4,True,True,success,c46b2e7fd2d23d75dfa3ef6ef5930d40a6e6633294d10b1d0ebfcd3b02bbb687,2026-08-16T12:00:00Z
SRC-9603247f,64,Appliance Dealers Cooperative,LG,LDPH5554D,https://www.appliancedealerscooperative.com/products/ldph5554d,appliancedealerscooperative.com,manufacturer_product_page,1.0,True,True,success,098bda31869016e044c07a01125ef8b92476ef054eef935e23ec7d359af51b89,2026-08-16T12:00:00Z
SRC-418a6642,64,Appliance Dealers Cooperative,LG,LDPH5554D,https://www.appliancedealerscooperative.com/docs/datasheets/ldph5554d.pdf,appliancedealerscooperative.com,manufacturer_pdf,1.0,True,True,success,e02053b898e708be5d325488e63726bc5f3cfb680c0544c9ad83d1ba7db1979c,2026-08-16T12:00:00Z
SRC-c6f0b035,64,Appliance Dealers Cooperative,LG,LDPH5554D,https://www.industrialdistributor.com/p/ldph5554d,industrialdistributor.com,distributor_product_page,0.4,True,True,success,51afe90c45528167a42bdc26c8c7ab2d19be5948d7bd52d4e89bcdd6222c53bb,2026-08-16T12:00:00Z
SRC-f5902ca2,65,Appliance Dealers Cooperative,nan,WDTS7024RZ,https://www.appliancedealerscooperative.com/products/wdts7024rz,appliancedealerscooperative.com,manufacturer_product_page,1.0,True,True,success,e79a30af347f4763f015858e2a5f32d596b95c6849c6a1acd1a3c1dee39ba8ce,2026-08-16T12:00:00Z
SRC-7609cc7c,65,Appliance Dealers Cooperative,nan,WDTS7024RZ,https://www.appliancedealerscooperative.com/docs/datasheets/wdts7024rz.pdf,appliancedealerscooperative.com,manufacturer_pdf,1.0,True,True,success,3ef985af86d66d115d972af13ad632daa1be3076809fbff1839d37b183b334d4,2026-08-16T12:00:00Z
SRC-4f427c06,65,Appliance Dealers Cooperative,nan,WDTS7024RZ,https://www.industrialdistributor.com/p/wdts7024rz,industrialdistributor.com,distributor_product_page,0.4,True,True,success,ec0bf667e0ac4e0f45d0a6a12e7a2fbabd9665490d6704d475a017f695f30eea,2026-08-16T12:00:00Z
SRC-44894ee0,66,Appliance Dealers Cooperative,GE,PDD415PYYFS,https://www.appliancedealerscooperative.com/products/pdd415pyyfs,appliancedealerscooperative.com,manufacturer_product_page,1.0,True,True,success,9578582409b4594037cbcfc4d06c44cfb0179c44aa63b95dfbb97aa57bd1c98f,2026-08-16T12:00:00Z
SRC-43994c06,66,Appliance Dealers Cooperative,GE,PDD415PYYFS,https://www.appliancedealerscooperative.com/docs/datasheets/pdd415pyyfs.pdf,appliancedealerscooperative.com,manufacturer_pdf,1.0,True,True,success,31b9feeb3109240014c5e265eaaa527453fdaf421b4e1314edbc71e848642d9a,2026-08-16T12:00:00Z
SRC-44d28859,66,Appliance Dealers Cooperative,GE,PDD415PYYFS,https://www.industrialdistributor.com/p/pdd415pyyfs,industrialdistributor.com,distributor_product_page,0.4,True,True,success,44d2821c8bb25a4c4546c715336606117906326b150a96bb926852ef83d479fd,2026-08-16T12:00:00Z
SRC-2883f479,67,Appliance Dealers Cooperative,KitchenAid,KDTS424SBE,https://www.appliancedealerscooperative.com/products/kdts424sbe,appliancedealerscooperative.com,manufacturer_product_page,1.0,True,True,success,a3c947f1c8d329969a1f91a569ab910a5a79682822414d1204adb5e1ba976bc6,2026-08-16T12:00:00Z
SRC-ceb27527,67,Appliance Dealers Cooperative,KitchenAid,KDTS424SBE,https://www.appliancedealerscooperative.com/docs/datasheets/kdts424sbe.pdf,appliancedealerscooperative.com,manufacturer_pdf,1.0,True,True,success,b8210fc2ed882b9b333cc5beea3407cbe81eeb920c605994af58a393e4839db6,2026-08-16T12:00:00Z
SRC-5e0cf106,67,Appliance Dealers Cooperative,KitchenAid,KDTS424SBE,https://www.industrialdistributor.com/p/kdts424sbe,industrialdistributor.com,distributor_product_page,0.4,True,True,success,7bf34e0535b2c7f8e0f5db9f43413e87f04ac0066d677741d3425c885a325d8c,2026-08-16T12:00:00Z
SRC-b6dbe5cf,68,Appliance Dealers Cooperative,KitchenAid,KDTS324SPS,https://www.appliancedealerscooperative.com/products/kdts324sps,appliancedealerscooperative.com,manufacturer_product_page,1.0,True,True,success,4f01ae4a44701f60677c242bb0d634def7f1a9986d49f281670a2ac506e2384b,2026-08-16T12:00:00Z
SRC-3cd3e7cd,68,Appliance Dealers Cooperative,KitchenAid,KDTS324SPS,https://www.appliancedealerscooperative.com/docs/datasheets/kdts324sps.pdf,appliancedealerscooperative.com,manufacturer_pdf,1.0,True,True,success,326d3e6cd969988b3b4628da0477e2530bd81b1483692d2aa063ae629ff88b57,2026-08-16T12:00:00Z
SRC-3b4d325b,68,Appliance Dealers Cooperative,KitchenAid,KDTS324SPS,https://www.industrialdistributor.com/p/kdts324sps,industrialdistributor.com,distributor_product_page,0.4,True,True,success,87da4e6d17cfc5b59bafd77b62e82822813fe0fb13cee09d1cff8866b7316c36,2026-08-16T12:00:00Z
SRC-05bab25f,69,Appliance Dealers Cooperative,nan,KDPS624SJP,https://www.appliancedealerscooperative.com/products/kdps624sjp,appliancedealerscooperative.com,manufacturer_product_page,1.0,True,True,success,31791c5451c8282227f51f95253445db88a71f1e4c6cd7635e8a42d16162dd10,2026-08-16T12:00:00Z
SRC-fafe8df5,69,Appliance Dealers Cooperative,nan,KDPS624SJP,https://www.appliancedealerscooperative.com/docs/datasheets/kdps624sjp.pdf,appliancedealerscooperative.com,manufacturer_pdf,1.0,True,True,success,c796ff6a83d8efddb23f88109dcef7713d8e972290251d6366f2a8a9642a67f5,2026-08-16T12:00:00Z
SRC-9a646712,69,Appliance Dealers Cooperative,nan,KDPS624SJP,https://www.industrialdistributor.com/p/kdps624sjp,industrialdistributor.com,distributor_product_page,0.4,True,True,success,8f0e26d7a8481baef4730147227ec60f4d8fdf611bb853264268546f5914c191,2026-08-16T12:00:00Z
SRC-67b046b2,70,Appliance Dealers Cooperative,nan,KDTS624SBE,https://www.appliancedealerscooperative.com/products/kdts624sbe,appliancedealerscooperative.com,manufacturer_product_page,1.0,True,True,success,76a2bb4a4c3ae80476596cb9b46ee656142546138bd2adcf2074c18d5e605d65,2026-08-16T12:00:00Z
SRC-8561cba8,70,Appliance Dealers Cooperative,nan,KDTS624SBE,https://www.appliancedealerscooperative.com/docs/datasheets/kdts624sbe.pdf,appliancedealerscooperative.com,manufacturer_pdf,1.0,True,True,success,0faa892da256bc99b9a78224292d66c72957152e43fa415b28a57d422ae928a5,2026-08-16T12:00:00Z
SRC-76a8b91e,70,Appliance Dealers Cooperative,nan,KDTS624SBE,https://www.industrialdistributor.com/p/kdts624sbe,industrialdistributor.com,distributor_product_page,0.4,True,True,success,4f540eb9e6781546a699622d24346668bf4a66c5a915aa61d3e8dade74ee9a35,2026-08-16T12:00:00Z
SRC-e8a77157,71,V & V Appliance Parts Inc,nan,D519127,https://www.vvappliancepartsinc.com/products/d519127,vvappliancepartsinc.com,manufacturer_product_page,1.0,True,True,success,994eb3e0175b89a5c69eeb0f95060a83ac168b6e7b7fae86f78cdf2e744d4fde,2026-08-16T12:00:00Z
SRC-556896e8,71,V & V Appliance Parts Inc,nan,D519127,https://www.vvappliancepartsinc.com/docs/datasheets/d519127.pdf,vvappliancepartsinc.com,manufacturer_pdf,1.0,True,True,success,6bdde8508d2d9f25f774700e1f3a8ba84a374fb4dd9f491a63e05bfa52024208,2026-08-16T12:00:00Z
SRC-60927ee4,71,V & V Appliance Parts Inc,nan,D519127,https://www.vvappliancepartsinc.com/catalogs/specifications.pdf,vvappliancepartsinc.com,manufacturer_catalog,0.95,True,True,success,c8084c514c55e8c2760e99a26aa15204ed90ee9717f8e5b9084bdc74f2f2adcd,2026-08-16T12:00:00Z
SRC-a39f90bf,71,V & V Appliance Parts Inc,nan,D519127,https://www.industrialdistributor.com/p/d519127,industrialdistributor.com,distributor_product_page,0.4,True,True,success,3d93543404aaf20256b5ce9e78df18383a5640e314b25084995d9afc71e521a7,2026-08-16T12:00:00Z
SRC-a2fa41e7,72,Appliance Dealers Cooperative,Speed Queen,DF7004WE,https://www.appliancedealerscooperative.com/products/df7004we,appliancedealerscooperative.com,manufacturer_product_page,1.0,True,True,success,74ca9dcda5006a96745061b5f394a9190ffbbd6b9ef490063ddde1fbf3bfcf88,2026-08-16T12:00:00Z
SRC-7bf2f4be,72,Appliance Dealers Cooperative,Speed Queen,DF7004WE,https://www.appliancedealerscooperative.com/docs/datasheets/df7004we.pdf,appliancedealerscooperative.com,manufacturer_pdf,1.0,True,True,success,542dea9e60ff4474f0b91d5baf5528e7ee5a9885590f6b4cf594db477f866d2a,2026-08-16T12:00:00Z
SRC-1868b0f2,72,Appliance Dealers Cooperative,Speed Queen,DF7004WE,https://www.industrialdistributor.com/p/df7004we,industrialdistributor.com,distributor_product_page,0.4,True,True,success,7f2f5197c2bb988a813e256709981d06f95ee88025f03df6cfa2c938394ebf16,2026-08-16T12:00:00Z
SRC-735370d8,73,Appliance Dealers Cooperative,Speed Queen,DR7004BE,https://www.appliancedealerscooperative.com/products/dr7004be,appliancedealerscooperative.com,manufacturer_product_page,1.0,True,True,success,e73dd34cc90bbd6d2a7647c02549efdcdecef1af7d36181021da11f7d1cbc403,2026-08-16T12:00:00Z
SRC-f9e12cab,73,Appliance Dealers Cooperative,Speed Queen,DR7004BE,https://www.appliancedealerscooperative.com/docs/datasheets/dr7004be.pdf,appliancedealerscooperative.com,manufacturer_pdf,1.0,True,True,success,eb995411b6878b4f15249aba522e189089f7394f85ac6ce496cbee6e288bd968,2026-08-16T12:00:00Z
SRC-1408befd,73,Appliance Dealers Cooperative,Speed Queen,DR7004BE,https://www.industrialdistributor.com/p/dr7004be,industrialdistributor.com,distributor_product_page,0.4,True,True,success,796bd8ad3487e0f5e76d812a958817a69ebe016dc4b426e991e2563c2e24baca,2026-08-16T12:00:00Z
SRC-85a6978a,74,Appliance Dealers Cooperative,Speed Queen,DV2000WE,https://www.appliancedealerscooperative.com/products/dv2000we,appliancedealerscooperative.com,manufacturer_product_page,1.0,True,True,success,2ff57dcf57bacd819d28781ca86c07d6b0e9ef62b7d64f8c8745074f2bfb33b3,2026-08-16T12:00:00Z
SRC-900b29d1,74,Appliance Dealers Cooperative,Speed Queen,DV2000WE,https://www.appliancedealerscooperative.com/docs/datasheets/dv2000we.pdf,appliancedealerscooperative.com,manufacturer_pdf,1.0,True,True,success,2e46a68acee152fe23821bbf2dcc7d97ec1d88fcefa42f775f7dc4ff1b5899f1,2026-08-16T12:00:00Z
SRC-0d932c1a,74,Appliance Dealers Cooperative,Speed Queen,DV2000WE,https://www.industrialdistributor.com/p/dv2000we,industrialdistributor.com,distributor_product_page,0.4,True,True,success,1bf0c7fe673bce2563e39c58d2447d12bb6d93d93a964ae10cdc7abd81a1829b,2026-08-16T12:00:00Z
SRC-b035b60c,75,Appliance Dealers Cooperative,Speed Queen,DC5004WE,https://www.appliancedealerscooperative.com/products/dc5004we,appliancedealerscooperative.com,manufacturer_product_page,1.0,True,True,success,df4445c85bb2c0d7bc35cdc2385c9251d09695c27e7146ff8a59a1094ee4d475,2026-08-16T12:00:00Z
SRC-4be5f4d6,75,Appliance Dealers Cooperative,Speed Queen,DC5004WE,https://www.appliancedealerscooperative.com/docs/datasheets/dc5004we.pdf,appliancedealerscooperative.com,manufacturer_pdf,1.0,True,True,success,2de2d668948cf79ecd03d159782fff13b954088f588c2f117ed5c7c1dc130002,2026-08-16T12:00:00Z
SRC-87cec19b,75,Appliance Dealers Cooperative,Speed Queen,DC5004WE,https://www.industrialdistributor.com/p/dc5004we,industrialdistributor.com,distributor_product_page,0.4,True,True,success,b8849f531ade2f34f310a7a9daadad479911a938f4d901be7905132b1ed4a880,2026-08-16T12:00:00Z
SRC-b98c3ae7,76,Appliance Dealers Cooperative,Speed Queen,DC5004BE,https://www.appliancedealerscooperative.com/products/dc5004be,appliancedealerscooperative.com,manufacturer_product_page,1.0,True,True,success,e0a1659931809b0b46296987b57527a6e3f037a942ee7cbb8326bffdfdc1ee6b,2026-08-16T12:00:00Z
SRC-1b17b66f,76,Appliance Dealers Cooperative,Speed Queen,DC5004BE,https://www.appliancedealerscooperative.com/docs/datasheets/dc5004be.pdf,appliancedealerscooperative.com,manufacturer_pdf,1.0,True,True,success,8b54f56291537ba6ce407bb3ae5cdae69d4ad370997fcbfe36fdbc1bc160abc1,2026-08-16T12:00:00Z
SRC-07306a3e,76,Appliance Dealers Cooperative,Speed Queen,DC5004BE,https://www.industrialdistributor.com/p/dc5004be,industrialdistributor.com,distributor_product_page,0.4,True,True,success,15bb7fe2ae63f9f9ea293868ec7bfb52cc0670b39d8b0eaa87b5697df983521a,2026-08-16T12:00:00Z
SRC-8b704ebd,77,Appliance Dealers Cooperative,LG,WKE100HWA,https://www.appliancedealerscooperative.com/products/wke100hwa,appliancedealerscooperative.com,manufacturer_product_page,1.0,True,True,success,665fa59a35f7428aa906d8fc75b4efbaef6cb6149e8ec32f2cff03f3b2287ca6,2026-08-16T12:00:00Z
SRC-4673ef0d,77,Appliance Dealers Cooperative,LG,WKE100HWA,https://www.appliancedealerscooperative.com/docs/datasheets/wke100hwa.pdf,appliancedealerscooperative.com,manufacturer_pdf,1.0,True,True,success,fd1f37ace919ac367c0772fe55cad6c38759e758aabbed196e7737ceb03f25fb,2026-08-16T12:00:00Z
SRC-07f20db3,77,Appliance Dealers Cooperative,LG,WKE100HWA,https://www.industrialdistributor.com/p/wke100hwa,industrialdistributor.com,distributor_product_page,0.4,True,True,success,abca21540cf7f76398c3623ce8765aa9dcdc4ce312acb300ec065a8e9b62c575,2026-08-16T12:00:00Z
SRC-9a8d3554,78,Appliance Dealers Cooperative,Speed Queen,FF7011WN,https://www.appliancedealerscooperative.com/products/ff7011wn,appliancedealerscooperative.com,manufacturer_product_page,1.0,True,True,success,b95bb5ae5e412e96aa6f77d7a7c9307f69b1e034c66bfdf9cfa12700c7fa7399,2026-08-16T12:00:00Z
SRC-73814974,78,Appliance Dealers Cooperative,Speed Queen,FF7011WN,https://www.appliancedealerscooperative.com/docs/datasheets/ff7011wn.pdf,appliancedealerscooperative.com,manufacturer_pdf,1.0,True,True,success,9062203fddd266a907de8bd174ae503e948eaf9facff75cf7ceb0e98a6bc0a3f,2026-08-16T12:00:00Z
SRC-2ea3dab3,78,Appliance Dealers Cooperative,Speed Queen,FF7011WN,https://www.industrialdistributor.com/p/ff7011wn,industrialdistributor.com,distributor_product_page,0.4,True,True,success,d09fbacab9e5877cac92749b4a56a42af17e27e5323274952e69c2a02523ff14,2026-08-16T12:00:00Z
SRC-f226193f,79,Appliance Dealers Cooperative,GE,PTD70GBPTDG,https://www.appliancedealerscooperative.com/products/ptd70gbptdg,appliancedealerscooperative.com,manufacturer_product_page,1.0,True,True,success,829f9333e9af4dc11795da3c37011ad76b40395d2dbcd3f840690994b76cef03,2026-08-16T12:00:00Z
SRC-5318f0c0,79,Appliance Dealers Cooperative,GE,PTD70GBPTDG,https://www.appliancedealerscooperative.com/docs/datasheets/ptd70gbptdg.pdf,appliancedealerscooperative.com,manufacturer_pdf,1.0,True,True,success,9afb79a66b7614b3646158390c9fcca6a1ddb74c7229810de356f17d9921bd20,2026-08-16T12:00:00Z
SRC-7fc50e34,79,Appliance Dealers Cooperative,GE,PTD70GBPTDG,https://www.industrialdistributor.com/p/ptd70gbptdg,industrialdistributor.com,distributor_product_page,0.4,True,True,success,6a768eab0bc01c77d35243ff76a6a035fdbc7aba2a56a9614e9d2a52fa0ec3ac,2026-08-16T12:00:00Z
SRC-a1356186,80,Appliance Dealers Cooperative,GE,PTD70GBSTWS,https://www.appliancedealerscooperative.com/products/ptd70gbstws,appliancedealerscooperative.com,manufacturer_product_page,1.0,True,True,success,f12577c0785c0e5edf0918970267a140535ae74eb097c9bc91efb406a7bc898f,2026-08-16T12:00:00Z
SRC-8f305b13,80,Appliance Dealers Cooperative,GE,PTD70GBSTWS,https://www.appliancedealerscooperative.com/docs/datasheets/ptd70gbstws.pdf,appliancedealerscooperative.com,manufacturer_pdf,1.0,True,True,success,35d54f17711e163108b9253b4a6eb86aa11c2b6300970911a37e39ea47e614ad,2026-08-16T12:00:00Z
SRC-dcd28208,80,Appliance Dealers Cooperative,GE,PTD70GBSTWS,https://www.industrialdistributor.com/p/ptd70gbstws,industrialdistributor.com,distributor_product_page,0.4,True,True,success,52b3b291f6c42b9c8051af745d9da0ac801f2640dc2b002553793d22c4153f5a,2026-08-16T12:00:00Z
SRC-08618743,81,Appliance Dealers Cooperative,Speed Queen,DR5004WG,https://www.appliancedealerscooperative.com/products/dr5004wg,appliancedealerscooperative.com,manufacturer_product_page,1.0,True,True,success,0f27150ab97f25220de41e8994e6d5b72aaf559df168aa6df3e34307ead4476c,2026-08-16T12:00:00Z
SRC-fbb3925e,81,Appliance Dealers Cooperative,Speed Queen,DR5004WG,https://www.appliancedealerscooperative.com/docs/datasheets/dr5004wg.pdf,appliancedealerscooperative.com,manufacturer_pdf,1.0,True,True,success,40e58681ad3f2f3e0525cb0764cb897f6d9daab160cb12c028e316275d442126,2026-08-16T12:00:00Z
SRC-2f961d05,81,Appliance Dealers Cooperative,Speed Queen,DR5004WG,https://www.industrialdistributor.com/p/dr5004wg,industrialdistributor.com,distributor_product_page,0.4,True,True,success,b39f1d95f0ba04e653a6b412ace6c9c6e0946e9dbadca02e9bf5b64d55523c28,2026-08-16T12:00:00Z
SRC-4283a013,82,Appliance Dealers Cooperative,Speed Queen,DR7004BG,https://www.appliancedealerscooperative.com/products/dr7004bg,appliancedealerscooperative.com,manufacturer_product_page,1.0,True,True,success,c8fa6ce71b72208a1ed8668c827460b3aadac14369ef4aeaa9d5686de562177c,2026-08-16T12:00:00Z
SRC-582add0e,82,Appliance Dealers Cooperative,Speed Queen,DR7004BG,https://www.appliancedealerscooperative.com/docs/datasheets/dr7004bg.pdf,appliancedealerscooperative.com,manufacturer_pdf,1.0,True,True,success,76f819dab38e6abda7cf9decd2bac45930889ebcf215319e60c46edff13a6d47,2026-08-16T12:00:00Z
SRC-01bd5c0c,82,Appliance Dealers Cooperative,Speed Queen,DR7004BG,https://www.industrialdistributor.com/p/dr7004bg,industrialdistributor.com,distributor_product_page,0.4,True,True,success,9c54f8e6f66ecdd9691498b9beaa38e0e0d367669fe04b964accda4c401054d5,2026-08-16T12:00:00Z
SRC-1838ca14,83,Appliance Dealers Cooperative,Speed Queen,DR7004WG,https://www.appliancedealerscooperative.com/products/dr7004wg,appliancedealerscooperative.com,manufacturer_product_page,1.0,True,True,success,b89349f2f5d51af845223112e79bd211860a492debee440836bea738592423d0,2026-08-16T12:00:00Z
SRC-5367f501,83,Appliance Dealers Cooperative,Speed Queen,DR7004WG,https://www.appliancedealerscooperative.com/docs/datasheets/dr7004wg.pdf,appliancedealerscooperative.com,manufacturer_pdf,1.0,True,True,success,b670e518ffc435af440c696e300723b82926c6b6f84b9483d1d1ef336b0ffcd9,2026-08-16T12:00:00Z
SRC-d8b2fa0c,83,Appliance Dealers Cooperative,Speed Queen,DR7004WG,https://www.industrialdistributor.com/p/dr7004wg,industrialdistributor.com,distributor_product_page,0.4,True,True,success,d948b26069a3049bb0ee16e9c67aff0ff2044f0dd9a9157ddffae1c580fb468f,2026-08-16T12:00:00Z
SRC-60fc0ce3,84,Appliance Dealers Cooperative,Speed Queen,DV2000WG,https://www.appliancedealerscooperative.com/products/dv2000wg,appliancedealerscooperative.com,manufacturer_product_page,1.0,True,True,success,3b6688f80c5aa95f4558d57060ac0b041b6032257fe4129b483a85da9d98b4fc,2026-08-16T12:00:00Z
SRC-28b4a55a,84,Appliance Dealers Cooperative,Speed Queen,DV2000WG,https://www.appliancedealerscooperative.com/docs/datasheets/dv2000wg.pdf,appliancedealerscooperative.com,manufacturer_pdf,1.0,True,True,success,6becccec99b094f973b0a2ff0914f00c3cf6ad2d2617341a7263c6c20e4d118b,2026-08-16T12:00:00Z
SRC-aa2dfbae,84,Appliance Dealers Cooperative,Speed Queen,DV2000WG,https://www.industrialdistributor.com/p/dv2000wg,industrialdistributor.com,distributor_product_page,0.4,True,True,success,857607485c53bf66f758b36db44203a87b2b54e3be0676ea7d269d81a5b4685d,2026-08-16T12:00:00Z
SRC-e7668c33,85,Appliance Dealers Cooperative,Speed Queen,DC5004WG,https://www.appliancedealerscooperative.com/products/dc5004wg,appliancedealerscooperative.com,manufacturer_product_page,1.0,True,True,success,12dfc28339e48758de877473f205e4b129cccc668f0bd9455361d1c715b8ea07,2026-08-16T12:00:00Z
SRC-6a8ad8f5,85,Appliance Dealers Cooperative,Speed Queen,DC5004WG,https://www.appliancedealerscooperative.com/docs/datasheets/dc5004wg.pdf,appliancedealerscooperative.com,manufacturer_pdf,1.0,True,True,success,a00d1011f01851bbab3f6a57729dd82473e4d6de17234b245a4fbb04a3bb5f30,2026-08-16T12:00:00Z
SRC-10dfde20,85,Appliance Dealers Cooperative,Speed Queen,DC5004WG,https://www.industrialdistributor.com/p/dc5004wg,industrialdistributor.com,distributor_product_page,0.4,True,True,success,e1917ddd4a9b83d7a1e571f3c70c9faebadf769c3c89d2e1f9609cefba16b31e,2026-08-16T12:00:00Z
SRC-95a8ecb0,86,Appliance Dealers Cooperative,Speed Queen,DC5004BG,https://www.appliancedealerscooperative.com/products/dc5004bg,appliancedealerscooperative.com,manufacturer_product_page,1.0,True,True,success,73ce82276124d0524402d162afc1f8c9b13f67a7cb557858d9ef89675eefb97a,2026-08-16T12:00:00Z
SRC-f6f2a59c,86,Appliance Dealers Cooperative,Speed Queen,DC5004BG,https://www.appliancedealerscooperative.com/docs/datasheets/dc5004bg.pdf,appliancedealerscooperative.com,manufacturer_pdf,1.0,True,True,success,8a1a0b0e6d2d42127d8cb29c28da3edf27e0342c4db14502f2fb81c786c729ce,2026-08-16T12:00:00Z
SRC-e7fb9522,86,Appliance Dealers Cooperative,Speed Queen,DC5004BG,https://www.industrialdistributor.com/p/dc5004bg,industrialdistributor.com,distributor_product_page,0.4,True,True,success,8c2ea7988248b8b152a15e2d0e634a90c4afcb6fb95872a72328a727614469e9,2026-08-16T12:00:00Z
SRC-a4f6cc70,87,Appliance Dealers Cooperative,GE,PTW705BSTWS,https://www.appliancedealerscooperative.com/products/ptw705bstws,appliancedealerscooperative.com,manufacturer_product_page,1.0,True,True,success,e2ac10ef60cfc2bac6af400058494f1b00f131cd85b6bb77b6818f536bf0fbb6,2026-08-16T12:00:00Z
SRC-f787560f,87,Appliance Dealers Cooperative,GE,PTW705BSTWS,https://www.appliancedealerscooperative.com/docs/datasheets/ptw705bstws.pdf,appliancedealerscooperative.com,manufacturer_pdf,1.0,True,True,success,70c1ceff954acf0d016c5b2192337499371cc9eb536edb57105716c2e9a65222,2026-08-16T12:00:00Z
SRC-606d20ce,87,Appliance Dealers Cooperative,GE,PTW705BSTWS,https://www.industrialdistributor.com/p/ptw705bstws,industrialdistributor.com,distributor_product_page,0.4,True,True,success,74b8cfc41771185974723b47389d28329a138c4e508bcceced89abb0a1ce5fe1,2026-08-16T12:00:00Z
SRC-adadc8d4,88,Appliance Dealers Cooperative,nan,MVWP586GW,https://www.appliancedealerscooperative.com/products/mvwp586gw,appliancedealerscooperative.com,manufacturer_product_page,1.0,True,True,success,daf2b7194ff32522666bb22c37879b89f6da348e409d0e913e8a5e896230b12f,2026-08-16T12:00:00Z
SRC-f82c3efb,88,Appliance Dealers Cooperative,nan,MVWP586GW,https://www.appliancedealerscooperative.com/docs/datasheets/mvwp586gw.pdf,appliancedealerscooperative.com,manufacturer_pdf,1.0,True,True,success,8b572aa7de0c5052b4ec9471a5c640ae3e4855a7bccd1d4ac47ea1a698be6597,2026-08-16T12:00:00Z
SRC-278d799c,88,Appliance Dealers Cooperative,nan,MVWP586GW,https://www.industrialdistributor.com/p/mvwp586gw,industrialdistributor.com,distributor_product_page,0.4,True,True,success,96c9ba9c206ed91fe95f1611bc9b9c3e4383aa78f2b2c011f9864a5572edc014,2026-08-16T12:00:00Z
SRC-eb3780a5,89,Appliance Dealers Cooperative,Speed Queen,TV2000WN,https://www.appliancedealerscooperative.com/products/tv2000wn,appliancedealerscooperative.com,manufacturer_product_page,1.0,True,True,success,6dbda0db6f683da229bdc1a92aef682d7628c16f0fe3d44d1dffcdc4e0a4f2e3,2026-08-16T12:00:00Z
SRC-90238a14,89,Appliance Dealers Cooperative,Speed Queen,TV2000WN,https://www.appliancedealerscooperative.com/docs/datasheets/tv2000wn.pdf,appliancedealerscooperative.com,manufacturer_pdf,1.0,True,True,success,9137d7251074a8719184f9ea0784f836d299585b1aec9af9b902ea39c2ed142c,2026-08-16T12:00:00Z
SRC-a70aaf40,89,Appliance Dealers Cooperative,Speed Queen,TV2000WN,https://www.industrialdistributor.com/p/tv2000wn,industrialdistributor.com,distributor_product_page,0.4,True,True,success,edcc517385004365cd0a042d5d22820d13bfbd08fcd3534a299a941fae43b3b9,2026-08-16T12:00:00Z
SRC-f58c31c6,90,Appliance Dealers Cooperative,Speed Queen,TC5003BN,https://www.appliancedealerscooperative.com/products/tc5003bn,appliancedealerscooperative.com,manufacturer_product_page,1.0,True,True,success,9d262598b2ec3da8bd3ae5e1c87e14e6d586f013834aba8e5a2a30ecc4909e52,2026-08-16T12:00:00Z
SRC-eda86a75,90,Appliance Dealers Cooperative,Speed Queen,TC5003BN,https://www.appliancedealerscooperative.com/docs/datasheets/tc5003bn.pdf,appliancedealerscooperative.com,manufacturer_pdf,1.0,True,True,success,c2a10a196696d811b6e78251b1564316c31a91c564e55e68cefaece8dad5feb3,2026-08-16T12:00:00Z
SRC-fe248a78,90,Appliance Dealers Cooperative,Speed Queen,TC5003BN,https://www.industrialdistributor.com/p/tc5003bn,industrialdistributor.com,distributor_product_page,0.4,True,True,success,24297f3f6e3f462dc086c40b3dd81ab0731a3db4eb6c503c8441beb1e4915bf2,2026-08-16T12:00:00Z
SRC-635949b4,91,Appliance Dealers Cooperative,Speed Queen,TR7006WN,https://www.appliancedealerscooperative.com/products/tr7006wn,appliancedealerscooperative.com,manufacturer_product_page,1.0,True,True,success,3409dabe802908b46b1564b0cc534809fcc51f42e445902a9a74a0d9fe1bcf2e,2026-08-16T12:00:00Z
SRC-5c5fa2d7,91,Appliance Dealers Cooperative,Speed Queen,TR7006WN,https://www.appliancedealerscooperative.com/docs/datasheets/tr7006wn.pdf,appliancedealerscooperative.com,manufacturer_pdf,1.0,True,True,success,5c3c14129cc65e636f4e48d5567ca4954bec71dbdfc625b3b95cade71ea076b6,2026-08-16T12:00:00Z
SRC-e50994b0,91,Appliance Dealers Cooperative,Speed Queen,TR7006WN,https://www.industrialdistributor.com/p/tr7006wn,industrialdistributor.com,distributor_product_page,0.4,True,True,success,cef31228536ef88239cb23d758036bad2dc6b0f0a7cb8ae2cfcc025c38c13a5a,2026-08-16T12:00:00Z
SRC-88349d1e,92,Appliance Dealers Cooperative,Speed Queen,TR7006BN,https://www.appliancedealerscooperative.com/products/tr7006bn,appliancedealerscooperative.com,manufacturer_product_page,1.0,True,True,success,c225b891603fafd54729004835d61306a8f49aadf7f1535f203c3dd9038484c8,2026-08-16T12:00:00Z
SRC-9113cad9,92,Appliance Dealers Cooperative,Speed Queen,TR7006BN,https://www.appliancedealerscooperative.com/docs/datasheets/tr7006bn.pdf,appliancedealerscooperative.com,manufacturer_pdf,1.0,True,True,success,f6b58dbfe0a09c155d010c5d0e66a69713333372ebe48453a7694e840b273362,2026-08-16T12:00:00Z
SRC-66548b3d,92,Appliance Dealers Cooperative,Speed Queen,TR7006BN,https://www.industrialdistributor.com/p/tr7006bn,industrialdistributor.com,distributor_product_page,0.4,True,True,success,aa958068a0c35ace7102de32e18496eccedaaa670dfbca6e8e8d9ae3be57632c,2026-08-16T12:00:00Z
SRC-a3f7b290,93,Appliance Dealers Cooperative,Speed Queen,TR5006WN,https://www.appliancedealerscooperative.com/products/tr5006wn,appliancedealerscooperative.com,manufacturer_product_page,1.0,True,True,success,e7b352027f986ee07333e68d7c40091d7508f963c2fce4d4a179c397c1395bbc,2026-08-16T12:00:00Z
SRC-97072597,93,Appliance Dealers Cooperative,Speed Queen,TR5006WN,https://www.appliancedealerscooperative.com/docs/datasheets/tr5006wn.pdf,appliancedealerscooperative.com,manufacturer_pdf,1.0,True,True,success,0e55dd88d630f2e1d1b15874de10a5666521fccabb8b472bac54e83cd3040fde,2026-08-16T12:00:00Z
SRC-54ad2af5,93,Appliance Dealers Cooperative,Speed Queen,TR5006WN,https://www.industrialdistributor.com/p/tr5006wn,industrialdistributor.com,distributor_product_page,0.4,True,True,success,a9d24a7564df7b9941d590802c0e5a6b9a843c5104d02277b76ffbb31d6d491a,2026-08-16T12:00:00Z
SRC-bd1572a1,94,Wera Tools NA Inc,nan,9516,https://www.weratoolsnainc.com/products/9516,weratoolsnainc.com,manufacturer_product_page,1.0,True,True,success,70530f8fec6858c137c21de95a94968b0bde58a887832feed713d6efc4061dfd,2026-08-16T12:00:00Z
SRC-ee804709,94,Wera Tools NA Inc,nan,9516,https://www.weratoolsnainc.com/docs/datasheets/9516.pdf,weratoolsnainc.com,manufacturer_pdf,1.0,True,True,success,de6eeaf956754b1aba4da7b1f75599ae829cdba142a6995e376e8874fa907e72,2026-08-16T12:00:00Z
SRC-549aaaf8,94,Wera Tools NA Inc,nan,9516,https://www.weratoolsnainc.com/catalogs/specifications.pdf,weratoolsnainc.com,manufacturer_catalog,0.95,True,True,success,0ca3d53eda11058128bb59b085c90541b07e25bd52e504d680f0084fa1409acd,2026-08-16T12:00:00Z
SRC-24bb9bdc,94,Wera Tools NA Inc,nan,9516,https://www.industrialdistributor.com/p/9516,industrialdistributor.com,distributor_product_page,0.4,True,True,success,9d52cef58f6622eab687a383c5f4c80fbcbea9e003ad993b626f6280d7687417,2026-08-16T12:00:00Z
SRC-c8d794b2,96,Rees Cast Stone Company,nan,Charcoal,https://www.reescaststonecompany.com/products/charcoal,reescaststonecompany.com,manufacturer_product_page,1.0,True,True,success,8ad8e8df6512d2bee36f51ff5a12b09cbeb5917926c6546306f3b9f4c0232f82,2026-08-16T12:00:00Z
SRC-6e64b765,96,Rees Cast Stone Company,nan,Charcoal,https://www.reescaststonecompany.com/docs/datasheets/charcoal.pdf,reescaststonecompany.com,manufacturer_pdf,1.0,True,True,success,fc556e391a3f2681be51a608ecc3976371bff0454d536ebb384cafab50cacdba,2026-08-16T12:00:00Z
SRC-be0dc766,96,Rees Cast Stone Company,nan,Charcoal,https://www.reescaststonecompany.com/catalogs/specifications.pdf,reescaststonecompany.com,manufacturer_catalog,0.95,True,True,success,ee0cfb8a4b1f11f1b38cb50a94c8a252d27ad41ea2d0fd61fa5ea755c98926f6,2026-08-16T12:00:00Z
SRC-7ecd550a,96,Rees Cast Stone Company,nan,Charcoal,https://www.industrialdistributor.com/p/charcoal,industrialdistributor.com,distributor_product_page,0.4,True,True,success,803f8e415b0943641517d42c512625a042205b6f98fd8517aa6e89069a9ca912,2026-08-16T12:00:00Z
SRC-bec88a16,97,Rees Cast Stone Company,nan,Dark,https://www.reescaststonecompany.com/products/dark,reescaststonecompany.com,manufacturer_product_page,1.0,True,True,success,cabdbd58af650d37372445b878dab161f188b20ff20b1d29f6aa8c215440b809,2026-08-16T12:00:00Z
SRC-56e758ac,97,Rees Cast Stone Company,nan,Dark,https://www.reescaststonecompany.com/docs/datasheets/dark.pdf,reescaststonecompany.com,manufacturer_pdf,1.0,True,True,success,5178df84750111f828d1f61416e1bd6975681172db2186342d5d7937502bca31,2026-08-16T12:00:00Z
SRC-4d247503,97,Rees Cast Stone Company,nan,Dark,https://www.industrialdistributor.com/p/dark,industrialdistributor.com,distributor_product_page,0.4,True,True,success,a7f0d2886e386e1d6133f2d70782b070eb4f064a1f513c6092f19b29cd2f0830,2026-08-16T12:00:00Z
SRC-956538d1,98,Rees Cast Stone Company,nan,Light,https://www.reescaststonecompany.com/products/light,reescaststonecompany.com,manufacturer_product_page,1.0,True,True,success,789de9eea45ed24155e5859db0d2c5200c7f720f401a870fc787d622c0f4a408,2026-08-16T12:00:00Z
SRC-20963529,98,Rees Cast Stone Company,nan,Light,https://www.reescaststonecompany.com/docs/datasheets/light.pdf,reescaststonecompany.com,manufacturer_pdf,1.0,True,True,success,438780d3634b52ee9702f56d44149de6ab3cf8ce758d64427bb51a82a04c29ce,2026-08-16T12:00:00Z
SRC-11ec9585,98,Rees Cast Stone Company,nan,Light,https://www.industrialdistributor.com/p/light,industrialdistributor.com,distributor_product_page,0.4,True,True,success,dec45b90a9e71a36aac951084483f29be6d35a283fbe7514c4b84b8998c31a1b,2026-08-16T12:00:00Z
SRC-172f07d6,102,nan,nan,Finyline,https://www.nan.com/products/finyline,nan.com,manufacturer_product_page,1.0,True,True,success,caba2f1705a292e30985a84ecff773d77d530c8a4384fb4259bbde2838d1bf85,2026-08-16T12:00:00Z
SRC-b7f8fbf7,102,nan,nan,Finyline,https://www.nan.com/docs/datasheets/finyline.pdf,nan.com,manufacturer_pdf,1.0,True,True,success,26a5e0db47f3d2160a57ceef285358f9ee0ceb53d2b0e2a6ab0970899216f8f0,2026-08-16T12:00:00Z
SRC-12237918,102,nan,nan,Finyline,https://www.nan.com/catalogs/specifications.pdf,nan.com,manufacturer_catalog,0.95,True,True,success,19beba8788c45949f3bf8da0facf11c9e1a2be8ca4acaf88ccd65977e4078dd5,2026-08-16T12:00:00Z
SRC-874d4b23,102,nan,nan,Finyline,https://www.industrialdistributor.com/p/finyline,industrialdistributor.com,distributor_product_page,0.4,True,True,success,d9ca9a6f9466e262e67ba49101ff13738af4480690361d7d125fb0fcc857641d,2026-08-16T12:00:00Z
SRC-e1022cf0,110,nan,nan,Custom,https://www.nan.com/products/custom,nan.com,manufacturer_product_page,1.0,True,True,success,6997ca0388301b33f741299b32490ee48ecfa16297ae47860b46da9f4b2cdbcb,2026-08-16T12:00:00Z
SRC-c5c70db7,110,nan,nan,Custom,https://www.nan.com/docs/datasheets/custom.pdf,nan.com,manufacturer_pdf,1.0,True,True,success,131a3bfe9f1a0eca3cc743b8b9bcadbc0d87a66cda113f3da9528e1d01331eb0,2026-08-16T12:00:00Z
SRC-3a91dff2,110,nan,nan,Custom,https://www.industrialdistributor.com/p/custom,industrialdistributor.com,distributor_product_page,0.4,True,True,success,01f0216f0b2f053f920ef12e4c730e90831532567be222df0c304ffbfa8b816c,2026-08-16T12:00:00Z
SRC-df751fca,284,nan,nan,Clay,https://www.nan.com/products/clay,nan.com,manufacturer_product_page,1.0,True,True,success,d71a97a04ab19f0e7417255f21422cb8515570b6f74e48e3ecfd430da0186f15,2026-08-16T12:00:00Z
SRC-bf4901d5,284,nan,nan,Clay,https://www.nan.com/docs/datasheets/clay.pdf,nan.com,manufacturer_pdf,1.0,True,True,success,48a950ad4fc96c6289d01c175a6163051da837aa26d0aa6436f224d1548354ad,2026-08-16T12:00:00Z
SRC-98ec1933,284,nan,nan,Clay,https://www.industrialdistributor.com/p/clay,industrialdistributor.com,distributor_product_page,0.4,True,True,success,25f9fe731718ed430c6f4c3b2865ed98e5d9adeb9bb479407c3b3cfd6282c924,2026-08-16T12:00:00Z
SRC-c6f8a00b,300,United Window & Door Manufacturing,United Window & Door,6068R,https://www.unitedwindowdoormanufacturing.com/products/6068r,unitedwindowdoormanufacturing.com,manufacturer_product_page,1.0,True,True,success,137ab3f66ca01990be7b467a7c0bd1cc33741eed7ce166b83b0ec834d6a08a4c,2026-08-16T12:00:00Z
SRC-bd3ff5b3,300,United Window & Door Manufacturing,United Window & Door,6068R,https://www.unitedwindowdoormanufacturing.com/docs/datasheets/6068r.pdf,unitedwindowdoormanufacturing.com,manufacturer_pdf,1.0,True,True,success,4349906771d2165476be99cbff8c7fcc5c212181537b07ec29513b6eca06beec,2026-08-16T12:00:00Z
SRC-83140b57,300,United Window & Door Manufacturing,United Window & Door,6068R,https://www.unitedwindowdoormanufacturing.com/catalogs/specifications.pdf,unitedwindowdoormanufacturing.com,manufacturer_catalog,0.95,True,True,success,5b7d8ff3015d1543deefa9064c213f717eab936c69faea55079a07c5af46ba48,2026-08-16T12:00:00Z
SRC-56ca9445,300,United Window & Door Manufacturing,United Window & Door,6068R,https://www.industrialdistributor.com/p/6068r,industrialdistributor.com,distributor_product_page,0.4,True,True,success,c556c1e30389f458817585d1dae53fe2b5489559c0a9536eeed895249f4780c0,2026-08-16T12:00:00Z
SRC-41b97f61,301,United Window & Door Manufacturing,United Window & Door,6068L,https://www.unitedwindowdoormanufacturing.com/products/6068l,unitedwindowdoormanufacturing.com,manufacturer_product_page,1.0,True,True,success,be2958125dff525b020a3672a7e1545c7290382f9cbe27efc6438e45f9030977,2026-08-16T12:00:00Z
SRC-b4469b9d,301,United Window & Door Manufacturing,United Window & Door,6068L,https://www.unitedwindowdoormanufacturing.com/docs/datasheets/6068l.pdf,unitedwindowdoormanufacturing.com,manufacturer_pdf,1.0,True,True,success,0ad5d721a1b29540bf9cd8024bf687bbcb2db430c32f09f05b4b1feb63d26050,2026-08-16T12:00:00Z
SRC-c7cc2796,301,United Window & Door Manufacturing,United Window & Door,6068L,https://www.industrialdistributor.com/p/6068l,industrialdistributor.com,distributor_product_page,0.4,True,True,success,347b0b6b7a6a7ec766df48189810bc6e30231290e95d1b044927347995750b1b,2026-08-16T12:00:00Z
SRC-e04c7199,330,nan,nan,Ice,https://www.nan.com/products/ice,nan.com,manufacturer_product_page,1.0,True,True,success,bca5b491bf8591ae046f5dd32ceb367f762b15e94ecbb24605a05fb4e237a377,2026-08-16T12:00:00Z
SRC-87dfa34b,330,nan,nan,Ice,https://www.nan.com/docs/datasheets/ice.pdf,nan.com,manufacturer_pdf,1.0,True,True,success,5ce44ebf509f0bc7dbb995553e31ff8ff9cd1d32de9393b0a49785c5d7e522a7,2026-08-16T12:00:00Z
SRC-cd6c6a94,330,nan,nan,Ice,https://www.industrialdistributor.com/p/ice,industrialdistributor.com,distributor_product_page,0.4,True,True,success,4b0c988c36aa6dd738cad20fa52b5a3af4e360459ca380c37b00565b09b1f3c3,2026-08-16T12:00:00Z
SRC-e1f03a0d,344,MillerTech Energy Solutions,nan,402R,https://www.millertechenergysolutions.com/products/402r,millertechenergysolutions.com,manufacturer_product_page,1.0,True,True,success,c02e05dcaf5a7d179132f07108515f5bd8e410834557e3514c4870d41e43e208,2026-08-16T12:00:00Z
SRC-6814681c,344,MillerTech Energy Solutions,nan,402R,https://www.millertechenergysolutions.com/docs/datasheets/402r.pdf,millertechenergysolutions.com,manufacturer_pdf,1.0,True,True,success,f04641df85879500f4105232d4d7a1e920a95962bba1b89e9b1f3c77a002f962,2026-08-16T12:00:00Z
SRC-bdcc91b4,344,MillerTech Energy Solutions,nan,402R,https://www.millertechenergysolutions.com/catalogs/specifications.pdf,millertechenergysolutions.com,manufacturer_catalog,0.95,True,True,success,d3e8d00f691dfdf0b721b85bf833753af998fda1a01a0ccc70fccd64f7a63b67,2026-08-16T12:00:00Z
SRC-451f4293,344,MillerTech Energy Solutions,nan,402R,https://www.industrialdistributor.com/p/402r,industrialdistributor.com,distributor_product_page,0.4,True,True,success,790167b30d2097404f4b7e252ab52b3ade5d9adcf22250fb12173eba709f1fe3,2026-08-16T12:00:00Z
SRC-41fa0fcf,346,Metalmark Industrial Inc,DEWALT,BM-DW20-YLW-6,https://www.dewalt.com/products/bmdw20ylw6,dewalt.com,manufacturer_product_page,1.0,True,True,success,eb24ec2e498b0dd21720f4bff2b25f5c468e81f85e1caf323c53e2e22033c78e,2026-08-16T12:00:00Z
SRC-d96af500,346,Metalmark Industrial Inc,DEWALT,BM-DW20-YLW-6,https://www.dewalt.com/docs/datasheets/bmdw20ylw6.pdf,dewalt.com,manufacturer_pdf,1.0,True,True,success,f5b4d7d4ab77167a06ce59ff49f7a835f47b68c396f4c9eff2940a2fc53f7b29,2026-08-16T12:00:00Z
SRC-71ee6e95,346,Metalmark Industrial Inc,DEWALT,BM-DW20-YLW-6,https://www.dewalt.com/catalogs/specifications.pdf,dewalt.com,manufacturer_catalog,0.95,True,True,success,d0abf26c36c2574d0b35c9d3bc53525498f2de926baf963e1a1185460d539f8a,2026-08-16T12:00:00Z
SRC-ad9b488b,346,Metalmark Industrial Inc,DEWALT,BM-DW20-YLW-6,https://www.industrialdistributor.com/p/bmdw20ylw6,industrialdistributor.com,distributor_product_page,0.4,True,True,success,6154fce3f157ccdd1d0d0109352a4343dde1d17ffd133de85dca606cad793904,2026-08-16T12:00:00Z
SRC-6f12bd13,347,Southwire/g Turner,Southwire,16-24,https://www.southwiregturner.com/products/1624,southwiregturner.com,manufacturer_product_page,1.0,True,True,success,117bad449d5e56200a8a81aef6173f53fc525e57be7a0bbda9754e128442106a,2026-08-16T12:00:00Z
SRC-b9b06786,347,Southwire/g Turner,Southwire,16-24,https://www.southwiregturner.com/docs/datasheets/1624.pdf,southwiregturner.com,manufacturer_pdf,1.0,True,True,success,6b798c3383f8e7a47bef89b87461711a55fd20ff67d66bd12bcb74b38a55a07b,2026-08-16T12:00:00Z
SRC-383ccf65,347,Southwire/g Turner,Southwire,16-24,https://www.southwiregturner.com/catalogs/specifications.pdf,southwiregturner.com,manufacturer_catalog,0.95,True,True,success,24a9438ef3d6fb5ba907396425ecdac0e5454d157eb2afa3eae094c2e2776e86,2026-08-16T12:00:00Z
SRC-f469463b,347,Southwire/g Turner,Southwire,16-24,https://www.industrialdistributor.com/p/1624,industrialdistributor.com,distributor_product_page,0.4,True,True,success,2c6917112e42dfdfccfa24bf55e5ac0eddcb2c95fa67e1d33c1d2a344ff84052,2026-08-16T12:00:00Z
SRC-57a071c3,348,Southwire/g Turner,Southwire,G1941UPC,https://www.southwiregturner.com/products/g1941upc,southwiregturner.com,manufacturer_product_page,1.0,True,True,success,4fc356aea129f6b84e68ba2ea1c68236279d046e87ca3ca647c857e95b46261f,2026-08-16T12:00:00Z
SRC-25c0551a,348,Southwire/g Turner,Southwire,G1941UPC,https://www.southwiregturner.com/docs/datasheets/g1941upc.pdf,southwiregturner.com,manufacturer_pdf,1.0,True,True,success,f5ea4f3a417f007241cd4b9976ac5d6cbeab5422c0e3785383530d5832a334d9,2026-08-16T12:00:00Z
SRC-4e8f3091,348,Southwire/g Turner,Southwire,G1941UPC,https://www.industrialdistributor.com/p/g1941upc,industrialdistributor.com,distributor_product_page,0.4,True,True,success,e405d533278683e3f18b8530e2fc32c0a6e6fa9232bb7740eba58c98040098f0,2026-08-16T12:00:00Z
SRC-18efb107,361,Cooper Wiring Devices,nan,5522-5EV,https://www.cooperwiringdevices.com/products/55225ev,cooperwiringdevices.com,manufacturer_product_page,1.0,True,True,success,a8f596e1aa5243bc035090399d916ed74eaf3c688398b33848066905dd6cedae,2026-08-16T12:00:00Z
SRC-206148c7,361,Cooper Wiring Devices,nan,5522-5EV,https://www.cooperwiringdevices.com/docs/datasheets/55225ev.pdf,cooperwiringdevices.com,manufacturer_pdf,1.0,True,True,success,392b83fce82d63155f452a1c01c53081b10062cf6d8099ececaccaac7eab32fd,2026-08-16T12:00:00Z
SRC-75485bfb,361,Cooper Wiring Devices,nan,5522-5EV,https://www.cooperwiringdevices.com/catalogs/specifications.pdf,cooperwiringdevices.com,manufacturer_catalog,0.95,True,True,success,fcca57904e0aec002bbb3786c70c6f3223aea471fa9dc1ee1508f435313b9fbc,2026-08-16T12:00:00Z
SRC-f01ad27e,361,Cooper Wiring Devices,nan,5522-5EV,https://www.industrialdistributor.com/p/55225ev,industrialdistributor.com,distributor_product_page,0.4,True,True,success,cce566614e4dcebf8c275efc58d52507749daff065adb24df6dc5772792cbd1a,2026-08-16T12:00:00Z
SRC-e9249e9c,362,Fenton Bros Electric Inc,nan,AYCL-153PH-LA,https://www.fentonbroselectricinc.com/products/aycl153phla,fentonbroselectricinc.com,manufacturer_product_page,1.0,True,True,success,00016e6038995330413610eb038f2c139779c397c937f02a577398359aa44a09,2026-08-16T12:00:00Z
SRC-5d3c1178,362,Fenton Bros Electric Inc,nan,AYCL-153PH-LA,https://www.fentonbroselectricinc.com/docs/datasheets/aycl153phla.pdf,fentonbroselectricinc.com,manufacturer_pdf,1.0,True,True,success,89196b41fc1df125e58487c92fa77cfb55ba2be765b485ced5cf95d5703098e0,2026-08-16T12:00:00Z
SRC-df03a9e5,362,Fenton Bros Electric Inc,nan,AYCL-153PH-LA,https://www.fentonbroselectricinc.com/catalogs/specifications.pdf,fentonbroselectricinc.com,manufacturer_catalog,0.95,True,True,success,b865d38eed41045be46c1994d22165e4719a037541fe396403a8d38033afe1ad,2026-08-16T12:00:00Z
SRC-1df19671,362,Fenton Bros Electric Inc,nan,AYCL-153PH-LA,https://www.industrialdistributor.com/p/aycl153phla,industrialdistributor.com,distributor_product_page,0.4,True,True,success,2335761d0ef4c471aef26ca35da3286f3a377f6f3ec7c59afe0bbc0097e13105,2026-08-16T12:00:00Z
SRC-76916147,363,Fenton Bros Electric Inc,nan,AYCL-153PH-WH,https://www.fentonbroselectricinc.com/products/aycl153phwh,fentonbroselectricinc.com,manufacturer_product_page,1.0,True,True,success,643a896c2be4779fb68727a341a67eeb40857e7e8a4880002340b4f28a277c98,2026-08-16T12:00:00Z
SRC-ee04177f,363,Fenton Bros Electric Inc,nan,AYCL-153PH-WH,https://www.fentonbroselectricinc.com/docs/datasheets/aycl153phwh.pdf,fentonbroselectricinc.com,manufacturer_pdf,1.0,True,True,success,b8eae7c910c03a9b6636d203a328a37792fdf0d4a790496e7fb7bce7d1b848b6,2026-08-16T12:00:00Z
SRC-240a8838,363,Fenton Bros Electric Inc,nan,AYCL-153PH-WH,https://www.industrialdistributor.com/p/aycl153phwh,industrialdistributor.com,distributor_product_page,0.4,True,True,success,b5d9bb4aa52a1da3c58f54927d308382a0f9cbe04ca053d87807cd5e03355067,2026-08-16T12:00:00Z
SRC-d59bc642,365,Prime Wire & Cable,Prime,TNOCD002,https://www.primewirecable.com/products/tnocd002,primewirecable.com,manufacturer_product_page,1.0,True,True,success,963bc2d827c8bb505e1f3c1605aa82a4fd23a0ed892c5de9a1d5ef7372b7d4a8,2026-08-16T12:00:00Z
SRC-b17ca26a,365,Prime Wire & Cable,Prime,TNOCD002,https://www.primewirecable.com/docs/datasheets/tnocd002.pdf,primewirecable.com,manufacturer_pdf,1.0,True,True,success,c3be67c35ce73698cc8deab207d3ec7d91acb6ae2fa745171ab84f5b91f6c3d5,2026-08-16T12:00:00Z
SRC-52d43ef4,365,Prime Wire & Cable,Prime,TNOCD002,https://www.primewirecable.com/catalogs/specifications.pdf,primewirecable.com,manufacturer_catalog,0.95,True,True,success,498a715446cf363971135331af3215f5f5a4560be9c67be6d097e7b4bcc1b7cf,2026-08-16T12:00:00Z
SRC-2fd86eee,365,Prime Wire & Cable,Prime,TNOCD002,https://www.industrialdistributor.com/p/tnocd002,industrialdistributor.com,distributor_product_page,0.4,True,True,success,167b4dbc1864ad553b22ff950805e99b2674bb0fd95876ebd978896135bef0a4,2026-08-16T12:00:00Z
SRC-a53d5486,366,Prime Wire & Cable,Prime,TNDHD002,https://www.primewirecable.com/products/tndhd002,primewirecable.com,manufacturer_product_page,1.0,True,True,success,e66b3d4c563155006c9d0e3fa90ea9bbdc41826027a1817dd62a3137ff8aa814,2026-08-16T12:00:00Z
SRC-6a5c1e93,366,Prime Wire & Cable,Prime,TNDHD002,https://www.primewirecable.com/docs/datasheets/tndhd002.pdf,primewirecable.com,manufacturer_pdf,1.0,True,True,success,168af4c6efe9aedecbf802341b59b5a067dd0713205543739666686b33bdba48,2026-08-16T12:00:00Z
SRC-624bf391,366,Prime Wire & Cable,Prime,TNDHD002,https://www.industrialdistributor.com/p/tndhd002,industrialdistributor.com,distributor_product_page,0.4,True,True,success,6ac524d172dbba6719285821df63b731a656624cf5ab9f9e33496260a0a6a22d,2026-08-16T12:00:00Z
SRC-fd0c0b18,367,Prime Wire & Cable,Prime,TNIDP12,https://www.primewirecable.com/products/tnidp12,primewirecable.com,manufacturer_product_page,1.0,True,True,success,70f61a2410ffbc1ac68b81e51cc89eb8eb4225f2ce3bdc2f467877f5e02fcff9,2026-08-16T12:00:00Z
SRC-171ba8ec,367,Prime Wire & Cable,Prime,TNIDP12,https://www.primewirecable.com/docs/datasheets/tnidp12.pdf,primewirecable.com,manufacturer_pdf,1.0,True,True,success,d8b44faa0784e426d9ff67fba2a88096f62c6483668d739b04fe3e5f4e2ba8e9,2026-08-16T12:00:00Z
SRC-40e45c1b,367,Prime Wire & Cable,Prime,TNIDP12,https://www.industrialdistributor.com/p/tnidp12,industrialdistributor.com,distributor_product_page,0.4,True,True,success,939af22ec6e445065a017945fce1b69df666f5123dfe6afe7238f23fb7a234cd,2026-08-16T12:00:00Z
SRC-17769e33,368,Prime Wire & Cable,Prime,TNIW24,https://www.primewirecable.com/products/tniw24,primewirecable.com,manufacturer_product_page,1.0,True,True,success,53eda1b9326af903e96f359d62d22c688187bd0734c4fc3248910363658e7b84,2026-08-16T12:00:00Z
SRC-7443ae86,368,Prime Wire & Cable,Prime,TNIW24,https://www.primewirecable.com/docs/datasheets/tniw24.pdf,primewirecable.com,manufacturer_pdf,1.0,True,True,success,d84f2dd793b94af94ce4bda4a0d03c08cd8adfb7a89196b7b11d094c2a006827,2026-08-16T12:00:00Z
SRC-da8b5da4,368,Prime Wire & Cable,Prime,TNIW24,https://www.industrialdistributor.com/p/tniw24,industrialdistributor.com,distributor_product_page,0.4,True,True,success,cd2d0f64a1641bbca7428f6b87435d4aea8e35fd22b5b4ad63ee791b7eb2708c,2026-08-16T12:00:00Z
SRC-0912e22c,369,Satco Prod Inc,Satco,65-1222,https://www.satcoprodinc.com/products/651222,satcoprodinc.com,manufacturer_product_page,1.0,True,True,success,9b003856991134873c61e164be81f34a4637bdf9689179adf1bd3ad6f8842bc8,2026-08-16T12:00:00Z
SRC-7221c2f0,369,Satco Prod Inc,Satco,65-1222,https://www.satcoprodinc.com/docs/datasheets/651222.pdf,satcoprodinc.com,manufacturer_pdf,1.0,True,True,success,4811ad057f29a93206287313cae2c9977b8189938c0248859200b716e2eb2613,2026-08-16T12:00:00Z
SRC-807ce3fd,369,Satco Prod Inc,Satco,65-1222,https://www.satcoprodinc.com/catalogs/specifications.pdf,satcoprodinc.com,manufacturer_catalog,0.95,True,True,success,bb32fc44cdf6e820095f1838e3e0e2cded542fa1ebc52ee10ac582654162f445,2026-08-16T12:00:00Z
SRC-ff874c70,369,Satco Prod Inc,Satco,65-1222,https://www.industrialdistributor.com/p/651222,industrialdistributor.com,distributor_product_page,0.4,True,True,success,8e4403d3a3ed76db124cbea7a45220b111429c19c8655dff12b1e673f06785b6,2026-08-16T12:00:00Z
SRC-fcdaf6e5,370,Satco Prod Inc,Satco,65-1224,https://www.satcoprodinc.com/products/651224,satcoprodinc.com,manufacturer_product_page,1.0,True,True,success,4d84f0a46a4bfdb46df55d45467a7294195fb5565372b7e40c9cc35f7d029910,2026-08-16T12:00:00Z
SRC-aaf0619e,370,Satco Prod Inc,Satco,65-1224,https://www.satcoprodinc.com/docs/datasheets/651224.pdf,satcoprodinc.com,manufacturer_pdf,1.0,True,True,success,448657cd01a0dbd852c4bfed220cdc0e04a60bcdda2945a22f5b212612984ac5,2026-08-16T12:00:00Z
SRC-ad19ac51,370,Satco Prod Inc,Satco,65-1224,https://www.industrialdistributor.com/p/651224,industrialdistributor.com,distributor_product_page,0.4,True,True,success,ed6c0304742096fbf9cdbf1e8975c0cc251476ab5b65d18b5b31b41c108bb157,2026-08-16T12:00:00Z
SRC-30e93f25,371,Kichler Lighting,nan,45297BK,https://www.kichlerlighting.com/products/45297bk,kichlerlighting.com,manufacturer_product_page,1.0,True,True,success,8bb9dbd1f0972143b99d0563d4f4fce5d9d116d3401a76c2eea920e3f4160cb8,2026-08-16T12:00:00Z
SRC-c4c2de28,371,Kichler Lighting,nan,45297BK,https://www.kichlerlighting.com/docs/datasheets/45297bk.pdf,kichlerlighting.com,manufacturer_pdf,1.0,True,True,success,3a2bb5de61bbc30a43949063658cab20015f2fd6d81e55bfb438bb6474a407ca,2026-08-16T12:00:00Z
SRC-b220af4c,371,Kichler Lighting,nan,45297BK,https://www.kichlerlighting.com/catalogs/specifications.pdf,kichlerlighting.com,manufacturer_catalog,0.95,True,True,success,5ca6f6ae1487366c0a2cffcc17c0fc269f7711f2370e1d114f2bfebe88160f5f,2026-08-16T12:00:00Z
SRC-9a52bd33,371,Kichler Lighting,nan,45297BK,https://www.industrialdistributor.com/p/45297bk,industrialdistributor.com,distributor_product_page,0.4,True,True,success,c596a0484bf3777dc6cce960903ed614ae7871764b75538e59fcd5b6e525c67d,2026-08-16T12:00:00Z
SRC-95fc3eec,372,Kichler Lighting,nan,45573BK,https://www.kichlerlighting.com/products/45573bk,kichlerlighting.com,manufacturer_product_page,1.0,True,True,success,56089f0e65bb65ff0372f082280dc31d49a0cf15547cff39872e5e7177d9e1c0,2026-08-16T12:00:00Z
SRC-096815a5,372,Kichler Lighting,nan,45573BK,https://www.kichlerlighting.com/docs/datasheets/45573bk.pdf,kichlerlighting.com,manufacturer_pdf,1.0,True,True,success,708b2ccedc6dddb036ec1f624d73001435fe8c441e2d8cad275473e67ba8917a,2026-08-16T12:00:00Z
SRC-50cd0bf2,372,Kichler Lighting,nan,45573BK,https://www.industrialdistributor.com/p/45573bk,industrialdistributor.com,distributor_product_page,0.4,True,True,success,a40be279eeb60efc1e7901082883e69320bf26954474eb8c600698a409602cfd,2026-08-16T12:00:00Z
SRC-38518196,373,Kichler Lighting,nan,37418A,https://www.kichlerlighting.com/products/37418a,kichlerlighting.com,manufacturer_product_page,1.0,True,True,success,ca1831d9dd073f3849c0d470f562f9ad52736548d8017512e3538da5232057c6,2026-08-16T12:00:00Z
SRC-f6c45943,373,Kichler Lighting,nan,37418A,https://www.kichlerlighting.com/docs/datasheets/37418a.pdf,kichlerlighting.com,manufacturer_pdf,1.0,True,True,success,f19f74bb2282ccddf6562d37310a7faaa41f54a3452b93dc71d942a04cfbfa03,2026-08-16T12:00:00Z
SRC-a43a2704,373,Kichler Lighting,nan,37418A,https://www.industrialdistributor.com/p/37418a,industrialdistributor.com,distributor_product_page,0.4,True,True,success,c94836ffaff2dbded8a531587b14dc97613c7a8ba58821d2248417e7f5dd7d6e,2026-08-16T12:00:00Z
SRC-916ce629,374,Kichler Lighting,nan,37423A,https://www.kichlerlighting.com/products/37423a,kichlerlighting.com,manufacturer_product_page,1.0,True,True,success,ed6a52694d139489e09458aa3bee789d9e906bad1e8cfce91c042d4b10540653,2026-08-16T12:00:00Z
SRC-c6ed7a0b,374,Kichler Lighting,nan,37423A,https://www.kichlerlighting.com/docs/datasheets/37423a.pdf,kichlerlighting.com,manufacturer_pdf,1.0,True,True,success,60ee7ca66474428917c04f685b0cd4826019c7d17304beae3fe6dd07de40b447,2026-08-16T12:00:00Z
SRC-c0b5c2bd,374,Kichler Lighting,nan,37423A,https://www.industrialdistributor.com/p/37423a,industrialdistributor.com,distributor_product_page,0.4,True,True,success,b0d61d77d43de282465c257685476c3edd11afa595558d537eee8edf5599c533,2026-08-16T12:00:00Z
SRC-31c24a9b,375,Kichler Lighting,nan,45496BKCLR,https://www.kichlerlighting.com/products/45496bkclr,kichlerlighting.com,manufacturer_product_page,1.0,True,True,success,43ae5222d2ff01566f6c4ea5480c98fb0928a96773b41660f572125f0b28b12f,2026-08-16T12:00:00Z
SRC-f44fcb3a,375,Kichler Lighting,nan,45496BKCLR,https://www.kichlerlighting.com/docs/datasheets/45496bkclr.pdf,kichlerlighting.com,manufacturer_pdf,1.0,True,True,success,d9b230b3b4af19ebd24896bb409a084874bb3bd3b14fa56502fdbf34d188a9d2,2026-08-16T12:00:00Z
SRC-fb86bd90,375,Kichler Lighting,nan,45496BKCLR,https://www.industrialdistributor.com/p/45496bkclr,industrialdistributor.com,distributor_product_page,0.4,True,True,success,2af9a394b210ce7b98b1da99acc1184fe9f7232caaad36c61f67b6f462b320f3,2026-08-16T12:00:00Z
SRC-73240186,376,Kichler Lighting,nan,45973BK,https://www.kichlerlighting.com/products/45973bk,kichlerlighting.com,manufacturer_product_page,1.0,True,True,success,9f758c2d8e3f7d4be7c5df81838789008966862e3920ff92e0348a93e3a4b679,2026-08-16T12:00:00Z
SRC-e6f0944c,376,Kichler Lighting,nan,45973BK,https://www.kichlerlighting.com/docs/datasheets/45973bk.pdf,kichlerlighting.com,manufacturer_pdf,1.0,True,True,success,5e86a4344a1e0e4fdb587387cfa002803e21aae45c504ae3a932d4a8b115e591,2026-08-16T12:00:00Z
SRC-423a93b9,376,Kichler Lighting,nan,45973BK,https://www.industrialdistributor.com/p/45973bk,industrialdistributor.com,distributor_product_page,0.4,True,True,success,35855f5dc0f582c953c8e98622ad50eddc2420030af64442552c02e9da35bc67,2026-08-16T12:00:00Z
SRC-d55f84ad,377,Kichler Lighting,nan,55155BK,https://www.kichlerlighting.com/products/55155bk,kichlerlighting.com,manufacturer_product_page,1.0,True,True,success,3088d3191b0fd78e6de350cfbc329b8f5ca83a6a9013a64095b4c3c8e8129068,2026-08-16T12:00:00Z
SRC-81469240,377,Kichler Lighting,nan,55155BK,https://www.kichlerlighting.com/docs/datasheets/55155bk.pdf,kichlerlighting.com,manufacturer_pdf,1.0,True,True,success,07ec8d57479fc41e4ced43b020c5fb862bc657f1d79cb9e030278fdff317c5b7,2026-08-16T12:00:00Z
SRC-1a2404c9,377,Kichler Lighting,nan,55155BK,https://www.industrialdistributor.com/p/55155bk,industrialdistributor.com,distributor_product_page,0.4,True,True,success,e1ac54ab92e25fb9c68fc1d246d9e29c2cca96c55541d3c83746bd5c63f0f7b0,2026-08-16T12:00:00Z
SRC-fa564046,378,Kichler Lighting,nan,55157CPZ,https://www.kichlerlighting.com/products/55157cpz,kichlerlighting.com,manufacturer_product_page,1.0,True,True,success,eb0026253f9351c37ad9533e46afd7140dedbe701f2cdb8b1faa974088f2c4ba,2026-08-16T12:00:00Z
SRC-618921a8,378,Kichler Lighting,nan,55157CPZ,https://www.kichlerlighting.com/docs/datasheets/55157cpz.pdf,kichlerlighting.com,manufacturer_pdf,1.0,True,True,success,e073ae4b3497690848faefe12d90c012ba4528e05b92bb17dfee76eaa0460a8d,2026-08-16T12:00:00Z
SRC-f332f730,378,Kichler Lighting,nan,55157CPZ,https://www.industrialdistributor.com/p/55157cpz,industrialdistributor.com,distributor_product_page,0.4,True,True,success,5342db1f49061eb62d904ebbdfe908cb1a9e01eed646d3b8b789875e60bb98b4,2026-08-16T12:00:00Z
SRC-26790e8c,379,Kichler Lighting,nan,55184BK,https://www.kichlerlighting.com/products/55184bk,kichlerlighting.com,manufacturer_product_page,1.0,True,True,success,f8a7bc45ac1537ae724ca4d5a72d95879bc87717349a598626facb90dd05dc11,2026-08-16T12:00:00Z
SRC-407415dd,379,Kichler Lighting,nan,55184BK,https://www.kichlerlighting.com/docs/datasheets/55184bk.pdf,kichlerlighting.com,manufacturer_pdf,1.0,True,True,success,ce3c9acdf7d7d553da2c618abd332978dd806bd201e17b8d9aad80d56fd3a931,2026-08-16T12:00:00Z
SRC-1cc064b4,379,Kichler Lighting,nan,55184BK,https://www.industrialdistributor.com/p/55184bk,industrialdistributor.com,distributor_product_page,0.4,True,True,success,cb51c3617825056cd7af5d96f2ae3aad984a3b50ebf5f96bf63440ea97c25bf2,2026-08-16T12:00:00Z
SRC-c3f33f5d,380,Kichler Lighting,nan,55185BK,https://www.kichlerlighting.com/products/55185bk,kichlerlighting.com,manufacturer_product_page,1.0,True,True,success,a8e45f3328bcd17fdafbe36f5a64906ea8267fadab9875aa5de44449b6e02f8b,2026-08-16T12:00:00Z
SRC-b843d2e0,380,Kichler Lighting,nan,55185BK,https://www.kichlerlighting.com/docs/datasheets/55185bk.pdf,kichlerlighting.com,manufacturer_pdf,1.0,True,True,success,c4c87fa8a0bc84bb9349707fa3ff0e35f9a1d29a879d0690fd067de2a8a79d0e,2026-08-16T12:00:00Z
SRC-ce36b02e,380,Kichler Lighting,nan,55185BK,https://www.industrialdistributor.com/p/55185bk,industrialdistributor.com,distributor_product_page,0.4,True,True,success,2fb9a0a49f34da92217cafa2746325622c54147e12ef3141494c593b1566b61f,2026-08-16T12:00:00Z
SRC-30244d10,381,Kichler Lighting,nan,55186CH,https://www.kichlerlighting.com/products/55186ch,kichlerlighting.com,manufacturer_product_page,1.0,True,True,success,816704531d49eaf6f84e17ff386d0930fe3fb055c67ffad02152a95f6c54b29c,2026-08-16T12:00:00Z
SRC-1e76bfcf,381,Kichler Lighting,nan,55186CH,https://www.kichlerlighting.com/docs/datasheets/55186ch.pdf,kichlerlighting.com,manufacturer_pdf,1.0,True,True,success,40b7f0cb9db5f1ef6be2fdfb5ae1f13c6f48b1805a43e31934c6822964d8dc4e,2026-08-16T12:00:00Z
SRC-65c22909,381,Kichler Lighting,nan,55186CH,https://www.industrialdistributor.com/p/55186ch,industrialdistributor.com,distributor_product_page,0.4,True,True,success,5c7bf397e6f49147315d8c30cce5ef2221b456a5b88aed34f9fd1da573a8ee81,2026-08-16T12:00:00Z
SRC-df47b8d0,382,Kichler Lighting,nan,55210NI,https://www.kichlerlighting.com/products/55210ni,kichlerlighting.com,manufacturer_product_page,1.0,True,True,success,fc2209412376849829d235b43a8122ad715d77213db45401a4513be955d1efe3,2026-08-16T12:00:00Z
SRC-167a540e,382,Kichler Lighting,nan,55210NI,https://www.kichlerlighting.com/docs/datasheets/55210ni.pdf,kichlerlighting.com,manufacturer_pdf,1.0,True,True,success,eed7c4fbc63f3b2f1bf50278e492dd4b48e4b7151b9948d02cdb6ae6085e4704,2026-08-16T12:00:00Z
SRC-3c832fe0,382,Kichler Lighting,nan,55210NI,https://www.industrialdistributor.com/p/55210ni,industrialdistributor.com,distributor_product_page,0.4,True,True,success,b6fdafd4d1ac326f69c56e0017777f59aebb8728756cb2885fed9997f5d03a64,2026-08-16T12:00:00Z
SRC-b5bcef42,383,Kichler Lighting,nan,55211BK,https://www.kichlerlighting.com/products/55211bk,kichlerlighting.com,manufacturer_product_page,1.0,True,True,success,80849b101bd6917b7e43465e5edbea0e09175107eaf6733c58d024d6a354ac10,2026-08-16T12:00:00Z
SRC-83492d0c,383,Kichler Lighting,nan,55211BK,https://www.kichlerlighting.com/docs/datasheets/55211bk.pdf,kichlerlighting.com,manufacturer_pdf,1.0,True,True,success,42b965be065bd5fb0a379b61e7f4a0be62bf70ef4d1875902aac3ff9d36f6e37,2026-08-16T12:00:00Z
SRC-ea6ed60d,383,Kichler Lighting,nan,55211BK,https://www.industrialdistributor.com/p/55211bk,industrialdistributor.com,distributor_product_page,0.4,True,True,success,e482c32f7a39439a89aa21f83f697a0cfe57a1bfaba238d32b5f5a103f8d72f4,2026-08-16T12:00:00Z
SRC-a187fc6a,384,Kichler Lighting,nan,55211NI,https://www.kichlerlighting.com/products/55211ni,kichlerlighting.com,manufacturer_product_page,1.0,True,True,success,dffe8e7c5555d7d522ee23e3e275ba664736400d949bbda2bb5313ccffb24ae9,2026-08-16T12:00:00Z
SRC-3a726881,384,Kichler Lighting,nan,55211NI,https://www.kichlerlighting.com/docs/datasheets/55211ni.pdf,kichlerlighting.com,manufacturer_pdf,1.0,True,True,success,cfe0e2baa5095bd08c2de53d5934f75a6341252bc4f08c7066e2c20bafd7e343,2026-08-16T12:00:00Z
SRC-cd0515e4,384,Kichler Lighting,nan,55211NI,https://www.industrialdistributor.com/p/55211ni,industrialdistributor.com,distributor_product_page,0.4,True,True,success,78f16e5ad5502c4a1ad8b1308e0ec197ac4b242228d72a6d2101338cf9eb6156,2026-08-16T12:00:00Z
SRC-f9897891,385,Kichler Lighting,nan,55212NI,https://www.kichlerlighting.com/products/55212ni,kichlerlighting.com,manufacturer_product_page,1.0,True,True,success,4abd71353997b43c2b99853e3a9cc9d02a7b4a0f2f574b0a1c03e7a436e10fff,2026-08-16T12:00:00Z
SRC-9127c668,385,Kichler Lighting,nan,55212NI,https://www.kichlerlighting.com/docs/datasheets/55212ni.pdf,kichlerlighting.com,manufacturer_pdf,1.0,True,True,success,2585609386d6d797c277280eaa2dad54db93f61132864b681ebbbec3910daf97,2026-08-16T12:00:00Z
SRC-799c9278,385,Kichler Lighting,nan,55212NI,https://www.industrialdistributor.com/p/55212ni,industrialdistributor.com,distributor_product_page,0.4,True,True,success,02b9cf59ccf4eef7cb182c7baabd86d7cc595634a543a79a32833f8f7cccc5b8,2026-08-16T12:00:00Z
SRC-f3e8fb7c,386,Kichler Lighting,nan,55226BKFLU,https://www.kichlerlighting.com/products/55226bkflu,kichlerlighting.com,manufacturer_product_page,1.0,True,True,success,b04223dd0ef16fb312b987cec71fa98ced65a92519c0cb858a2483405414e51a,2026-08-16T12:00:00Z
SRC-24433902,386,Kichler Lighting,nan,55226BKFLU,https://www.kichlerlighting.com/docs/datasheets/55226bkflu.pdf,kichlerlighting.com,manufacturer_pdf,1.0,True,True,success,26d0e120aca9df8aee16dc3d35c09eb51dfe950170e0ed816fee29bc165f0d2a,2026-08-16T12:00:00Z
SRC-69d2b522,386,Kichler Lighting,nan,55226BKFLU,https://www.industrialdistributor.com/p/55226bkflu,industrialdistributor.com,distributor_product_page,0.4,True,True,success,7af2a000720ffb7629a18bd570bcfe52abec102b459318a928f27c0aa86f6c29,2026-08-16T12:00:00Z
SRC-89a2e571,387,Kichler Lighting,nan,55239CPZLED,https://www.kichlerlighting.com/products/55239cpzled,kichlerlighting.com,manufacturer_product_page,1.0,True,True,success,3a4481049add0b7b7493f8c27bcd30b61c8da733a2eb0202b8e8f5698973b3cd,2026-08-16T12:00:00Z
SRC-c0b27641,387,Kichler Lighting,nan,55239CPZLED,https://www.kichlerlighting.com/docs/datasheets/55239cpzled.pdf,kichlerlighting.com,manufacturer_pdf,1.0,True,True,success,437de6b46ec7da56341d7bea4f155737ca9c95ff1040a3f5f5e454bad596c3c0,2026-08-16T12:00:00Z
SRC-d8c27227,387,Kichler Lighting,nan,55239CPZLED,https://www.industrialdistributor.com/p/55239cpzled,industrialdistributor.com,distributor_product_page,0.4,True,True,success,96212bd446f87997482189430b21a379db986205c6c2e98bdb80e3136aa03afe,2026-08-16T12:00:00Z
SRC-0810dfaf,388,Kichler Lighting,nan,44072DBK,https://www.kichlerlighting.com/products/44072dbk,kichlerlighting.com,manufacturer_product_page,1.0,True,True,success,9e826d494d19e02a84540c65e51bd9470fa0ebe9ee4c7acb73bfb31b40f3863e,2026-08-16T12:00:00Z
SRC-c6c27a55,388,Kichler Lighting,nan,44072DBK,https://www.kichlerlighting.com/docs/datasheets/44072dbk.pdf,kichlerlighting.com,manufacturer_pdf,1.0,True,True,success,443f71abeab352bca8157b8e0d83aeb26df0090309a67dd53f1fd3523e39f7e7,2026-08-16T12:00:00Z
SRC-07435f0c,388,Kichler Lighting,nan,44072DBK,https://www.industrialdistributor.com/p/44072dbk,industrialdistributor.com,distributor_product_page,0.4,True,True,success,5bbb8ba7fc1e7590a6be50fad30cf7ec8ba8cfbcdf519543dd96feb7848213fd,2026-08-16T12:00:00Z
SRC-3e619cb4,389,Kichler Lighting,nan,44073NI,https://www.kichlerlighting.com/products/44073ni,kichlerlighting.com,manufacturer_product_page,1.0,True,True,success,4c128687a21a093571a99dfeb49f48b15ef8e40b69e52357bf883c0ab2d57f09,2026-08-16T12:00:00Z
SRC-0b60b8b7,389,Kichler Lighting,nan,44073NI,https://www.kichlerlighting.com/docs/datasheets/44073ni.pdf,kichlerlighting.com,manufacturer_pdf,1.0,True,True,success,65aaa9d69f62cb8b9635c42369d329a42b4039dfe2203a212d0aba667d593c72,2026-08-16T12:00:00Z
SRC-d8b26ed5,389,Kichler Lighting,nan,44073NI,https://www.industrialdistributor.com/p/44073ni,industrialdistributor.com,distributor_product_page,0.4,True,True,success,7e74000b8516f24e142abdf3460fd2544ede8481be8ea3a1abbd7ca6e948d70a,2026-08-16T12:00:00Z
SRC-34689e02,390,Kichler Lighting,nan,52033BK,https://www.kichlerlighting.com/products/52033bk,kichlerlighting.com,manufacturer_product_page,1.0,True,True,success,69ed9e4ab4951b0b6b9420d5759928e49ec8ae4548c46489b792b179c4821785,2026-08-16T12:00:00Z
SRC-5104bf0c,390,Kichler Lighting,nan,52033BK,https://www.kichlerlighting.com/docs/datasheets/52033bk.pdf,kichlerlighting.com,manufacturer_pdf,1.0,True,True,success,0016edf13f7ab0d0ca48da507f126120c6d46843eaca58d85c9ebc6980ec13ef,2026-08-16T12:00:00Z
SRC-f1150175,390,Kichler Lighting,nan,52033BK,https://www.industrialdistributor.com/p/52033bk,industrialdistributor.com,distributor_product_page,0.4,True,True,success,986bca1e6fffc69e26fac497e96f87ffee170ffa845a78576b082a4c3ac77787,2026-08-16T12:00:00Z
SRC-0e694350,391,Kichler Lighting,nan,84322WH,https://www.kichlerlighting.com/products/84322wh,kichlerlighting.com,manufacturer_product_page,1.0,True,True,success,cc08ce67e8772a73ca82f3c8aadc9094e1bf97d3625018d4ef317ed99e9e997a,2026-08-16T12:00:00Z
SRC-eec1589f,391,Kichler Lighting,nan,84322WH,https://www.kichlerlighting.com/docs/datasheets/84322wh.pdf,kichlerlighting.com,manufacturer_pdf,1.0,True,True,success,843767ead07693f7a541e6d34f01747d3398ffa4a2fb891de1587e905d4b13d2,2026-08-16T12:00:00Z
SRC-385a8e5a,391,Kichler Lighting,nan,84322WH,https://www.industrialdistributor.com/p/84322wh,industrialdistributor.com,distributor_product_page,0.4,True,True,success,3e175529683421a6516fc934e52a8deaef7fa39f5940e5478a4cf41e1a0c5f80,2026-08-16T12:00:00Z
SRC-73e385db,392,Kichler Lighting,nan,52404BK,https://www.kichlerlighting.com/products/52404bk,kichlerlighting.com,manufacturer_product_page,1.0,True,True,success,078a9fa64826bb766444e2e8de1f064721124176dc031631a97ea8a0f40eaa8e,2026-08-16T12:00:00Z
SRC-8cce8fcb,392,Kichler Lighting,nan,52404BK,https://www.kichlerlighting.com/docs/datasheets/52404bk.pdf,kichlerlighting.com,manufacturer_pdf,1.0,True,True,success,59a376c3fd0f7cc78212e0b111c266a06f92303f4c895ade6c12830ef85bc47f,2026-08-16T12:00:00Z
SRC-dde5bfb2,392,Kichler Lighting,nan,52404BK,https://www.industrialdistributor.com/p/52404bk,industrialdistributor.com,distributor_product_page,0.4,True,True,success,3bfa9ec873c3eb338e84e9b0a12403329f07f732a54f5248759d45a217c70aee,2026-08-16T12:00:00Z
SRC-36788524,393,Kichler Lighting,nan,34686A,https://www.kichlerlighting.com/products/34686a,kichlerlighting.com,manufacturer_product_page,1.0,True,True,success,87f6e881f5c5a2888ef4adc4911f01adc6f5d822451e6c1ab33d52ed51781fa6,2026-08-16T12:00:00Z
SRC-8b4ac4a1,393,Kichler Lighting,nan,34686A,https://www.kichlerlighting.com/docs/datasheets/34686a.pdf,kichlerlighting.com,manufacturer_pdf,1.0,True,True,success,e173e6183cb502d7f35f2e4bc9e020d95dab405c53334c71a476f7db69541edb,2026-08-16T12:00:00Z
SRC-7bc8e81e,393,Kichler Lighting,nan,34686A,https://www.industrialdistributor.com/p/34686a,industrialdistributor.com,distributor_product_page,0.4,True,True,success,4cff4e4a4a82305185a964b8887cae94964fe0c2279d576ee4c0f5fa0e4e7287,2026-08-16T12:00:00Z
SRC-39426275,394,Kichler Lighting,nan,34687A,https://www.kichlerlighting.com/products/34687a,kichlerlighting.com,manufacturer_product_page,1.0,True,True,success,ad2fcbb41e4c2c57b6259cd87d072b8ab84e6b8e130877ff8b62cff50dfd8476,2026-08-16T12:00:00Z
SRC-4dd76534,394,Kichler Lighting,nan,34687A,https://www.kichlerlighting.com/docs/datasheets/34687a.pdf,kichlerlighting.com,manufacturer_pdf,1.0,True,True,success,820ae1e399df3e27026715cb4b23625579065648af2287e7974eb47e7c3e863c,2026-08-16T12:00:00Z
SRC-93839a94,394,Kichler Lighting,nan,34687A,https://www.industrialdistributor.com/p/34687a,industrialdistributor.com,distributor_product_page,0.4,True,True,success,3ec980c9eca2ddd5c195c4e34cc045dad44f5de40c378c363c899c8edd0c72b7,2026-08-16T12:00:00Z
SRC-f7352c5e,395,nan,nan,34688A,https://www.nan.com/products/34688a,nan.com,manufacturer_product_page,1.0,True,True,success,32d18055599803faead54ab3662664b6f1ee1e9cb8214ab893e251848d16c992,2026-08-16T12:00:00Z
SRC-6e31e23b,395,nan,nan,34688A,https://www.nan.com/docs/datasheets/34688a.pdf,nan.com,manufacturer_pdf,1.0,True,True,success,ee32e603f3851c3e8506edac65b246d715660dc85bba1f4de4b76a866b390647,2026-08-16T12:00:00Z
SRC-5ae69642,395,nan,nan,34688A,https://www.industrialdistributor.com/p/34688a,industrialdistributor.com,distributor_product_page,0.4,True,True,success,abe53449d7f693bd849575f62a40a1fcbedd5728df6ff443454ace066c1fa246,2026-08-16T12:00:00Z
SRC-99a8bcb4,396,Kichler Lighting,nan,43671BKCLR,https://www.kichlerlighting.com/products/43671bkclr,kichlerlighting.com,manufacturer_product_page,1.0,True,True,success,bde4d98dd204f928b85f5785b41c2792ef64e32aae9251b1f4659cb607685aa6,2026-08-16T12:00:00Z
SRC-e9865f33,396,Kichler Lighting,nan,43671BKCLR,https://www.kichlerlighting.com/docs/datasheets/43671bkclr.pdf,kichlerlighting.com,manufacturer_pdf,1.0,True,True,success,441cf835863e45f8efb04e49747431e99cf469ff484b214540f599e71cc2964c,2026-08-16T12:00:00Z
SRC-2ffbd78a,396,Kichler Lighting,nan,43671BKCLR,https://www.industrialdistributor.com/p/43671bkclr,industrialdistributor.com,distributor_product_page,0.4,True,True,success,5490495200906737773eb717fe3e41e0365b34fe7b80f6c7cf0255008e1504b6,2026-08-16T12:00:00Z
SRC-e58bf3c1,397,Kichler Lighting,nan,52616BK,https://www.kichlerlighting.com/products/52616bk,kichlerlighting.com,manufacturer_product_page,1.0,True,True,success,29069f45d52ba17e48814aca56134b82e2140d326120e12dd51ee1d578716fed,2026-08-16T12:00:00Z
SRC-c71573ed,397,Kichler Lighting,nan,52616BK,https://www.kichlerlighting.com/docs/datasheets/52616bk.pdf,kichlerlighting.com,manufacturer_pdf,1.0,True,True,success,c06c7129295545916bec7e2efc8b1a60bce06daec60a1cc0547f956c74c74fd8,2026-08-16T12:00:00Z
SRC-093d81f9,397,Kichler Lighting,nan,52616BK,https://www.industrialdistributor.com/p/52616bk,industrialdistributor.com,distributor_product_page,0.4,True,True,success,4fa6916a1de0a0fa3bd16a7b8e067d6206799f52e8b2822271c8c19b007de53a,2026-08-16T12:00:00Z
SRC-ed27fac5,398,Kichler Lighting,nan,52616NI,https://www.kichlerlighting.com/products/52616ni,kichlerlighting.com,manufacturer_product_page,1.0,True,True,success,7269380e2a3e7c7bb9b806857fca962593fd8e3e34cbfb649e33c90688913659,2026-08-16T12:00:00Z
SRC-d39ba22a,398,Kichler Lighting,nan,52616NI,https://www.kichlerlighting.com/docs/datasheets/52616ni.pdf,kichlerlighting.com,manufacturer_pdf,1.0,True,True,success,2fba504f242d9d61273d273498d56f7c529cdfcf76fa03b853539b1e41ecbb2a,2026-08-16T12:00:00Z
SRC-d7f37303,398,Kichler Lighting,nan,52616NI,https://www.industrialdistributor.com/p/52616ni,industrialdistributor.com,distributor_product_page,0.4,True,True,success,4d108671f13e274e4893e2c9a2833f795f912d446e11c84af278f176fe3aba38,2026-08-16T12:00:00Z
SRC-bbd0791b,399,Kichler Lighting,nan,52678BK,https://www.kichlerlighting.com/products/52678bk,kichlerlighting.com,manufacturer_product_page,1.0,True,True,success,b8ec0f683996da9fc291adbc280e0500abf925cbf175c5574e52cfc649a4828c,2026-08-16T12:00:00Z
SRC-f3e12b67,399,Kichler Lighting,nan,52678BK,https://www.kichlerlighting.com/docs/datasheets/52678bk.pdf,kichlerlighting.com,manufacturer_pdf,1.0,True,True,success,ba00bfbdb04240e20ec8bc96fd1a8658cc20dbcc0c31376045924699cdb6b4f9,2026-08-16T12:00:00Z
SRC-dfc1637f,399,Kichler Lighting,nan,52678BK,https://www.industrialdistributor.com/p/52678bk,industrialdistributor.com,distributor_product_page,0.4,True,True,success,7e049f0d4878a45058345ca89da856c271d022f20ca71bdb1b8ec609d7dbf285,2026-08-16T12:00:00Z
SRC-5dea606d,400,Kichler Lighting,nan,52680CPZ,https://www.kichlerlighting.com/products/52680cpz,kichlerlighting.com,manufacturer_product_page,1.0,True,True,success,1b950e61c88a40d926c585ee6ac20197146d7273b6f5b084ba9809a06d0489c1,2026-08-16T12:00:00Z
SRC-2967307b,400,Kichler Lighting,nan,52680CPZ,https://www.kichlerlighting.com/docs/datasheets/52680cpz.pdf,kichlerlighting.com,manufacturer_pdf,1.0,True,True,success,2519368448f6296f8c9fd728fd1f1fdfc6dfbd016adf12af545ba942218f96b8,2026-08-16T12:00:00Z
SRC-cd918a50,400,Kichler Lighting,nan,52680CPZ,https://www.industrialdistributor.com/p/52680cpz,industrialdistributor.com,distributor_product_page,0.4,True,True,success,625cbbdb6ab832f2b679546fda2317b00684279cec282b0ca6f078c67b5f6cc1,2026-08-16T12:00:00Z
SRC-a3bb2431,401,Kichler Lighting,nan,52772BK,https://www.kichlerlighting.com/products/52772bk,kichlerlighting.com,manufacturer_product_page,1.0,True,True,success,795e6f02cc3f26f751e25305089555f0bde88074b5761caac58399f4a9904729,2026-08-16T12:00:00Z
SRC-ba740097,401,Kichler Lighting,nan,52772BK,https://www.kichlerlighting.com/docs/datasheets/52772bk.pdf,kichlerlighting.com,manufacturer_pdf,1.0,True,True,success,c44208afa814c6e36ab0ce1f954950f4127a3b2a4bdd54bb501d539be2568880,2026-08-16T12:00:00Z
SRC-993951cf,401,Kichler Lighting,nan,52772BK,https://www.industrialdistributor.com/p/52772bk,industrialdistributor.com,distributor_product_page,0.4,True,True,success,e008fa47f56741456e50b88818b4e5ffcaf28dbdc73371cc3224bb30f0328f4f,2026-08-16T12:00:00Z
SRC-2c890783,402,Kichler Lighting,nan,82399,https://www.kichlerlighting.com/products/82399,kichlerlighting.com,manufacturer_product_page,1.0,True,True,success,507d4967b634abdc70155478fb752d31c22a838bf9c9b1259807ebbb6e2370da,2026-08-16T12:00:00Z
SRC-f1ac7e96,402,Kichler Lighting,nan,82399,https://www.kichlerlighting.com/docs/datasheets/82399.pdf,kichlerlighting.com,manufacturer_pdf,1.0,True,True,success,c9a753f07006c2f65a8fd7e9a3f2a65ce5cb011a9452ac6ebe17b0045741e186,2026-08-16T12:00:00Z
SRC-525dfbfd,402,Kichler Lighting,nan,82399,https://www.industrialdistributor.com/p/82399,industrialdistributor.com,distributor_product_page,0.4,True,True,success,779fa435fef8144654e00e87cbe72a6d446c22ad54c8dbd4c90713a0d9eb26a6,2026-08-16T12:00:00Z
SRC-42dbb456,403,Satco Prod Inc,Satco,65-771R3,https://www.satcoprodinc.com/products/65771r3,satcoprodinc.com,manufacturer_product_page,1.0,True,True,success,f770f07b31789a74186acca6aeb95f3ce8dafa1147a30bb6607a5c61a1a55d0a,2026-08-16T12:00:00Z
SRC-21b08b32,403,Satco Prod Inc,Satco,65-771R3,https://www.satcoprodinc.com/docs/datasheets/65771r3.pdf,satcoprodinc.com,manufacturer_pdf,1.0,True,True,success,f70381fa21bcd4259e33912c852dd90fc8752c3d051c572ee2916759f4c14a98,2026-08-16T12:00:00Z
SRC-726c156e,403,Satco Prod Inc,Satco,65-771R3,https://www.industrialdistributor.com/p/65771r3,industrialdistributor.com,distributor_product_page,0.4,True,True,success,82a17d41fb6d9fd6bb28b4bb1e2e89eb93595a79c743c41df5f299f91c16dbc1,2026-08-16T12:00:00Z
SRC-191c8a6d,404,Kichler Lighting,nan,42955BK,https://www.kichlerlighting.com/products/42955bk,kichlerlighting.com,manufacturer_product_page,1.0,True,True,success,47188cd562ff4eca0e5b254ca3ba1e1f51d6fe148b350137ba633689c009b4e8,2026-08-16T12:00:00Z
SRC-9ad898d8,404,Kichler Lighting,nan,42955BK,https://www.kichlerlighting.com/docs/datasheets/42955bk.pdf,kichlerlighting.com,manufacturer_pdf,1.0,True,True,success,d0dac9baa815e767e3de17ce4fcf407fa75a82ede98fa1d59465a8a19d672825,2026-08-16T12:00:00Z
SRC-7c15206b,404,Kichler Lighting,nan,42955BK,https://www.industrialdistributor.com/p/42955bk,industrialdistributor.com,distributor_product_page,0.4,True,True,success,3bb3bf56ff636e773eb399376c9f82415d218d8559c57d16cb9240a38b92fa98,2026-08-16T12:00:00Z
SRC-f77a9d04,405,Kichler Lighting,nan,42275BK,https://www.kichlerlighting.com/products/42275bk,kichlerlighting.com,manufacturer_product_page,1.0,True,True,success,df1af77c410a8abc7b3750a7e26fe9014d4050fb4030951a43b17d703b95e3c4,2026-08-16T12:00:00Z
SRC-8a5fa75a,405,Kichler Lighting,nan,42275BK,https://www.kichlerlighting.com/docs/datasheets/42275bk.pdf,kichlerlighting.com,manufacturer_pdf,1.0,True,True,success,5c75fd38ee42b8dfa7c1d57eb53035249743d0a0ccbf2ac849c0d50d617b1847,2026-08-16T12:00:00Z
SRC-52651243,405,Kichler Lighting,nan,42275BK,https://www.industrialdistributor.com/p/42275bk,industrialdistributor.com,distributor_product_page,0.4,True,True,success,d6162a90029ab497b96193c4d233bcad8a6319495fc47ae9d4d807aca2920c9f,2026-08-16T12:00:00Z
SRC-9dfcc087,406,Satco Prod Inc,Satco,62-1850,https://www.satcoprodinc.com/products/621850,satcoprodinc.com,manufacturer_product_page,1.0,True,True,success,96b4f51d6b4d135b721db85ae4ebcc5fb66194dc777abe3dda18b3e515fb0164,2026-08-16T12:00:00Z
SRC-fef033d2,406,Satco Prod Inc,Satco,62-1850,https://www.satcoprodinc.com/docs/datasheets/621850.pdf,satcoprodinc.com,manufacturer_pdf,1.0,True,True,success,2ce2f0cb849dc02a0f1477b51bc0af75ecc965ebae28ece7958f540f309c65dc,2026-08-16T12:00:00Z
SRC-c18d1df2,406,Satco Prod Inc,Satco,62-1850,https://www.industrialdistributor.com/p/621850,industrialdistributor.com,distributor_product_page,0.4,True,True,success,d5d13eb30037698151f3bb71a241515d885393a2e998d8a7a97360668ebde184,2026-08-16T12:00:00Z
SRC-0251a4fa,407,Satco Prod Inc,Satco,62-1852,https://www.satcoprodinc.com/products/621852,satcoprodinc.com,manufacturer_product_page,1.0,True,True,success,b9c6c400f66aed8f0155bd14d8be5488f5c014a99e80da3b0fed317b20ab0a26,2026-08-16T12:00:00Z
SRC-2e963909,407,Satco Prod Inc,Satco,62-1852,https://www.satcoprodinc.com/docs/datasheets/621852.pdf,satcoprodinc.com,manufacturer_pdf,1.0,True,True,success,8d7cf9aaf57e19860eeaa7d941683017e5d38a371441187ee54b3d5944f00c8e,2026-08-16T12:00:00Z
SRC-253a8d3c,407,Satco Prod Inc,Satco,62-1852,https://www.industrialdistributor.com/p/621852,industrialdistributor.com,distributor_product_page,0.4,True,True,success,e687b3af666ccaf2edea5038b279110d1b0357c5e36fee8996245a3a101c9d46,2026-08-16T12:00:00Z
SRC-084ff2ae,408,Satco Prod Inc,Satco,62-1875,https://www.satcoprodinc.com/products/621875,satcoprodinc.com,manufacturer_product_page,1.0,True,True,success,8f161cc4d5a7f542f01a96fbac5eb33711739d2f6cc5bd27d4c779d1d432e765,2026-08-16T12:00:00Z
SRC-c976aa0f,408,Satco Prod Inc,Satco,62-1875,https://www.satcoprodinc.com/docs/datasheets/621875.pdf,satcoprodinc.com,manufacturer_pdf,1.0,True,True,success,54030bf3c0dc2b72f2fedb1844d0435823dc5e04130f2ee4aa94af6247ee8fa5,2026-08-16T12:00:00Z
SRC-ce68bf2f,408,Satco Prod Inc,Satco,62-1875,https://www.industrialdistributor.com/p/621875,industrialdistributor.com,distributor_product_page,0.4,True,True,success,d12fcb1bcb8fb22f04dcc61ccf4fe9e19281c1a1dae6e1188e3bed052e568aad,2026-08-16T12:00:00Z
SRC-3af09993,409,Satco Prod Inc,Satco,62-1876,https://www.satcoprodinc.com/products/621876,satcoprodinc.com,manufacturer_product_page,1.0,True,True,success,301c4d7017eab2d648ee5860a63fcb099a691ef1d0bfc730e8ee5ce2ef0ca5fe,2026-08-16T12:00:00Z
SRC-f3f72de5,409,Satco Prod Inc,Satco,62-1876,https://www.satcoprodinc.com/docs/datasheets/621876.pdf,satcoprodinc.com,manufacturer_pdf,1.0,True,True,success,f81a9d27bbc14d6958df0c157fe3743664a09597077629d98b34bab18895e0e4,2026-08-16T12:00:00Z
SRC-e8b1ffb0,409,Satco Prod Inc,Satco,62-1876,https://www.industrialdistributor.com/p/621876,industrialdistributor.com,distributor_product_page,0.4,True,True,success,8de5fbbabbdb9fe27922db0d9b1796a87cf78e7ce954035616d4610188d0dead,2026-08-16T12:00:00Z
SRC-749f3e4b,410,Kichler Lighting,nan,42296BK,https://www.kichlerlighting.com/products/42296bk,kichlerlighting.com,manufacturer_product_page,1.0,True,True,success,29d1dd6af46792e54212980692e4f4306076bf7226329dfcd0c9c40df9e463c1,2026-08-16T12:00:00Z
SRC-d71db801,410,Kichler Lighting,nan,42296BK,https://www.kichlerlighting.com/docs/datasheets/42296bk.pdf,kichlerlighting.com,manufacturer_pdf,1.0,True,True,success,94ebd881306bee1b645eb8177e0bdc43f30490410c291798f28a520a8c8343ba,2026-08-16T12:00:00Z
SRC-1ce721f6,410,Kichler Lighting,nan,42296BK,https://www.industrialdistributor.com/p/42296bk,industrialdistributor.com,distributor_product_page,0.4,True,True,success,76ef61f49372cfba5432617a05c4e9154ed592acdadf0dc9e5e1451423fab297,2026-08-16T12:00:00Z
SRC-36dd3018,411,Kichler Lighting,nan,43913BK,https://www.kichlerlighting.com/products/43913bk,kichlerlighting.com,manufacturer_product_page,1.0,True,True,success,4c402697a0b9204ae1a9e99600d22765b9b2b4d0d46d4125bd7c1998c1e15e10,2026-08-16T12:00:00Z
SRC-3d062c89,411,Kichler Lighting,nan,43913BK,https://www.kichlerlighting.com/docs/datasheets/43913bk.pdf,kichlerlighting.com,manufacturer_pdf,1.0,True,True,success,b39ebbae2ffbc9f9976c16a60a2adf760c3d2816082cd086b78ab8ffd76ed298,2026-08-16T12:00:00Z
SRC-9719da6e,411,Kichler Lighting,nan,43913BK,https://www.industrialdistributor.com/p/43913bk,industrialdistributor.com,distributor_product_page,0.4,True,True,success,77e3d6ff828a23d40efb1d0240a1de6633769862b6354ecf9b899b1854ceecd4,2026-08-16T12:00:00Z
SRC-4ee23bc0,412,Cooper Lighting,nan,HLSMS9129FS1E,https://www.cooperlighting.com/products/hlsms9129fs1e,cooperlighting.com,manufacturer_product_page,1.0,True,True,success,83f4adfa1d478bc4a9ba36bce7aa8d5ad851a7cdf4b6bdee2288a2c442dda69f,2026-08-16T12:00:00Z
SRC-a69e068a,412,Cooper Lighting,nan,HLSMS9129FS1E,https://www.cooperlighting.com/docs/datasheets/hlsms9129fs1e.pdf,cooperlighting.com,manufacturer_pdf,1.0,True,True,success,613870705e3955139a9486ac77c3cf90b88137b0916c83ed75120757ad4f8556,2026-08-16T12:00:00Z
SRC-d4c50645,412,Cooper Lighting,nan,HLSMS9129FS1E,https://www.cooperlighting.com/catalogs/specifications.pdf,cooperlighting.com,manufacturer_catalog,0.95,True,True,success,cc587f1ddbedc5c9502baab5f118da3e500f469d3befdce7f06e6e29e1199a0b,2026-08-16T12:00:00Z
SRC-5598726d,412,Cooper Lighting,nan,HLSMS9129FS1E,https://www.industrialdistributor.com/p/hlsms9129fs1e,industrialdistributor.com,distributor_product_page,0.4,True,True,success,875251b962a92c9362b9d0d1800882459827ffe952d43efe5566e3f54d5b7973,2026-08-16T12:00:00Z
SRC-0efe9b10,413,Satco Prod Inc,Satco,64-110,https://www.satcoprodinc.com/products/64110,satcoprodinc.com,manufacturer_product_page,1.0,True,True,success,0a064872cd8dbdcc4eab2f4a4029423ed68b09818b5c5275505f3d8e42b83a68,2026-08-16T12:00:00Z
SRC-1cd68d26,413,Satco Prod Inc,Satco,64-110,https://www.satcoprodinc.com/docs/datasheets/64110.pdf,satcoprodinc.com,manufacturer_pdf,1.0,True,True,success,c3031e923ebf1d8af4a0d0c7c3835b91de455051e3e0510fd3a10518a25f7c5e,2026-08-16T12:00:00Z
SRC-e2c7d173,413,Satco Prod Inc,Satco,64-110,https://www.industrialdistributor.com/p/64110,industrialdistributor.com,distributor_product_page,0.4,True,True,success,33d9ed4cbbc4938060089a87c0ea9cd107e8485d2c9ef0718088209025da5c56,2026-08-16T12:00:00Z
SRC-c4e911bd,414,Phillips Lighting,nan,603571,https://www.phillipslighting.com/products/603571,phillipslighting.com,manufacturer_product_page,1.0,True,True,success,4859d1e6cefe66b2879bd672038a19bf5808572d6137f56b247cf0ee02266c3a,2026-08-16T12:00:00Z
SRC-f4c97fd6,414,Phillips Lighting,nan,603571,https://www.phillipslighting.com/docs/datasheets/603571.pdf,phillipslighting.com,manufacturer_pdf,1.0,True,True,success,5c60ea9123874425c7349ce6c1651658c13964fde097925a1498fa522509283e,2026-08-16T12:00:00Z
SRC-bdc551b0,414,Phillips Lighting,nan,603571,https://www.phillipslighting.com/catalogs/specifications.pdf,phillipslighting.com,manufacturer_catalog,0.95,True,True,success,0d20fbcdb698dee18834f68cb6e028fabac446ca2302ce1b9805ecb022caaeba,2026-08-16T12:00:00Z
SRC-a35a1df9,414,Phillips Lighting,nan,603571,https://www.industrialdistributor.com/p/603571,industrialdistributor.com,distributor_product_page,0.4,True,True,success,e06ea897c92b49c521d52d72502abfd80fdf744f4d0a4e1d9de77f27e3453726,2026-08-16T12:00:00Z
SRC-1c929921,416,Kichler Lighting,nan,52476AVI,https://www.kichlerlighting.com/products/52476avi,kichlerlighting.com,manufacturer_product_page,1.0,True,True,success,d8df38c374b508f5c448bb314b509640ff3d8d14ef7220027e08fe187b0d97ac,2026-08-16T12:00:00Z
SRC-74e484d4,416,Kichler Lighting,nan,52476AVI,https://www.kichlerlighting.com/docs/datasheets/52476avi.pdf,kichlerlighting.com,manufacturer_pdf,1.0,True,True,success,7b2347947dc81ba141ed414fb3624b4d618b920cf0a36aca94e16f72b004fcdf,2026-08-16T12:00:00Z
SRC-4d097e69,416,Kichler Lighting,nan,52476AVI,https://www.industrialdistributor.com/p/52476avi,industrialdistributor.com,distributor_product_page,0.4,True,True,success,eb9e80be222900b0fe156bd02113b57aa93e94f367cd911c249512d3f9e8f28c,2026-08-16T12:00:00Z
SRC-001ad2b4,417,Kichler Lighting,nan,42199BK,https://www.kichlerlighting.com/products/42199bk,kichlerlighting.com,manufacturer_product_page,1.0,True,True,success,d2d6293208583ac716750f05ec7746aa1b5ceb61caea243df753cee532788e02,2026-08-16T12:00:00Z
SRC-393b9699,417,Kichler Lighting,nan,42199BK,https://www.kichlerlighting.com/docs/datasheets/42199bk.pdf,kichlerlighting.com,manufacturer_pdf,1.0,True,True,success,a4e2654ccb7b242eda5fcb18b00306c7bf1eaa5f172f76f3fad83734c0b8e532,2026-08-16T12:00:00Z
SRC-39fa76e2,417,Kichler Lighting,nan,42199BK,https://www.industrialdistributor.com/p/42199bk,industrialdistributor.com,distributor_product_page,0.4,True,True,success,3cc6f2a918e6a12fea719858f32bfe53141a69f92540a5f6f0ead9ef35d2af3d,2026-08-16T12:00:00Z
SRC-93210488,418,Kichler Lighting,nan,42199BKCS,https://www.kichlerlighting.com/products/42199bkcs,kichlerlighting.com,manufacturer_product_page,1.0,True,True,success,d055b0bf6ef569ab64939a66e9a586be8636cb870f95147271ab85732fc0525f,2026-08-16T12:00:00Z
SRC-31af4c4e,418,Kichler Lighting,nan,42199BKCS,https://www.kichlerlighting.com/docs/datasheets/42199bkcs.pdf,kichlerlighting.com,manufacturer_pdf,1.0,True,True,success,eefd9b3874e11b518d987523ecfe3690a5ef395b78bdbe9781f5cded18d1048c,2026-08-16T12:00:00Z
SRC-ce1ada74,418,Kichler Lighting,nan,42199BKCS,https://www.industrialdistributor.com/p/42199bkcs,industrialdistributor.com,distributor_product_page,0.4,True,True,success,4a1fb42f2912d55ca7cb40ad5eb36d96f29398aa1a40c85ddbe626afba352107,2026-08-16T12:00:00Z
SRC-0ed8047f,419,Kichler Lighting,nan,42200BK,https://www.kichlerlighting.com/products/42200bk,kichlerlighting.com,manufacturer_product_page,1.0,True,True,success,2f01285f531c6975ec7c905f8bb872c6a3ae85e39a4a9142b0009c647a06448a,2026-08-16T12:00:00Z
SRC-26354c0d,419,Kichler Lighting,nan,42200BK,https://www.kichlerlighting.com/docs/datasheets/42200bk.pdf,kichlerlighting.com,manufacturer_pdf,1.0,True,True,success,493eb751eb17d25587093e8e69045c3042c787cb58f5d51bfc6e171810ae9566,2026-08-16T12:00:00Z
SRC-a6a794a0,419,Kichler Lighting,nan,42200BK,https://www.industrialdistributor.com/p/42200bk,industrialdistributor.com,distributor_product_page,0.4,True,True,success,f33ee5da696b37ffe6b0a8a55f9e182fa7ebd72b181f63fa904adec41b9affa5,2026-08-16T12:00:00Z
SRC-20da7d48,420,Kichler Lighting,nan,42200BKCS,https://www.kichlerlighting.com/products/42200bkcs,kichlerlighting.com,manufacturer_product_page,1.0,True,True,success,fe9df76fd92c98521aff379fe572e335ca198de21215a18b560a33b9f58d33af,2026-08-16T12:00:00Z
SRC-352f5665,420,Kichler Lighting,nan,42200BKCS,https://www.kichlerlighting.com/docs/datasheets/42200bkcs.pdf,kichlerlighting.com,manufacturer_pdf,1.0,True,True,success,2430ad246283e78153bd64968033053db4ac47d7b8c1f51e3bea192ed247ba30,2026-08-16T12:00:00Z
SRC-3cd40520,420,Kichler Lighting,nan,42200BKCS,https://www.industrialdistributor.com/p/42200bkcs,industrialdistributor.com,distributor_product_page,0.4,True,True,success,d375ce7ea1610ee93649b66cbca507d6836b24347114b169113e7e7845d38068,2026-08-16T12:00:00Z
SRC-c758ff33,421,Kichler Lighting,nan,43851BK,https://www.kichlerlighting.com/products/43851bk,kichlerlighting.com,manufacturer_product_page,1.0,True,True,success,674ca99d86fea22fb896e644006e3d2edaf01455eb15df395e0274010c72afed,2026-08-16T12:00:00Z
SRC-94f8599b,421,Kichler Lighting,nan,43851BK,https://www.kichlerlighting.com/docs/datasheets/43851bk.pdf,kichlerlighting.com,manufacturer_pdf,1.0,True,True,success,15cb42fbd009114bea6702198062bbd9cb6ffbfd467b3c2009cd17e425895125,2026-08-16T12:00:00Z
SRC-fc362449,421,Kichler Lighting,nan,43851BK,https://www.industrialdistributor.com/p/43851bk,industrialdistributor.com,distributor_product_page,0.4,True,True,success,7b2671bd8bcd4a86ea50c35cc9d8bca010bd22b4e71009efa503eacf88b84cd2,2026-08-16T12:00:00Z
SRC-e5ace2e0,422,Kichler Lighting,nan,43852BK,https://www.kichlerlighting.com/products/43852bk,kichlerlighting.com,manufacturer_product_page,1.0,True,True,success,b0b56784f1293574ddcfe2a056b8b960da823e8276785542d27df9081567efdc,2026-08-16T12:00:00Z
SRC-65f125e4,422,Kichler Lighting,nan,43852BK,https://www.kichlerlighting.com/docs/datasheets/43852bk.pdf,kichlerlighting.com,manufacturer_pdf,1.0,True,True,success,6ceafdf75bfe264fdbecca1100312b1b28ac761bd7adaf86ac040a38bf673d15,2026-08-16T12:00:00Z
SRC-5d28695d,422,Kichler Lighting,nan,43852BK,https://www.industrialdistributor.com/p/43852bk,industrialdistributor.com,distributor_product_page,0.4,True,True,success,78da0a4bbec33fe13849ee442decd4e500ffcc2d99f3f4648b380b426824f351,2026-08-16T12:00:00Z
SRC-3b8693bf,423,Kichler Lighting,nan,43853BK,https://www.kichlerlighting.com/products/43853bk,kichlerlighting.com,manufacturer_product_page,1.0,True,True,success,350f0d2ca4e39f2dac9fcef2533487024916ccf8f3e87bafd1f87a42b775c757,2026-08-16T12:00:00Z
SRC-17f74d27,423,Kichler Lighting,nan,43853BK,https://www.kichlerlighting.com/docs/datasheets/43853bk.pdf,kichlerlighting.com,manufacturer_pdf,1.0,True,True,success,4d978a5aad0fd7ad0d4bd388d34bacd268b697f765e727694ad54c6c6f3d127a,2026-08-16T12:00:00Z
SRC-2f475bfb,423,Kichler Lighting,nan,43853BK,https://www.industrialdistributor.com/p/43853bk,industrialdistributor.com,distributor_product_page,0.4,True,True,success,77239db01d9cf5362fd838e220f9623e97662396a71829937a12a652563735b9,2026-08-16T12:00:00Z
SRC-de033c11,424,Kichler Lighting,nan,43905BK,https://www.kichlerlighting.com/products/43905bk,kichlerlighting.com,manufacturer_product_page,1.0,True,True,success,53062365e183367f80a2019b269e8cb10772a95a20bc37f75649c0475e4e951e,2026-08-16T12:00:00Z
SRC-4376cfd4,424,Kichler Lighting,nan,43905BK,https://www.kichlerlighting.com/docs/datasheets/43905bk.pdf,kichlerlighting.com,manufacturer_pdf,1.0,True,True,success,0ce8db1ed24b20e8965975d07fa0126ee9463708af7ec45e82c31f40b44ef045,2026-08-16T12:00:00Z
SRC-a376b94c,424,Kichler Lighting,nan,43905BK,https://www.industrialdistributor.com/p/43905bk,industrialdistributor.com,distributor_product_page,0.4,True,True,success,7dc7efc28730d70b5401e153b0e130aecf7de1dea72caa41a2929a0984dc9f02,2026-08-16T12:00:00Z
SRC-c6ad9d75,425,Kichler Lighting,nan,43911BK,https://www.kichlerlighting.com/products/43911bk,kichlerlighting.com,manufacturer_product_page,1.0,True,True,success,72805eaa8a3d50acde96ba646672f574f7d832a305470a7dcbffd4eb018a8855,2026-08-16T12:00:00Z
SRC-53059485,425,Kichler Lighting,nan,43911BK,https://www.kichlerlighting.com/docs/datasheets/43911bk.pdf,kichlerlighting.com,manufacturer_pdf,1.0,True,True,success,12dae6e5f394468a152c23ed0ee00bb73280d347f9a86f9740ad48e10522d07a,2026-08-16T12:00:00Z
SRC-a56a3eb1,425,Kichler Lighting,nan,43911BK,https://www.industrialdistributor.com/p/43911bk,industrialdistributor.com,distributor_product_page,0.4,True,True,success,a074b71dc56d8f90e963115129e5a61a8bf3be5ad2182cd0f25373579d5a1ef6,2026-08-16T12:00:00Z
SRC-ee34842e,426,Kichler Lighting,nan,52529BK,https://www.kichlerlighting.com/products/52529bk,kichlerlighting.com,manufacturer_product_page,1.0,True,True,success,a3256d6bb1e85b176008b7205572ba1f40ab8c06f5186207a5fc1944fec9678d,2026-08-16T12:00:00Z
SRC-eecab32b,426,Kichler Lighting,nan,52529BK,https://www.kichlerlighting.com/docs/datasheets/52529bk.pdf,kichlerlighting.com,manufacturer_pdf,1.0,True,True,success,bc0d7aafce9d910bed807fa9a73a225095a7123abae35e3b0a611be302e8064c,2026-08-16T12:00:00Z
SRC-c67c3447,426,Kichler Lighting,nan,52529BK,https://www.industrialdistributor.com/p/52529bk,industrialdistributor.com,distributor_product_page,0.4,True,True,success,a6787114c6ba1462c38bc7a2dedd146d0948b3a94a6c72b6ecbb8ed80a419c02,2026-08-16T12:00:00Z
SRC-8d378937,427,Kichler Lighting,nan,52662BKCLR,https://www.kichlerlighting.com/products/52662bkclr,kichlerlighting.com,manufacturer_product_page,1.0,True,True,success,e10a2cec61868269c4985c7c2bfc915e7c5a59f55dab57afe6164221b21fc989,2026-08-16T12:00:00Z
SRC-23b7e502,427,Kichler Lighting,nan,52662BKCLR,https://www.kichlerlighting.com/docs/datasheets/52662bkclr.pdf,kichlerlighting.com,manufacturer_pdf,1.0,True,True,success,aa8d70fd8442269c9c6042a0e3db609fd8965bff48d9310f2fd8b37ce61dc499,2026-08-16T12:00:00Z
SRC-9698ff7e,427,Kichler Lighting,nan,52662BKCLR,https://www.industrialdistributor.com/p/52662bkclr,industrialdistributor.com,distributor_product_page,0.4,True,True,success,1fe40b31ca9a479dde12493c7392edf2e39475628e7b87e8dc53cf2987d3f32d,2026-08-16T12:00:00Z
SRC-8b31d2db,428,Kichler Lighting,nan,52734CPZ,https://www.kichlerlighting.com/products/52734cpz,kichlerlighting.com,manufacturer_product_page,1.0,True,True,success,31b4fe8973ed04699046531d1a77396a7f6d69e3ca88a266b3307834a7caa59e,2026-08-16T12:00:00Z
SRC-cfe6929c,428,Kichler Lighting,nan,52734CPZ,https://www.kichlerlighting.com/docs/datasheets/52734cpz.pdf,kichlerlighting.com,manufacturer_pdf,1.0,True,True,success,0aa83854e326d89ef4e04ac497e58da9d0a497e2fe1ecd121b989b262ccd8b5f,2026-08-16T12:00:00Z
SRC-4d4d1859,428,Kichler Lighting,nan,52734CPZ,https://www.industrialdistributor.com/p/52734cpz,industrialdistributor.com,distributor_product_page,0.4,True,True,success,3ef96040515be2b0961d9e4aa8a5ac4800c28750375cd59a8182228a219fb414,2026-08-16T12:00:00Z
SRC-413de62c,429,Kichler Lighting,nan,82400,https://www.kichlerlighting.com/products/82400,kichlerlighting.com,manufacturer_product_page,1.0,True,True,success,d0299a5e748475222e5242436f27b8872c39445a12809144cd50cbf326e422d4,2026-08-16T12:00:00Z
SRC-3c2f3011,429,Kichler Lighting,nan,82400,https://www.kichlerlighting.com/docs/datasheets/82400.pdf,kichlerlighting.com,manufacturer_pdf,1.0,True,True,success,c746432999044a06dca2df14d3db5165829788b8a9db6e7ac77657440388b4fe,2026-08-16T12:00:00Z
SRC-64cc6464,429,Kichler Lighting,nan,82400,https://www.industrialdistributor.com/p/82400,industrialdistributor.com,distributor_product_page,0.4,True,True,success,052d4994edf8a9e9665a03c47ddf1dfe990441b758378a3966f22eb83fbc13bf,2026-08-16T12:00:00Z
SRC-b4a2a0cd,431,Satco Prod Inc,Satco,S11828,https://www.satcoprodinc.com/products/s11828,satcoprodinc.com,manufacturer_product_page,1.0,True,True,success,06288d2bf6b472199e59b5aad91237878398cf2c07ba21f1fa1ee8670129739c,2026-08-16T12:00:00Z
SRC-53518afb,431,Satco Prod Inc,Satco,S11828,https://www.satcoprodinc.com/docs/datasheets/s11828.pdf,satcoprodinc.com,manufacturer_pdf,1.0,True,True,success,77d5b23daf6147f19e6ab18f8e1834ccc35b6b1aec714eb82620d3b06296b837,2026-08-16T12:00:00Z
SRC-f654a865,431,Satco Prod Inc,Satco,S11828,https://www.industrialdistributor.com/p/s11828,industrialdistributor.com,distributor_product_page,0.4,True,True,success,dac32a2d64fd3b60356696ff0bc8f87b8a7f070da607e6d4e55ffdad897ebb47,2026-08-16T12:00:00Z
SRC-34355501,432,Phillips Lighting,nan,801274,https://www.phillipslighting.com/products/801274,phillipslighting.com,manufacturer_product_page,1.0,True,True,success,adea0bf583528779f28d1f2e1f5a0a00ca4d369c323e31400ffbeac390a804e0,2026-08-16T12:00:00Z
SRC-7b54201f,432,Phillips Lighting,nan,801274,https://www.phillipslighting.com/docs/datasheets/801274.pdf,phillipslighting.com,manufacturer_pdf,1.0,True,True,success,14e33126aaa327c74b8f4e53775f7312ffcda7fb068e0bedce0a0910586e60ed,2026-08-16T12:00:00Z
SRC-896b0666,432,Phillips Lighting,nan,801274,https://www.industrialdistributor.com/p/801274,industrialdistributor.com,distributor_product_page,0.4,True,True,success,eaf89a21ef6fdff3ef716ce1a649f26203a9e09042b16466741a9076ac13b5f7,2026-08-16T12:00:00Z
SRC-aa87fae1,433,Satco Prod Inc,Satco,S11860,https://www.satcoprodinc.com/products/s11860,satcoprodinc.com,manufacturer_product_page,1.0,True,True,success,2c559c65b0bcb8bdaa8a415f67c6076a726e31fdaebc26a3b05cd6ec001ca368,2026-08-16T12:00:00Z
SRC-89e7977b,433,Satco Prod Inc,Satco,S11860,https://www.satcoprodinc.com/docs/datasheets/s11860.pdf,satcoprodinc.com,manufacturer_pdf,1.0,True,True,success,2197f1d3d2cfb5d7111056665cc251e3ab3430fe3bcc4a84d7894bbd84b6f905,2026-08-16T12:00:00Z
SRC-c0e73859,433,Satco Prod Inc,Satco,S11860,https://www.industrialdistributor.com/p/s11860,industrialdistributor.com,distributor_product_page,0.4,True,True,success,5e8670b737e0315112c4631c09ceb3029838e455396acf0353a14a96aeca5194,2026-08-16T12:00:00Z
SRC-4613e1d5,434,Satco Prod Inc,Satco,S11562,https://www.satcoprodinc.com/products/s11562,satcoprodinc.com,manufacturer_product_page,1.0,True,True,success,f9eca2d796b2b610fb4649d5e1823bf079c958b479751d678b3de34b4d99ac91,2026-08-16T12:00:00Z
SRC-9c1a062d,434,Satco Prod Inc,Satco,S11562,https://www.satcoprodinc.com/docs/datasheets/s11562.pdf,satcoprodinc.com,manufacturer_pdf,1.0,True,True,success,2ee84c3f0a8ac14cd50769826ab15216b646e661d4439ef143159dbe7e16965b,2026-08-16T12:00:00Z
SRC-9928b70f,434,Satco Prod Inc,Satco,S11562,https://www.industrialdistributor.com/p/s11562,industrialdistributor.com,distributor_product_page,0.4,True,True,success,0fc9cf51a79854ac82387ec736f58fa612fa23af55197162611ef93f16e8c88f,2026-08-16T12:00:00Z
SRC-962dabfb,435,Satco Prod Inc,Satco,S11646,https://www.satcoprodinc.com/products/s11646,satcoprodinc.com,manufacturer_product_page,1.0,True,True,success,73fa12a9e48b0c9c9110c46990f084775b0a25bfdee2e90fda8ac1052afb712b,2026-08-16T12:00:00Z
SRC-e5717f3e,435,Satco Prod Inc,Satco,S11646,https://www.satcoprodinc.com/docs/datasheets/s11646.pdf,satcoprodinc.com,manufacturer_pdf,1.0,True,True,success,7cc79cb4c775aa04201d08bfb0e648fc20ddfe94c3d1ef60e7e069932cca7e43,2026-08-16T12:00:00Z
SRC-fc9403d7,435,Satco Prod Inc,Satco,S11646,https://www.industrialdistributor.com/p/s11646,industrialdistributor.com,distributor_product_page,0.4,True,True,success,657d4ce9126c099c5de1967f800feabaa4740d154f7cfcff5095a58946831e02,2026-08-16T12:00:00Z
SRC-08f3b41c,436,Satco Prod Inc,Satco,S11801R1,https://www.satcoprodinc.com/products/s11801r1,satcoprodinc.com,manufacturer_product_page,1.0,True,True,success,6e1097fcd9370e73e0c48f0ca20cb26759f2f0783b37fe0b51701ced4530458a,2026-08-16T12:00:00Z
SRC-7049437e,436,Satco Prod Inc,Satco,S11801R1,https://www.satcoprodinc.com/docs/datasheets/s11801r1.pdf,satcoprodinc.com,manufacturer_pdf,1.0,True,True,success,319119fb9f810d7cfba7cadbf23de7b8e388ae2317001ce28944e255a85fd6c1,2026-08-16T12:00:00Z
SRC-d4104e33,436,Satco Prod Inc,Satco,S11801R1,https://www.industrialdistributor.com/p/s11801r1,industrialdistributor.com,distributor_product_page,0.4,True,True,success,5215e2f7472bf95354096a2eabe7bd128f7c3209ef0af0c64035f73f14426206,2026-08-16T12:00:00Z
SRC-bd13a378,437,Satco Prod Inc,Satco,S11848,https://www.satcoprodinc.com/products/s11848,satcoprodinc.com,manufacturer_product_page,1.0,True,True,success,b54959f045413d4954cafe9e8f6929262c7b424ca6d53e1d944f3c9eccc18fe0,2026-08-16T12:00:00Z
SRC-a83c8418,437,Satco Prod Inc,Satco,S11848,https://www.satcoprodinc.com/docs/datasheets/s11848.pdf,satcoprodinc.com,manufacturer_pdf,1.0,True,True,success,dfa93681dca30ce2d6aec5248af107f1b90d004c6094b8f32797fb4ef490f341,2026-08-16T12:00:00Z
SRC-988b00f7,437,Satco Prod Inc,Satco,S11848,https://www.industrialdistributor.com/p/s11848,industrialdistributor.com,distributor_product_page,0.4,True,True,success,1f7ae31a8a7c52bcb5c2c73ab1d1ad8f8d5c65f0a3b510e5c3176f25365fb59a,2026-08-16T12:00:00Z
SRC-646f5ebb,438,Satco Prod Inc,Satco,S11849,https://www.satcoprodinc.com/products/s11849,satcoprodinc.com,manufacturer_product_page,1.0,True,True,success,90bb066016e09fb4097ea110c2acffa5e34c93dbe9b76299b55f2514720e7701,2026-08-16T12:00:00Z
SRC-8d9fc8fe,438,Satco Prod Inc,Satco,S11849,https://www.satcoprodinc.com/docs/datasheets/s11849.pdf,satcoprodinc.com,manufacturer_pdf,1.0,True,True,success,3a67852341906a6a6e2ced322892c3fa64efbf409a467654ef556ab1ad239cc6,2026-08-16T12:00:00Z
SRC-100f3214,438,Satco Prod Inc,Satco,S11849,https://www.industrialdistributor.com/p/s11849,industrialdistributor.com,distributor_product_page,0.4,True,True,success,95ac3a9b34428e36394ff5766c2e8265d26cddf7dc0b34b5ba82990ca9c58557,2026-08-16T12:00:00Z
SRC-56b50e8c,439,Cooper Lighting,nan,HLBSL609FS5,https://www.cooperlighting.com/products/hlbsl609fs5,cooperlighting.com,manufacturer_product_page,1.0,True,True,success,9c58f9733bd7b49c6497c04bd80660e60ea4eaf916957abf5721fc2dd16eea97,2026-08-16T12:00:00Z
SRC-5101e60f,439,Cooper Lighting,nan,HLBSL609FS5,https://www.cooperlighting.com/docs/datasheets/hlbsl609fs5.pdf,cooperlighting.com,manufacturer_pdf,1.0,True,True,success,5e486fc9bfc59aad6d0870878ca9c33c99d0cc7f25182b68c3703e10c0e78c08,2026-08-16T12:00:00Z
SRC-e6bb9ed5,439,Cooper Lighting,nan,HLBSL609FS5,https://www.industrialdistributor.com/p/hlbsl609fs5,industrialdistributor.com,distributor_product_page,0.4,True,True,success,7b000e4cea91c0120f6777b4ca9721c6045894ceb8202921153e0405785ba983,2026-08-16T12:00:00Z
SRC-88004eca,440,Lithonia Lighting,nan,WF4REGSWW590CRIMW,https://www.lithonialighting.com/products/wf4regsww590crimw,lithonialighting.com,manufacturer_product_page,1.0,True,True,success,8cffaa9ad363edc3bc2705332a6ab7e40daceed5e906cb14997c77f0591db37a,2026-08-16T12:00:00Z
SRC-6c41fbdc,440,Lithonia Lighting,nan,WF4REGSWW590CRIMW,https://www.lithonialighting.com/docs/datasheets/wf4regsww590crimw.pdf,lithonialighting.com,manufacturer_pdf,1.0,True,True,success,153b0c27cf0d2ef2d238bba48dae60d675217ffa50aa29e8ec570f5481a598c9,2026-08-16T12:00:00Z
SRC-43ae8898,440,Lithonia Lighting,nan,WF4REGSWW590CRIMW,https://www.lithonialighting.com/catalogs/specifications.pdf,lithonialighting.com,manufacturer_catalog,0.95,True,True,success,1a6dbfd3c9ebfc5c81930f33019ffc15c8e7ab8c3501b086d12bee79f355be16,2026-08-16T12:00:00Z
SRC-a3c78f01,440,Lithonia Lighting,nan,WF4REGSWW590CRIMW,https://www.industrialdistributor.com/p/wf4regsww590crimw,industrialdistributor.com,distributor_product_page,0.4,True,True,success,52d3b018232e31501eb0048e829b81d23d43149f36029a7951e3c0b9c74be72c,2026-08-16T12:00:00Z
SRC-20a3c713,441,Kichler Lighting,nan,43849WH5CCT,https://www.kichlerlighting.com/products/43849wh5cct,kichlerlighting.com,manufacturer_product_page,1.0,True,True,success,c064a2e4cceaa64bd89f65787ca48a6ad6ded3c29beb135692b46496b3c5853d,2026-08-16T12:00:00Z
SRC-afcfa6d4,441,Kichler Lighting,nan,43849WH5CCT,https://www.kichlerlighting.com/docs/datasheets/43849wh5cct.pdf,kichlerlighting.com,manufacturer_pdf,1.0,True,True,success,8f6dd166316ccffccfbfc5dd9e1e8c816f298aba8388a1bdb139ef250aab45f6,2026-08-16T12:00:00Z
SRC-f2916170,441,Kichler Lighting,nan,43849WH5CCT,https://www.industrialdistributor.com/p/43849wh5cct,industrialdistributor.com,distributor_product_page,0.4,True,True,success,7d3f040115718d5c53c4cc1b31490b31e0edee2e65cac7cc6c6946034d2f1f41,2026-08-16T12:00:00Z
SRC-da9efc21,442,Satco Prod Inc,Satco,62-1777,https://www.satcoprodinc.com/products/621777,satcoprodinc.com,manufacturer_product_page,1.0,True,True,success,c45f515cdbc27796bafd3755284a48e9720dbbd2578a37cb216e0badb58c85da,2026-08-16T12:00:00Z
SRC-ffafc361,442,Satco Prod Inc,Satco,62-1777,https://www.satcoprodinc.com/docs/datasheets/621777.pdf,satcoprodinc.com,manufacturer_pdf,1.0,True,True,success,50b5adbd9a422e767ce25c86ec14e6a1570ab631905ff930089786fe079b4667,2026-08-16T12:00:00Z
SRC-add57fa4,442,Satco Prod Inc,Satco,62-1777,https://www.industrialdistributor.com/p/621777,industrialdistributor.com,distributor_product_page,0.4,True,True,success,7cc3098d06969a2e715fc418bab7efc171fce02e8361370ee0eaff9952c79f8c,2026-08-16T12:00:00Z
SRC-db695599,443,Satco Prod Inc,Satco,62-1778,https://www.satcoprodinc.com/products/621778,satcoprodinc.com,manufacturer_product_page,1.0,True,True,success,e04245025b83d931dcaa908340d414481a9f55425377638bebec93059300b870,2026-08-16T12:00:00Z
SRC-46de7398,443,Satco Prod Inc,Satco,62-1778,https://www.satcoprodinc.com/docs/datasheets/621778.pdf,satcoprodinc.com,manufacturer_pdf,1.0,True,True,success,1807d1ab1c3fdfb71c22ec8d682bad918fc8da0b1db61c3950b01111e1b8c123,2026-08-16T12:00:00Z
SRC-97cc12b1,443,Satco Prod Inc,Satco,62-1778,https://www.industrialdistributor.com/p/621778,industrialdistributor.com,distributor_product_page,0.4,True,True,success,2d4c5cd02a535b01d7f0953e3c6af4079683abe1132fa0b4739a69887c2c7e02,2026-08-16T12:00:00Z
SRC-d4805fc3,444,Satco Prod Inc,Satco,62-1784,https://www.satcoprodinc.com/products/621784,satcoprodinc.com,manufacturer_product_page,1.0,True,True,success,dd8c6f6dcd1dc7bc1d4d22fe81b22405077201513863b0adf0804fd0562afecc,2026-08-16T12:00:00Z
SRC-9f9c1803,444,Satco Prod Inc,Satco,62-1784,https://www.satcoprodinc.com/docs/datasheets/621784.pdf,satcoprodinc.com,manufacturer_pdf,1.0,True,True,success,82bc5cafe8757f20f8aee00f1a03d92539b6220a4e04a6051b738b8d9b52fdf3,2026-08-16T12:00:00Z
SRC-c855e698,444,Satco Prod Inc,Satco,62-1784,https://www.industrialdistributor.com/p/621784,industrialdistributor.com,distributor_product_page,0.4,True,True,success,24598f7dcb91d95da029d4b1dee4ebcd9d827d9c4f75882f2fe51595efd9df7b,2026-08-16T12:00:00Z
SRC-2295870d,445,Satco Prod Inc,Satco,62-1787,https://www.satcoprodinc.com/products/621787,satcoprodinc.com,manufacturer_product_page,1.0,True,True,success,1af619f832023cce9c5a7411e96703eefbc811e3a8051d87a11236af4ff8e04e,2026-08-16T12:00:00Z
SRC-0c9e2de7,445,Satco Prod Inc,Satco,62-1787,https://www.satcoprodinc.com/docs/datasheets/621787.pdf,satcoprodinc.com,manufacturer_pdf,1.0,True,True,success,e12eb53ceee0ff9bca491de9f81ec180db2e823bbaf3b3d0ec201014350a01a6,2026-08-16T12:00:00Z
SRC-d8fd0568,445,Satco Prod Inc,Satco,62-1787,https://www.industrialdistributor.com/p/621787,industrialdistributor.com,distributor_product_page,0.4,True,True,success,125b0dd78410d27f078a5b23097e44036d207d71431738c5051763f4c6ee78cf,2026-08-16T12:00:00Z
SRC-cfe62b4f,446,Satco Prod Inc,Satco,62-1788,https://www.satcoprodinc.com/products/621788,satcoprodinc.com,manufacturer_product_page,1.0,True,True,success,65ff580fd8b2f0851f234246f6bad64f6abfb2f70d924c11a9011884f8b1f901,2026-08-16T12:00:00Z
SRC-9dafd8c6,446,Satco Prod Inc,Satco,62-1788,https://www.satcoprodinc.com/docs/datasheets/621788.pdf,satcoprodinc.com,manufacturer_pdf,1.0,True,True,success,81704a6ab7b0a3a0df6d105c7b69dba36cf56492574dbb86fc9fd633161a33d7,2026-08-16T12:00:00Z
SRC-249e2ecb,446,Satco Prod Inc,Satco,62-1788,https://www.industrialdistributor.com/p/621788,industrialdistributor.com,distributor_product_page,0.4,True,True,success,33d6d7f7ff006c69f09ab2d3e2bbdb7fc38ac997d302f628e79749f576895eff,2026-08-16T12:00:00Z
SRC-ae38ba15,448,Kichler Lighting,nan,45495BKCLR,https://www.kichlerlighting.com/products/45495bkclr,kichlerlighting.com,manufacturer_product_page,1.0,True,True,success,04d754f17f966790d9bdce265d764ad1dbbd45544890a15fbc332b25d4456a89,2026-08-16T12:00:00Z
SRC-c06f1acc,448,Kichler Lighting,nan,45495BKCLR,https://www.kichlerlighting.com/docs/datasheets/45495bkclr.pdf,kichlerlighting.com,manufacturer_pdf,1.0,True,True,success,387a4f3ca9b86e1c63fb6d526cc5a9e3d274fbd5c750c3fb0694532347fd3e4c,2026-08-16T12:00:00Z
SRC-6c533c7e,448,Kichler Lighting,nan,45495BKCLR,https://www.industrialdistributor.com/p/45495bkclr,industrialdistributor.com,distributor_product_page,0.4,True,True,success,8efd6974d1a48a8472ae83bdcc38788fc9d94d4ea62703169fa8ea42b70c5b20,2026-08-16T12:00:00Z
SRC-3e2b6aec,449,Kichler Lighting,nan,55209NI,https://www.kichlerlighting.com/products/55209ni,kichlerlighting.com,manufacturer_product_page,1.0,True,True,success,212b1f75e8ba65c67fcfb2d79c6107e6347c50d5b6d26f2105d8e3f116d90712,2026-08-16T12:00:00Z
SRC-66634007,449,Kichler Lighting,nan,55209NI,https://www.kichlerlighting.com/docs/datasheets/55209ni.pdf,kichlerlighting.com,manufacturer_pdf,1.0,True,True,success,0e56839b3623b1ec15bcf075247ec84a1132f61e3eb11cd84c3a01b1d634660a,2026-08-16T12:00:00Z
SRC-ea5aa4bb,449,Kichler Lighting,nan,55209NI,https://www.industrialdistributor.com/p/55209ni,industrialdistributor.com,distributor_product_page,0.4,True,True,success,f2551c37737c51bdc564cace38c5501a57312e4548104bd70e767fc3e5352ec7,2026-08-16T12:00:00Z
SRC-88d5b86d,451,Satco Prod Inc,Satco,65-1211,https://www.satcoprodinc.com/products/651211,satcoprodinc.com,manufacturer_product_page,1.0,True,True,success,cea9c9045b721b18d29734a1e71dc90bf4d495b64d5ffcd3006f88365742056d,2026-08-16T12:00:00Z
SRC-661c2299,451,Satco Prod Inc,Satco,65-1211,https://www.satcoprodinc.com/docs/datasheets/651211.pdf,satcoprodinc.com,manufacturer_pdf,1.0,True,True,success,c44977c3aa8b0dc21d4ff7254222fbe7086f6154273a4669140d8077aa93e2bf,2026-08-16T12:00:00Z
SRC-dd0be891,451,Satco Prod Inc,Satco,65-1211,https://www.industrialdistributor.com/p/651211,industrialdistributor.com,distributor_product_page,0.4,True,True,success,dee3523b3992f6009e38f6549c72b6059f6e3e4d83bb19e87db38c1e2f3ed22c,2026-08-16T12:00:00Z
SRC-c5c7b635,452,Phillips Lighting,nan,141465,https://www.phillipslighting.com/products/141465,phillipslighting.com,manufacturer_product_page,1.0,True,True,success,f1c1ca04068e9a56ea37e03ad16331c083f4ad19a19e70761776c3dc38c9ebc6,2026-08-16T12:00:00Z
SRC-e899f0a4,452,Phillips Lighting,nan,141465,https://www.phillipslighting.com/docs/datasheets/141465.pdf,phillipslighting.com,manufacturer_pdf,1.0,True,True,success,54207562595ee2c5834364e97f49d429d4df38cd48e1669379122c3488d793fc,2026-08-16T12:00:00Z
SRC-964feea0,452,Phillips Lighting,nan,141465,https://www.industrialdistributor.com/p/141465,industrialdistributor.com,distributor_product_page,0.4,True,True,success,af0b3bfac3d328887a37168b4867e069e01a4a1c84b90ddf8e4b2c3db8157190,2026-08-16T12:00:00Z
SRC-2cf0cdd7,453,Phillips Lighting,nan,391227,https://www.phillipslighting.com/products/391227,phillipslighting.com,manufacturer_product_page,1.0,True,True,success,64b283af514c881055d2c4a2777140d5f83151885a05d7e9bfb472f6ec4a48bf,2026-08-16T12:00:00Z
SRC-5c996309,453,Phillips Lighting,nan,391227,https://www.phillipslighting.com/docs/datasheets/391227.pdf,phillipslighting.com,manufacturer_pdf,1.0,True,True,success,69b13bfec008fae72020e0a2e79826c8991a04a0c045821e62adeec756ae70df,2026-08-16T12:00:00Z
SRC-ac6ada07,453,Phillips Lighting,nan,391227,https://www.industrialdistributor.com/p/391227,industrialdistributor.com,distributor_product_page,0.4,True,True,success,088f195c47bdcbe24a7c00b7160032e5ef400a9ab3c9df08ea11d3879bbee1a6,2026-08-16T12:00:00Z
SRC-51fb8fdd,454,Phillips Lighting,nan,392225,https://www.phillipslighting.com/products/392225,phillipslighting.com,manufacturer_product_page,1.0,True,True,success,f0073f149fd4879cc3db8504c30e4681efa83f1d2689eae489d16dbabad6c6a8,2026-08-16T12:00:00Z
SRC-f8e777bd,454,Phillips Lighting,nan,392225,https://www.phillipslighting.com/docs/datasheets/392225.pdf,phillipslighting.com,manufacturer_pdf,1.0,True,True,success,89da8b082b664c88c055e32d67197989234182982191f18cd31b2b3d177556f2,2026-08-16T12:00:00Z
SRC-87997665,454,Phillips Lighting,nan,392225,https://www.industrialdistributor.com/p/392225,industrialdistributor.com,distributor_product_page,0.4,True,True,success,a80f59e20ef1e7a098b2238cb6266bd85fac6a08b058a81963e1d8e829f58f18,2026-08-16T12:00:00Z
SRC-b5896ba3,457,Phillips Lighting,nan,467316,https://www.phillipslighting.com/products/467316,phillipslighting.com,manufacturer_product_page,1.0,True,True,success,872ad7406c44e13f6bece8b28f18a1b29804899ff463e631726420d92cf03d1b,2026-08-16T12:00:00Z
SRC-fc694f98,457,Phillips Lighting,nan,467316,https://www.phillipslighting.com/docs/datasheets/467316.pdf,phillipslighting.com,manufacturer_pdf,1.0,True,True,success,35a9073523b1b7350eb0196018ec7506fd4e3f75bcda20b83dae776ee0ab0f0f,2026-08-16T12:00:00Z
SRC-71def9a0,457,Phillips Lighting,nan,467316,https://www.industrialdistributor.com/p/467316,industrialdistributor.com,distributor_product_page,0.4,True,True,success,868f83cf9bf135cdc4198184a960c72a6339dbf44477c0148854addd82add2ed,2026-08-16T12:00:00Z
SRC-264f77c7,463,Satco Prod Inc,Satco,S3797,https://www.satcoprodinc.com/products/s3797,satcoprodinc.com,manufacturer_product_page,1.0,True,True,success,76220d7740021adba32006a6f2ac00058f3299b97da6e3b8ff51c835f5f5f83d,2026-08-16T12:00:00Z
SRC-de557a2c,463,Satco Prod Inc,Satco,S3797,https://www.satcoprodinc.com/docs/datasheets/s3797.pdf,satcoprodinc.com,manufacturer_pdf,1.0,True,True,success,5cf7e0eef52a35f0d3ebb1536000f643bd38d4b1a2cb2e53bed21c999446c48b,2026-08-16T12:00:00Z
SRC-e3119027,463,Satco Prod Inc,Satco,S3797,https://www.industrialdistributor.com/p/s3797,industrialdistributor.com,distributor_product_page,0.4,True,True,success,9d8571b0b0e674d4da5e714da3194a6bdced3ca6d7a0b9f8ec2a934cf5de8566,2026-08-16T12:00:00Z
SRC-bf00f2e9,464,Satco Prod Inc,Satco,S4724,https://www.satcoprodinc.com/products/s4724,satcoprodinc.com,manufacturer_product_page,1.0,True,True,success,b7bbaf8c602e9d1b4bfdc17404e2b87c2230b2b0136029370fc87ff4e6fcf5c4,2026-08-16T12:00:00Z
SRC-b94cee75,464,Satco Prod Inc,Satco,S4724,https://www.satcoprodinc.com/docs/datasheets/s4724.pdf,satcoprodinc.com,manufacturer_pdf,1.0,True,True,success,95ec62fabf1cd417c31991d23a13249828b1304705cd64da55c67ff3d6db8b65,2026-08-16T12:00:00Z
SRC-65c797ab,464,Satco Prod Inc,Satco,S4724,https://www.industrialdistributor.com/p/s4724,industrialdistributor.com,distributor_product_page,0.4,True,True,success,2484d86be4fd0736f8c416b685d964b6d976b40cd7f7d842263902010f75ed7d,2026-08-16T12:00:00Z
SRC-f08cd631,465,Satco Prod Inc,Satco,S4717,https://www.satcoprodinc.com/products/s4717,satcoprodinc.com,manufacturer_product_page,1.0,True,True,success,69f0be26d766576723aae084a9e1e0afc95a7103e133f22bf44818077e2fdb1f,2026-08-16T12:00:00Z
SRC-1850b8fc,465,Satco Prod Inc,Satco,S4717,https://www.satcoprodinc.com/docs/datasheets/s4717.pdf,satcoprodinc.com,manufacturer_pdf,1.0,True,True,success,d3745cadcc0f92e8728618522f278c71f0ce3c6bface0e02793305e6998f9b6a,2026-08-16T12:00:00Z
SRC-1219b322,465,Satco Prod Inc,Satco,S4717,https://www.industrialdistributor.com/p/s4717,industrialdistributor.com,distributor_product_page,0.4,True,True,success,bb98233e411d671d7aa5a4721b4c5cfdaf5bca7b9ce17f929fb7a84112765038,2026-08-16T12:00:00Z
SRC-ebed869e,468,Satco Prod Inc,Satco,S4726,https://www.satcoprodinc.com/products/s4726,satcoprodinc.com,manufacturer_product_page,1.0,True,True,success,21f1c02d0654fc5633336b2e7b9ad4c4492433551d4928c0c2be225042050711,2026-08-16T12:00:00Z
SRC-5d55f648,468,Satco Prod Inc,Satco,S4726,https://www.satcoprodinc.com/docs/datasheets/s4726.pdf,satcoprodinc.com,manufacturer_pdf,1.0,True,True,success,2d065f3ae570fa8ee1c4b2f61e2bcd0d5e4b891c2e20419cf686c3f5f95d3738,2026-08-16T12:00:00Z
SRC-55fab699,468,Satco Prod Inc,Satco,S4726,https://www.industrialdistributor.com/p/s4726,industrialdistributor.com,distributor_product_page,0.4,True,True,success,748d021b422948a05f7ee05158cfed391f331b8553e1c46dfdc874e8a869151e,2026-08-16T12:00:00Z
SRC-2a0ae60d,469,Satco Prod Inc,Satco,S11429,https://www.satcoprodinc.com/products/s11429,satcoprodinc.com,manufacturer_product_page,1.0,True,True,success,107f0377add93d9257c64908abc5ffaaeef974e2b247c771110d6fb64dbe30ff,2026-08-16T12:00:00Z
SRC-a25d0fff,469,Satco Prod Inc,Satco,S11429,https://www.satcoprodinc.com/docs/datasheets/s11429.pdf,satcoprodinc.com,manufacturer_pdf,1.0,True,True,success,4d9dd5239f4da2515755ad570a0606bb74f4e9cd0c9e12214483da757039b3ac,2026-08-16T12:00:00Z
SRC-969f7a16,469,Satco Prod Inc,Satco,S11429,https://www.industrialdistributor.com/p/s11429,industrialdistributor.com,distributor_product_page,0.4,True,True,success,c938a39b16ca61ef97ed6bdfcb2e58b5105c972942396390cdf2cb0a84052a4a,2026-08-16T12:00:00Z
SRC-9bd032d7,472,Satco Prod Inc,Satco,S11445,https://www.satcoprodinc.com/products/s11445,satcoprodinc.com,manufacturer_product_page,1.0,True,True,success,4954fd314a63aa6b984e6016fad6b2e51f003f09f6c5743a80b6161e286efe95,2026-08-16T12:00:00Z
SRC-96be11d5,472,Satco Prod Inc,Satco,S11445,https://www.satcoprodinc.com/docs/datasheets/s11445.pdf,satcoprodinc.com,manufacturer_pdf,1.0,True,True,success,43c157bfe88413161e2d803e4282116b2d27a8c90046afbef61734c835a3c2bc,2026-08-16T12:00:00Z
SRC-1eea411c,472,Satco Prod Inc,Satco,S11445,https://www.industrialdistributor.com/p/s11445,industrialdistributor.com,distributor_product_page,0.4,True,True,success,2d8f4aa384c43d0d4fbcaaed6470b42f40ad16adfe9ab75b21992d8d6a41dbb4,2026-08-16T12:00:00Z
SRC-7899ede9,473,Phillips Lighting,nan,567313,https://www.phillipslighting.com/products/567313,phillipslighting.com,manufacturer_product_page,1.0,True,True,success,c66c67a7974a088cb1152dd51f060ecfc6c8387e27ef992c1dc94f2936077bb9,2026-08-16T12:00:00Z
SRC-46eb8cb0,473,Phillips Lighting,nan,567313,https://www.phillipslighting.com/docs/datasheets/567313.pdf,phillipslighting.com,manufacturer_pdf,1.0,True,True,success,0fcff0b528274a4e78187408d091e5c73ca20f43eaa0bd4d7316a40424befcf2,2026-08-16T12:00:00Z
SRC-26f98ac6,473,Phillips Lighting,nan,567313,https://www.industrialdistributor.com/p/567313,industrialdistributor.com,distributor_product_page,0.4,True,True,success,905f44acb12503c85b111977cf0b1ff1ee2473dc161d2b1c43902f22137479e5,2026-08-16T12:00:00Z
SRC-b06eee26,474,Phillips Lighting,nan,586875,https://www.phillipslighting.com/products/586875,phillipslighting.com,manufacturer_product_page,1.0,True,True,success,73e480a87d7c0e4d3248e666279444177ab0812e7dede7f7be10355d3d1e8dee,2026-08-16T12:00:00Z
SRC-d67e6ccd,474,Phillips Lighting,nan,586875,https://www.phillipslighting.com/docs/datasheets/586875.pdf,phillipslighting.com,manufacturer_pdf,1.0,True,True,success,0c245fd2cee0e0fd49ac9219c693c725322c6ed10a26b0473a81c601339c3fcf,2026-08-16T12:00:00Z
SRC-a7fe54af,474,Phillips Lighting,nan,586875,https://www.industrialdistributor.com/p/586875,industrialdistributor.com,distributor_product_page,0.4,True,True,success,41a8d975abde4d9fb7f8154c7fdee8f1e8a2e9afbe1abd8097da9376cc183e98,2026-08-16T12:00:00Z
SRC-679a1866,475,Phillips Lighting,nan,576355,https://www.phillipslighting.com/products/576355,phillipslighting.com,manufacturer_product_page,1.0,True,True,success,6f89a34b26397ad809f27ffdf4ed8fef8f7110674a10290da6e36ae39c2c281e,2026-08-16T12:00:00Z
SRC-c167b759,475,Phillips Lighting,nan,576355,https://www.phillipslighting.com/docs/datasheets/576355.pdf,phillipslighting.com,manufacturer_pdf,1.0,True,True,success,3d58be5db99827daeff8800bf03b2bf9efc0a90e588a789978e40e006a004b8d,2026-08-16T12:00:00Z
SRC-16e48bab,475,Phillips Lighting,nan,576355,https://www.industrialdistributor.com/p/576355,industrialdistributor.com,distributor_product_page,0.4,True,True,success,4dbbd6e2d456b4f580421858b3d68ab65629fcfa36aa5eea9c6ecdf2255f4383,2026-08-16T12:00:00Z
SRC-9757c0de,476,Phillips Lighting,nan,576363,https://www.phillipslighting.com/products/576363,phillipslighting.com,manufacturer_product_page,1.0,True,True,success,93d8ef63f6aec73b5c5cca25fb7dbb429d0ca857e08fa589d1e1133b36c71819,2026-08-16T12:00:00Z
SRC-5b098cc3,476,Phillips Lighting,nan,576363,https://www.phillipslighting.com/docs/datasheets/576363.pdf,phillipslighting.com,manufacturer_pdf,1.0,True,True,success,d4d41af44b513ee7ac81fcd4a24eb580b53b7428c52510bfcf6601ace0c13269,2026-08-16T12:00:00Z
SRC-5699fdd0,476,Phillips Lighting,nan,576363,https://www.industrialdistributor.com/p/576363,industrialdistributor.com,distributor_product_page,0.4,True,True,success,de25ffa4de3dbf4566fedbb6e99f7b425a6521d634c885ef02568bcfe4fb8c8b,2026-08-16T12:00:00Z
SRC-d2301acf,477,Phillips Lighting,nan,565374,https://www.phillipslighting.com/products/565374,phillipslighting.com,manufacturer_product_page,1.0,True,True,success,a3c474e3768918bf0db4da1af803bc8fdcc1d456cb167b454ef710cf1734a0ca,2026-08-16T12:00:00Z
SRC-51e610dd,477,Phillips Lighting,nan,565374,https://www.phillipslighting.com/docs/datasheets/565374.pdf,phillipslighting.com,manufacturer_pdf,1.0,True,True,success,3ec10a133b8635a413cae8755ac6820e0ef7bf333dfd762e821f2bdd4f0abc97,2026-08-16T12:00:00Z
SRC-8f729b1d,477,Phillips Lighting,nan,565374,https://www.industrialdistributor.com/p/565374,industrialdistributor.com,distributor_product_page,0.4,True,True,success,b8f9774a19bda3d42a20057ab9002a6dbea284c2dddfc1cd43ac6c5d56917929,2026-08-16T12:00:00Z
SRC-bff279da,478,Phillips Lighting,nan,565390,https://www.phillipslighting.com/products/565390,phillipslighting.com,manufacturer_product_page,1.0,True,True,success,30288a06f1d07ecd17c1812ea7e0382d5ce3470e3688ecb04b0a26da6c764d35,2026-08-16T12:00:00Z
SRC-7a073a11,478,Phillips Lighting,nan,565390,https://www.phillipslighting.com/docs/datasheets/565390.pdf,phillipslighting.com,manufacturer_pdf,1.0,True,True,success,78fb25632c75e32ef04beacb52ecc97de7d74f5595e89b3cca3ca014961dcb1b,2026-08-16T12:00:00Z
SRC-9796d509,478,Phillips Lighting,nan,565390,https://www.industrialdistributor.com/p/565390,industrialdistributor.com,distributor_product_page,0.4,True,True,success,70ef85bcf8b4b36f7fdc53971af0f421e3c58c3c240db0cdcf4694f7fe76966f,2026-08-16T12:00:00Z
SRC-8c33c528,479,Phillips Lighting,nan,576371,https://www.phillipslighting.com/products/576371,phillipslighting.com,manufacturer_product_page,1.0,True,True,success,5541383c93a4b57a8988bfcc025e3b2a14f551abd0cb7ad4f22aefc042d4a61a,2026-08-16T12:00:00Z
SRC-9b41ca2f,479,Phillips Lighting,nan,576371,https://www.phillipslighting.com/docs/datasheets/576371.pdf,phillipslighting.com,manufacturer_pdf,1.0,True,True,success,200667766dceb32e4fbbb0aca82c7fc9748b7e8305d69ec71e452eaf36e1a357,2026-08-16T12:00:00Z
SRC-0ed0584d,479,Phillips Lighting,nan,576371,https://www.industrialdistributor.com/p/576371,industrialdistributor.com,distributor_product_page,0.4,True,True,success,5dff674d7045f0ca299a982fcf7a8db77e72925ba1d635861f5d421e8f6ef271,2026-08-16T12:00:00Z
SRC-287375be,480,Phillips Lighting,nan,576496,https://www.phillipslighting.com/products/576496,phillipslighting.com,manufacturer_product_page,1.0,True,True,success,f3eab663ba2e9c16f6dde9ccd53ed6839202eb6b17552c28c9ca22d6240701c5,2026-08-16T12:00:00Z
SRC-6931b628,480,Phillips Lighting,nan,576496,https://www.phillipslighting.com/docs/datasheets/576496.pdf,phillipslighting.com,manufacturer_pdf,1.0,True,True,success,9c1d5e66996ca29371dd0eedf0168b4e08100a2982a16b6ef2e243fba2364109,2026-08-16T12:00:00Z
SRC-4da78002,480,Phillips Lighting,nan,576496,https://www.industrialdistributor.com/p/576496,industrialdistributor.com,distributor_product_page,0.4,True,True,success,88f42e0af483a9a5c1054a589128b8b67b2c4d08e8e2479fa9fbc695802ed64c,2026-08-16T12:00:00Z
SRC-beb24881,481,Phillips Lighting,nan,564856,https://www.phillipslighting.com/products/564856,phillipslighting.com,manufacturer_product_page,1.0,True,True,success,5f7405b39c0832ce23c75c947a56aeac02f048ede132dc7f91ddee79e42f14aa,2026-08-16T12:00:00Z
SRC-4f1f64cd,481,Phillips Lighting,nan,564856,https://www.phillipslighting.com/docs/datasheets/564856.pdf,phillipslighting.com,manufacturer_pdf,1.0,True,True,success,2fbb26881adf7a8a8339fbe0e0e69e53c211a8cd7000ee37e037b152655565a9,2026-08-16T12:00:00Z
SRC-03b43bfc,481,Phillips Lighting,nan,564856,https://www.industrialdistributor.com/p/564856,industrialdistributor.com,distributor_product_page,0.4,True,True,success,bb8cb0bb2c20a1c1c0703568f13e760823f373b4a3243c335124af0f5dc99bc8,2026-08-16T12:00:00Z
SRC-14f0a157,482,Phillips Lighting,nan,565796,https://www.phillipslighting.com/products/565796,phillipslighting.com,manufacturer_product_page,1.0,True,True,success,65def0243ad593c88e950319b3cb65996ff749753e4cef7d4e422ea971aca49c,2026-08-16T12:00:00Z
SRC-a2c41e1c,482,Phillips Lighting,nan,565796,https://www.phillipslighting.com/docs/datasheets/565796.pdf,phillipslighting.com,manufacturer_pdf,1.0,True,True,success,eef40a78d280a18c5ac634a7682232b8e4f90524b8a2157d24faf855eedf49b0,2026-08-16T12:00:00Z
SRC-9bc3e9d7,482,Phillips Lighting,nan,565796,https://www.industrialdistributor.com/p/565796,industrialdistributor.com,distributor_product_page,0.4,True,True,success,5febc1569ecd0817d094ade831b289d47303ff1937caf9c7aeef5511f08a995d,2026-08-16T12:00:00Z
SRC-959dc961,483,Phillips Lighting,nan,576389,https://www.phillipslighting.com/products/576389,phillipslighting.com,manufacturer_product_page,1.0,True,True,success,d677bfd6f827fa325f968365bf04b3bd8a51354349e803172bd57d50cb79c6d2,2026-08-16T12:00:00Z
SRC-ee8330f2,483,Phillips Lighting,nan,576389,https://www.phillipslighting.com/docs/datasheets/576389.pdf,phillipslighting.com,manufacturer_pdf,1.0,True,True,success,3eafb3fe000b9dc15f705eb898361cefd2496f1b8078da88bf503ceba1b14b30,2026-08-16T12:00:00Z
SRC-5737914c,483,Phillips Lighting,nan,576389,https://www.industrialdistributor.com/p/576389,industrialdistributor.com,distributor_product_page,0.4,True,True,success,323321e108d5183ed6edac73db7e7abfcb57bb9f97761285b9487519346aa7b4,2026-08-16T12:00:00Z
SRC-4743a160,484,Phillips Lighting,nan,564492,https://www.phillipslighting.com/products/564492,phillipslighting.com,manufacturer_product_page,1.0,True,True,success,9353fb45236fdc5b0772a99a3481a9e816b0350f7f334f6368ef1934afb51fb2,2026-08-16T12:00:00Z
SRC-bf907306,484,Phillips Lighting,nan,564492,https://www.phillipslighting.com/docs/datasheets/564492.pdf,phillipslighting.com,manufacturer_pdf,1.0,True,True,success,2235e7f64ac38b8ec5cded85b883a6950b7d22c05a533a9eebe756afdf441911,2026-08-16T12:00:00Z
SRC-be3467c2,484,Phillips Lighting,nan,564492,https://www.industrialdistributor.com/p/564492,industrialdistributor.com,distributor_product_page,0.4,True,True,success,b83c43a883b31fae15fa5ca32ca04b7750469b4f976484c36386b04c141db188,2026-08-16T12:00:00Z
SRC-c1294214,485,Phillips Lighting,nan,603449,https://www.phillipslighting.com/products/603449,phillipslighting.com,manufacturer_product_page,1.0,True,True,success,e90ed6c8c57a5584fa19fbcd5e7a6217a56766043971185337a8a03d31970684,2026-08-16T12:00:00Z
SRC-25bf7af8,485,Phillips Lighting,nan,603449,https://www.phillipslighting.com/docs/datasheets/603449.pdf,phillipslighting.com,manufacturer_pdf,1.0,True,True,success,67e9e3e081723ab83cc8e8446bee02f70de69b176af141d1c8b7ce338c6dbd2d,2026-08-16T12:00:00Z
SRC-93dfd043,485,Phillips Lighting,nan,603449,https://www.industrialdistributor.com/p/603449,industrialdistributor.com,distributor_product_page,0.4,True,True,success,bd2a026af65b8976bc12f20ffda0de6dcd04c661c5a6fe50e11ff8bcac94edf8,2026-08-16T12:00:00Z
SRC-0da0f434,486,Phillips Lighting,nan,586909,https://www.phillipslighting.com/products/586909,phillipslighting.com,manufacturer_product_page,1.0,True,True,success,a80c346cebcc779ec2a3fe116a422338ae7b8466e53ce4185876ce986babfd1f,2026-08-16T12:00:00Z
SRC-90e2ea7e,486,Phillips Lighting,nan,586909,https://www.phillipslighting.com/docs/datasheets/586909.pdf,phillipslighting.com,manufacturer_pdf,1.0,True,True,success,6244aace9f414af6332deaabf5fff68e0155bcb7ff660c5eed04e38e3b150738,2026-08-16T12:00:00Z
SRC-dafd730d,486,Phillips Lighting,nan,586909,https://www.industrialdistributor.com/p/586909,industrialdistributor.com,distributor_product_page,0.4,True,True,success,82c54250b0db629ec56d4c1f1651082909fec656c35570bfca4bcf40259775c4,2026-08-16T12:00:00Z
SRC-effa4008,487,Phillips Lighting,nan,566364,https://www.phillipslighting.com/products/566364,phillipslighting.com,manufacturer_product_page,1.0,True,True,success,ccbaa39ef4511111a6a2c30a0756b035e6103c7fa893d2b6f54203d39a729952,2026-08-16T12:00:00Z
SRC-8d790a10,487,Phillips Lighting,nan,566364,https://www.phillipslighting.com/docs/datasheets/566364.pdf,phillipslighting.com,manufacturer_pdf,1.0,True,True,success,ccf338bb1c54bb97409d83cddb4954323a897eaf307f035754a9e9e7524abf9d,2026-08-16T12:00:00Z
SRC-a2eccc27,487,Phillips Lighting,nan,566364,https://www.industrialdistributor.com/p/566364,industrialdistributor.com,distributor_product_page,0.4,True,True,success,bc46ecbeb0ec6804ef244c0de5a441473611f72ac234fb45ff20bd72c26f17ff,2026-08-16T12:00:00Z
SRC-153ec9bc,488,Phillips Lighting,nan,576394,https://www.phillipslighting.com/products/576394,phillipslighting.com,manufacturer_product_page,1.0,True,True,success,4f6b7ecf271c68b53d822289c79af4aae6d83ce3766380ec37d12503d138e3b4,2026-08-16T12:00:00Z
SRC-9da86a5b,488,Phillips Lighting,nan,576394,https://www.phillipslighting.com/docs/datasheets/576394.pdf,phillipslighting.com,manufacturer_pdf,1.0,True,True,success,f971ee1d8395decf8c9b2c50a18d03b9cf0865e1b0262a864b9cd8279156f8d5,2026-08-16T12:00:00Z
SRC-6fd83b7c,488,Phillips Lighting,nan,576394,https://www.industrialdistributor.com/p/576394,industrialdistributor.com,distributor_product_page,0.4,True,True,success,98508ef21398ad5b97e0ced2f22d18ac8ea4ce310cf5b62f492fb426d549634a,2026-08-16T12:00:00Z
SRC-5c0b773e,489,Phillips Lighting,nan,571497,https://www.phillipslighting.com/products/571497,phillipslighting.com,manufacturer_product_page,1.0,True,True,success,9fa6964ba13c63a6bb44a1946a1eb0ca1d05568549dc26b56ecf148dfc8aec31,2026-08-16T12:00:00Z
SRC-5ccdc8bd,489,Phillips Lighting,nan,571497,https://www.phillipslighting.com/docs/datasheets/571497.pdf,phillipslighting.com,manufacturer_pdf,1.0,True,True,success,b6f12bad0d4d5592470cfdc878ee8f5ae6665ae350ab5765c00e78a035389cb1,2026-08-16T12:00:00Z
SRC-aed59d27,489,Phillips Lighting,nan,571497,https://www.industrialdistributor.com/p/571497,industrialdistributor.com,distributor_product_page,0.4,True,True,success,63d9f4c900f07d77f61ea1c2e95565daefadb13fa703c8893d791fd85bb61935,2026-08-16T12:00:00Z
SRC-4e675e03,490,Phillips Lighting,nan,576306,https://www.phillipslighting.com/products/576306,phillipslighting.com,manufacturer_product_page,1.0,True,True,success,539eef7f0346762c45ab0ce5fd2cb67c2e00e5adb96f09fd35d62d21b9965bd4,2026-08-16T12:00:00Z
SRC-81cb3e18,490,Phillips Lighting,nan,576306,https://www.phillipslighting.com/docs/datasheets/576306.pdf,phillipslighting.com,manufacturer_pdf,1.0,True,True,success,cfe3b5a827dec1444089d89b9c09c875e26d39d6331365357eefb25a1b937d85,2026-08-16T12:00:00Z
SRC-b4641481,490,Phillips Lighting,nan,576306,https://www.industrialdistributor.com/p/576306,industrialdistributor.com,distributor_product_page,0.4,True,True,success,d737f5b3b0b401183b3508244a22af0d8a3cd33aa0bfbdf4ade415500de9725a,2026-08-16T12:00:00Z
SRC-84d3a6d1,491,Phillips Lighting,nan,588533,https://www.phillipslighting.com/products/588533,phillipslighting.com,manufacturer_product_page,1.0,True,True,success,679879ae294d652e57805ab33f2c4486ccb3ffadc83615923a2aa2b226f3b751,2026-08-16T12:00:00Z
SRC-3a5b7c0e,491,Phillips Lighting,nan,588533,https://www.phillipslighting.com/docs/datasheets/588533.pdf,phillipslighting.com,manufacturer_pdf,1.0,True,True,success,55e32840e63a5af6cd5cac7ff3fa1ad09e526214bd83200611a21be370beae6a,2026-08-16T12:00:00Z
SRC-4195950e,491,Phillips Lighting,nan,588533,https://www.industrialdistributor.com/p/588533,industrialdistributor.com,distributor_product_page,0.4,True,True,success,e1e88794e915337c126d7819bb49be4915026f809b08f6dcf6ac5aa34594deee,2026-08-16T12:00:00Z
SRC-756197d4,492,Phillips Lighting,nan,576520,https://www.phillipslighting.com/products/576520,phillipslighting.com,manufacturer_product_page,1.0,True,True,success,7ea2b19d5cf45a83b0ea2989eae182fabfa75fd9ff4df1666a29ef84554c0ff0,2026-08-16T12:00:00Z
SRC-4e703367,492,Phillips Lighting,nan,576520,https://www.phillipslighting.com/docs/datasheets/576520.pdf,phillipslighting.com,manufacturer_pdf,1.0,True,True,success,4c451343afd5db901c86d269fffb3f40fa8cd2aabdc3fd7d7571006ba89a5997,2026-08-16T12:00:00Z
SRC-467b3d4c,492,Phillips Lighting,nan,576520,https://www.industrialdistributor.com/p/576520,industrialdistributor.com,distributor_product_page,0.4,True,True,success,18f284ab476cb4fdd1161abe5dc27cbadc33ad495f4cf4f0b3c84991cb03a9df,2026-08-16T12:00:00Z
SRC-6cd799cc,493,Phillips Lighting,nan,574004,https://www.phillipslighting.com/products/574004,phillipslighting.com,manufacturer_product_page,1.0,True,True,success,2e3cb7a61fd49bfc7f70d849145f2d89dcf9e57af5f6e2f2b344c5dd3de48098,2026-08-16T12:00:00Z
SRC-551acb67,493,Phillips Lighting,nan,574004,https://www.phillipslighting.com/docs/datasheets/574004.pdf,phillipslighting.com,manufacturer_pdf,1.0,True,True,success,87ee1d2f13e9beaf82a246e30f890beef79b7d0a7a8930a43acd4aca09184606,2026-08-16T12:00:00Z
SRC-c7600fac,493,Phillips Lighting,nan,574004,https://www.industrialdistributor.com/p/574004,industrialdistributor.com,distributor_product_page,0.4,True,True,success,c8042a94eb80c9d07a9468736331721057c6ea28dfd2a3ea9722c6f133f69e8f,2026-08-16T12:00:00Z
SRC-45b17e84,494,Phillips Lighting,nan,574012,https://www.phillipslighting.com/products/574012,phillipslighting.com,manufacturer_product_page,1.0,True,True,success,e60fa0d415bd835915137589907d204a4c2d40e0f37ed8c695b5f0a70f053b0c,2026-08-16T12:00:00Z
SRC-2858c117,494,Phillips Lighting,nan,574012,https://www.phillipslighting.com/docs/datasheets/574012.pdf,phillipslighting.com,manufacturer_pdf,1.0,True,True,success,66b4debed8831d3f29e3859b95b28cec4ed5553389f783ddad71a84ab7f35806,2026-08-16T12:00:00Z
SRC-91ac504a,494,Phillips Lighting,nan,574012,https://www.industrialdistributor.com/p/574012,industrialdistributor.com,distributor_product_page,0.4,True,True,success,0306efb467159fde026e47d1046e7ebd82e4f73bc34dd6f806b8ba1382b71a65,2026-08-16T12:00:00Z
SRC-4881bef3,495,Phillips Lighting,nan,573971,https://www.phillipslighting.com/products/573971,phillipslighting.com,manufacturer_product_page,1.0,True,True,success,62c78fd62df7bcc867d372fdf89809271424cc2f5a3681e49b2ccd3a284aacf5,2026-08-16T12:00:00Z
SRC-05854f9e,495,Phillips Lighting,nan,573971,https://www.phillipslighting.com/docs/datasheets/573971.pdf,phillipslighting.com,manufacturer_pdf,1.0,True,True,success,a0a6ed87580e558415a7fe3e810e9b63a2aa40964baa8f93f47742c5ab2439b5,2026-08-16T12:00:00Z
SRC-9a9978bb,495,Phillips Lighting,nan,573971,https://www.industrialdistributor.com/p/573971,industrialdistributor.com,distributor_product_page,0.4,True,True,success,a63a033c70b33bdb19221a5c75538914f2ff1e2e713f7dcbb5edb9862b318190,2026-08-16T12:00:00Z
SRC-d209d8a3,496,Phillips Lighting,nan,573989,https://www.phillipslighting.com/products/573989,phillipslighting.com,manufacturer_product_page,1.0,True,True,success,59a6c25a8a94e53efa36ce46857eafae1e3cf8ba697ec205b26ed25d309d7ac7,2026-08-16T12:00:00Z
SRC-fe3798d8,496,Phillips Lighting,nan,573989,https://www.phillipslighting.com/docs/datasheets/573989.pdf,phillipslighting.com,manufacturer_pdf,1.0,True,True,success,f84cfcd98631af799c9e4adb18b7cf082c3b6bf3a21e50bf7b521f207874f779,2026-08-16T12:00:00Z
SRC-1dd6de4d,496,Phillips Lighting,nan,573989,https://www.industrialdistributor.com/p/573989,industrialdistributor.com,distributor_product_page,0.4,True,True,success,330e8822334f401a95acbff3a9c85b4f137e3e871b07e2f17c4544a2a766e0d1,2026-08-16T12:00:00Z
SRC-aad775e4,497,Phillips Lighting,nan,576769,https://www.phillipslighting.com/products/576769,phillipslighting.com,manufacturer_product_page,1.0,True,True,success,31e0eb3804b1c720788961fb9789d977863d7835041703dcf115cb7f07e74057,2026-08-16T12:00:00Z
SRC-d3778d1c,497,Phillips Lighting,nan,576769,https://www.phillipslighting.com/docs/datasheets/576769.pdf,phillipslighting.com,manufacturer_pdf,1.0,True,True,success,9c14f8f90fd05fc54c643786ba48cbca713c8d8a9cadd1ba44d63665d6e13674,2026-08-16T12:00:00Z
SRC-0063d105,497,Phillips Lighting,nan,576769,https://www.industrialdistributor.com/p/576769,industrialdistributor.com,distributor_product_page,0.4,True,True,success,66d18e05d53954aff2b9511ff2414c3d36f0c9d25a93dccfa08c2662146ca398,2026-08-16T12:00:00Z
SRC-7979256e,498,Phillips Lighting,nan,567446,https://www.phillipslighting.com/products/567446,phillipslighting.com,manufacturer_product_page,1.0,True,True,success,1d37c932ad942ec47149fd64f47033629c5807acdda15f1566826c2c668d4355,2026-08-16T12:00:00Z
SRC-6d63b3cf,498,Phillips Lighting,nan,567446,https://www.phillipslighting.com/docs/datasheets/567446.pdf,phillipslighting.com,manufacturer_pdf,1.0,True,True,success,5a93860d0c699b49548d9388c3300ec06b7631bffbc01463c46481a55580729b,2026-08-16T12:00:00Z
SRC-d2fdaff4,498,Phillips Lighting,nan,567446,https://www.industrialdistributor.com/p/567446,industrialdistributor.com,distributor_product_page,0.4,True,True,success,a6a2841081e1659bca4c425dd5a8e1fef081d7504a1698a1a70bcd226a8c2202,2026-08-16T12:00:00Z
SRC-834ddb6e,499,Phillips Lighting,nan,573997,https://www.phillipslighting.com/products/573997,phillipslighting.com,manufacturer_product_page,1.0,True,True,success,0ced5f5c46e68399a5042d3dd4ac9fc92fa801b582edf93143349b22cdd1c911,2026-08-16T12:00:00Z
SRC-58ed8603,499,Phillips Lighting,nan,573997,https://www.phillipslighting.com/docs/datasheets/573997.pdf,phillipslighting.com,manufacturer_pdf,1.0,True,True,success,8cf279a6140cd7971b3a795a8c862eb4749d7b1fabf5ebd4c96e0ccfb6320934,2026-08-16T12:00:00Z
SRC-43417ea9,499,Phillips Lighting,nan,573997,https://www.industrialdistributor.com/p/573997,industrialdistributor.com,distributor_product_page,0.4,True,True,success,9828761c78b7c665998c92fe69742ae3bb8c2a9d886456d46b3553583cede2f6,2026-08-16T12:00:00Z
SRC-dfc2cfaa,500,Phillips Lighting,nan,571463,https://www.phillipslighting.com/products/571463,phillipslighting.com,manufacturer_product_page,1.0,True,True,success,a03a92d4ddae846b0b8d6f67044d885a4660eb79783c27ae80ffd843d4f8d46a,2026-08-16T12:00:00Z
SRC-86340966,500,Phillips Lighting,nan,571463,https://www.phillipslighting.com/docs/datasheets/571463.pdf,phillipslighting.com,manufacturer_pdf,1.0,True,True,success,d0c2cc65c3c4c04740a5d7a1eb1c1b1ddf8720e626008b367ace4291c7058b73,2026-08-16T12:00:00Z
SRC-d924e7f1,500,Phillips Lighting,nan,571463,https://www.industrialdistributor.com/p/571463,industrialdistributor.com,distributor_product_page,0.4,True,True,success,b41896c0918697fcc543bc1f79eef23bd293cd813c70f3261cd704e97d465566,2026-08-16T12:00:00Z
SRC-de5b9517,501,Phillips Lighting,nan,576512,https://www.phillipslighting.com/products/576512,phillipslighting.com,manufacturer_product_page,1.0,True,True,success,cf23225a29da4580ce8a436b9e642fe70e75aa5b0c81b57c571a22d4e48145a6,2026-08-16T12:00:00Z
SRC-66335b17,501,Phillips Lighting,nan,576512,https://www.phillipslighting.com/docs/datasheets/576512.pdf,phillipslighting.com,manufacturer_pdf,1.0,True,True,success,65e4bc2c4d1467a573883f2dd4e8dbdc70eeed74347ea483a2d14fb3ec8711fa,2026-08-16T12:00:00Z
SRC-66dcfe39,501,Phillips Lighting,nan,576512,https://www.industrialdistributor.com/p/576512,industrialdistributor.com,distributor_product_page,0.4,True,True,success,72adea9f306fa0d2809028fbc9d636be6d1cbf8d5cec22db7b0aeda1f3cbff83,2026-08-16T12:00:00Z
SRC-dc193f8e,502,Phillips Lighting,nan,581181,https://www.phillipslighting.com/products/581181,phillipslighting.com,manufacturer_product_page,1.0,True,True,success,1162ace19eb2562dee2e5fbf88021ade324a2ce85a987160ce04193d88e62f70,2026-08-16T12:00:00Z
SRC-6719fa26,502,Phillips Lighting,nan,581181,https://www.phillipslighting.com/docs/datasheets/581181.pdf,phillipslighting.com,manufacturer_pdf,1.0,True,True,success,14b892dc7bcb360ec5d75f6e2bda317bd84526f628769187620b2a0e4d338157,2026-08-16T12:00:00Z
SRC-5202d445,502,Phillips Lighting,nan,581181,https://www.industrialdistributor.com/p/581181,industrialdistributor.com,distributor_product_page,0.4,True,True,success,d420bac5a1dfd7cbfc4ff9bada2ee844e2beceac616e38b5d999b1bb0a5e014a,2026-08-16T12:00:00Z
SRC-b63b027c,503,Keystone,GT-Lite,GTCB100C,https://www.keystone.com/products/gtcb100c,keystone.com,manufacturer_product_page,1.0,True,True,success,c8d73969cdba301a00b87dbdc71b682bf4ac18665e1fe9959167dc59ccdab8d9,2026-08-16T12:00:00Z
SRC-d0b036b5,503,Keystone,GT-Lite,GTCB100C,https://www.keystone.com/docs/datasheets/gtcb100c.pdf,keystone.com,manufacturer_pdf,1.0,True,True,success,12125d2953b9081616d12b6e4400480936fadf399f4647c3db2ba276ae9e8eaf,2026-08-16T12:00:00Z
SRC-b05d8e1d,503,Keystone,GT-Lite,GTCB100C,https://www.keystone.com/catalogs/specifications.pdf,keystone.com,manufacturer_catalog,0.95,True,True,success,5bda5afd746ac7cf700ee02180da845370bf9b42f327fd5664fe204e604ee342,2026-08-16T12:00:00Z
SRC-e296bbc6,503,Keystone,GT-Lite,GTCB100C,https://www.industrialdistributor.com/p/gtcb100c,industrialdistributor.com,distributor_product_page,0.4,True,True,success,f134c076f9a65d3f51839edcd9ca2b8a5242174a918ab83c7d8010013e1f43ad,2026-08-16T12:00:00Z
SRC-8fa1ef8c,504,Phillips Lighting,nan,566430,https://www.phillipslighting.com/products/566430,phillipslighting.com,manufacturer_product_page,1.0,True,True,success,c888c02b285f25b12dc9eeedd422bb6359c6a400501986a4a839d5c034c54016,2026-08-16T12:00:00Z
SRC-dcd09d86,504,Phillips Lighting,nan,566430,https://www.phillipslighting.com/docs/datasheets/566430.pdf,phillipslighting.com,manufacturer_pdf,1.0,True,True,success,5c098eb6db4f9e03fb8573a0069caf18f6864f7426bc62c92be7f9103fb3eb56,2026-08-16T12:00:00Z
SRC-53b873db,504,Phillips Lighting,nan,566430,https://www.industrialdistributor.com/p/566430,industrialdistributor.com,distributor_product_page,0.4,True,True,success,486569b1c47ce691dbaf61a2a204a4bc4439abb8ead5f1b8fa046272d42d33f8,2026-08-16T12:00:00Z
SRC-ae72edec,505,Phillips Lighting,nan,568337,https://www.phillipslighting.com/products/568337,phillipslighting.com,manufacturer_product_page,1.0,True,True,success,780a3db10b4d3d2f3d94f0d3d6b99f764ec602627754e14c7fdb924731a3307d,2026-08-16T12:00:00Z
SRC-1687d6fa,505,Phillips Lighting,nan,568337,https://www.phillipslighting.com/docs/datasheets/568337.pdf,phillipslighting.com,manufacturer_pdf,1.0,True,True,success,4517029a70c621c276b2d4753a0ab0593adafb7c58d80cdb901fa159d281df31,2026-08-16T12:00:00Z
SRC-1d495c67,505,Phillips Lighting,nan,568337,https://www.industrialdistributor.com/p/568337,industrialdistributor.com,distributor_product_page,0.4,True,True,success,92a1a6ae46af89d351ee964bd231ccf3cf5c70b6d5a8ecd7017cd5e6a5d80398,2026-08-16T12:00:00Z
SRC-daab6f1d,506,Phillips Lighting,nan,565788,https://www.phillipslighting.com/products/565788,phillipslighting.com,manufacturer_product_page,1.0,True,True,success,20b6808280a02bcf2998385485832dce709c153a694106c0cb2c4060210c9cc4,2026-08-16T12:00:00Z
SRC-f8974b2a,506,Phillips Lighting,nan,565788,https://www.phillipslighting.com/docs/datasheets/565788.pdf,phillipslighting.com,manufacturer_pdf,1.0,True,True,success,f4e0f72ed8f6040ffce2375d09f6b137b373d376ce26d452088412c1f79f6e1b,2026-08-16T12:00:00Z
SRC-2a5fc376,506,Phillips Lighting,nan,565788,https://www.industrialdistributor.com/p/565788,industrialdistributor.com,distributor_product_page,0.4,True,True,success,eec9c86b2a4e1cecd6910e84af2809ad7c42353db120bdd43dc05c2f19438f40,2026-08-16T12:00:00Z
SRC-31b08910,507,Phillips Lighting,nan,565770,https://www.phillipslighting.com/products/565770,phillipslighting.com,manufacturer_product_page,1.0,True,True,success,e1c36f8ca662559ced84645edc5d1b125aabff97b32ac24361dc9a969a6d4919,2026-08-16T12:00:00Z
SRC-160a79cf,507,Phillips Lighting,nan,565770,https://www.phillipslighting.com/docs/datasheets/565770.pdf,phillipslighting.com,manufacturer_pdf,1.0,True,True,success,213dc8fd451f0ffbbce3f68d9ee5eca7b9422185720951750a2ffb0a43c1e4ae,2026-08-16T12:00:00Z
SRC-a612397e,507,Phillips Lighting,nan,565770,https://www.industrialdistributor.com/p/565770,industrialdistributor.com,distributor_product_page,0.4,True,True,success,98cb0ba4a66f850879a88ba2071caab9decaa9191e9c4b16f380cea91cff0525,2026-08-16T12:00:00Z
SRC-1d13ba24,508,Phillips Lighting,nan,573436,https://www.phillipslighting.com/products/573436,phillipslighting.com,manufacturer_product_page,1.0,True,True,success,311ee21aaa35ea0e8d06743a7a5d24aec6aa00f6f48733c76124abe5554530ee,2026-08-16T12:00:00Z
SRC-7effd1c9,508,Phillips Lighting,nan,573436,https://www.phillipslighting.com/docs/datasheets/573436.pdf,phillipslighting.com,manufacturer_pdf,1.0,True,True,success,aaaed67071cf74b1a6f23a0f95f9b8b4eee718b0eb3bf814bc8aec102bfbd34c,2026-08-16T12:00:00Z
SRC-c8bba219,508,Phillips Lighting,nan,573436,https://www.industrialdistributor.com/p/573436,industrialdistributor.com,distributor_product_page,0.4,True,True,success,269c863b5d26b13608d0caebecde565bf13ed31d7af66da7e21ba21d90ba3e8b,2026-08-16T12:00:00Z
SRC-f4191efc,509,Phillips Lighting,nan,576538,https://www.phillipslighting.com/products/576538,phillipslighting.com,manufacturer_product_page,1.0,True,True,success,00f7a465b5e8ecd6950c1c5d7882a4923e4ce0f2af74cca8d021bbb073c8c8b1,2026-08-16T12:00:00Z
SRC-3c3e5658,509,Phillips Lighting,nan,576538,https://www.phillipslighting.com/docs/datasheets/576538.pdf,phillipslighting.com,manufacturer_pdf,1.0,True,True,success,e264a960deee24d0ace2157e28ee6352f6f093cfe6d7bff6f7b65ab4cc684193,2026-08-16T12:00:00Z
SRC-d621970c,509,Phillips Lighting,nan,576538,https://www.industrialdistributor.com/p/576538,industrialdistributor.com,distributor_product_page,0.4,True,True,success,9e6508d037ccac737425f72ea5c7f2878f7b627317e6f70cd2e7356991866e26,2026-08-16T12:00:00Z
SRC-7b832134,510,Phillips Lighting,nan,573451,https://www.phillipslighting.com/products/573451,phillipslighting.com,manufacturer_product_page,1.0,True,True,success,d76a9285ebe278ca3c36b798b56887ef1ecc7eef32552c5c504e3dde43af4ea3,2026-08-16T12:00:00Z
SRC-918903c3,510,Phillips Lighting,nan,573451,https://www.phillipslighting.com/docs/datasheets/573451.pdf,phillipslighting.com,manufacturer_pdf,1.0,True,True,success,b164b87ccc4aa4d621ff406c3c09d046f8e7b18c185ceb5d0f945e6f45366f9d,2026-08-16T12:00:00Z
SRC-88fd6117,510,Phillips Lighting,nan,573451,https://www.industrialdistributor.com/p/573451,industrialdistributor.com,distributor_product_page,0.4,True,True,success,859a1b5b6d4a3bb8b2ecb4b1617843e75cf45a81600cb247cd744a7854022c46,2026-08-16T12:00:00Z
SRC-eeb5449d,511,Phillips Lighting,nan,586883,https://www.phillipslighting.com/products/586883,phillipslighting.com,manufacturer_product_page,1.0,True,True,success,0ffdfd046ea4acf17ff3aa3567ed59ae8e1a85d3d8e5f82dfac11d01a22c661a,2026-08-16T12:00:00Z
SRC-4a00de64,511,Phillips Lighting,nan,586883,https://www.phillipslighting.com/docs/datasheets/586883.pdf,phillipslighting.com,manufacturer_pdf,1.0,True,True,success,cf9aa3c716c73b03ca3a08624df05fd802ddc741b33e32132e933109d8430f08,2026-08-16T12:00:00Z
SRC-a3581593,511,Phillips Lighting,nan,586883,https://www.industrialdistributor.com/p/586883,industrialdistributor.com,distributor_product_page,0.4,True,True,success,630fa496ee5e7cf865e4a0a68fc0f4e6a3d495caf01f1eeadd5970823509253f,2026-08-16T12:00:00Z
SRC-5bb2ecb9,512,Phillips Lighting,nan,586859,https://www.phillipslighting.com/products/586859,phillipslighting.com,manufacturer_product_page,1.0,True,True,success,fb6bbc24026ee319b09fcbfeda2551d9f261f22b1da84428a2a4fa37c6075c4e,2026-08-16T12:00:00Z
SRC-cbf25774,512,Phillips Lighting,nan,586859,https://www.phillipslighting.com/docs/datasheets/586859.pdf,phillipslighting.com,manufacturer_pdf,1.0,True,True,success,6019e320f52cb184ef7df048e50e5c369c064d87c3481630b5a6c9f0eece6fe6,2026-08-16T12:00:00Z
SRC-78b88ebf,512,Phillips Lighting,nan,586859,https://www.industrialdistributor.com/p/586859,industrialdistributor.com,distributor_product_page,0.4,True,True,success,ee1ab8d0d25d2947b5113d3f9000c5fac09f189c0941d8eee50a2b963e09e677,2026-08-16T12:00:00Z
SRC-799d27ba,513,Phillips Lighting,nan,576488,https://www.phillipslighting.com/products/576488,phillipslighting.com,manufacturer_product_page,1.0,True,True,success,bfb3f9d1d926962e1c288c8dff109328e18262f129030f8535a828f876bf8dae,2026-08-16T12:00:00Z
SRC-620e4813,513,Phillips Lighting,nan,576488,https://www.phillipslighting.com/docs/datasheets/576488.pdf,phillipslighting.com,manufacturer_pdf,1.0,True,True,success,858809ebbf4abcecb7f9f308ae113cc29535bb27f7b6bf25e0bd6aec02645c0e,2026-08-16T12:00:00Z
SRC-05d502c4,513,Phillips Lighting,nan,576488,https://www.industrialdistributor.com/p/576488,industrialdistributor.com,distributor_product_page,0.4,True,True,success,a24a2a60aa811cab80be8fd964dc40991dc66b7363439e84fbe4024312f979fd,2026-08-16T12:00:00Z
SRC-b71ca031,514,Phillips Lighting,nan,575217,https://www.phillipslighting.com/products/575217,phillipslighting.com,manufacturer_product_page,1.0,True,True,success,f086b8728a82ed43ab355ccc6a4c053815673c179bd309d575da498b2e78a3bb,2026-08-16T12:00:00Z
SRC-4fdd4a01,514,Phillips Lighting,nan,575217,https://www.phillipslighting.com/docs/datasheets/575217.pdf,phillipslighting.com,manufacturer_pdf,1.0,True,True,success,77b8c4ba3611cf5abba7a206403edbc241661030dc7bd182c91d50a2b04937fe,2026-08-16T12:00:00Z
SRC-9ddbee89,514,Phillips Lighting,nan,575217,https://www.industrialdistributor.com/p/575217,industrialdistributor.com,distributor_product_page,0.4,True,True,success,b88e4f907335a8782b69e03216e0bbd9f10a13ea0119dddc513184cd8e2c27f9,2026-08-16T12:00:00Z
SRC-a68a1480,515,Phillips Lighting,nan,586479,https://www.phillipslighting.com/products/586479,phillipslighting.com,manufacturer_product_page,1.0,True,True,success,ce23e29a265a89be0910550663c5d70bcefdd0b035134b98c2a24bdd6e2351ef,2026-08-16T12:00:00Z
SRC-3cab55fc,515,Phillips Lighting,nan,586479,https://www.phillipslighting.com/docs/datasheets/586479.pdf,phillipslighting.com,manufacturer_pdf,1.0,True,True,success,07f200cb319a47b18df6b142a8085347c1cce5aa6baa1b46d421b35286e79799,2026-08-16T12:00:00Z
SRC-e72b51ff,515,Phillips Lighting,nan,586479,https://www.industrialdistributor.com/p/586479,industrialdistributor.com,distributor_product_page,0.4,True,True,success,a541c6d572c4042c34ccda5214adebe11d276807fbbf5417355fd73653216d21,2026-08-16T12:00:00Z
SRC-f0371eb5,516,Phillips Lighting,nan,571471,https://www.phillipslighting.com/products/571471,phillipslighting.com,manufacturer_product_page,1.0,True,True,success,4b2fb27175be5891ead9045208ddd3105ffaa0b506415eb29a562766e0fb1833,2026-08-16T12:00:00Z
SRC-bbedabcd,516,Phillips Lighting,nan,571471,https://www.phillipslighting.com/docs/datasheets/571471.pdf,phillipslighting.com,manufacturer_pdf,1.0,True,True,success,df353d6e6873493c8b5d95938a86cb900670b12472cdc505e3bd10ce2a6b3a30,2026-08-16T12:00:00Z
SRC-a3c99d3e,516,Phillips Lighting,nan,571471,https://www.industrialdistributor.com/p/571471,industrialdistributor.com,distributor_product_page,0.4,True,True,success,854f3d2e59ad5dd22d23c90dd9b85cc7158b9c24453cf32d39f5c29f4ecb9ae6,2026-08-16T12:00:00Z
SRC-b1237f7f,517,Phillips Lighting,nan,570762,https://www.phillipslighting.com/products/570762,phillipslighting.com,manufacturer_product_page,1.0,True,True,success,f2a85b74928a70192e194df6a1ff5d2b89f868b30fe393a48cb0f1e8b1f6f12b,2026-08-16T12:00:00Z
SRC-3692c08f,517,Phillips Lighting,nan,570762,https://www.phillipslighting.com/docs/datasheets/570762.pdf,phillipslighting.com,manufacturer_pdf,1.0,True,True,success,14c7830db3880a4e8351cf0ac224d5a2cd25ccdcc29a3c330ffc0cf1bfd56e63,2026-08-16T12:00:00Z
SRC-01d39e80,517,Phillips Lighting,nan,570762,https://www.industrialdistributor.com/p/570762,industrialdistributor.com,distributor_product_page,0.4,True,True,success,cc6e1c8af995c2edec808c7bfb05af5e1eb46852ab9afea3e5c6a43d35882810,2026-08-16T12:00:00Z
SRC-c385f9c1,518,Phillips Lighting,nan,571505,https://www.phillipslighting.com/products/571505,phillipslighting.com,manufacturer_product_page,1.0,True,True,success,e9f58b69f1b48d2e2852926115881dc94c3955e44c971401abe521b6cbc17399,2026-08-16T12:00:00Z
SRC-90744a7d,518,Phillips Lighting,nan,571505,https://www.phillipslighting.com/docs/datasheets/571505.pdf,phillipslighting.com,manufacturer_pdf,1.0,True,True,success,0b3ab2dbc2d0e9a827c14330d7c70d54bcc1fa7e34a33c84fc7d64c58950a8f6,2026-08-16T12:00:00Z
SRC-bc294542,518,Phillips Lighting,nan,571505,https://www.industrialdistributor.com/p/571505,industrialdistributor.com,distributor_product_page,0.4,True,True,success,16118676a7e3c701227f56b843b0b3e37cd98abb4228ca921ce3cf0ed0cd67a3,2026-08-16T12:00:00Z
SRC-f08b2a7b,519,Phillips Lighting,nan,573519,https://www.phillipslighting.com/products/573519,phillipslighting.com,manufacturer_product_page,1.0,True,True,success,d445c25ddf5f09188a5deed1c78ecdcab53f88a0cb204cdf7647888ae3c63f41,2026-08-16T12:00:00Z
SRC-dcd11be6,519,Phillips Lighting,nan,573519,https://www.phillipslighting.com/docs/datasheets/573519.pdf,phillipslighting.com,manufacturer_pdf,1.0,True,True,success,46dc4e6a973d3fe78e6414867abac93c9ff8d4716415acfa4f170637af7c2371,2026-08-16T12:00:00Z
SRC-40f85ce1,519,Phillips Lighting,nan,573519,https://www.industrialdistributor.com/p/573519,industrialdistributor.com,distributor_product_page,0.4,True,True,success,e94c0c17485464c85475c60b3602a77a9485efabfa15e6eb42bb933e1cf7a122,2026-08-16T12:00:00Z
SRC-a86a925f,520,Phillips Lighting,nan,573378,https://www.phillipslighting.com/products/573378,phillipslighting.com,manufacturer_product_page,1.0,True,True,success,a3eaba8fa0ba0dfec6d4a298896d7d5fe75ca2416ec46983df1b4afe1e26bb86,2026-08-16T12:00:00Z
SRC-1508a19f,520,Phillips Lighting,nan,573378,https://www.phillipslighting.com/docs/datasheets/573378.pdf,phillipslighting.com,manufacturer_pdf,1.0,True,True,success,822105e10586273fefade0f9cbc1331a50c78681426dd69d893843fe8f38addb,2026-08-16T12:00:00Z
SRC-db89e68c,520,Phillips Lighting,nan,573378,https://www.industrialdistributor.com/p/573378,industrialdistributor.com,distributor_product_page,0.4,True,True,success,2d13e11a6f1278199a9fc402f69c323629f67473047491c6824c0c9fd399051e,2026-08-16T12:00:00Z
SRC-40541195,521,Phillips Lighting,nan,565622,https://www.phillipslighting.com/products/565622,phillipslighting.com,manufacturer_product_page,1.0,True,True,success,e61bc32c9184fe242c50c1072b9e842dc555b860396d16159e2e807688852257,2026-08-16T12:00:00Z
SRC-43d06c73,521,Phillips Lighting,nan,565622,https://www.phillipslighting.com/docs/datasheets/565622.pdf,phillipslighting.com,manufacturer_pdf,1.0,True,True,success,e92557855af914dd90ed1a0a2828a582d9a899d3785ba7f7a2fda076b5eb250f,2026-08-16T12:00:00Z
SRC-4acc196f,521,Phillips Lighting,nan,565622,https://www.industrialdistributor.com/p/565622,industrialdistributor.com,distributor_product_page,0.4,True,True,success,8910c198d20d42dac244205414cdb6b48f84f29b2d20714ad0cb8e9c4f106f60,2026-08-16T12:00:00Z
SRC-4ba04f37,522,Phillips Lighting,nan,586891,https://www.phillipslighting.com/products/586891,phillipslighting.com,manufacturer_product_page,1.0,True,True,success,ab4271540ed310d0fe6c4887ab550daf7f038cf5e39b21d3aec6124d45035298,2026-08-16T12:00:00Z
SRC-073882b1,522,Phillips Lighting,nan,586891,https://www.phillipslighting.com/docs/datasheets/586891.pdf,phillipslighting.com,manufacturer_pdf,1.0,True,True,success,2a829916279b5770e0aa03ff301008ed13c2465ceacf32476959e54b121e0fb4,2026-08-16T12:00:00Z
SRC-639f4761,522,Phillips Lighting,nan,586891,https://www.industrialdistributor.com/p/586891,industrialdistributor.com,distributor_product_page,0.4,True,True,success,ae14aff802182f570f72c51e4d7dc229a458aee49942c12c9060d87cdb6cd91f,2026-08-16T12:00:00Z
SRC-755dd46a,523,Phillips Lighting,nan,585448,https://www.phillipslighting.com/products/585448,phillipslighting.com,manufacturer_product_page,1.0,True,True,success,33c91b1cb7fad842996d477e74f9b0779e2957362982b7d520b27932fff21cf5,2026-08-16T12:00:00Z
SRC-1a3ffc9e,523,Phillips Lighting,nan,585448,https://www.phillipslighting.com/docs/datasheets/585448.pdf,phillipslighting.com,manufacturer_pdf,1.0,True,True,success,0fb8b71f11f396f9653bae1b65a1db4d423dfbea0a99e12c093a02b868803169,2026-08-16T12:00:00Z
SRC-2326b8fa,523,Phillips Lighting,nan,585448,https://www.industrialdistributor.com/p/585448,industrialdistributor.com,distributor_product_page,0.4,True,True,success,e4ad1d94ee0dbfbb41ac9b6bc5a4f4fba8f07605769e273033fc2f32324dd72d,2026-08-16T12:00:00Z
SRC-a2e9b638,524,Phillips Lighting,nan,573444,https://www.phillipslighting.com/products/573444,phillipslighting.com,manufacturer_product_page,1.0,True,True,success,c5fcfae1427dd38f0bfd9f4c520c9a26802128f3cb03060a3e924fe22ee94407,2026-08-16T12:00:00Z
SRC-a5ae10e4,524,Phillips Lighting,nan,573444,https://www.phillipslighting.com/docs/datasheets/573444.pdf,phillipslighting.com,manufacturer_pdf,1.0,True,True,success,92354d8eb7a011f378ec3ccbf65744e51655479bf73c4e3f5ab05fc4cc1c40b0,2026-08-16T12:00:00Z
SRC-61137778,524,Phillips Lighting,nan,573444,https://www.industrialdistributor.com/p/573444,industrialdistributor.com,distributor_product_page,0.4,True,True,success,2b1aeb5af533ab81d5c0c0e93e0c654aef2ee2e1b3122860cb2b1522d43e6e06,2026-08-16T12:00:00Z
SRC-3e416db5,525,Phillips Lighting,nan,566687,https://www.phillipslighting.com/products/566687,phillipslighting.com,manufacturer_product_page,1.0,True,True,success,81bbb2b5b135f921b33f33f7f4de1ec78dead7d8017e1da0219b1bf7add319c7,2026-08-16T12:00:00Z
SRC-20f8ba1e,525,Phillips Lighting,nan,566687,https://www.phillipslighting.com/docs/datasheets/566687.pdf,phillipslighting.com,manufacturer_pdf,1.0,True,True,success,7fb5ae3425b2512825911bc0109e7ac65f319d08d8c7c748a457ac69621c9852,2026-08-16T12:00:00Z
SRC-3220c819,525,Phillips Lighting,nan,566687,https://www.industrialdistributor.com/p/566687,industrialdistributor.com,distributor_product_page,0.4,True,True,success,fafe4a0d4067f726a08e928b0055c75981d3ff3d948a1e955cb999967be41040,2026-08-16T12:00:00Z
SRC-d5798f22,526,Phillips Lighting,nan,564385,https://www.phillipslighting.com/products/564385,phillipslighting.com,manufacturer_product_page,1.0,True,True,success,5057f2119d66b7acfa931d05b088b66237158b4ccd1a41b728197da710b4709a,2026-08-16T12:00:00Z
SRC-f30fcfe8,526,Phillips Lighting,nan,564385,https://www.phillipslighting.com/docs/datasheets/564385.pdf,phillipslighting.com,manufacturer_pdf,1.0,True,True,success,06de16e24e22ca7aa9f0d00594f2033ffb003ab95ab2938d8f3e1889a7d09202,2026-08-16T12:00:00Z
SRC-5923a3d0,526,Phillips Lighting,nan,564385,https://www.industrialdistributor.com/p/564385,industrialdistributor.com,distributor_product_page,0.4,True,True,success,76cff2a3dd9554587db0e8b97ef7f4f5002956142f2c6cac62c0226491a6fa92,2026-08-16T12:00:00Z
SRC-7b3dbfd5,527,Phillips Lighting,nan,566661,https://www.phillipslighting.com/products/566661,phillipslighting.com,manufacturer_product_page,1.0,True,True,success,f23314507b92aa113945e8364dd8985e8d1a74141faf6da64a8ae90275d95d9b,2026-08-16T12:00:00Z
SRC-4f8e3bd2,527,Phillips Lighting,nan,566661,https://www.phillipslighting.com/docs/datasheets/566661.pdf,phillipslighting.com,manufacturer_pdf,1.0,True,True,success,f19f55579478c0a902cb7eb610ffcd72c631d1d70a90b59039ae9f5aa2bded98,2026-08-16T12:00:00Z
SRC-46ea311f,527,Phillips Lighting,nan,566661,https://www.industrialdistributor.com/p/566661,industrialdistributor.com,distributor_product_page,0.4,True,True,success,a8c7551df3a12c3bf3bd2fd8f2fd110dd686e9d0ab74cdf7b8278d2b71bcd93f,2026-08-16T12:00:00Z
SRC-37a3ea67,528,Phillips Lighting,nan,564898,https://www.phillipslighting.com/products/564898,phillipslighting.com,manufacturer_product_page,1.0,True,True,success,0bf98d2a8a33c75b9311068ca489e425e1d4b1c592cc419eb253967e6c7ccb6c,2026-08-16T12:00:00Z
SRC-a045a42e,528,Phillips Lighting,nan,564898,https://www.phillipslighting.com/docs/datasheets/564898.pdf,phillipslighting.com,manufacturer_pdf,1.0,True,True,success,35a81a70adbcab31a4fe362e1ee1cfd3a30d666abeaf2ba9e85fd929806fbd9b,2026-08-16T12:00:00Z
SRC-66f4b733,528,Phillips Lighting,nan,564898,https://www.industrialdistributor.com/p/564898,industrialdistributor.com,distributor_product_page,0.4,True,True,success,f26f34bba50cce2ab46898481b35b6ad5fff0bbcbb33764ee6611287fb07db9b,2026-08-16T12:00:00Z
SRC-5cdd78ea,529,Phillips Lighting,nan,588525,https://www.phillipslighting.com/products/588525,phillipslighting.com,manufacturer_product_page,1.0,True,True,success,47fe341a44a5ef89a34cc812addd8e58716490a2d3d88119ec96b7f20c2797b6,2026-08-16T12:00:00Z
SRC-6cda886c,529,Phillips Lighting,nan,588525,https://www.phillipslighting.com/docs/datasheets/588525.pdf,phillipslighting.com,manufacturer_pdf,1.0,True,True,success,d1d6d792289984e49911a6983c992f3c6950d18c3fc39d20e249f9d13cd7ad59,2026-08-16T12:00:00Z
SRC-db1b64bd,529,Phillips Lighting,nan,588525,https://www.industrialdistributor.com/p/588525,industrialdistributor.com,distributor_product_page,0.4,True,True,success,a200b90e117a16d066a99890a96d7bd42c96a1b4d92943d7ed6129a47f4d78ec,2026-08-16T12:00:00Z
SRC-8c136b09,530,Phillips Lighting,nan,576009,https://www.phillipslighting.com/products/576009,phillipslighting.com,manufacturer_product_page,1.0,True,True,success,5ba572799a8f412f1a72b25d7ae41b7e7a3bd4d3bcbcd2292399e629173fc182,2026-08-16T12:00:00Z
SRC-f80fb592,530,Phillips Lighting,nan,576009,https://www.phillipslighting.com/docs/datasheets/576009.pdf,phillipslighting.com,manufacturer_pdf,1.0,True,True,success,029ae3769bd781a42603541816d8b09fa9d30c5e57fb3d5be1aac710c1422db5,2026-08-16T12:00:00Z
SRC-b852c33d,530,Phillips Lighting,nan,576009,https://www.industrialdistributor.com/p/576009,industrialdistributor.com,distributor_product_page,0.4,True,True,success,1aaf0ed5316aa158ff8016881dfbcf0234ce8126cacf287012de66926da4cdd7,2026-08-16T12:00:00Z
SRC-2371462d,531,Phillips Lighting,nan,564450,https://www.phillipslighting.com/products/564450,phillipslighting.com,manufacturer_product_page,1.0,True,True,success,4fccac9ebf9c608861bfd2bac8a47eb6b360ec9340d8b85946cb8c6cb3481ba2,2026-08-16T12:00:00Z
SRC-767886d6,531,Phillips Lighting,nan,564450,https://www.phillipslighting.com/docs/datasheets/564450.pdf,phillipslighting.com,manufacturer_pdf,1.0,True,True,success,f1b5eba850a69068e7c28efa435a72a3c10f4fee1adc92074d42ae0a2d7b2ceb,2026-08-16T12:00:00Z
SRC-37507063,531,Phillips Lighting,nan,564450,https://www.industrialdistributor.com/p/564450,industrialdistributor.com,distributor_product_page,0.4,True,True,success,fb99c20e4d06d1d80a8552a2d97076f89c48410025661f1d89ad7ef28c39b6e9,2026-08-16T12:00:00Z
SRC-35929157,532,Phillips Lighting,nan,572669,https://www.phillipslighting.com/products/572669,phillipslighting.com,manufacturer_product_page,1.0,True,True,success,dc4c436a8ee6aa494af6dc7885226871dfdd89e02371cb5b8481c30e649cdeae,2026-08-16T12:00:00Z
SRC-0cb04ea0,532,Phillips Lighting,nan,572669,https://www.phillipslighting.com/docs/datasheets/572669.pdf,phillipslighting.com,manufacturer_pdf,1.0,True,True,success,ea34aa1d5321c65a4c8537016b5826e86f9f21b5c26f56b468bf5d1232807b69,2026-08-16T12:00:00Z
SRC-e53609f2,532,Phillips Lighting,nan,572669,https://www.industrialdistributor.com/p/572669,industrialdistributor.com,distributor_product_page,0.4,True,True,success,cdf329ab3564f1d87a68844fbc06bbc98c9a7a6ddb6451943be49accb7b777db,2026-08-16T12:00:00Z
SRC-6f7f5baa,533,Phillips Lighting,nan,564906,https://www.phillipslighting.com/products/564906,phillipslighting.com,manufacturer_product_page,1.0,True,True,success,644a5fee68fe980f82e7ef72b36fbd07baaa2b4f5e781cda41aab4608122cc01,2026-08-16T12:00:00Z
SRC-f10c202a,533,Phillips Lighting,nan,564906,https://www.phillipslighting.com/docs/datasheets/564906.pdf,phillipslighting.com,manufacturer_pdf,1.0,True,True,success,e5da6f820a31ba13f2f115fee9d044ea1ee5a9e53743671d78e876aef51079b0,2026-08-16T12:00:00Z
SRC-63cfbc78,533,Phillips Lighting,nan,564906,https://www.industrialdistributor.com/p/564906,industrialdistributor.com,distributor_product_page,0.4,True,True,success,4a3e834e4b47c3b75da1ccc90cdfb19b9e3c26598db52b010e5fd10956a1354e,2026-08-16T12:00:00Z
SRC-159560cc,534,Phillips Lighting,nan,573410,https://www.phillipslighting.com/products/573410,phillipslighting.com,manufacturer_product_page,1.0,True,True,success,d233d2b0b93c603704af1bb992a438743b91f03b2ca7750289973ca5af65559a,2026-08-16T12:00:00Z
SRC-9eee0553,534,Phillips Lighting,nan,573410,https://www.phillipslighting.com/docs/datasheets/573410.pdf,phillipslighting.com,manufacturer_pdf,1.0,True,True,success,d24b6cb0943ba0f522a4f577c32506bedd0e9f5cba924d4730d9086235e0e4d5,2026-08-16T12:00:00Z
SRC-716074ea,534,Phillips Lighting,nan,573410,https://www.industrialdistributor.com/p/573410,industrialdistributor.com,distributor_product_page,0.4,True,True,success,f3bb5d50e19e7eb91184ff5c9f1295e7839c6c484ecf8ece9a723220506d670a,2026-08-16T12:00:00Z
SRC-e8d53770,535,Phillips Lighting,nan,576504,https://www.phillipslighting.com/products/576504,phillipslighting.com,manufacturer_product_page,1.0,True,True,success,e961e9d3c8316c41cae238befcca4f69f7e9efb135aed618af2115c16ca9b050,2026-08-16T12:00:00Z
SRC-9e8753ea,535,Phillips Lighting,nan,576504,https://www.phillipslighting.com/docs/datasheets/576504.pdf,phillipslighting.com,manufacturer_pdf,1.0,True,True,success,2f3fa480c4da684bdf31841ad07c8684f30a1cebe4f3f3c153753b6e53d25e6a,2026-08-16T12:00:00Z
SRC-90fa4c13,535,Phillips Lighting,nan,576504,https://www.industrialdistributor.com/p/576504,industrialdistributor.com,distributor_product_page,0.4,True,True,success,54d8426f403cfd515a66feb8e6cd84989c8dbd1645e6b6cae1a2b22a3f04e8bb,2026-08-16T12:00:00Z
SRC-df32366b,536,Phillips Lighting,nan,576017,https://www.phillipslighting.com/products/576017,phillipslighting.com,manufacturer_product_page,1.0,True,True,success,b61cab592aae69f67856225adf5177e861d9221587d08fff7e8a023f85d733d5,2026-08-16T12:00:00Z
SRC-82fdd440,536,Phillips Lighting,nan,576017,https://www.phillipslighting.com/docs/datasheets/576017.pdf,phillipslighting.com,manufacturer_pdf,1.0,True,True,success,2fdc269db2d594f3f5de4830c18a10ccd8614e4774a48925ff25ff8d3d485b22,2026-08-16T12:00:00Z
SRC-7b9206a9,536,Phillips Lighting,nan,576017,https://www.industrialdistributor.com/p/576017,industrialdistributor.com,distributor_product_page,0.4,True,True,success,b5594d6fdaa2dc0db0919b8ef5a58e07206125488562c60ad081a9ea58735054,2026-08-16T12:00:00Z
SRC-d2cf3cbd,537,Phillips Lighting,nan,574392,https://www.phillipslighting.com/products/574392,phillipslighting.com,manufacturer_product_page,1.0,True,True,success,3a367385caeaf77ddb6dbd702ec88e055c366828d263b84afb0ebfac75b93278,2026-08-16T12:00:00Z
SRC-e67205da,537,Phillips Lighting,nan,574392,https://www.phillipslighting.com/docs/datasheets/574392.pdf,phillipslighting.com,manufacturer_pdf,1.0,True,True,success,d952f5ca19bcb4b9a4a82ec10c32e4d2bcd601833092b097f138dd2250b48394,2026-08-16T12:00:00Z
SRC-3d74b10a,537,Phillips Lighting,nan,574392,https://www.industrialdistributor.com/p/574392,industrialdistributor.com,distributor_product_page,0.4,True,True,success,3459bf0e94cb45baa55cca821e5c6d2c2b34e648aedaad71aab439ba68156a24,2026-08-16T12:00:00Z
SRC-c324a43d,538,Phillips Lighting,nan,576751,https://www.phillipslighting.com/products/576751,phillipslighting.com,manufacturer_product_page,1.0,True,True,success,c5f28cc9804ac24051d9fcb7af6af51511fe0a18a6392fd8a65ebadddd6edacd,2026-08-16T12:00:00Z
SRC-b2863d27,538,Phillips Lighting,nan,576751,https://www.phillipslighting.com/docs/datasheets/576751.pdf,phillipslighting.com,manufacturer_pdf,1.0,True,True,success,b890a96df120ff7e70df3784d841b3692d89ed1df781bd7efe2718bcfe850d8f,2026-08-16T12:00:00Z
SRC-7995a93b,538,Phillips Lighting,nan,576751,https://www.industrialdistributor.com/p/576751,industrialdistributor.com,distributor_product_page,0.4,True,True,success,26cb8b275b2b7c69c04404bb298e163ace4e3ac88ff34378ea2c464f9914cda8,2026-08-16T12:00:00Z
SRC-6970663c,539,Phillips Lighting,nan,583161,https://www.phillipslighting.com/products/583161,phillipslighting.com,manufacturer_product_page,1.0,True,True,success,c0f38ad3822ab11904b79d94f12805d4faedc4b598bf1e393bf211ea99a3b0f6,2026-08-16T12:00:00Z
SRC-f261699b,539,Phillips Lighting,nan,583161,https://www.phillipslighting.com/docs/datasheets/583161.pdf,phillipslighting.com,manufacturer_pdf,1.0,True,True,success,dc3a32c1796c31a8e140b47b4391344cfbb312129189f0ca454adbbf60974502,2026-08-16T12:00:00Z
SRC-700e5918,539,Phillips Lighting,nan,583161,https://www.industrialdistributor.com/p/583161,industrialdistributor.com,distributor_product_page,0.4,True,True,success,221aa6f3d027f5466d2be19f3ddd94f47a2c7af46fa87452726f1e1ccd03b7a7,2026-08-16T12:00:00Z
SRC-55b18a28,540,Phillips Lighting,nan,566695,https://www.phillipslighting.com/products/566695,phillipslighting.com,manufacturer_product_page,1.0,True,True,success,c16d6adb2a233b4fc28d0b4769b48264d0f4c236affb31613664f98c3d4c2fc5,2026-08-16T12:00:00Z
SRC-69fc6c14,540,Phillips Lighting,nan,566695,https://www.phillipslighting.com/docs/datasheets/566695.pdf,phillipslighting.com,manufacturer_pdf,1.0,True,True,success,66deb766e12abda72103d9e26091f4cb7a81a41323892dba429e83cd3e9b5e8d,2026-08-16T12:00:00Z
SRC-846922fc,540,Phillips Lighting,nan,566695,https://www.industrialdistributor.com/p/566695,industrialdistributor.com,distributor_product_page,0.4,True,True,success,5a933cb395cd1e0a7b2f1a1427bca5bff66b5de2ba4ab7289e3fa12c56e8ef6b,2026-08-16T12:00:00Z
SRC-e8014b2b,541,Phillips Lighting,nan,577007,https://www.phillipslighting.com/products/577007,phillipslighting.com,manufacturer_product_page,1.0,True,True,success,e89357976b3128feb215b1df672afc82352a2ddfa957c374456f075245d69ec9,2026-08-16T12:00:00Z
SRC-e0b66dbb,541,Phillips Lighting,nan,577007,https://www.phillipslighting.com/docs/datasheets/577007.pdf,phillipslighting.com,manufacturer_pdf,1.0,True,True,success,a7f0e851a0f844e6c1f5e70920bb84e30b5f50d25b3dc28a9430af63e69039c4,2026-08-16T12:00:00Z
SRC-4f23ed5e,541,Phillips Lighting,nan,577007,https://www.industrialdistributor.com/p/577007,industrialdistributor.com,distributor_product_page,0.4,True,True,success,13968b6d02338defff416750693945347dfe51303e79d8c0bb46db30d2649623,2026-08-16T12:00:00Z
SRC-66923e17,542,Phillips Lighting,nan,566653,https://www.phillipslighting.com/products/566653,phillipslighting.com,manufacturer_product_page,1.0,True,True,success,adcfc093e3fa0964dac733102f3d64cc5cd152e33cd5c82496dcd3e1a6148ddc,2026-08-16T12:00:00Z
SRC-ec1f6e30,542,Phillips Lighting,nan,566653,https://www.phillipslighting.com/docs/datasheets/566653.pdf,phillipslighting.com,manufacturer_pdf,1.0,True,True,success,a982f93a0784a8e6c270e869b240d21d57f15e3da8863db7214ad4614211f097,2026-08-16T12:00:00Z
SRC-c8252412,542,Phillips Lighting,nan,566653,https://www.industrialdistributor.com/p/566653,industrialdistributor.com,distributor_product_page,0.4,True,True,success,0fe5c0085f1d7eb05c92ca4114cbc0fcea928b5412bcd814267a4280ab6b827b,2026-08-16T12:00:00Z
SRC-b0e732fd,543,Phillips Lighting,nan,566679,https://www.phillipslighting.com/products/566679,phillipslighting.com,manufacturer_product_page,1.0,True,True,success,eb4386692d6932df7b9f0f531d1de17a97f0969cafee2f654763487187aeda18,2026-08-16T12:00:00Z
SRC-9a7da63a,543,Phillips Lighting,nan,566679,https://www.phillipslighting.com/docs/datasheets/566679.pdf,phillipslighting.com,manufacturer_pdf,1.0,True,True,success,328a7d527287a3f919917b06c543bf04da90889bb3a5ed85ee9e24d1b44b3aa7,2026-08-16T12:00:00Z
SRC-4691db2d,543,Phillips Lighting,nan,566679,https://www.industrialdistributor.com/p/566679,industrialdistributor.com,distributor_product_page,0.4,True,True,success,2bcdae91e6af1ece3a0cbc9c84394a9aca82845a0262adf6af391a56fde436e2,2026-08-16T12:00:00Z
SRC-ce175e64,544,Phillips Lighting,nan,573311,https://www.phillipslighting.com/products/573311,phillipslighting.com,manufacturer_product_page,1.0,True,True,success,e68e774f1045438baa071f95c239912f472a89bd5cb24cd68926f4c7ddb027df,2026-08-16T12:00:00Z
SRC-acac802d,544,Phillips Lighting,nan,573311,https://www.phillipslighting.com/docs/datasheets/573311.pdf,phillipslighting.com,manufacturer_pdf,1.0,True,True,success,8c406e26ccb23c2eaacdb416f14fc527814d51e86b4ae0959b1b11253f6b7512,2026-08-16T12:00:00Z
SRC-db94d29b,544,Phillips Lighting,nan,573311,https://www.industrialdistributor.com/p/573311,industrialdistributor.com,distributor_product_page,0.4,True,True,success,17681fe1d79bc762e303c973acdd8b4cba2774762e8933d9b52ab6af1ee5aee5,2026-08-16T12:00:00Z
SRC-c38bf7f6,545,Phillips Lighting,nan,573394,https://www.phillipslighting.com/products/573394,phillipslighting.com,manufacturer_product_page,1.0,True,True,success,b30772f054a50f18fac6f1d5eac6c18017b26fdf0a7f5c6340b0d1c382b5fcae,2026-08-16T12:00:00Z
SRC-f386d1bd,545,Phillips Lighting,nan,573394,https://www.phillipslighting.com/docs/datasheets/573394.pdf,phillipslighting.com,manufacturer_pdf,1.0,True,True,success,7128eae68022fdf07cd28a896180cb562337f7c51b2fbf62674e91dc573df9df,2026-08-16T12:00:00Z
SRC-ad647e71,545,Phillips Lighting,nan,573394,https://www.industrialdistributor.com/p/573394,industrialdistributor.com,distributor_product_page,0.4,True,True,success,362103630a3fb4c26a06e4c390d0c552caadac46fe0c5c948d53580ded79bcfb,2026-08-16T12:00:00Z
SRC-d625d321,546,Phillips Lighting,nan,573329,https://www.phillipslighting.com/products/573329,phillipslighting.com,manufacturer_product_page,1.0,True,True,success,f1310bfd2f3557145bc4e3c533dd6631954aad53f45068c9defb69f559a7e604,2026-08-16T12:00:00Z
SRC-31de4ff2,546,Phillips Lighting,nan,573329,https://www.phillipslighting.com/docs/datasheets/573329.pdf,phillipslighting.com,manufacturer_pdf,1.0,True,True,success,d1b02f0f421ff4a7d56e3975d59be15c78f012f174f71407fc58a11697049f99,2026-08-16T12:00:00Z
SRC-73fc3311,546,Phillips Lighting,nan,573329,https://www.industrialdistributor.com/p/573329,industrialdistributor.com,distributor_product_page,0.4,True,True,success,bd186a3a40c526c814d49bffc9b495fa9384fd1c904ccbe4712af9fb5c4cf38c,2026-08-16T12:00:00Z
SRC-f93d9b10,547,Phillips Lighting,nan,564930,https://www.phillipslighting.com/products/564930,phillipslighting.com,manufacturer_product_page,1.0,True,True,success,5ff5a09e4ac1146cad54befe3458e33d0f183e82ffeb2a5cd0ddb5f88c151c23,2026-08-16T12:00:00Z
SRC-bc4d0f03,547,Phillips Lighting,nan,564930,https://www.phillipslighting.com/docs/datasheets/564930.pdf,phillipslighting.com,manufacturer_pdf,1.0,True,True,success,18401141bcdfc4f8e3ad6944f89f130c05ce470a28287923ed507bc07f02c689,2026-08-16T12:00:00Z
SRC-d20071a6,547,Phillips Lighting,nan,564930,https://www.industrialdistributor.com/p/564930,industrialdistributor.com,distributor_product_page,0.4,True,True,success,253226b8fcb0e89393ef5c6cc61852ffb9f6e168859a32ca47ae0551118053cc,2026-08-16T12:00:00Z
SRC-4103daeb,548,Phillips Lighting,nan,565000,https://www.phillipslighting.com/products/565000,phillipslighting.com,manufacturer_product_page,1.0,True,True,success,091303f7df981ffa335e8a0a04b17b74597a33622f31d42c1fc75dd9e37aaf7f,2026-08-16T12:00:00Z
SRC-96398ac1,548,Phillips Lighting,nan,565000,https://www.phillipslighting.com/docs/datasheets/565000.pdf,phillipslighting.com,manufacturer_pdf,1.0,True,True,success,eec0dd51b3ae1b49bc8c07562cafe882e081a599d9a9e03d27b05a8ef251cfad,2026-08-16T12:00:00Z
SRC-0b4645ec,548,Phillips Lighting,nan,565000,https://www.industrialdistributor.com/p/565000,industrialdistributor.com,distributor_product_page,0.4,True,True,success,3f74bec7028e4b1fea6af34369cd58f1f7bc6165d7c25e18db178e346ec53057,2026-08-16T12:00:00Z
SRC-6f9690da,549,Phillips Lighting,nan,564922,https://www.phillipslighting.com/products/564922,phillipslighting.com,manufacturer_product_page,1.0,True,True,success,6254d27ed88eb262e76e39518791e2630952de0f5a78ad4436449603c5353cb2,2026-08-16T12:00:00Z
SRC-1db2bbf9,549,Phillips Lighting,nan,564922,https://www.phillipslighting.com/docs/datasheets/564922.pdf,phillipslighting.com,manufacturer_pdf,1.0,True,True,success,6fa4880a552b9c9248570f33a8b1190008c60bbc508f635199526dc3cb991b94,2026-08-16T12:00:00Z
SRC-23bd9045,549,Phillips Lighting,nan,564922,https://www.industrialdistributor.com/p/564922,industrialdistributor.com,distributor_product_page,0.4,True,True,success,3f8380792b2905f37e331ad47ffa6489b07fa65bfef973895c9f501743624271,2026-08-16T12:00:00Z
SRC-e641f985,550,Phillips Lighting,nan,573295,https://www.phillipslighting.com/products/573295,phillipslighting.com,manufacturer_product_page,1.0,True,True,success,aeb3b1462efe85a29a9a7730f372f3440b12c16fcf6b5c1ce1bd0f2dcc8a6518,2026-08-16T12:00:00Z
SRC-95ab8647,550,Phillips Lighting,nan,573295,https://www.phillipslighting.com/docs/datasheets/573295.pdf,phillipslighting.com,manufacturer_pdf,1.0,True,True,success,4c58e4d44d0b08116b8a669182c0e01163fa9787af1e472b717c165f2ace67a6,2026-08-16T12:00:00Z
SRC-99ce5c37,550,Phillips Lighting,nan,573295,https://www.industrialdistributor.com/p/573295,industrialdistributor.com,distributor_product_page,0.4,True,True,success,194823da7ad2e8a00d61fb4c6ce87cdecf61a26135fc896178f2581a4bae044a,2026-08-16T12:00:00Z
SRC-86ca4641,551,Phillips Lighting,nan,564914,https://www.phillipslighting.com/products/564914,phillipslighting.com,manufacturer_product_page,1.0,True,True,success,14fcaf7ada503cefb912d77a61b51853be5737d239cd5ff1a41a39bdc16c04a1,2026-08-16T12:00:00Z
SRC-de547b37,551,Phillips Lighting,nan,564914,https://www.phillipslighting.com/docs/datasheets/564914.pdf,phillipslighting.com,manufacturer_pdf,1.0,True,True,success,809d4680c5e1db5f0ada4b11301b0e2bf2a6a2b0b0b3bfc6ed145cb37269be4f,2026-08-16T12:00:00Z
SRC-2fcfaa82,551,Phillips Lighting,nan,564914,https://www.industrialdistributor.com/p/564914,industrialdistributor.com,distributor_product_page,0.4,True,True,success,a50f797a50643b88feb301719676e89acc362edf5d307edad401f4ad3c08bc10,2026-08-16T12:00:00Z
SRC-852ffebf,552,Phillips Lighting,nan,573485,https://www.phillipslighting.com/products/573485,phillipslighting.com,manufacturer_product_page,1.0,True,True,success,3f412a347ebee7ddb05e04f3948a1010824694aa031c111ea6162a9bebfd4e0a,2026-08-16T12:00:00Z
SRC-9913609c,552,Phillips Lighting,nan,573485,https://www.phillipslighting.com/docs/datasheets/573485.pdf,phillipslighting.com,manufacturer_pdf,1.0,True,True,success,db41c651aec346b46795b1abf82b2b7c6f4ed8ede324754a2c763abe5b3e2df5,2026-08-16T12:00:00Z
SRC-9fe3033d,552,Phillips Lighting,nan,573485,https://www.industrialdistributor.com/p/573485,industrialdistributor.com,distributor_product_page,0.4,True,True,success,0c2bb1aadbec8fbda26bcd104224ac579653e13651b332bdfbc2a84b3bb6bad3,2026-08-16T12:00:00Z
SRC-efb61f49,553,Phillips Lighting,nan,573337,https://www.phillipslighting.com/products/573337,phillipslighting.com,manufacturer_product_page,1.0,True,True,success,5f6c2bea509b7198e9e55519fa32ee2017dd78f1c7e7a791c400cc5173a671af,2026-08-16T12:00:00Z
SRC-b08439e0,553,Phillips Lighting,nan,573337,https://www.phillipslighting.com/docs/datasheets/573337.pdf,phillipslighting.com,manufacturer_pdf,1.0,True,True,success,fa45df0b816eb47c18de85b456c6c4363e6072110283f9dbb4554c8992ffd97f,2026-08-16T12:00:00Z
SRC-bdcf4545,553,Phillips Lighting,nan,573337,https://www.industrialdistributor.com/p/573337,industrialdistributor.com,distributor_product_page,0.4,True,True,success,bebc89e13733c48aedd5e65d742116fe64066dbbadedf28b3799612b4aec35e9,2026-08-16T12:00:00Z
SRC-e9627186,554,Phillips Lighting,nan,544874,https://www.phillipslighting.com/products/544874,phillipslighting.com,manufacturer_product_page,1.0,True,True,success,d0f1733b0301ab02cbda2edbd2d875dcb6f61108c7a05869aec6bc15e2befb0d,2026-08-16T12:00:00Z
SRC-6ca4b7c3,554,Phillips Lighting,nan,544874,https://www.phillipslighting.com/docs/datasheets/544874.pdf,phillipslighting.com,manufacturer_pdf,1.0,True,True,success,cd5169d10b77f73346b328e63c8bd2756c1593204ed363310aa4029d7a6fec0d,2026-08-16T12:00:00Z
SRC-8c53b84d,554,Phillips Lighting,nan,544874,https://www.industrialdistributor.com/p/544874,industrialdistributor.com,distributor_product_page,0.4,True,True,success,a0a43c9a6561c3ffe59cd9cbfade0652751f0a0c2349a884a2ca2d51e4f54eed,2026-08-16T12:00:00Z
SRC-16766c10,555,Phillips Lighting,nan,570846,https://www.phillipslighting.com/products/570846,phillipslighting.com,manufacturer_product_page,1.0,True,True,success,fe454bddb7371ea2f35702b434fdbb1af97e05b4ca4439b8513b0df5cf980d04,2026-08-16T12:00:00Z
SRC-6374122d,555,Phillips Lighting,nan,570846,https://www.phillipslighting.com/docs/datasheets/570846.pdf,phillipslighting.com,manufacturer_pdf,1.0,True,True,success,444bb88e55c7cef5e2bfbabd02ae1850888e2941ba5bd95262c21545aa550b08,2026-08-16T12:00:00Z
SRC-51fa45db,555,Phillips Lighting,nan,570846,https://www.industrialdistributor.com/p/570846,industrialdistributor.com,distributor_product_page,0.4,True,True,success,2289c601ccfcfea7db556e7a1da977197b266bc9d9b6a3b5c9ddb388d4b6feea,2026-08-16T12:00:00Z
SRC-ca778cc1,556,Phillips Lighting,nan,565473,https://www.phillipslighting.com/products/565473,phillipslighting.com,manufacturer_product_page,1.0,True,True,success,59bbc875d56c30020d90eb66c7a9e2c267383b1ca66b293c5553ff1bd8403029,2026-08-16T12:00:00Z
SRC-6ebaf051,556,Phillips Lighting,nan,565473,https://www.phillipslighting.com/docs/datasheets/565473.pdf,phillipslighting.com,manufacturer_pdf,1.0,True,True,success,3e25e89b92bac057f34067823bece205d14be29ac7aee179fcfa8df788b4fd57,2026-08-16T12:00:00Z
SRC-52c1c272,556,Phillips Lighting,nan,565473,https://www.industrialdistributor.com/p/565473,industrialdistributor.com,distributor_product_page,0.4,True,True,success,274f2c6b852b0a47279a3b5bcb48640ee8613d35746111ee35ec858e53e22b1d,2026-08-16T12:00:00Z
SRC-68888cd0,557,Phillips Lighting,nan,573402,https://www.phillipslighting.com/products/573402,phillipslighting.com,manufacturer_product_page,1.0,True,True,success,2d4548d3537309434f138d51e9bf66929d0f30351e8f6d1731625b1cd07d3b0d,2026-08-16T12:00:00Z
SRC-0e4c99a0,557,Phillips Lighting,nan,573402,https://www.phillipslighting.com/docs/datasheets/573402.pdf,phillipslighting.com,manufacturer_pdf,1.0,True,True,success,bb5b05dc7037db0061a07f0db95c6772dc2c77fffe7b1d101faa03bd2ef0f6a5,2026-08-16T12:00:00Z
SRC-91246161,557,Phillips Lighting,nan,573402,https://www.industrialdistributor.com/p/573402,industrialdistributor.com,distributor_product_page,0.4,True,True,success,bac41a5eb59a3eed49d3cb67a0cc6e407c4e7c7f80089a28d79b6b9ac5557f53,2026-08-16T12:00:00Z
SRC-cc01ad91,558,Phillips Lighting,nan,573352,https://www.phillipslighting.com/products/573352,phillipslighting.com,manufacturer_product_page,1.0,True,True,success,c1b6c7269dfd30d2e9fa3a3916ebfb8b128aa8ab68981807b02b054a3685ccb6,2026-08-16T12:00:00Z
SRC-04cf21a7,558,Phillips Lighting,nan,573352,https://www.phillipslighting.com/docs/datasheets/573352.pdf,phillipslighting.com,manufacturer_pdf,1.0,True,True,success,9a2d55429ebaf8a7ef75d1a4ce4d29d710905970e0b826e4b3f92a877eb12c3c,2026-08-16T12:00:00Z
SRC-2253e74a,558,Phillips Lighting,nan,573352,https://www.industrialdistributor.com/p/573352,industrialdistributor.com,distributor_product_page,0.4,True,True,success,68e48fe50ab1239dbec7d1b8cf021d82204297a1c6f0de53a125f826a5d2f548,2026-08-16T12:00:00Z
SRC-d84e31a0,559,Phillips Lighting,nan,573428,https://www.phillipslighting.com/products/573428,phillipslighting.com,manufacturer_product_page,1.0,True,True,success,43c8bb6f17a0ebb8809fc8de799ddf44a29703755c0dca4f6b3b687a65484b1c,2026-08-16T12:00:00Z
SRC-216b7d3e,559,Phillips Lighting,nan,573428,https://www.phillipslighting.com/docs/datasheets/573428.pdf,phillipslighting.com,manufacturer_pdf,1.0,True,True,success,9240c6c0738eff63a8e7af1603e3a36ff8f6a9653b5c4a6c1b266e7cf8bb6ed7,2026-08-16T12:00:00Z
SRC-6dd3452a,559,Phillips Lighting,nan,573428,https://www.industrialdistributor.com/p/573428,industrialdistributor.com,distributor_product_page,0.4,True,True,success,fe46773b3cbc9b6c97af060b1a7234797e64f8d9d391b451618367abcf1f6f4b,2026-08-16T12:00:00Z
SRC-3cac6b8a,560,Phillips Lighting,nan,573386,https://www.phillipslighting.com/products/573386,phillipslighting.com,manufacturer_product_page,1.0,True,True,success,9141193a9f414ce2034b365915618bfe51db7266c23eb3f0d491bf8ec260dd81,2026-08-16T12:00:00Z
SRC-4bf9865a,560,Phillips Lighting,nan,573386,https://www.phillipslighting.com/docs/datasheets/573386.pdf,phillipslighting.com,manufacturer_pdf,1.0,True,True,success,3bc44ccf0c7c5c6635c0165eafa354e38a20de2f2e3e000c9762a462858422f7,2026-08-16T12:00:00Z
SRC-7d38e080,560,Phillips Lighting,nan,573386,https://www.industrialdistributor.com/p/573386,industrialdistributor.com,distributor_product_page,0.4,True,True,success,7d9e13557957b29ecd6378da02b629f4879b067d5e3d4d200af83d11ff5c4f19,2026-08-16T12:00:00Z
SRC-f5a5c970,561,Phillips Lighting,nan,564948,https://www.phillipslighting.com/products/564948,phillipslighting.com,manufacturer_product_page,1.0,True,True,success,8a2cfdabf757752ddec7a15e9e6a4d4a03be4109c59d070042a0caccb869d3de,2026-08-16T12:00:00Z
SRC-eed96b47,561,Phillips Lighting,nan,564948,https://www.phillipslighting.com/docs/datasheets/564948.pdf,phillipslighting.com,manufacturer_pdf,1.0,True,True,success,8864df0d8cd04eb040478d284c9a4d695e1bcc5629aa1a2d488deb2eec2b2391,2026-08-16T12:00:00Z
SRC-83c36a71,561,Phillips Lighting,nan,564948,https://www.industrialdistributor.com/p/564948,industrialdistributor.com,distributor_product_page,0.4,True,True,success,21763dac7f7743a9add65695672c91143276159879d52d2dc9380e7b0f57e26f,2026-08-16T12:00:00Z
SRC-9e14fa16,562,Phillips Lighting,nan,573303,https://www.phillipslighting.com/products/573303,phillipslighting.com,manufacturer_product_page,1.0,True,True,success,9acaf6602fd6396deee88d421fc0a9aa56a507e2b6e03a007ea21c0b2bf82ce0,2026-08-16T12:00:00Z
SRC-6c107539,562,Phillips Lighting,nan,573303,https://www.phillipslighting.com/docs/datasheets/573303.pdf,phillipslighting.com,manufacturer_pdf,1.0,True,True,success,845c4e94c052f70b0d4861ee83134c942e92479f84b650e7623b65d643d9e745,2026-08-16T12:00:00Z
SRC-7e697d88,562,Phillips Lighting,nan,573303,https://www.industrialdistributor.com/p/573303,industrialdistributor.com,distributor_product_page,0.4,True,True,success,f4219eca817d7b8a55474eb38ceb53c7fe805a64c73a94aae5f3d5161614cf24,2026-08-16T12:00:00Z
SRC-74b9a5af,563,Phillips Lighting,nan,573188,https://www.phillipslighting.com/products/573188,phillipslighting.com,manufacturer_product_page,1.0,True,True,success,61b31f6a9cd17bf71b3daa13629aab2059b4a5482d594b687021f8e78037f870,2026-08-16T12:00:00Z
SRC-522142f7,563,Phillips Lighting,nan,573188,https://www.phillipslighting.com/docs/datasheets/573188.pdf,phillipslighting.com,manufacturer_pdf,1.0,True,True,success,5b36e27acc4a8533b1efdd80af1bedc1aff9ce636d3195a1183ee61fc6e7287a,2026-08-16T12:00:00Z
SRC-29ac7802,563,Phillips Lighting,nan,573188,https://www.industrialdistributor.com/p/573188,industrialdistributor.com,distributor_product_page,0.4,True,True,success,0a1e66462615f036874b18d1e940163d2502d2ffa916d489cc49fa6416bb7101,2026-08-16T12:00:00Z
SRC-63d48549,564,Phillips Lighting,nan,573469,https://www.phillipslighting.com/products/573469,phillipslighting.com,manufacturer_product_page,1.0,True,True,success,76f8d8ebcc690e361da0085c8eb80ffe2b164ce582e9b9e3e2cb125ec90f0832,2026-08-16T12:00:00Z
SRC-8899d519,564,Phillips Lighting,nan,573469,https://www.phillipslighting.com/docs/datasheets/573469.pdf,phillipslighting.com,manufacturer_pdf,1.0,True,True,success,a77074c0a26aa63da5c0a0488df51bde31b2e0a35dcd54d25b4051aaed7f1f80,2026-08-16T12:00:00Z
SRC-7110bbca,564,Phillips Lighting,nan,573469,https://www.industrialdistributor.com/p/573469,industrialdistributor.com,distributor_product_page,0.4,True,True,success,dff3ea9677bf3415d16db08cff1ecdb778119880bc7711217f1e511874b277b6,2026-08-16T12:00:00Z
SRC-aa4ee170,565,Phillips Lighting,nan,565671,https://www.phillipslighting.com/products/565671,phillipslighting.com,manufacturer_product_page,1.0,True,True,success,ffcde5977940aca9ee3aa274ed36d89e19e7a1d70466bb3fdf9f34ea102cd30c,2026-08-16T12:00:00Z
SRC-c00a5f3d,565,Phillips Lighting,nan,565671,https://www.phillipslighting.com/docs/datasheets/565671.pdf,phillipslighting.com,manufacturer_pdf,1.0,True,True,success,90efe24ab5d9368d4fde6b71770bd5d913cb93040ef484c920c79848976063a5,2026-08-16T12:00:00Z
SRC-57024ee9,565,Phillips Lighting,nan,565671,https://www.industrialdistributor.com/p/565671,industrialdistributor.com,distributor_product_page,0.4,True,True,success,3b3ef2075e6fbed47f903b67dbbc835abdf5e9f5590d85fea39a203101894b11,2026-08-16T12:00:00Z
SRC-becbd4bc,566,Phillips Lighting,nan,573204,https://www.phillipslighting.com/products/573204,phillipslighting.com,manufacturer_product_page,1.0,True,True,success,e6a56063d21117d820c28b80c6d83e7f184398b65129a11f3915f151500a8e52,2026-08-16T12:00:00Z
SRC-a8b2e46e,566,Phillips Lighting,nan,573204,https://www.phillipslighting.com/docs/datasheets/573204.pdf,phillipslighting.com,manufacturer_pdf,1.0,True,True,success,5754d1fc05853accd1eb7486cec1430eff53ea36b310511a26b97d3340d0017a,2026-08-16T12:00:00Z
SRC-65d48d47,566,Phillips Lighting,nan,573204,https://www.industrialdistributor.com/p/573204,industrialdistributor.com,distributor_product_page,0.4,True,True,success,8decb27f4fb2b82f4c9706f255210d3e1f9d809b22985f1b2dc3077058bd3e37,2026-08-16T12:00:00Z
SRC-9c87aeab,567,Phillips Lighting,nan,581199,https://www.phillipslighting.com/products/581199,phillipslighting.com,manufacturer_product_page,1.0,True,True,success,7c5e885e08b604cfaaf837ab992642e16f41d16d5d1edd983fdf85384ca3ad96,2026-08-16T12:00:00Z
SRC-9e8e1868,567,Phillips Lighting,nan,581199,https://www.phillipslighting.com/docs/datasheets/581199.pdf,phillipslighting.com,manufacturer_pdf,1.0,True,True,success,bb1985ea8e29071ec7ae01d0a8292ce745d91455d2d13179c43892abaf3df398,2026-08-16T12:00:00Z
SRC-a59be1c4,567,Phillips Lighting,nan,581199,https://www.industrialdistributor.com/p/581199,industrialdistributor.com,distributor_product_page,0.4,True,True,success,2b7c3d6fe8fd5aee7ad3c4bd4b12a48c86677017501ea5a6a2348d6e2ca9746b,2026-08-16T12:00:00Z
SRC-eb918600,568,Phillips Lighting,nan,565887,https://www.phillipslighting.com/products/565887,phillipslighting.com,manufacturer_product_page,1.0,True,True,success,bd89c00579f82d0daa1f779936a8f736fdc427410407c4ae53f2138d0d8411c3,2026-08-16T12:00:00Z
SRC-33f5d699,568,Phillips Lighting,nan,565887,https://www.phillipslighting.com/docs/datasheets/565887.pdf,phillipslighting.com,manufacturer_pdf,1.0,True,True,success,041a692b0e23ce1c881bff18c31fdf8d0406cae86f7000a609ebbc832a975c58,2026-08-16T12:00:00Z
SRC-5f5d9a34,568,Phillips Lighting,nan,565887,https://www.industrialdistributor.com/p/565887,industrialdistributor.com,distributor_product_page,0.4,True,True,success,2806d601a2e3437fefcc5089797ae926e7dd424001c76ee9d0be6e7eebf5d78f,2026-08-16T12:00:00Z
SRC-d112d692,569,Phillips Lighting,nan,586867,https://www.phillipslighting.com/products/586867,phillipslighting.com,manufacturer_product_page,1.0,True,True,success,a399cf650c1f3142d1bd60480e88e6fc5d2f7b7e5bf38dbcbb4b16bddac11cf8,2026-08-16T12:00:00Z
SRC-a4366259,569,Phillips Lighting,nan,586867,https://www.phillipslighting.com/docs/datasheets/586867.pdf,phillipslighting.com,manufacturer_pdf,1.0,True,True,success,0b37b7e8fa86afbc20fb3777c25ba96ce0467ad35ad5957485633d5f08ffd890,2026-08-16T12:00:00Z
SRC-95d94d37,569,Phillips Lighting,nan,586867,https://www.industrialdistributor.com/p/586867,industrialdistributor.com,distributor_product_page,0.4,True,True,success,d5df644749d4a0b0c8a31ac26471a4a0837bf0c21daccdd80c9d0b706d66aec1,2026-08-16T12:00:00Z
SRC-59963a41,570,Phillips Lighting,nan,5686451,https://www.phillipslighting.com/products/5686451,phillipslighting.com,manufacturer_product_page,1.0,True,True,success,b2fc0e10c6cd649bed4eb9365f2b7bc545e95da30ca520f616506b57c34b826c,2026-08-16T12:00:00Z
SRC-d802846c,570,Phillips Lighting,nan,5686451,https://www.phillipslighting.com/docs/datasheets/5686451.pdf,phillipslighting.com,manufacturer_pdf,1.0,True,True,success,1286d8d60fb13c741d8550b3d36687e8934e4cb54b04eed1906506b9e90dd279,2026-08-16T12:00:00Z
SRC-df61cfd2,570,Phillips Lighting,nan,5686451,https://www.industrialdistributor.com/p/5686451,industrialdistributor.com,distributor_product_page,0.4,True,True,success,9e49a191823fbd34e49a63fc5ac9dc1d187eba1d623e1dd9e75499ee62b6708f,2026-08-16T12:00:00Z
SRC-c252247b,571,Phillips Lighting,nan,568444,https://www.phillipslighting.com/products/568444,phillipslighting.com,manufacturer_product_page,1.0,True,True,success,4f5364b8b43bbb175315e8aa5d6c540d1509c807e9fb00bdaa19cc961eb37559,2026-08-16T12:00:00Z
SRC-f746160b,571,Phillips Lighting,nan,568444,https://www.phillipslighting.com/docs/datasheets/568444.pdf,phillipslighting.com,manufacturer_pdf,1.0,True,True,success,6b4234bd1659b45c137186b7680283eb6f017782675a5a65fc890fa50a5c34e2,2026-08-16T12:00:00Z
SRC-d4d5b5ba,571,Phillips Lighting,nan,568444,https://www.industrialdistributor.com/p/568444,industrialdistributor.com,distributor_product_page,0.4,True,True,success,ef0d2fb303391a6ccfb544e4d6ad7e94d7ba80342b1754e884e089ea4dc46664,2026-08-16T12:00:00Z
SRC-a46478c4,572,Phillips Lighting,nan,573196,https://www.phillipslighting.com/products/573196,phillipslighting.com,manufacturer_product_page,1.0,True,True,success,294797e8acd863df0979587baff097f223fd4fc5537ca4779c52cce0d14afaf8,2026-08-16T12:00:00Z
SRC-8ba33dd8,572,Phillips Lighting,nan,573196,https://www.phillipslighting.com/docs/datasheets/573196.pdf,phillipslighting.com,manufacturer_pdf,1.0,True,True,success,9162bb59d4b62fa78c81586439c9ab681a670c2334ce8521a8c3c4a7ece66905,2026-08-16T12:00:00Z
SRC-ef3b1709,572,Phillips Lighting,nan,573196,https://www.industrialdistributor.com/p/573196,industrialdistributor.com,distributor_product_page,0.4,True,True,success,9900966ba69a6a07ec32da999f5ebdcde9667df4cbfac4794617e4981560cb52,2026-08-16T12:00:00Z
SRC-b133c907,573,Phillips Lighting,nan,564500,https://www.phillipslighting.com/products/564500,phillipslighting.com,manufacturer_product_page,1.0,True,True,success,baca042fe30be747fba799770b1138028af687557059b4eff4ad0c000c52f28c,2026-08-16T12:00:00Z
SRC-76ecd1eb,573,Phillips Lighting,nan,564500,https://www.phillipslighting.com/docs/datasheets/564500.pdf,phillipslighting.com,manufacturer_pdf,1.0,True,True,success,83d5a3ff9b2d06a9d81167029aeefd08b774314f1662256c3169f0f41bd9db89,2026-08-16T12:00:00Z
SRC-bf50fdfe,573,Phillips Lighting,nan,564500,https://www.industrialdistributor.com/p/564500,industrialdistributor.com,distributor_product_page,0.4,True,True,success,5269f89ef53fd2052ff15e508928ec5b937b46b432d98e29473d444e1d27ebac,2026-08-16T12:00:00Z
SRC-a6e5c49e,574,Phillips Lighting,nan,571513,https://www.phillipslighting.com/products/571513,phillipslighting.com,manufacturer_product_page,1.0,True,True,success,e07631bddabf3ef6e3b71df5f66bf46e17e17141da3ea395cd061a47b6d3df3f,2026-08-16T12:00:00Z
SRC-3d06f8c7,574,Phillips Lighting,nan,571513,https://www.phillipslighting.com/docs/datasheets/571513.pdf,phillipslighting.com,manufacturer_pdf,1.0,True,True,success,2f6cf0ec6532bb852d5c70b09f1cbdd0907cb41f2881f58e2fad58e7d515dddb,2026-08-16T12:00:00Z
SRC-ff71844d,574,Phillips Lighting,nan,571513,https://www.industrialdistributor.com/p/571513,industrialdistributor.com,distributor_product_page,0.4,True,True,success,9a9931397e28fea3000fe13557563ca9943de72c5f1e36ad517152d78d29d1f4,2026-08-16T12:00:00Z
SRC-248e3385,575,Phillips Lighting,nan,588566,https://www.phillipslighting.com/products/588566,phillipslighting.com,manufacturer_product_page,1.0,True,True,success,ba551c6ccd5638b3dba2e1f2b8bcb76cd12cf2d7c28d06930e27afc67e90269c,2026-08-16T12:00:00Z
SRC-7ecae2ac,575,Phillips Lighting,nan,588566,https://www.phillipslighting.com/docs/datasheets/588566.pdf,phillipslighting.com,manufacturer_pdf,1.0,True,True,success,ac2fe0bfda3c1092399ea30d83ffdffef3e32869597025bc0f4548fa1233ae9f,2026-08-16T12:00:00Z
SRC-cb04cf5c,575,Phillips Lighting,nan,588566,https://www.industrialdistributor.com/p/588566,industrialdistributor.com,distributor_product_page,0.4,True,True,success,968a2a688355c8afea6810b1cf87b78f557074a9b9a367567ab626a704a3cd10,2026-08-16T12:00:00Z
SRC-ec668fdf,576,Phillips Lighting,nan,565655,https://www.phillipslighting.com/products/565655,phillipslighting.com,manufacturer_product_page,1.0,True,True,success,08e94a4e7eb006b511e8e621053af0f192eacbc0c786d1c3795f8fb442b823b5,2026-08-16T12:00:00Z
SRC-d9eb9700,576,Phillips Lighting,nan,565655,https://www.phillipslighting.com/docs/datasheets/565655.pdf,phillipslighting.com,manufacturer_pdf,1.0,True,True,success,cd143dadee6c3984440918b1d4c80b096ddca5227c56cd52adca9fe9f2f8b37f,2026-08-16T12:00:00Z
SRC-14f181c3,576,Phillips Lighting,nan,565655,https://www.industrialdistributor.com/p/565655,industrialdistributor.com,distributor_product_page,0.4,True,True,success,9feb7836430a00ba1cd980ad8e55c0afc8849fa457865eda967e730c57218411,2026-08-16T12:00:00Z
SRC-42e78fdb,577,Phillips Lighting,nan,565812,https://www.phillipslighting.com/products/565812,phillipslighting.com,manufacturer_product_page,1.0,True,True,success,4b1d68b909410a026e071d68247daa3ca148eb18c79f2dfe90c72de91df858a6,2026-08-16T12:00:00Z
SRC-b8692e99,577,Phillips Lighting,nan,565812,https://www.phillipslighting.com/docs/datasheets/565812.pdf,phillipslighting.com,manufacturer_pdf,1.0,True,True,success,5d5fd8e9d2db636628ac6fcb8591a9ba9a2e7b25f188b3f803b34ddf84e88569,2026-08-16T12:00:00Z
SRC-992bc1be,577,Phillips Lighting,nan,565812,https://www.industrialdistributor.com/p/565812,industrialdistributor.com,distributor_product_page,0.4,True,True,success,d20fe0a1437618b9aded3773d9bf1cb5a824934de0eb82584d51a767066ffb33,2026-08-16T12:00:00Z
SRC-687abb07,578,Phillips Lighting,nan,586917,https://www.phillipslighting.com/products/586917,phillipslighting.com,manufacturer_product_page,1.0,True,True,success,6693cac3b45575c441616ddf4ec3cb55f6088fef11d5aae9a112be7f2735b2e8,2026-08-16T12:00:00Z
SRC-2c7d363e,578,Phillips Lighting,nan,586917,https://www.phillipslighting.com/docs/datasheets/586917.pdf,phillipslighting.com,manufacturer_pdf,1.0,True,True,success,7d9671c1d3f389a27d9303ad5a77b481c45d86f1a0a05d39d92db0c7feb8c845,2026-08-16T12:00:00Z
SRC-0cc3d019,578,Phillips Lighting,nan,586917,https://www.industrialdistributor.com/p/586917,industrialdistributor.com,distributor_product_page,0.4,True,True,success,1f40dffd2b27286751ea9e185b73954e615611400b39f4205d7bf6bcbf690707,2026-08-16T12:00:00Z
SRC-32a8f681,579,Maxsa Innovations,nan,49719,https://www.maxsainnovations.com/products/49719,maxsainnovations.com,manufacturer_product_page,1.0,True,True,success,f89bce53e1f8d7d0e1e30d811b73ddc88b63e49634dd46403030e672ca152b48,2026-08-16T12:00:00Z
SRC-1a0179a9,579,Maxsa Innovations,nan,49719,https://www.maxsainnovations.com/docs/datasheets/49719.pdf,maxsainnovations.com,manufacturer_pdf,1.0,True,True,success,cd075e7580ec1eb42116686f08b53d13917faaaf7b306bcfd7c695f3b62fcae1,2026-08-16T12:00:00Z
SRC-6c2ca87a,579,Maxsa Innovations,nan,49719,https://www.maxsainnovations.com/catalogs/specifications.pdf,maxsainnovations.com,manufacturer_catalog,0.95,True,True,success,2b455e185536946c4859a1c120fa00b45347df49a8576305ef8a6ecab4968aaa,2026-08-16T12:00:00Z
SRC-633f5dbc,579,Maxsa Innovations,nan,49719,https://www.industrialdistributor.com/p/49719,industrialdistributor.com,distributor_product_page,0.4,True,True,success,c7bc91e78f791cbcdfa381ef7ac0a7d1290c1562062eb478b9b2a93e8edfc889,2026-08-16T12:00:00Z
SRC-0c0ba2dd,580,Kichler Lighting,nan,59061BSL,https://www.kichlerlighting.com/products/59061bsl,kichlerlighting.com,manufacturer_product_page,1.0,True,True,success,5619ddcd385a076af272bb170f44105c66e25b7afbd8133f1483c2c070a109ca,2026-08-16T12:00:00Z
SRC-b24cba46,580,Kichler Lighting,nan,59061BSL,https://www.kichlerlighting.com/docs/datasheets/59061bsl.pdf,kichlerlighting.com,manufacturer_pdf,1.0,True,True,success,c430bdd65026ebfb4591e5bb37bdea1b15733467d23e8e3cfc8eec94f150b896,2026-08-16T12:00:00Z
SRC-fb240dc6,580,Kichler Lighting,nan,59061BSL,https://www.industrialdistributor.com/p/59061bsl,industrialdistributor.com,distributor_product_page,0.4,True,True,success,55642c2dd05d03c059c2734ad67903f2d16c23baa7255be0fbc3cac084c0c281,2026-08-16T12:00:00Z
SRC-397e5c1c,581,Kichler Lighting,nan,59062BSL,https://www.kichlerlighting.com/products/59062bsl,kichlerlighting.com,manufacturer_product_page,1.0,True,True,success,55cfa6eccd141747d722a0e46b6143ec31fdc62f046498be2525be2453c235a6,2026-08-16T12:00:00Z
SRC-ed23201b,581,Kichler Lighting,nan,59062BSL,https://www.kichlerlighting.com/docs/datasheets/59062bsl.pdf,kichlerlighting.com,manufacturer_pdf,1.0,True,True,success,25dd26a52d2d1b0c7791ed421e02f894c01c811dd88a134a326fd682bfb7ef2b,2026-08-16T12:00:00Z
SRC-64db2749,581,Kichler Lighting,nan,59062BSL,https://www.industrialdistributor.com/p/59062bsl,industrialdistributor.com,distributor_product_page,0.4,True,True,success,6e46948e431c02b0b0308c8f9291fb395be379ebaca6a403f2646213bda5f079,2026-08-16T12:00:00Z
SRC-096c5919,582,Kichler Lighting,nan,59124BKT,https://www.kichlerlighting.com/products/59124bkt,kichlerlighting.com,manufacturer_product_page,1.0,True,True,success,10c8a1c896f9a5d03edac1e664b912fcb7eb0437587a9833489e734230cd9239,2026-08-16T12:00:00Z
SRC-8a1e4551,582,Kichler Lighting,nan,59124BKT,https://www.kichlerlighting.com/docs/datasheets/59124bkt.pdf,kichlerlighting.com,manufacturer_pdf,1.0,True,True,success,3131e1d66498977c8b93210050f377afcd2b26d8ec9072dcb341c336b46a8a4d,2026-08-16T12:00:00Z
SRC-bbf1062e,582,Kichler Lighting,nan,59124BKT,https://www.industrialdistributor.com/p/59124bkt,industrialdistributor.com,distributor_product_page,0.4,True,True,success,3dec7efb35d54b19a38dde76c93cdca6efe2f307977c81e711fd4b2e4bcecb67,2026-08-16T12:00:00Z
SRC-9bb232de,583,Kichler Lighting,nan,59025BK,https://www.kichlerlighting.com/products/59025bk,kichlerlighting.com,manufacturer_product_page,1.0,True,True,success,2a71573a7354adf2bb80883f02e8c8e65fc549e66714632cce58afa22a0f8d16,2026-08-16T12:00:00Z
SRC-077d0885,583,Kichler Lighting,nan,59025BK,https://www.kichlerlighting.com/docs/datasheets/59025bk.pdf,kichlerlighting.com,manufacturer_pdf,1.0,True,True,success,31558322337ba7c0e4f54b43db5afe8f892334bfb6e46aff5ff8163a0db29a1a,2026-08-16T12:00:00Z
SRC-14e70a23,583,Kichler Lighting,nan,59025BK,https://www.industrialdistributor.com/p/59025bk,industrialdistributor.com,distributor_product_page,0.4,True,True,success,6790709cad99aa26a9e98ee55b32414a399196786c187d06f943f7aeeefc4dbc,2026-08-16T12:00:00Z
SRC-c77dee78,584,Black & Decker/dewlt,DEWALT,Dewalt,https://www.dewalt.com/products/dewalt,dewalt.com,manufacturer_product_page,1.0,True,True,success,a5a91392ea7c8b65f54e5b6a6fe0664707088c5ce902b60517f08fc4d4d431c5,2026-08-16T12:00:00Z
SRC-bd7e17f6,584,Black & Decker/dewlt,DEWALT,Dewalt,https://www.dewalt.com/docs/datasheets/dewalt.pdf,dewalt.com,manufacturer_pdf,1.0,True,True,success,403ff37773dbe08fdbdf3c905d8c94c812ea78d755f67f0c33835b658c50a078,2026-08-16T12:00:00Z
SRC-ee26922b,584,Black & Decker/dewlt,DEWALT,Dewalt,https://www.industrialdistributor.com/p/dewalt,industrialdistributor.com,distributor_product_page,0.4,True,True,success,51f40b0280b9bc8347cbddd38c90a306d9c27d7f596a8b62adb20e2a84985844,2026-08-16T12:00:00Z
SRC-58da352e,585,Streamlight,nan,73020,https://www.streamlight.com/products/73020,streamlight.com,manufacturer_product_page,1.0,True,True,success,a8ba7639dab34a297960eed9d2e4245e06ce714ebf7f0329da8516b7a8687c49,2026-08-16T12:00:00Z
SRC-4d488e69,585,Streamlight,nan,73020,https://www.streamlight.com/docs/datasheets/73020.pdf,streamlight.com,manufacturer_pdf,1.0,True,True,success,73bc668cb751a1aa71ff496d6aae0b1eaa39c4f5db2b4767f00a45f41e06fda8,2026-08-16T12:00:00Z
SRC-081862ed,585,Streamlight,nan,73020,https://www.streamlight.com/catalogs/specifications.pdf,streamlight.com,manufacturer_catalog,0.95,True,True,success,8684919fde21efaa223b1365c11204aec631fba40f2a12b5092ae18fee5a84d7,2026-08-16T12:00:00Z
SRC-bdc5ac9e,585,Streamlight,nan,73020,https://www.industrialdistributor.com/p/73020,industrialdistributor.com,distributor_product_page,0.4,True,True,success,c1a99b1885ec8fc20b52550b657058eefc5b7f382eb6df03ac84bcbc34cd38b5,2026-08-16T12:00:00Z
SRC-0d74871c,586,ACG Brands,King Industrial,NEBFLT1021,https://www.acgbrands.com/products/nebflt1021,acgbrands.com,manufacturer_product_page,1.0,True,True,success,9b9ca56efde09458a071bc57444b10d90310b582d277b86f2f63b6d5b8e8852c,2026-08-16T12:00:00Z
SRC-c45e3104,586,ACG Brands,King Industrial,NEBFLT1021,https://www.acgbrands.com/docs/datasheets/nebflt1021.pdf,acgbrands.com,manufacturer_pdf,1.0,True,True,success,ef03c451048154c34a7fe6c44fcfde4f3a2b2637661a1829af846ab59dfd249d,2026-08-16T12:00:00Z
SRC-caf76cfb,586,ACG Brands,King Industrial,NEBFLT1021,https://www.acgbrands.com/catalogs/specifications.pdf,acgbrands.com,manufacturer_catalog,0.95,True,True,success,c270a0d755a2b53b8175902e6cf2288ebe9d26a5d159e80587355558de69b807,2026-08-16T12:00:00Z
SRC-b51e8e87,586,ACG Brands,King Industrial,NEBFLT1021,https://www.industrialdistributor.com/p/nebflt1021,industrialdistributor.com,distributor_product_page,0.4,True,True,success,58ca2edb1b7bae242491e57346a2d8daf2bcf36a4c1e07d9ef09f876ed23d939,2026-08-16T12:00:00Z
SRC-00423581,587,ACG Brands,King Industrial,NEBFLT0053,https://www.acgbrands.com/products/nebflt0053,acgbrands.com,manufacturer_product_page,1.0,True,True,success,3c245e406140fbd8b33c99ca8d2bac40afcfb4be74f58da61b8ccbe7a19f38ea,2026-08-16T12:00:00Z
SRC-4303fcfb,587,ACG Brands,King Industrial,NEBFLT0053,https://www.acgbrands.com/docs/datasheets/nebflt0053.pdf,acgbrands.com,manufacturer_pdf,1.0,True,True,success,6606bcfc23245d889531b74750741076d7031a21edee9c4359284c366d5538f8,2026-08-16T12:00:00Z
SRC-87f86ce3,587,ACG Brands,King Industrial,NEBFLT0053,https://www.industrialdistributor.com/p/nebflt0053,industrialdistributor.com,distributor_product_page,0.4,True,True,success,15f845391cf521e7a2d801df80bfd634101dde9f698d181e0802e9f44174bfaa,2026-08-16T12:00:00Z
SRC-1c3d387b,588,Police Security,Police Security,97708,https://www.policesecurity.com/products/97708,policesecurity.com,manufacturer_product_page,1.0,True,True,success,dad69bd07499e6d95691dd4de949a94c2772d291861633c3123e680998ec3798,2026-08-16T12:00:00Z
SRC-8e631801,588,Police Security,Police Security,97708,https://www.policesecurity.com/docs/datasheets/97708.pdf,policesecurity.com,manufacturer_pdf,1.0,True,True,success,2b6f07ac5dcfd81f0aa8d6ce70f0df39fcf57d3ba6101d833fe582278e3d0604,2026-08-16T12:00:00Z
SRC-d8e4320f,588,Police Security,Police Security,97708,https://www.policesecurity.com/catalogs/specifications.pdf,policesecurity.com,manufacturer_catalog,0.95,True,True,success,7a9d819c5713893d4f95696985d95089a59b562647150d117996904e7cb1f196,2026-08-16T12:00:00Z
SRC-9cda833a,588,Police Security,Police Security,97708,https://www.industrialdistributor.com/p/97708,industrialdistributor.com,distributor_product_page,0.4,True,True,success,1555656f4c1d7ebac139b3dabf80fab5f10fdff1b21fe755887bb668d0d7a0b1,2026-08-16T12:00:00Z
SRC-94b43361,589,Feit Electric,Feit Electric,6000L,https://www.feitelectric.com/products/6000l,feitelectric.com,manufacturer_product_page,1.0,True,True,success,7922a7fea7ae3c0b4fa6c4a77245c4ba2dad27a48ace288a9ca966f8f6f8861a,2026-08-16T12:00:00Z
SRC-e405a7b3,589,Feit Electric,Feit Electric,6000L,https://www.feitelectric.com/docs/datasheets/6000l.pdf,feitelectric.com,manufacturer_pdf,1.0,True,True,success,e403c21ab0ccf51edabd8661663df4338511fb806cefc1d8904d3f0e3502f250,2026-08-16T12:00:00Z
SRC-e779c068,589,Feit Electric,Feit Electric,6000L,https://www.feitelectric.com/catalogs/specifications.pdf,feitelectric.com,manufacturer_catalog,0.95,True,True,success,d6d3564f31b0a718598179bdf0bc56846d597d722962299c06fb9b200d6c3987,2026-08-16T12:00:00Z
SRC-76f6b718,589,Feit Electric,Feit Electric,6000L,https://www.industrialdistributor.com/p/6000l,industrialdistributor.com,distributor_product_page,0.4,True,True,success,68fc440d0a729b5b0da878053a646226795f41ed15a2867e424b24c5a7a536e7,2026-08-16T12:00:00Z
SRC-b16f7ac5,594,nan,nan,12-4,https://www.nan.com/products/124,nan.com,manufacturer_product_page,1.0,True,True,success,c6fcc36d9039d6d0ffb07128ddc1241416a235135ac7fbb40a16c7b644e04224,2026-08-16T12:00:00Z
SRC-a7be1408,594,nan,nan,12-4,https://www.nan.com/docs/datasheets/124.pdf,nan.com,manufacturer_pdf,1.0,True,True,success,3b8830b84bbf301600298f328cc618d3842971af59bc346870491700433be061,2026-08-16T12:00:00Z
SRC-c056a1ec,594,nan,nan,12-4,https://www.industrialdistributor.com/p/124,industrialdistributor.com,distributor_product_page,0.4,True,True,success,a920a4d671fd1cf737a08a3a0ab7c9b54ce855b3db6bd9a05e35281253c559d6,2026-08-16T12:00:00Z
SRC-3338d81d,596,Southwire/g Turner,Southwire,16-2,https://www.southwiregturner.com/products/162,southwiregturner.com,manufacturer_product_page,1.0,True,True,success,793690256f57eda5029ddcb6f93df5074716308fca06279d9ac5eda9517170a6,2026-08-16T12:00:00Z
SRC-d7c1d2a8,596,Southwire/g Turner,Southwire,16-2,https://www.southwiregturner.com/docs/datasheets/162.pdf,southwiregturner.com,manufacturer_pdf,1.0,True,True,success,6297a408b030220d67a9a0862acc2c1a9bef2b054acee5a533663699bf557eac,2026-08-16T12:00:00Z
SRC-e3391ba2,596,Southwire/g Turner,Southwire,16-2,https://www.industrialdistributor.com/p/162,industrialdistributor.com,distributor_product_page,0.4,True,True,success,d1cc26542f17bbe17f514058e66ebcb34d5b704ad7dc8f70008a94d5772d9c70,2026-08-16T12:00:00Z
SRC-2419633d,597,Southwire/g Turner,Southwire,10-4,https://www.southwiregturner.com/products/104,southwiregturner.com,manufacturer_product_page,1.0,True,True,success,aea77a02242731c753e6f56c9d6af7b369d32963e75fdbae563284a6cd27aaa8,2026-08-16T12:00:00Z
SRC-bf274ac9,597,Southwire/g Turner,Southwire,10-4,https://www.southwiregturner.com/docs/datasheets/104.pdf,southwiregturner.com,manufacturer_pdf,1.0,True,True,success,c046744663c8ade8edd077af659f35607c14887f1f2aeaf6d281ba01067dfb7b,2026-08-16T12:00:00Z
SRC-74035acd,597,Southwire/g Turner,Southwire,10-4,https://www.industrialdistributor.com/p/104,industrialdistributor.com,distributor_product_page,0.4,True,True,success,1a36b454163a0570c7217b5708d05ba7f4fbf80430a5eb25685dfb0225d0dd9d,2026-08-16T12:00:00Z
SRC-7842c4e5,601,Fenton Bros Electric Inc,nan,CG50K,https://www.fentonbroselectricinc.com/products/cg50k,fentonbroselectricinc.com,manufacturer_product_page,1.0,True,True,success,94a664998115a3f1dc92870048478b7b155147a643bb609bbcc1716e5662efcb,2026-08-16T12:00:00Z
SRC-64b54525,601,Fenton Bros Electric Inc,nan,CG50K,https://www.fentonbroselectricinc.com/docs/datasheets/cg50k.pdf,fentonbroselectricinc.com,manufacturer_pdf,1.0,True,True,success,20350197a341c501e12d3800e81ada230a37d60fa4f002604fb124e197a394b7,2026-08-16T12:00:00Z
SRC-cf77ace5,601,Fenton Bros Electric Inc,nan,CG50K,https://www.industrialdistributor.com/p/cg50k,industrialdistributor.com,distributor_product_page,0.4,True,True,success,b4de055a503fe92625d494ef35831992ab06b3f6dfb602267a35c1ef76dda52b,2026-08-16T12:00:00Z
SRC-28b6ebfc,603,Prime Wire & Cable,Prime,PBUC013,https://www.primewirecable.com/products/pbuc013,primewirecable.com,manufacturer_product_page,1.0,True,True,success,2e3d8fe7a2c95e7fb7f8842a9003ad1426fb14aa3d494a8fc698c5b8e74edb9a,2026-08-16T12:00:00Z
SRC-6da43881,603,Prime Wire & Cable,Prime,PBUC013,https://www.primewirecable.com/docs/datasheets/pbuc013.pdf,primewirecable.com,manufacturer_pdf,1.0,True,True,success,0487fa8fe1a64e86518039095405cd7e05cef5cb991d2851cf66cebfab91903e,2026-08-16T12:00:00Z
SRC-86cf6936,603,Prime Wire & Cable,Prime,PBUC013,https://www.industrialdistributor.com/p/pbuc013,industrialdistributor.com,distributor_product_page,0.4,True,True,success,5edbc23353268f680f32395e16af8e62198748f5951694e69dc76376dfe63110,2026-08-16T12:00:00Z
SRC-aea4b628,604,Leviton Mfg Co,Leviton,R00GFNT100K,https://www.levitonmfgco.com/products/r00gfnt100k,levitonmfgco.com,manufacturer_product_page,1.0,True,True,success,d608e521dc03f5b649f269d9d5c97835a5e220e4f919b9ff25a5bb6028b9f9f1,2026-08-16T12:00:00Z
SRC-e2fb731a,604,Leviton Mfg Co,Leviton,R00GFNT100K,https://www.levitonmfgco.com/docs/datasheets/r00gfnt100k.pdf,levitonmfgco.com,manufacturer_pdf,1.0,True,True,success,2b08e968db619d9c8eb33b19c16fc23690b40ac5f691e53e0df19505c58fde2f,2026-08-16T12:00:00Z
SRC-274d110c,604,Leviton Mfg Co,Leviton,R00GFNT100K,https://www.levitonmfgco.com/catalogs/specifications.pdf,levitonmfgco.com,manufacturer_catalog,0.95,True,True,success,203ab8dcbe54f6163c9cd9d4dbf502e72b8038b286d633f4a0f126b975ee8228,2026-08-16T12:00:00Z
SRC-ac775c57,604,Leviton Mfg Co,Leviton,R00GFNT100K,https://www.industrialdistributor.com/p/r00gfnt100k,industrialdistributor.com,distributor_product_page,0.4,True,True,success,9d2682cab92354dc0e3ffec1ad8f1aca9837e3793b6334fbfed40c763369adb4,2026-08-16T12:00:00Z
SRC-b00ecd2e,605,Leviton Mfg Co,Leviton,R92GFWT10KW,https://www.levitonmfgco.com/products/r92gfwt10kw,levitonmfgco.com,manufacturer_product_page,1.0,True,True,success,ea4008687e1950712658a0f48100335ce7f539f1437b4c6f2e3dbc825abf0c61,2026-08-16T12:00:00Z
SRC-a22f318b,605,Leviton Mfg Co,Leviton,R92GFWT10KW,https://www.levitonmfgco.com/docs/datasheets/r92gfwt10kw.pdf,levitonmfgco.com,manufacturer_pdf,1.0,True,True,success,3c6120b59a937c1a0b505119740fa3e4715060bcf7e2422db320a383f2d212a0,2026-08-16T12:00:00Z
SRC-2475cd01,605,Leviton Mfg Co,Leviton,R92GFWT10KW,https://www.industrialdistributor.com/p/r92gfwt10kw,industrialdistributor.com,distributor_product_page,0.4,True,True,success,0e0f7764c801288e237cfbbdfef868b725852a960db6dbddd2036628ba4922bb,2026-08-16T12:00:00Z
SRC-9706a0bf,607,Leviton Mfg Co,Leviton,R92GFTA10KW,https://www.levitonmfgco.com/products/r92gfta10kw,levitonmfgco.com,manufacturer_product_page,1.0,True,True,success,34a75931f1de484efd438ebf3769ae7df20aff8f84e3d2bfd3fe34423b14a5ae,2026-08-16T12:00:00Z
SRC-9c9ba19a,607,Leviton Mfg Co,Leviton,R92GFTA10KW,https://www.levitonmfgco.com/docs/datasheets/r92gfta10kw.pdf,levitonmfgco.com,manufacturer_pdf,1.0,True,True,success,4c1564c3d21d687e94ef4ee6619c19348ebc2ba241a51a616a058ecbe18d0c50,2026-08-16T12:00:00Z
SRC-7724af78,607,Leviton Mfg Co,Leviton,R92GFTA10KW,https://www.industrialdistributor.com/p/r92gfta10kw,industrialdistributor.com,distributor_product_page,0.4,True,True,success,b9564e93be40d6017de84cf1f4729901be1e84bec14568f4d54eb50a51983fc8,2026-08-16T12:00:00Z
SRC-6a32ab7a,611,Leviton Mfg Co,Leviton,R56CBR1500T,https://www.levitonmfgco.com/products/r56cbr1500t,levitonmfgco.com,manufacturer_product_page,1.0,True,True,success,a4f403df73521ed8361c3daa124a28e4cd64027f8b054f78924167e0128b2f76,2026-08-16T12:00:00Z
SRC-01093554,611,Leviton Mfg Co,Leviton,R56CBR1500T,https://www.levitonmfgco.com/docs/datasheets/r56cbr1500t.pdf,levitonmfgco.com,manufacturer_pdf,1.0,True,True,success,309dac25d6d32b96e3d6da8ccd468c2c9e646adfc88b123f51c2066696a61453,2026-08-16T12:00:00Z
SRC-b4ab0638,611,Leviton Mfg Co,Leviton,R56CBR1500T,https://www.industrialdistributor.com/p/r56cbr1500t,industrialdistributor.com,distributor_product_page,0.4,True,True,success,62cb5747397dde2e1fee37c41ac1ad1719ae6074a0efabe48b1f06df16ffe2d3,2026-08-16T12:00:00Z
SRC-4be39296,620,Appliance Dealers Cooperative,nan,XOU2470BCGS,https://www.appliancedealerscooperative.com/products/xou2470bcgs,appliancedealerscooperative.com,manufacturer_product_page,1.0,True,True,success,14684fd7b4f95fcb3d9704e3c8f239d62472b62ec01922b2d509d74320d59429,2026-08-16T12:00:00Z
SRC-e6685b74,620,Appliance Dealers Cooperative,nan,XOU2470BCGS,https://www.appliancedealerscooperative.com/docs/datasheets/xou2470bcgs.pdf,appliancedealerscooperative.com,manufacturer_pdf,1.0,True,True,success,341e1251b929dd5e304948d0fe152a7d5aadad862f18cdd269d3154a255af6ce,2026-08-16T12:00:00Z
SRC-b70a6612,620,Appliance Dealers Cooperative,nan,XOU2470BCGS,https://www.industrialdistributor.com/p/xou2470bcgs,industrialdistributor.com,distributor_product_page,0.4,True,True,success,3a6e5ab1ec44b4516147feb7101f4c68d249ec9428ac8ac5cea0b09f8a3509f4,2026-08-16T12:00:00Z
SRC-f2547a59,621,Appliance Dealers Cooperative,nan,XOU24BCGSR,https://www.appliancedealerscooperative.com/products/xou24bcgsr,appliancedealerscooperative.com,manufacturer_product_page,1.0,True,True,success,0b0d5927208040097606114de387319b3f2552c9c3b6547ecd6594d09e26a25e,2026-08-16T12:00:00Z
SRC-a7eb8c2b,621,Appliance Dealers Cooperative,nan,XOU24BCGSR,https://www.appliancedealerscooperative.com/docs/datasheets/xou24bcgsr.pdf,appliancedealerscooperative.com,manufacturer_pdf,1.0,True,True,success,896213ea19e5b06e4e8304c3ce02fe85f02fc20a49d70cdb116a869062d37696,2026-08-16T12:00:00Z
SRC-647a674a,621,Appliance Dealers Cooperative,nan,XOU24BCGSR,https://www.industrialdistributor.com/p/xou24bcgsr,industrialdistributor.com,distributor_product_page,0.4,True,True,success,0b597f3847dafa9694c65e4a0761a296b9be360db01a0bb540eede7d105590ba,2026-08-16T12:00:00Z
SRC-b67391f6,622,Appliance Dealers Cooperative,nan,XOU24WDZGBR,https://www.appliancedealerscooperative.com/products/xou24wdzgbr,appliancedealerscooperative.com,manufacturer_product_page,1.0,True,True,success,ee6fc13794d8b219027141fc939f716d04da896f763a9339fef80e6827f50b65,2026-08-16T12:00:00Z
SRC-e8831082,622,Appliance Dealers Cooperative,nan,XOU24WDZGBR,https://www.appliancedealerscooperative.com/docs/datasheets/xou24wdzgbr.pdf,appliancedealerscooperative.com,manufacturer_pdf,1.0,True,True,success,71ab9a27aec6f0623953470fac0ee600882f36b1d211c5ce908f0fa348140709,2026-08-16T12:00:00Z
SRC-29a60231,622,Appliance Dealers Cooperative,nan,XOU24WDZGBR,https://www.industrialdistributor.com/p/xou24wdzgbr,industrialdistributor.com,distributor_product_page,0.4,True,True,success,6776ac01fe137760acf5519db700b9935fc8e6270a5223a3cf839f91b1d97f51,2026-08-16T12:00:00Z
SRC-354d9bf1,623,Appliance Dealers Cooperative,nan,C7CDAAS3PD3,https://www.appliancedealerscooperative.com/products/c7cdaas3pd3,appliancedealerscooperative.com,manufacturer_product_page,1.0,True,True,success,baf66f5b4fd4271fd253e6f15b6819f1409af5bca70c14b5e9390bd3ff00b863,2026-08-16T12:00:00Z
SRC-4899b450,623,Appliance Dealers Cooperative,nan,C7CDAAS3PD3,https://www.appliancedealerscooperative.com/docs/datasheets/c7cdaas3pd3.pdf,appliancedealerscooperative.com,manufacturer_pdf,1.0,True,True,success,5a3287da341be17f10893e9fe4657a63645c396534e2e553d71954de72f92282,2026-08-16T12:00:00Z
SRC-764d9e97,623,Appliance Dealers Cooperative,nan,C7CDAAS3PD3,https://www.industrialdistributor.com/p/c7cdaas3pd3,industrialdistributor.com,distributor_product_page,0.4,True,True,success,f682e65cc07e0c136e637fae34070e370563020344820dac5349df9679a2be7f,2026-08-16T12:00:00Z
SRC-7aaee69c,624,Appliance Dealers Cooperative,nan,C7CDAAS4PW3,https://www.appliancedealerscooperative.com/products/c7cdaas4pw3,appliancedealerscooperative.com,manufacturer_product_page,1.0,True,True,success,1aa8c87676200827cb1d9d886e2355c3fe663fc86744825fec5f47bbf5220c7b,2026-08-16T12:00:00Z
SRC-cf14f1d1,624,Appliance Dealers Cooperative,nan,C7CDAAS4PW3,https://www.appliancedealerscooperative.com/docs/datasheets/c7cdaas4pw3.pdf,appliancedealerscooperative.com,manufacturer_pdf,1.0,True,True,success,b7908a93daec8af71dec10d73aa5a200edbe3a1af9f607549f2f598a18d2b05f,2026-08-16T12:00:00Z
SRC-4b9c01fd,624,Appliance Dealers Cooperative,nan,C7CDAAS4PW3,https://www.industrialdistributor.com/p/c7cdaas4pw3,industrialdistributor.com,distributor_product_page,0.4,True,True,success,8c74276a8ed7a7b191c61d697497115fdcf1a0f66369338907aaebdfea4034d9,2026-08-16T12:00:00Z
SRC-7c2db265,625,Appliance Dealers Cooperative,nan,C7CDABS2RS3,https://www.appliancedealerscooperative.com/products/c7cdabs2rs3,appliancedealerscooperative.com,manufacturer_product_page,1.0,True,True,success,2a5e6ab919f295e7c6c363967539c743354161fa150e5b735cb5e38379f45ab4,2026-08-16T12:00:00Z
SRC-bf4d2215,625,Appliance Dealers Cooperative,nan,C7CDABS2RS3,https://www.appliancedealerscooperative.com/docs/datasheets/c7cdabs2rs3.pdf,appliancedealerscooperative.com,manufacturer_pdf,1.0,True,True,success,0612c078d99b1fa1247d27ac3b1c3b291d507636510b83e3aee3ff35e7fd225b,2026-08-16T12:00:00Z
SRC-ea2a5297,625,Appliance Dealers Cooperative,nan,C7CDABS2RS3,https://www.industrialdistributor.com/p/c7cdabs2rs3,industrialdistributor.com,distributor_product_page,0.4,True,True,success,7a9cf94a80ecee6c6dda306c9bf26c293b41a45f0439d6244416c379482d4bb0,2026-08-16T12:00:00Z
SRC-91cfb5c7,626,Appliance Dealers Cooperative,nan,C7CDABS3RD3,https://www.appliancedealerscooperative.com/products/c7cdabs3rd3,appliancedealerscooperative.com,manufacturer_product_page,1.0,True,True,success,b5fd4f2734d98751e5825ce593ff05cc5cd9df08eb56b861fa9663299a32805c,2026-08-16T12:00:00Z
SRC-2900084a,626,Appliance Dealers Cooperative,nan,C7CDABS3RD3,https://www.appliancedealerscooperative.com/docs/datasheets/c7cdabs3rd3.pdf,appliancedealerscooperative.com,manufacturer_pdf,1.0,True,True,success,e09eae46d124bfd356f7f8137a1ee01cb5323b1f724e9ba9cf1c680c471528bd,2026-08-16T12:00:00Z
SRC-bbc302ab,626,Appliance Dealers Cooperative,nan,C7CDABS3RD3,https://www.industrialdistributor.com/p/c7cdabs3rd3,industrialdistributor.com,distributor_product_page,0.4,True,True,success,9f6bd9fcd3e2d844081f7e660f17f3f747fe8e118fb2de59333f6e39e89e526d,2026-08-16T12:00:00Z
SRC-2110e4b4,627,Appliance Dealers Cooperative,nan,C7CDABS4RW3,https://www.appliancedealerscooperative.com/products/c7cdabs4rw3,appliancedealerscooperative.com,manufacturer_product_page,1.0,True,True,success,c49fa83f24e4d3f7e1d23213aece876445034b765d8c01edad5f4a0150264ac9,2026-08-16T12:00:00Z
SRC-fe3331bf,627,Appliance Dealers Cooperative,nan,C7CDABS4RW3,https://www.appliancedealerscooperative.com/docs/datasheets/c7cdabs4rw3.pdf,appliancedealerscooperative.com,manufacturer_pdf,1.0,True,True,success,3326e39bb69a08103986b80626f96e2bd416aebae58329f510ec6ace2f652ccd,2026-08-16T12:00:00Z
SRC-1fd39fc8,627,Appliance Dealers Cooperative,nan,C7CDABS4RW3,https://www.industrialdistributor.com/p/c7cdabs4rw3,industrialdistributor.com,distributor_product_page,0.4,True,True,success,fb592e2da7adc2f93f68f334796b7638f2a05f21fef3110e24389f03cb2917be,2026-08-16T12:00:00Z
SRC-2b03add7,628,Appliance Dealers Cooperative,nan,C7CEBBS2RS3,https://www.appliancedealerscooperative.com/products/c7cebbs2rs3,appliancedealerscooperative.com,manufacturer_product_page,1.0,True,True,success,6c8f11f1815b6d46eb94672a601fd2c113ebf0b703d3fc284321b1a11587acb8,2026-08-16T12:00:00Z
SRC-94734b17,628,Appliance Dealers Cooperative,nan,C7CEBBS2RS3,https://www.appliancedealerscooperative.com/docs/datasheets/c7cebbs2rs3.pdf,appliancedealerscooperative.com,manufacturer_pdf,1.0,True,True,success,714675117ae03f09640fde24b6c6576ee9573dce13cdb55436887b9000464ff5,2026-08-16T12:00:00Z
SRC-286059d3,628,Appliance Dealers Cooperative,nan,C7CEBBS2RS3,https://www.industrialdistributor.com/p/c7cebbs2rs3,industrialdistributor.com,distributor_product_page,0.4,True,True,success,c9856d228583c1676cc0c170e551207cfa612d0579f6c976e402e9827e4c35af,2026-08-16T12:00:00Z
SRC-3878f0c2,629,Appliance Dealers Cooperative,nan,C7CEBBS4RW3,https://www.appliancedealerscooperative.com/products/c7cebbs4rw3,appliancedealerscooperative.com,manufacturer_product_page,1.0,True,True,success,73350030bc36c38376a39fdc6d527c3312c245731074ac3d590c6f7159590c1a,2026-08-16T12:00:00Z
SRC-945edffb,629,Appliance Dealers Cooperative,nan,C7CEBBS4RW3,https://www.appliancedealerscooperative.com/docs/datasheets/c7cebbs4rw3.pdf,appliancedealerscooperative.com,manufacturer_pdf,1.0,True,True,success,324f46890d6e58cd9623573c3a914ddd0bf403cc355126c519a3d0b82ed052cc,2026-08-16T12:00:00Z
SRC-9d7f38b9,629,Appliance Dealers Cooperative,nan,C7CEBBS4RW3,https://www.industrialdistributor.com/p/c7cebbs4rw3,industrialdistributor.com,distributor_product_page,0.4,True,True,success,636b4ede0fa0619651c6eb86e605551ff09ab3604e1767a20b836d6374f08d3f,2026-08-16T12:00:00Z
SRC-15ef23bf,630,Appliance Dealers Cooperative,nan,C7CESAS2RS3,https://www.appliancedealerscooperative.com/products/c7cesas2rs3,appliancedealerscooperative.com,manufacturer_product_page,1.0,True,True,success,72263201d666119dc4a51542e7b53b661202a1903b57f37bfe3057cec5fb41fc,2026-08-16T12:00:00Z
SRC-114f6f68,630,Appliance Dealers Cooperative,nan,C7CESAS2RS3,https://www.appliancedealerscooperative.com/docs/datasheets/c7cesas2rs3.pdf,appliancedealerscooperative.com,manufacturer_pdf,1.0,True,True,success,af2beecba85a10989a45f63539c176a0581fd4efc4761af30d6bb85067d1af1a,2026-08-16T12:00:00Z
SRC-71354eda,630,Appliance Dealers Cooperative,nan,C7CESAS2RS3,https://www.industrialdistributor.com/p/c7cesas2rs3,industrialdistributor.com,distributor_product_page,0.4,True,True,success,a59912ebd2094d6b0e92029f31503dcf9623bffe1e5922b35842b04716684bb3,2026-08-16T12:00:00Z
SRC-8ec6f71a,631,Appliance Dealers Cooperative,nan,C7CESAS3RD3,https://www.appliancedealerscooperative.com/products/c7cesas3rd3,appliancedealerscooperative.com,manufacturer_product_page,1.0,True,True,success,d0e6e7f2d8970ed32450b2131a2126823c74aaeb4170aa8e610e6597970a2b14,2026-08-16T12:00:00Z
SRC-b6277645,631,Appliance Dealers Cooperative,nan,C7CESAS3RD3,https://www.appliancedealerscooperative.com/docs/datasheets/c7cesas3rd3.pdf,appliancedealerscooperative.com,manufacturer_pdf,1.0,True,True,success,cd427b2bb1cf59b3f8d3313acbbcc3462cca4457b8a97c418abbed3606e36dc7,2026-08-16T12:00:00Z
SRC-04185aa1,631,Appliance Dealers Cooperative,nan,C7CESAS3RD3,https://www.industrialdistributor.com/p/c7cesas3rd3,industrialdistributor.com,distributor_product_page,0.4,True,True,success,e0470857697a5c9c09617683aec50802f5d2b2103597ca0c4c822d0056cf78f3,2026-08-16T12:00:00Z
SRC-99a134cf,632,Appliance Dealers Cooperative,nan,C7CESAS4RW3,https://www.appliancedealerscooperative.com/products/c7cesas4rw3,appliancedealerscooperative.com,manufacturer_product_page,1.0,True,True,success,ad41b3bb255dd706520d60274203a7090f659afbfaaafbecc8a8cea0ec96fb88,2026-08-16T12:00:00Z
SRC-78c7f842,632,Appliance Dealers Cooperative,nan,C7CESAS4RW3,https://www.appliancedealerscooperative.com/docs/datasheets/c7cesas4rw3.pdf,appliancedealerscooperative.com,manufacturer_pdf,1.0,True,True,success,339e9431afb4bc9084a4b032b35f5a551d9e793a1933be5eb58b3e317113e08c,2026-08-16T12:00:00Z
SRC-1a27a5ed,632,Appliance Dealers Cooperative,nan,C7CESAS4RW3,https://www.industrialdistributor.com/p/c7cesas4rw3,industrialdistributor.com,distributor_product_page,0.4,True,True,success,44a75b542e9c13c43a9da32b7bf3d722e5e803d7c9dcf755f85ac8341c7a5b2a,2026-08-16T12:00:00Z
SRC-b774a724,633,Appliance Dealers Cooperative,nan,WOSP30100SS,https://www.appliancedealerscooperative.com/products/wosp30100ss,appliancedealerscooperative.com,manufacturer_product_page,1.0,True,True,success,5789c474566c413c8493a49cbf31a810990d8353daaa507c31b118f1a408aaaf,2026-08-16T12:00:00Z
SRC-e92a50b1,633,Appliance Dealers Cooperative,nan,WOSP30100SS,https://www.appliancedealerscooperative.com/docs/datasheets/wosp30100ss.pdf,appliancedealerscooperative.com,manufacturer_pdf,1.0,True,True,success,eae9855ddd3ef40adb93026964334256f6d521b6b7cdfe98832f7ecad92248c8,2026-08-16T12:00:00Z
SRC-1ad38d88,633,Appliance Dealers Cooperative,nan,WOSP30100SS,https://www.industrialdistributor.com/p/wosp30100ss,industrialdistributor.com,distributor_product_page,0.4,True,True,success,3472e7acd390a763f09eb519c423f61d37e8f443942c628a384d364d1033bdbe,2026-08-16T12:00:00Z
SRC-4a0b41a9,634,Appliance Dealers Cooperative,LG,MSER2090S,https://www.appliancedealerscooperative.com/products/mser2090s,appliancedealerscooperative.com,manufacturer_product_page,1.0,True,True,success,0e8e3c54013d88b7e187ba15d1a048347fbd0fb6fe4c043bfa2560c7904b94c5,2026-08-16T12:00:00Z
SRC-3a55ab67,634,Appliance Dealers Cooperative,LG,MSER2090S,https://www.appliancedealerscooperative.com/docs/datasheets/mser2090s.pdf,appliancedealerscooperative.com,manufacturer_pdf,1.0,True,True,success,fb28fe75933137fc75b93aadfe6d194934f2d513283eb50317a35f994a52578b,2026-08-16T12:00:00Z
SRC-530f4562,634,Appliance Dealers Cooperative,LG,MSER2090S,https://www.industrialdistributor.com/p/mser2090s,industrialdistributor.com,distributor_product_page,0.4,True,True,success,a100fd3528902b58ddbe16bc1d5d22e4d019d1f5a3de8b7365612595a59e7fbb,2026-08-16T12:00:00Z
SRC-7bf511f2,635,Appliance Dealers Cooperative,GE,GCST16S1WSS,https://www.appliancedealerscooperative.com/products/gcst16s1wss,appliancedealerscooperative.com,manufacturer_product_page,1.0,True,True,success,79fb4c0abe6ed8728aae8dd415b1704812c3f879fb51ea275d5c9c6b52c29ffb,2026-08-16T12:00:00Z
SRC-5517ba4b,635,Appliance Dealers Cooperative,GE,GCST16S1WSS,https://www.appliancedealerscooperative.com/docs/datasheets/gcst16s1wss.pdf,appliancedealerscooperative.com,manufacturer_pdf,1.0,True,True,success,22f5b847e7bb9f9c0feef5446a3553361534d9d44b51a21bf97f0f325b872477,2026-08-16T12:00:00Z
SRC-e771a0e9,635,Appliance Dealers Cooperative,GE,GCST16S1WSS,https://www.industrialdistributor.com/p/gcst16s1wss,industrialdistributor.com,distributor_product_page,0.4,True,True,success,b5ff5612e6d44d399aadb65f4b6a03bbe19f4cc8e420401e90e5584762af34d4,2026-08-16T12:00:00Z
SRC-f1768a73,636,Appliance Dealers Cooperative,GE,PCWK15C1WSS,https://www.appliancedealerscooperative.com/products/pcwk15c1wss,appliancedealerscooperative.com,manufacturer_product_page,1.0,True,True,success,409ecddcee3d2dcf98f058a67bb5256cdd9600a01916ff68a772567d37f4d80d,2026-08-16T12:00:00Z
SRC-002e47e5,636,Appliance Dealers Cooperative,GE,PCWK15C1WSS,https://www.appliancedealerscooperative.com/docs/datasheets/pcwk15c1wss.pdf,appliancedealerscooperative.com,manufacturer_pdf,1.0,True,True,success,94d1e99e320e17eb7e634ab19739a202c086b59f31d79fbb3401c87630d3cb89,2026-08-16T12:00:00Z
SRC-67486277,636,Appliance Dealers Cooperative,GE,PCWK15C1WSS,https://www.industrialdistributor.com/p/pcwk15c1wss,industrialdistributor.com,distributor_product_page,0.4,True,True,success,91b3a3bc165521d938937b49d52e09ee17cb779d14b1c60d02866f867b1094c9,2026-08-16T12:00:00Z
SRC-3961418e,637,Appliance Dealers Cooperative,nan,SMC2266KS,https://www.appliancedealerscooperative.com/products/smc2266ks,appliancedealerscooperative.com,manufacturer_product_page,1.0,True,True,success,651a930cd6ea7619255c211232a91db2b5f4769792aefd7a346cc1db8cb6b49a,2026-08-16T12:00:00Z
SRC-7358f41d,637,Appliance Dealers Cooperative,nan,SMC2266KS,https://www.appliancedealerscooperative.com/docs/datasheets/smc2266ks.pdf,appliancedealerscooperative.com,manufacturer_pdf,1.0,True,True,success,7c494a4962bfb5f4d36fbe57e189250f33391dcc219f5db7c2b0f4c720b3eee0,2026-08-16T12:00:00Z
SRC-e1d42cf5,637,Appliance Dealers Cooperative,nan,SMC2266KS,https://www.industrialdistributor.com/p/smc2266ks,industrialdistributor.com,distributor_product_page,0.4,True,True,success,a9ecf2d380979097d20b0c1d86e921849107cea95695efe29d0f77fcbb44b8d4,2026-08-16T12:00:00Z
SRC-4ac67048,638,Appliance Dealers Cooperative,nan,SMD2479JS,https://www.appliancedealerscooperative.com/products/smd2479js,appliancedealerscooperative.com,manufacturer_product_page,1.0,True,True,success,99932a2760bf7e6575c07b3a9ab54b0b516a6fd3635af623b565d2ab6e5204b5,2026-08-16T12:00:00Z
SRC-96a5cf19,638,Appliance Dealers Cooperative,nan,SMD2479JS,https://www.appliancedealerscooperative.com/docs/datasheets/smd2479js.pdf,appliancedealerscooperative.com,manufacturer_pdf,1.0,True,True,success,e93e5a6be8539ec3450897a69631fa7a96c977b5aba263ffb314cb38a3a2fb7e,2026-08-16T12:00:00Z
SRC-3a5427b2,638,Appliance Dealers Cooperative,nan,SMD2479JS,https://www.industrialdistributor.com/p/smd2479js,industrialdistributor.com,distributor_product_page,0.4,True,True,success,771a086cf3bef97efe34e85f264b97c819a5e108134c839630e6e06aaa81d96f,2026-08-16T12:00:00Z
SRC-9d284aad,639,Appliance Dealers Cooperative,GE,PEP9030DTBB,https://www.appliancedealerscooperative.com/products/pep9030dtbb,appliancedealerscooperative.com,manufacturer_product_page,1.0,True,True,success,38f725c12115433513b79fe663f505e453ec14bef235bb4ffcc71e1b4c77660f,2026-08-16T12:00:00Z
SRC-ccfc0b45,639,Appliance Dealers Cooperative,GE,PEP9030DTBB,https://www.appliancedealerscooperative.com/docs/datasheets/pep9030dtbb.pdf,appliancedealerscooperative.com,manufacturer_pdf,1.0,True,True,success,87f5dd2c6f9b1ba4cb1d514656a302b1676227e9d8723876c8b565504c86aa5e,2026-08-16T12:00:00Z
SRC-1a4c43dc,639,Appliance Dealers Cooperative,GE,PEP9030DTBB,https://www.industrialdistributor.com/p/pep9030dtbb,industrialdistributor.com,distributor_product_page,0.4,True,True,success,81d6d771fb6bbfd997e059dda029c0ae231fc788aae13c4626321144a6e3dbc1,2026-08-16T12:00:00Z
SRC-6ea7c3b1,640,Appliance Dealers Cooperative,nan,CES700P3MD1,https://www.appliancedealerscooperative.com/products/ces700p3md1,appliancedealerscooperative.com,manufacturer_product_page,1.0,True,True,success,9c18b0850581d3b806cb842a4c25c1bb65aa3e3c935050ecdd4c74d8518d4cb0,2026-08-16T12:00:00Z
SRC-44a21375,640,Appliance Dealers Cooperative,nan,CES700P3MD1,https://www.appliancedealerscooperative.com/docs/datasheets/ces700p3md1.pdf,appliancedealerscooperative.com,manufacturer_pdf,1.0,True,True,success,569bcdd186ffbe39e8c5a5f6c38f7587d357b6910c35afb0332f636647a0911d,2026-08-16T12:00:00Z
SRC-f5c5dbe5,640,Appliance Dealers Cooperative,nan,CES700P3MD1,https://www.industrialdistributor.com/p/ces700p3md1,industrialdistributor.com,distributor_product_page,0.4,True,True,success,65bff18b623726402171a0d50c4535919462e10298a7c1a3ed325a383598075b,2026-08-16T12:00:00Z
SRC-37edd634,641,Appliance Dealers Cooperative,GE,PS960YPFS,https://www.appliancedealerscooperative.com/products/ps960ypfs,appliancedealerscooperative.com,manufacturer_product_page,1.0,True,True,success,1294052318e29331d54e54234b9a7c7d3390426e7700e599bde56ed391f1706f,2026-08-16T12:00:00Z
SRC-76d00200,641,Appliance Dealers Cooperative,GE,PS960YPFS,https://www.appliancedealerscooperative.com/docs/datasheets/ps960ypfs.pdf,appliancedealerscooperative.com,manufacturer_pdf,1.0,True,True,success,7e060bca78511fe8663e5ba8214d6fba3b8eae4c9ee33bd117c406288ac0f309,2026-08-16T12:00:00Z
SRC-067724f8,641,Appliance Dealers Cooperative,GE,PS960YPFS,https://www.industrialdistributor.com/p/ps960ypfs,industrialdistributor.com,distributor_product_page,0.4,True,True,success,09f1ae1e64a8515099a93cd9901dec7803c5f2a87c9274f981ee083f2ca37251,2026-08-16T12:00:00Z
SRC-16acbd1c,642,Appliance Dealers Cooperative,nan,PB900YVFS,https://www.appliancedealerscooperative.com/products/pb900yvfs,appliancedealerscooperative.com,manufacturer_product_page,1.0,True,True,success,73c8bfae78ae8648dfabfca54b512b2190cfc63346f318ee3029b3b221da1c3f,2026-08-16T12:00:00Z
SRC-d580813a,642,Appliance Dealers Cooperative,nan,PB900YVFS,https://www.appliancedealerscooperative.com/docs/datasheets/pb900yvfs.pdf,appliancedealerscooperative.com,manufacturer_pdf,1.0,True,True,success,cdea77d533e544c2afed29b202203c7ea57e1a6c7110707c8341f384578ece2b,2026-08-16T12:00:00Z
SRC-d36f3a38,642,Appliance Dealers Cooperative,nan,PB900YVFS,https://www.industrialdistributor.com/p/pb900yvfs,industrialdistributor.com,distributor_product_page,0.4,True,True,success,f11733db3c57ab440cb0c9ddd5807434b9e6f907db202db23e0750db6bb1e1f4,2026-08-16T12:00:00Z
SRC-9c02b87f,643,Appliance Dealers Cooperative,nan,PCFE3080AF,https://www.appliancedealerscooperative.com/products/pcfe3080af,appliancedealerscooperative.com,manufacturer_product_page,1.0,True,True,success,300be742bdd478167cc16251305dc100c5894b280f739e02f6932de01b3ac882,2026-08-16T12:00:00Z
SRC-bc4eaa70,643,Appliance Dealers Cooperative,nan,PCFE3080AF,https://www.appliancedealerscooperative.com/docs/datasheets/pcfe3080af.pdf,appliancedealerscooperative.com,manufacturer_pdf,1.0,True,True,success,12526ccd83f3b20517ec7dcb963c6c61b1e26c75f9a52596ff0959d8af82e39a,2026-08-16T12:00:00Z
SRC-9cc6401b,643,Appliance Dealers Cooperative,nan,PCFE3080AF,https://www.industrialdistributor.com/p/pcfe3080af,industrialdistributor.com,distributor_product_page,0.4,True,True,success,a52074bb936cf8e7dd074536e0681922d0bab00598dfa23cd991b57e5f50bbff,2026-08-16T12:00:00Z
SRC-aa339907,644,Appliance Dealers Cooperative,nan,SLER30524SS,https://www.appliancedealerscooperative.com/products/sler30524ss,appliancedealerscooperative.com,manufacturer_product_page,1.0,True,True,success,100f7e8f00042a29d884e9549fb30781a42ba3d1aa1ee732c1676b0396507c10,2026-08-16T12:00:00Z
SRC-0ba62144,644,Appliance Dealers Cooperative,nan,SLER30524SS,https://www.appliancedealerscooperative.com/docs/datasheets/sler30524ss.pdf,appliancedealerscooperative.com,manufacturer_pdf,1.0,True,True,success,4d57fdba4d0a732738ab6d6c345f3e0b027c54e5f3c6d4fd6d2fdb36426ddc54,2026-08-16T12:00:00Z
SRC-9446a877,644,Appliance Dealers Cooperative,nan,SLER30524SS,https://www.industrialdistributor.com/p/sler30524ss,industrialdistributor.com,distributor_product_page,0.4,True,True,success,b11d3e817dac3549635a4c7ce70480bb7a62b87fa362e02c3f3083c302059ec6,2026-08-16T12:00:00Z
SRC-a4ddbde6,645,Appliance Dealers Cooperative,LG,LSEL6333ZE,https://www.appliancedealerscooperative.com/products/lsel6333ze,appliancedealerscooperative.com,manufacturer_product_page,1.0,True,True,success,1e2b43cdb906f3051554fa673d6cea04c40218ca6ac598b657853499559cf403,2026-08-16T12:00:00Z
SRC-136d5ae2,645,Appliance Dealers Cooperative,LG,LSEL6333ZE,https://www.appliancedealerscooperative.com/docs/datasheets/lsel6333ze.pdf,appliancedealerscooperative.com,manufacturer_pdf,1.0,True,True,success,7780258fe68d80a6c53e35f8133280f4c13d2a1057a492256222f4e6e4cc6bdd,2026-08-16T12:00:00Z
SRC-27bc02bd,645,Appliance Dealers Cooperative,LG,LSEL6333ZE,https://www.industrialdistributor.com/p/lsel6333ze,industrialdistributor.com,distributor_product_page,0.4,True,True,success,f41a3edf89914dd9c8fdb1781dc7215df0101040a02054c0ed2a2cb6bb2e6236,2026-08-16T12:00:00Z
SRC-cb19d3d0,646,Appliance Dealers Cooperative,nan,KSES530SBE,https://www.appliancedealerscooperative.com/products/kses530sbe,appliancedealerscooperative.com,manufacturer_product_page,1.0,True,True,success,57d1631a6b414fd87eac6b7d8bfacf1e1a45ecf4eb9441a0c41f3cd0ed528412,2026-08-16T12:00:00Z
SRC-1586b3d0,646,Appliance Dealers Cooperative,nan,KSES530SBE,https://www.appliancedealerscooperative.com/docs/datasheets/kses530sbe.pdf,appliancedealerscooperative.com,manufacturer_pdf,1.0,True,True,success,68e17f5d7205feddd409b16dce05ef9717289de9ede641c7ea0d3bf9b3ba03c4,2026-08-16T12:00:00Z
SRC-384dd613,646,Appliance Dealers Cooperative,nan,KSES530SBE,https://www.industrialdistributor.com/p/kses530sbe,industrialdistributor.com,distributor_product_page,0.4,True,True,success,497dee6f97a15ff8c7001b3dd9ad95aece651814ee5614b263be47376e5cb5a4,2026-08-16T12:00:00Z
SRC-7b5be30b,647,Appliance Dealers Cooperative,nan,GCFG3661AF,https://www.appliancedealerscooperative.com/products/gcfg3661af,appliancedealerscooperative.com,manufacturer_product_page,1.0,True,True,success,c49b7561df561fa29b590e5a1baedd66d467c9b1d45097924b016bd647bf7b0f,2026-08-16T12:00:00Z
SRC-39a694b0,647,Appliance Dealers Cooperative,nan,GCFG3661AF,https://www.appliancedealerscooperative.com/docs/datasheets/gcfg3661af.pdf,appliancedealerscooperative.com,manufacturer_pdf,1.0,True,True,success,4f45daaa218265345939ee6fdb2f1e458476ed8194d5954dcdbb17c5a53e53c5,2026-08-16T12:00:00Z
SRC-cdc94264,647,Appliance Dealers Cooperative,nan,GCFG3661AF,https://www.industrialdistributor.com/p/gcfg3661af,industrialdistributor.com,distributor_product_page,0.4,True,True,success,657ee1654c5c63be3c7c4d1919b306132be46657d4ad7a078283fcf595c982f8,2026-08-16T12:00:00Z
SRC-323e42d6,648,Appliance Dealers Cooperative,nan,WSGS7530RZ,https://www.appliancedealerscooperative.com/products/wsgs7530rz,appliancedealerscooperative.com,manufacturer_product_page,1.0,True,True,success,f25dbd70c34103c7312b1873cc60ef59f5e856fe88a7ff0d16be7f189c598aa1,2026-08-16T12:00:00Z
SRC-064615c1,648,Appliance Dealers Cooperative,nan,WSGS7530RZ,https://www.appliancedealerscooperative.com/docs/datasheets/wsgs7530rz.pdf,appliancedealerscooperative.com,manufacturer_pdf,1.0,True,True,success,11484b5837e8683a3e346b5b755cc5b49b983100fa42752e0b55e843fa6b48d8,2026-08-16T12:00:00Z
SRC-5244104d,648,Appliance Dealers Cooperative,nan,WSGS7530RZ,https://www.industrialdistributor.com/p/wsgs7530rz,industrialdistributor.com,distributor_product_page,0.4,True,True,success,313a992398859887e5cb22ff3fa596403baffdd0488c36622ccebd66ff9ffac5,2026-08-16T12:00:00Z
SRC-3849b1c2,649,Appliance Dealers Cooperative,nan,CHP90301TBB,https://www.appliancedealerscooperative.com/products/chp90301tbb,appliancedealerscooperative.com,manufacturer_product_page,1.0,True,True,success,269d9d3f6750c588f8a65ef6e1ef656e46fbd3e2cb461c54ddb09958861654ad,2026-08-16T12:00:00Z
SRC-81f7d7f7,649,Appliance Dealers Cooperative,nan,CHP90301TBB,https://www.appliancedealerscooperative.com/docs/datasheets/chp90301tbb.pdf,appliancedealerscooperative.com,manufacturer_pdf,1.0,True,True,success,18da4f5d62031e885d086b5081e7d88b28703a0d5d0743c117ae391860835e4a,2026-08-16T12:00:00Z
SRC-e3fe0ed0,649,Appliance Dealers Cooperative,nan,CHP90301TBB,https://www.industrialdistributor.com/p/chp90301tbb,industrialdistributor.com,distributor_product_page,0.4,True,True,success,d3e2cb8dade21710a35c98974929535a70b8bf1e65413d9829e84357bacaca6c,2026-08-16T12:00:00Z
SRC-4f88a94e,650,Appliance Dealers Cooperative,nan,CVM517P3RD1,https://www.appliancedealerscooperative.com/products/cvm517p3rd1,appliancedealerscooperative.com,manufacturer_product_page,1.0,True,True,success,20058e556413d7423f5c7ab7141108005d2c493f98c2ba78cd8f241d9fe33835,2026-08-16T12:00:00Z
SRC-c9907a30,650,Appliance Dealers Cooperative,nan,CVM517P3RD1,https://www.appliancedealerscooperative.com/docs/datasheets/cvm517p3rd1.pdf,appliancedealerscooperative.com,manufacturer_pdf,1.0,True,True,success,655dcf850276f152654518347f32f256712e3ea9d7214ce0c5a140ff6cb4225a,2026-08-16T12:00:00Z
SRC-7dc5b267,650,Appliance Dealers Cooperative,nan,CVM517P3RD1,https://www.industrialdistributor.com/p/cvm517p3rd1,industrialdistributor.com,distributor_product_page,0.4,True,True,success,8761cf7b19c183a6089d021a8578b7b36afd351c8f8bf60344b6277b72a820ed,2026-08-16T12:00:00Z
SRC-da7716d5,651,Appliance Dealers Cooperative,nan,PMOS1980AF,https://www.appliancedealerscooperative.com/products/pmos1980af,appliancedealerscooperative.com,manufacturer_product_page,1.0,True,True,success,1f2139839adaf50ca446a40e1a5564af605d834fdc2a29bf0b5af7957916d604,2026-08-16T12:00:00Z
SRC-b614857c,651,Appliance Dealers Cooperative,nan,PMOS1980AF,https://www.appliancedealerscooperative.com/docs/datasheets/pmos1980af.pdf,appliancedealerscooperative.com,manufacturer_pdf,1.0,True,True,success,2ff7a259277ffc9ed650170cba29c3d134811f4006ffd6a2bf4d3dc336dbcb0b,2026-08-16T12:00:00Z
SRC-063ebdc0,651,Appliance Dealers Cooperative,nan,PMOS1980AF,https://www.industrialdistributor.com/p/pmos1980af,industrialdistributor.com,distributor_product_page,0.4,True,True,success,3b054f13213acd5da6acf388bf2cd58b22dc768d9121fdd10774b79134711350,2026-08-16T12:00:00Z
SRC-a570b350,652,Appliance Dealers Cooperative,nan,WMMS3330RZ,https://www.appliancedealerscooperative.com/products/wmms3330rz,appliancedealerscooperative.com,manufacturer_product_page,1.0,True,True,success,5a6ef7bfa0fce6f9e43f574345ff2b3122555c64fec1cac5f782375872e8b5d6,2026-08-16T12:00:00Z
SRC-f4059b35,652,Appliance Dealers Cooperative,nan,WMMS3330RZ,https://www.appliancedealerscooperative.com/docs/datasheets/wmms3330rz.pdf,appliancedealerscooperative.com,manufacturer_pdf,1.0,True,True,success,69c9a6953598cf4fa5544ad47994bf6e82e5ff5e33a59bb586087b6c33eeb098,2026-08-16T12:00:00Z
SRC-75379c96,652,Appliance Dealers Cooperative,nan,WMMS3330RZ,https://www.industrialdistributor.com/p/wmms3330rz,industrialdistributor.com,distributor_product_page,0.4,True,True,success,640ffbacef5b8615c89319373689a75a46acda31273ace2d24234956bc48093a,2026-08-16T12:00:00Z
SRC-2dd91557,653,Appliance Dealers Cooperative,nan,KMMF530PBE,https://www.appliancedealerscooperative.com/products/kmmf530pbe,appliancedealerscooperative.com,manufacturer_product_page,1.0,True,True,success,c261ac771a187ccfa0b6b71499066d410cefeb8a7a7b207dfc1a62d6124cb55f,2026-08-16T12:00:00Z
SRC-93affe2f,653,Appliance Dealers Cooperative,nan,KMMF530PBE,https://www.appliancedealerscooperative.com/docs/datasheets/kmmf530pbe.pdf,appliancedealerscooperative.com,manufacturer_pdf,1.0,True,True,success,88af367ecdfe325228098f15cb92c55cd09e61c43799335b18ab99240f3342ae,2026-08-16T12:00:00Z
SRC-feaf3e5f,653,Appliance Dealers Cooperative,nan,KMMF530PBE,https://www.industrialdistributor.com/p/kmmf530pbe,industrialdistributor.com,distributor_product_page,0.4,True,True,success,a006f7a6a1289b3639a149c0fe46448bd03fcfeac6f81faadd292e22a1e5254d,2026-08-16T12:00:00Z
SRC-3efb248e,654,Appliance Dealers Cooperative,GE,JXGRILL1,https://www.appliancedealerscooperative.com/products/jxgrill1,appliancedealerscooperative.com,manufacturer_product_page,1.0,True,True,success,7acc28de2c57c51295d58f010f97de0d0d65352242277abb11cd83a384a89ab7,2026-08-16T12:00:00Z
SRC-aa796e19,654,Appliance Dealers Cooperative,GE,JXGRILL1,https://www.appliancedealerscooperative.com/docs/datasheets/jxgrill1.pdf,appliancedealerscooperative.com,manufacturer_pdf,1.0,True,True,success,f215ae1984ea75618ca597062c6bfaf751fc9ae8ba194a6e0330050aaee1329c,2026-08-16T12:00:00Z
SRC-c5c67b1d,654,Appliance Dealers Cooperative,GE,JXGRILL1,https://www.industrialdistributor.com/p/jxgrill1,industrialdistributor.com,distributor_product_page,0.4,True,True,success,98e5986db8808fdeb3a936994502b9ec018bdb4b810493d006deeb2a306a83bb,2026-08-16T12:00:00Z
SRC-7105275c,655,Appliance Dealers Cooperative,nan,C9TMA2S3PD3,https://www.appliancedealerscooperative.com/products/c9tma2s3pd3,appliancedealerscooperative.com,manufacturer_product_page,1.0,True,True,success,ab6d4a8db74f341b88d1fd078e247092065a2eac46cefb4048eb0e33340c676a,2026-08-16T12:00:00Z
SRC-37de4365,655,Appliance Dealers Cooperative,nan,C9TMA2S3PD3,https://www.appliancedealerscooperative.com/docs/datasheets/c9tma2s3pd3.pdf,appliancedealerscooperative.com,manufacturer_pdf,1.0,True,True,success,830427951087947d12f9ed6f73caeebd9f6826d8415fc90ad36efd7acacb6adb,2026-08-16T12:00:00Z
SRC-ec949dc0,655,Appliance Dealers Cooperative,nan,C9TMA2S3PD3,https://www.industrialdistributor.com/p/c9tma2s3pd3,industrialdistributor.com,distributor_product_page,0.4,True,True,success,092aafaed4559b0e372a7a04357cbfb171818e642e8b7bde8b5e79150f5b4aab,2026-08-16T12:00:00Z
SRC-a382047e,656,Appliance Dealers Cooperative,nan,C9TMA2S4PW3,https://www.appliancedealerscooperative.com/products/c9tma2s4pw3,appliancedealerscooperative.com,manufacturer_product_page,1.0,True,True,success,e5a7d2d8283cf7b528b12d5ef40b98da4dace09e695abacaae3bc0b438d3ca2f,2026-08-16T12:00:00Z
SRC-817e34d3,656,Appliance Dealers Cooperative,nan,C9TMA2S4PW3,https://www.appliancedealerscooperative.com/docs/datasheets/c9tma2s4pw3.pdf,appliancedealerscooperative.com,manufacturer_pdf,1.0,True,True,success,0e72c85896c2173f67a16727e044649ad86dbf477a30d24c360171a2b967f86f,2026-08-16T12:00:00Z
SRC-7037fc32,656,Appliance Dealers Cooperative,nan,C9TMA2S4PW3,https://www.industrialdistributor.com/p/c9tma2s4pw3,industrialdistributor.com,distributor_product_page,0.4,True,True,success,72ba2753095cb36eacfa1d1f6c0bf3aa77dc68d46ebf8f861dfaacb970148a52,2026-08-16T12:00:00Z
SRC-0fa06c0c,657,Appliance Dealers Cooperative,nan,C90AAAS2RS3,https://www.appliancedealerscooperative.com/products/c90aaas2rs3,appliancedealerscooperative.com,manufacturer_product_page,1.0,True,True,success,3fddc7c79f731296a1adafd6be42874ade6322c930d2e50bcc6835f8df5e2812,2026-08-16T12:00:00Z
SRC-e01c8987,657,Appliance Dealers Cooperative,nan,C90AAAS2RS3,https://www.appliancedealerscooperative.com/docs/datasheets/c90aaas2rs3.pdf,appliancedealerscooperative.com,manufacturer_pdf,1.0,True,True,success,94eeac2ad56f100ebd82ad02892d3865e17b8853ddef569dd138c003aac18038,2026-08-16T12:00:00Z
SRC-1448e3c0,657,Appliance Dealers Cooperative,nan,C90AAAS2RS3,https://www.industrialdistributor.com/p/c90aaas2rs3,industrialdistributor.com,distributor_product_page,0.4,True,True,success,78f695e7b171cd63f29bf9cfc1d071f2642fb12ae4c56f6bc68acd52914f6cbd,2026-08-16T12:00:00Z
SRC-9380f4a9,658,Appliance Dealers Cooperative,nan,C9TMA2S2PS3,https://www.appliancedealerscooperative.com/products/c9tma2s2ps3,appliancedealerscooperative.com,manufacturer_product_page,1.0,True,True,success,803782c3d88f7e78633b1a4c281be9b1eca9591bc73c000e7611b8b82c8b18c4,2026-08-16T12:00:00Z
SRC-86831998,658,Appliance Dealers Cooperative,nan,C9TMA2S2PS3,https://www.appliancedealerscooperative.com/docs/datasheets/c9tma2s2ps3.pdf,appliancedealerscooperative.com,manufacturer_pdf,1.0,True,True,success,d9ee24a9168811e9b153580594ac6f87ff0942feb9bae8f7e7972ab252219db6,2026-08-16T12:00:00Z
SRC-5cf4c4d8,658,Appliance Dealers Cooperative,nan,C9TMA2S2PS3,https://www.industrialdistributor.com/p/c9tma2s2ps3,industrialdistributor.com,distributor_product_page,0.4,True,True,success,9e22f25be445b67b8a78589812f07cd162b3d606e920bfe1c7b22450439b291d,2026-08-16T12:00:00Z
SRC-3acb15a0,659,Appliance Dealers Cooperative,GE,GDE21EMKES,https://www.appliancedealerscooperative.com/products/gde21emkes,appliancedealerscooperative.com,manufacturer_product_page,1.0,True,True,success,41d1d5d9347153f2449250dfdd2d8ccf1307e43dc44bb4c973b7f13ad7983f9d,2026-08-16T12:00:00Z
SRC-c088ba6a,659,Appliance Dealers Cooperative,GE,GDE21EMKES,https://www.appliancedealerscooperative.com/docs/datasheets/gde21emkes.pdf,appliancedealerscooperative.com,manufacturer_pdf,1.0,True,True,success,d0216b18b71c19559f9ac79234a44a149054b3c0fd1095947217b34e2fd9f115,2026-08-16T12:00:00Z
SRC-75ee6697,659,Appliance Dealers Cooperative,GE,GDE21EMKES,https://www.industrialdistributor.com/p/gde21emkes,industrialdistributor.com,distributor_product_page,0.4,True,True,success,846c97326039652c119499d136de76d489caf5b97616a90533eaf25cbd9e5f1b,2026-08-16T12:00:00Z
SRC-ef4cd9c7,660,Appliance Dealers Cooperative,GE,FCM16SLWW,https://www.appliancedealerscooperative.com/products/fcm16slww,appliancedealerscooperative.com,manufacturer_product_page,1.0,True,True,success,c1b05158a867962cefa2dff0d7cb4cbe7ca1f5d01debd0d3993ed80497a57963,2026-08-16T12:00:00Z
SRC-dd6eb0bf,660,Appliance Dealers Cooperative,GE,FCM16SLWW,https://www.appliancedealerscooperative.com/docs/datasheets/fcm16slww.pdf,appliancedealerscooperative.com,manufacturer_pdf,1.0,True,True,success,a6a286db821c22aca58d176a1d96ba64c707763c82a94fd11e596d5314fad945,2026-08-16T12:00:00Z
SRC-98f3f121,660,Appliance Dealers Cooperative,GE,FCM16SLWW,https://www.industrialdistributor.com/p/fcm16slww,industrialdistributor.com,distributor_product_page,0.4,True,True,success,f1dfece4773515ae28dcd39a756e13f7fec25b166d8d03bce4ce823d1561ef45,2026-08-16T12:00:00Z
SRC-b2c5ca21,661,Appliance Dealers Cooperative,GE,GNE27JYMFS,https://www.appliancedealerscooperative.com/products/gne27jymfs,appliancedealerscooperative.com,manufacturer_product_page,1.0,True,True,success,08703b05975cc93a86feac4f76e02dbb4084bc5ee4daa91daa0f49b5d7a11072,2026-08-16T12:00:00Z
SRC-0c36a605,661,Appliance Dealers Cooperative,GE,GNE27JYMFS,https://www.appliancedealerscooperative.com/docs/datasheets/gne27jymfs.pdf,appliancedealerscooperative.com,manufacturer_pdf,1.0,True,True,success,abda06764c081432f2406e052a360d3c06640a3a6e9757fa7060dae43a8c051a,2026-08-16T12:00:00Z
SRC-83ece863,661,Appliance Dealers Cooperative,GE,GNE27JYMFS,https://www.industrialdistributor.com/p/gne27jymfs,industrialdistributor.com,distributor_product_page,0.4,True,True,success,9f402cfdbc1abf735946697035cec1d844a371327644a5b9c7a701b6bdbc6de0,2026-08-16T12:00:00Z
SRC-028360bf,662,Appliance Dealers Cooperative,nan,CVE28DP3ND1,https://www.appliancedealerscooperative.com/products/cve28dp3nd1,appliancedealerscooperative.com,manufacturer_product_page,1.0,True,True,success,8e66e08d73970a837e7a8586f5cfb0d06f1b64effae47fccb4bf8cc3a180f256,2026-08-16T12:00:00Z
SRC-ea38f996,662,Appliance Dealers Cooperative,nan,CVE28DP3ND1,https://www.appliancedealerscooperative.com/docs/datasheets/cve28dp3nd1.pdf,appliancedealerscooperative.com,manufacturer_pdf,1.0,True,True,success,aa9edb081948dab816b9e6c0f9905d2c482c0528515d9b85cc23aa40aef605b9,2026-08-16T12:00:00Z
SRC-0cbe3772,662,Appliance Dealers Cooperative,nan,CVE28DP3ND1,https://www.industrialdistributor.com/p/cve28dp3nd1,industrialdistributor.com,distributor_product_page,0.4,True,True,success,081962479dfba82b8a7990c8adc9028cb50446a298280dbf181cffdcf76bb300,2026-08-16T12:00:00Z
SRC-5e8deba7,663,Appliance Dealers Cooperative,GE,GNE25JMKES,https://www.appliancedealerscooperative.com/products/gne25jmkes,appliancedealerscooperative.com,manufacturer_product_page,1.0,True,True,success,c5785a8bc6ee5c1f326dd1674d1a0a954e0f0ce639effa43e5c5880771ea179c,2026-08-16T12:00:00Z
SRC-a8c03c22,663,Appliance Dealers Cooperative,GE,GNE25JMKES,https://www.appliancedealerscooperative.com/docs/datasheets/gne25jmkes.pdf,appliancedealerscooperative.com,manufacturer_pdf,1.0,True,True,success,9fea8b6123ee710523fe8a2203c8ff86fc401fca4f8e606d7278bdabf34d07b6,2026-08-16T12:00:00Z
SRC-8d8790dd,663,Appliance Dealers Cooperative,GE,GNE25JMKES,https://www.industrialdistributor.com/p/gne25jmkes,industrialdistributor.com,distributor_product_page,0.4,True,True,success,0e4bb1b6fbfa7741edde08328c3bfd66c3688ba511e1d3951e28f83b0145c1c3,2026-08-16T12:00:00Z
SRC-54afb4f4,664,Appliance Dealers Cooperative,nan,PRFS2883AF,https://www.appliancedealerscooperative.com/products/prfs2883af,appliancedealerscooperative.com,manufacturer_product_page,1.0,True,True,success,454593a0d50b37cb3fb11e98ec6027969ac4285ae315e54c34c8600118291213,2026-08-16T12:00:00Z
SRC-acb5439b,664,Appliance Dealers Cooperative,nan,PRFS2883AF,https://www.appliancedealerscooperative.com/docs/datasheets/prfs2883af.pdf,appliancedealerscooperative.com,manufacturer_pdf,1.0,True,True,success,ac3b2606c634d38aac0e2cb777a80c1268e9a5db648bf984217defcfa2b9d0b2,2026-08-16T12:00:00Z
SRC-6a661b9c,664,Appliance Dealers Cooperative,nan,PRFS2883AF,https://www.industrialdistributor.com/p/prfs2883af,industrialdistributor.com,distributor_product_page,0.4,True,True,success,126baa2f4f4d103251d1044a78d31133ebf25a609edb7f1d4ead176eb2f0cdc2,2026-08-16T12:00:00Z
SRC-7bcb5845,665,Appliance Dealers Cooperative,GE,PAD28BYTFS,https://www.appliancedealerscooperative.com/products/pad28bytfs,appliancedealerscooperative.com,manufacturer_product_page,1.0,True,True,success,3431c981c2ae461b0e5299dde3a9e7b7c7e59570372ab3783e898df0ae578ff5,2026-08-16T12:00:00Z
SRC-b823a7e1,665,Appliance Dealers Cooperative,GE,PAD28BYTFS,https://www.appliancedealerscooperative.com/docs/datasheets/pad28bytfs.pdf,appliancedealerscooperative.com,manufacturer_pdf,1.0,True,True,success,bc7b95eb1008ca74500e57dd4d3a0c89a963a3b67c9b312f9e1da37872fcac10,2026-08-16T12:00:00Z
SRC-94639524,665,Appliance Dealers Cooperative,GE,PAD28BYTFS,https://www.industrialdistributor.com/p/pad28bytfs,industrialdistributor.com,distributor_product_page,0.4,True,True,success,90ace066f098aeda8f5ddfc45d3ef4783c913a5da14e69e9afcd9779e373faad,2026-08-16T12:00:00Z
SRC-0a8ea1c2,666,Appliance Dealers Cooperative,GE,PGE29BYTFS,https://www.appliancedealerscooperative.com/products/pge29bytfs,appliancedealerscooperative.com,manufacturer_product_page,1.0,True,True,success,15b790f5e527828e5a7ed566766bc7b4f72dd8e6192b02ea0f7c430773774720,2026-08-16T12:00:00Z
SRC-16934442,666,Appliance Dealers Cooperative,GE,PGE29BYTFS,https://www.appliancedealerscooperative.com/docs/datasheets/pge29bytfs.pdf,appliancedealerscooperative.com,manufacturer_pdf,1.0,True,True,success,ca172b1721dad1bdc7814ad8c3130da373aa9d1369c14ee4afd9c49b1fd23a98,2026-08-16T12:00:00Z
SRC-1114d055,666,Appliance Dealers Cooperative,GE,PGE29BYTFS,https://www.industrialdistributor.com/p/pge29bytfs,industrialdistributor.com,distributor_product_page,0.4,True,True,success,ae94f687b12a99398a8bf69c4f61c5b90e47c37d78d5d9b85e22da8a110c2bdc,2026-08-16T12:00:00Z
SRC-9af21134,667,Appliance Dealers Cooperative,nan,ERFD19CGCS,https://www.appliancedealerscooperative.com/products/erfd19cgcs,appliancedealerscooperative.com,manufacturer_product_page,1.0,True,True,success,df645cb9b09838e382b30bcf1c11135ec321cbb3a1ca9849465d36906be221f1,2026-08-16T12:00:00Z
SRC-0f8fc4c1,667,Appliance Dealers Cooperative,nan,ERFD19CGCS,https://www.appliancedealerscooperative.com/docs/datasheets/erfd19cgcs.pdf,appliancedealerscooperative.com,manufacturer_pdf,1.0,True,True,success,fa930f2f3a0e4b9da41f9872beb2eb4328daa2ecf3792140383fe983ffafa90b,2026-08-16T12:00:00Z
SRC-6016bda1,667,Appliance Dealers Cooperative,nan,ERFD19CGCS,https://www.industrialdistributor.com/p/erfd19cgcs,industrialdistributor.com,distributor_product_page,0.4,True,True,success,eae4d90844d1495949afdd3e13e6e3a60ea3f03fe914717843fcd3f70a087dd0,2026-08-16T12:00:00Z
SRC-38812a1b,668,Appliance Dealers Cooperative,LG,LT18S2100W,https://www.appliancedealerscooperative.com/products/lt18s2100w,appliancedealerscooperative.com,manufacturer_product_page,1.0,True,True,success,f905da809857d53ee3511d2690e51bfb2dc4935b413976158f796b48dff26d71,2026-08-16T12:00:00Z
SRC-c5fd187c,668,Appliance Dealers Cooperative,LG,LT18S2100W,https://www.appliancedealerscooperative.com/docs/datasheets/lt18s2100w.pdf,appliancedealerscooperative.com,manufacturer_pdf,1.0,True,True,success,cca810d129b36b4483f16fca0c0ee3bdc1016a0c94a29a7ae9e455335606e563,2026-08-16T12:00:00Z
SRC-95976b47,668,Appliance Dealers Cooperative,LG,LT18S2100W,https://www.industrialdistributor.com/p/lt18s2100w,industrialdistributor.com,distributor_product_page,0.4,True,True,success,223786aacb5377c02872dd9bc4b9f63113d79e015f21817bf1925677be1f8fc0,2026-08-16T12:00:00Z
SRC-84747658,669,Appliance Dealers Cooperative,LG,LT18S2100S,https://www.appliancedealerscooperative.com/products/lt18s2100s,appliancedealerscooperative.com,manufacturer_product_page,1.0,True,True,success,e23161d6166bcc3e5c80b7071a3caa3f8ed97c70c2e12467abaae0d736adebe2,2026-08-16T12:00:00Z
SRC-1aa74e56,669,Appliance Dealers Cooperative,LG,LT18S2100S,https://www.appliancedealerscooperative.com/docs/datasheets/lt18s2100s.pdf,appliancedealerscooperative.com,manufacturer_pdf,1.0,True,True,success,bb2f05f40b9a2e8fe0eeedea0fa9e81fdb78e92f35355c7b41f065a8c54276d2,2026-08-16T12:00:00Z
SRC-3b9eab92,669,Appliance Dealers Cooperative,LG,LT18S2100S,https://www.industrialdistributor.com/p/lt18s2100s,industrialdistributor.com,distributor_product_page,0.4,True,True,success,db842cc93afeee9cff6d4729b1fdc1d4d9481b5c8cbc1d41aa9af60405a12aad,2026-08-16T12:00:00Z
SRC-5242eb96,670,Appliance Dealers Cooperative,nan,EUF17CDBW,https://www.appliancedealerscooperative.com/products/euf17cdbw,appliancedealerscooperative.com,manufacturer_product_page,1.0,True,True,success,b185925a4eb37c0adf253577993f6c4a28bfaada6f0ae5c5418034d5cd879adf,2026-08-16T12:00:00Z
SRC-c3877ee7,670,Appliance Dealers Cooperative,nan,EUF17CDBW,https://www.appliancedealerscooperative.com/docs/datasheets/euf17cdbw.pdf,appliancedealerscooperative.com,manufacturer_pdf,1.0,True,True,success,ba6fd52841c15f1f326169cae13261861f5ddd721175b9bac50094d9f39460c0,2026-08-16T12:00:00Z
SRC-98f51041,670,Appliance Dealers Cooperative,nan,EUF17CDBW,https://www.industrialdistributor.com/p/euf17cdbw,industrialdistributor.com,distributor_product_page,0.4,True,True,success,1e2b016a8f4b6379e674c53408d3dfbd34720a847fc2f3e2578a772bceffc64d,2026-08-16T12:00:00Z
SRC-5e5574e0,671,Appliance Dealers Cooperative,nan,EUF21CDBW,https://www.appliancedealerscooperative.com/products/euf21cdbw,appliancedealerscooperative.com,manufacturer_product_page,1.0,True,True,success,47afc35ee632d7e5f1b2e4e44b114da417a278d3d84b68328f80206e52c257e7,2026-08-16T12:00:00Z
SRC-fb4badb1,671,Appliance Dealers Cooperative,nan,EUF21CDBW,https://www.appliancedealerscooperative.com/docs/datasheets/euf21cdbw.pdf,appliancedealerscooperative.com,manufacturer_pdf,1.0,True,True,success,e77f315066e7c812d7c397b1084ce5e833ec2b95a341ab484c8f78a59efacd47,2026-08-16T12:00:00Z
SRC-d5e07507,671,Appliance Dealers Cooperative,nan,EUF21CDBW,https://www.industrialdistributor.com/p/euf21cdbw,industrialdistributor.com,distributor_product_page,0.4,True,True,success,64be0ada3db8d7e74eeca5aa0948139a017b014d89e67e2e85a985e9e4471bce,2026-08-16T12:00:00Z
SRC-2790b20e,686,Makita Usa Inc,Makita,XLC10ZW,https://www.makitatools.com/products/xlc10zw,makitatools.com,manufacturer_product_page,1.0,True,True,success,5cd3a73b50d34694042a0612d78681d544396e00bace6b14997b10e0e584aa92,2026-08-16T12:00:00Z
SRC-956fdf92,686,Makita Usa Inc,Makita,XLC10ZW,https://www.makitatools.com/docs/datasheets/xlc10zw.pdf,makitatools.com,manufacturer_pdf,1.0,True,True,success,b36279589a03910e8fbb0f880b286a025a648256555a3982f69e4d24897b3061,2026-08-16T12:00:00Z
SRC-351cc50b,686,Makita Usa Inc,Makita,XLC10ZW,https://www.makitatools.com/catalogs/specifications.pdf,makitatools.com,manufacturer_catalog,0.95,True,True,success,5e7a79192e255adc16b7507a8662e1fd5bb030a2b4e863b9f2e56ff9e1bf55fd,2026-08-16T12:00:00Z
SRC-3f769068,686,Makita Usa Inc,Makita,XLC10ZW,https://www.industrialdistributor.com/p/xlc10zw,industrialdistributor.com,distributor_product_page,0.4,True,True,success,fc805a5ce8df7e81e63f94ef8432b04c922a7c79480526ebb8a36994f216f4f3,2026-08-16T12:00:00Z
SRC-b436be36,687,Sabre,nan,HS-DA,https://www.sabre.com/products/hsda,sabre.com,manufacturer_product_page,1.0,True,True,success,22234131a5b377c454c919a4dfd3e5913caa727e91884b769f202a51e1bcc652,2026-08-16T12:00:00Z
SRC-7abb6829,687,Sabre,nan,HS-DA,https://www.sabre.com/docs/datasheets/hsda.pdf,sabre.com,manufacturer_pdf,1.0,True,True,success,375d61b150162341e406a2407b956c80f70b7f47aa729820b1da1218578f60d4,2026-08-16T12:00:00Z
SRC-9f51ed6e,687,Sabre,nan,HS-DA,https://www.sabre.com/catalogs/specifications.pdf,sabre.com,manufacturer_catalog,0.95,True,True,success,f56a82734385ca0fead76dbf50854fde24fefa0bff7d991c21e36c965c4d6ff2,2026-08-16T12:00:00Z
SRC-35850ef5,687,Sabre,nan,HS-DA,https://www.industrialdistributor.com/p/hsda,industrialdistributor.com,distributor_product_page,0.4,True,True,success,e959a4c24ccdd9d53dd01db9ddc1fbda5f0cee6e28b088ae485a283e73b67007,2026-08-16T12:00:00Z
SRC-4fe4a66a,688,nan,nan,Black,https://www.nan.com/products/black,nan.com,manufacturer_product_page,1.0,True,True,success,0e8821d2476f23f22809421fe9e3cadb54b492228ef973d99235f80aa2bb8390,2026-08-16T12:00:00Z
SRC-76183f8d,688,nan,nan,Black,https://www.nan.com/docs/datasheets/black.pdf,nan.com,manufacturer_pdf,1.0,True,True,success,d54aa64da48a8bbcb433c8c49d8ea158dcc55e1b195b5483ba6eb8bead19f113,2026-08-16T12:00:00Z
SRC-55c725e8,688,nan,nan,Black,https://www.industrialdistributor.com/p/black,industrialdistributor.com,distributor_product_page,0.4,True,True,success,35f10af9e62f48d8a56d882b568044dcbd55d1e8a986f0775c30227784fc3dda,2026-08-16T12:00:00Z
SRC-97c9871f,689,Milwaukee Accessory,Milwaukee,48-22-8396R,https://www.milwaukeetool.com/products/48228396r,milwaukeetool.com,manufacturer_product_page,1.0,True,True,success,79302f815cd1e034746a5d528b32e9e7cfefa76fa5c58911856c6488fc45888f,2026-08-16T12:00:00Z
SRC-f553b5f7,689,Milwaukee Accessory,Milwaukee,48-22-8396R,https://www.milwaukeetool.com/docs/datasheets/48228396r.pdf,milwaukeetool.com,manufacturer_pdf,1.0,True,True,success,b26548a8702ebd31001b33c07274868366a190af9c6e23ac9126300eca781be1,2026-08-16T12:00:00Z
SRC-0a40c627,689,Milwaukee Accessory,Milwaukee,48-22-8396R,https://www.industrialdistributor.com/p/48228396r,industrialdistributor.com,distributor_product_page,0.4,True,True,success,69e8a8f459fbbf3370c15f7503d13de4a35ee15788489b74ff78a01cb5141857,2026-08-16T12:00:00Z
SRC-6885563d,690,Milwaukee Accessory,Milwaukee,48-22-8397R,https://www.milwaukeetool.com/products/48228397r,milwaukeetool.com,manufacturer_product_page,1.0,True,True,success,696a4b7464eb367b5c9727b5e3e2ae04efdf80cd0bf7af15c81fa15285af4405,2026-08-16T12:00:00Z
SRC-75257dff,690,Milwaukee Accessory,Milwaukee,48-22-8397R,https://www.milwaukeetool.com/docs/datasheets/48228397r.pdf,milwaukeetool.com,manufacturer_pdf,1.0,True,True,success,8abdf618fa3bee67db7a93c7758a33305b602261391b345974fb387096528f98,2026-08-16T12:00:00Z
SRC-e2b3e9c6,690,Milwaukee Accessory,Milwaukee,48-22-8397R,https://www.industrialdistributor.com/p/48228397r,industrialdistributor.com,distributor_product_page,0.4,True,True,success,688e6b005a78bde214f52627b42bb7b213413c83b732aecbc1b684f162d72091,2026-08-16T12:00:00Z
SRC-742ff90e,693,Black & Decker/dewlt,DEWALT,DWST41092,https://www.dewalt.com/products/dwst41092,dewalt.com,manufacturer_product_page,1.0,True,True,success,e728509b20ea7d4ca46161033f0363924737063115391f75c204ad0ffca5b7d7,2026-08-16T12:00:00Z
SRC-35f6d6a9,693,Black & Decker/dewlt,DEWALT,DWST41092,https://www.dewalt.com/docs/datasheets/dwst41092.pdf,dewalt.com,manufacturer_pdf,1.0,True,True,success,211a41ce43198af9905536f14bcd54f75d32924cb456ca396a22f5864bd2870f,2026-08-16T12:00:00Z
SRC-ab0c35c7,693,Black & Decker/dewlt,DEWALT,DWST41092,https://www.industrialdistributor.com/p/dwst41092,industrialdistributor.com,distributor_product_page,0.4,True,True,success,a154129daf1eb67e6a454c4b83dc4c6109331918a6070a22fdbceeb415050f45,2026-08-16T12:00:00Z
SRC-9a92999c,703,Edge Eyewear Inc,nan,TSDKAP218-G2,https://www.edgeeyewearinc.com/products/tsdkap218g2,edgeeyewearinc.com,manufacturer_product_page,1.0,True,True,success,11dc344ff840f15e5fdf2cb56e35e6259d13f17515af56bd3c660a4306ab8d71,2026-08-16T12:00:00Z
SRC-93548ea4,703,Edge Eyewear Inc,nan,TSDKAP218-G2,https://www.edgeeyewearinc.com/docs/datasheets/tsdkap218g2.pdf,edgeeyewearinc.com,manufacturer_pdf,1.0,True,True,success,391f114c822ac3f3b1aea0f18268bb71acdb153ae4a5e02b5e7a8673a3c90c96,2026-08-16T12:00:00Z
SRC-6cc938cd,703,Edge Eyewear Inc,nan,TSDKAP218-G2,https://www.edgeeyewearinc.com/catalogs/specifications.pdf,edgeeyewearinc.com,manufacturer_catalog,0.95,True,True,success,89db97aa268ba43f195045507ede874663bc474976deaa2e821353c4705b24af,2026-08-16T12:00:00Z
SRC-c79cda1f,703,Edge Eyewear Inc,nan,TSDKAP218-G2,https://www.industrialdistributor.com/p/tsdkap218g2,industrialdistributor.com,distributor_product_page,0.4,True,True,success,c3cf4df624d74e82ad872f253d09cd24e3cfadf321652c630eaddb2df46c79f1,2026-08-16T12:00:00Z
SRC-79cd14c0,704,Edge Eyewear Inc,nan,XPAP418,https://www.edgeeyewearinc.com/products/xpap418,edgeeyewearinc.com,manufacturer_product_page,1.0,True,True,success,bb1d0cfb2cc3e7e787ee7c7d4e59f1ad0530e2fcda3bc482c256e0ce71c4fefe,2026-08-16T12:00:00Z
SRC-dae407dd,704,Edge Eyewear Inc,nan,XPAP418,https://www.edgeeyewearinc.com/docs/datasheets/xpap418.pdf,edgeeyewearinc.com,manufacturer_pdf,1.0,True,True,success,640ed9171eec991d05e81658304b7a8c2f558433d906a5579d0a693e0708e28e,2026-08-16T12:00:00Z
SRC-a35d6b5a,704,Edge Eyewear Inc,nan,XPAP418,https://www.industrialdistributor.com/p/xpap418,industrialdistributor.com,distributor_product_page,0.4,True,True,success,dd791de8ed56fed92e1671fbb08292176a719a089e756343520c5229406139ac,2026-08-16T12:00:00Z
SRC-3586d40e,705,Edge Eyewear Inc,nan,XDAP419,https://www.edgeeyewearinc.com/products/xdap419,edgeeyewearinc.com,manufacturer_product_page,1.0,True,True,success,e4a678298d034d55beca94d7e3200c45218d7b57a7441cb5f0c4f6646daa7e53,2026-08-16T12:00:00Z
SRC-bf51253f,705,Edge Eyewear Inc,nan,XDAP419,https://www.edgeeyewearinc.com/docs/datasheets/xdap419.pdf,edgeeyewearinc.com,manufacturer_pdf,1.0,True,True,success,7ac4f742db6524e5b25f8bb30ede5c0f8e42702628ddfd96a042706fad07c383,2026-08-16T12:00:00Z
SRC-47e91f7a,705,Edge Eyewear Inc,nan,XDAP419,https://www.industrialdistributor.com/p/xdap419,industrialdistributor.com,distributor_product_page,0.4,True,True,success,dd0b0830da728eb15da8dfce11de162108dcbd92680ffb4034b6a121fc165425,2026-08-16T12:00:00Z
SRC-af0d9773,706,Edge Eyewear Inc,nan,XB11PCVS,https://www.edgeeyewearinc.com/products/xb11pcvs,edgeeyewearinc.com,manufacturer_product_page,1.0,True,True,success,254d12a7ea83ec9e15ca0091492edea09927d9e55fbae30910c29dd3f100e1c9,2026-08-16T12:00:00Z
SRC-8d4db914,706,Edge Eyewear Inc,nan,XB11PCVS,https://www.edgeeyewearinc.com/docs/datasheets/xb11pcvs.pdf,edgeeyewearinc.com,manufacturer_pdf,1.0,True,True,success,4195537b29823e728d8be44c93b84b8067524e3dfa488ad553360013a487ac56,2026-08-16T12:00:00Z
SRC-b1f72aae,706,Edge Eyewear Inc,nan,XB11PCVS,https://www.industrialdistributor.com/p/xb11pcvs,industrialdistributor.com,distributor_product_page,0.4,True,True,success,9c9f161070c38b6ccec50268e26e4a0f26e6129298e236b27a66975ce2d0ab10,2026-08-16T12:00:00Z
SRC-19a7e86e,707,Edge Eyewear Inc,nan,KB121VS,https://www.edgeeyewearinc.com/products/kb121vs,edgeeyewearinc.com,manufacturer_product_page,1.0,True,True,success,6628ccba14281b626ae036acf6966c2c921bf5d12e08b9883b6c6c4c7bf848c5,2026-08-16T12:00:00Z
SRC-13a02477,707,Edge Eyewear Inc,nan,KB121VS,https://www.edgeeyewearinc.com/docs/datasheets/kb121vs.pdf,edgeeyewearinc.com,manufacturer_pdf,1.0,True,True,success,b723b0ac4ec6240f4dbd26e4bf9e5cc3801afdf6493e721eacafd9626fa43bcf,2026-08-16T12:00:00Z
SRC-60e6e910,707,Edge Eyewear Inc,nan,KB121VS,https://www.industrialdistributor.com/p/kb121vs,industrialdistributor.com,distributor_product_page,0.4,True,True,success,60848dd034fa19ea84c49c28a4be87b576893d68970ae1c756adedf19491a50c,2026-08-16T12:00:00Z
SRC-80165427,708,Edge Eyewear Inc,nan,KB126VS,https://www.edgeeyewearinc.com/products/kb126vs,edgeeyewearinc.com,manufacturer_product_page,1.0,True,True,success,0dc532663d5441eb498fd8b1719e6939f5915653be345e9a18c7f9d4066c8db8,2026-08-16T12:00:00Z
SRC-c2e9f55e,708,Edge Eyewear Inc,nan,KB126VS,https://www.edgeeyewearinc.com/docs/datasheets/kb126vs.pdf,edgeeyewearinc.com,manufacturer_pdf,1.0,True,True,success,56ab932c2b3372c7edf13c9a9dc4bf5aecdb655ce3adae226b62dcb7dd91e6fe,2026-08-16T12:00:00Z
SRC-d6621588,708,Edge Eyewear Inc,nan,KB126VS,https://www.industrialdistributor.com/p/kb126vs,industrialdistributor.com,distributor_product_page,0.4,True,True,success,6d84c8dab4085e64b5f8ceb28b2257aea1068f044b4a10ed44271104fa20cf67,2026-08-16T12:00:00Z
SRC-a2c48d70,709,Edge Eyewear Inc,nan,TC121VS,https://www.edgeeyewearinc.com/products/tc121vs,edgeeyewearinc.com,manufacturer_product_page,1.0,True,True,success,f10031e3a5206cb5ff218b8c8fc0bd6b6024e96e32f512282df107a58e3cf331,2026-08-16T12:00:00Z
SRC-38b91c97,709,Edge Eyewear Inc,nan,TC121VS,https://www.edgeeyewearinc.com/docs/datasheets/tc121vs.pdf,edgeeyewearinc.com,manufacturer_pdf,1.0,True,True,success,b1f94d13a8a22df07d5c021d7c40fe5094166172d75662211c02cb71286e608c,2026-08-16T12:00:00Z
SRC-8a7012ee,709,Edge Eyewear Inc,nan,TC121VS,https://www.industrialdistributor.com/p/tc121vs,industrialdistributor.com,distributor_product_page,0.4,True,True,success,82af99bbfec67bace00085c85c23310ab74bc6a3d122ee243a89d2737c2b0c6b,2026-08-16T12:00:00Z
SRC-e88d4709,710,Edge Eyewear Inc,nan,TC126VS,https://www.edgeeyewearinc.com/products/tc126vs,edgeeyewearinc.com,manufacturer_product_page,1.0,True,True,success,9b5ecd54d3f83ffe55a7da047ece60f65bc74a27ef7f6471d895ce4ff0108d60,2026-08-16T12:00:00Z
SRC-24407866,710,Edge Eyewear Inc,nan,TC126VS,https://www.edgeeyewearinc.com/docs/datasheets/tc126vs.pdf,edgeeyewearinc.com,manufacturer_pdf,1.0,True,True,success,ae866b9ddbdb1810671bd788d44e489ec00e2c3be3a18e916e07dd3739df55b9,2026-08-16T12:00:00Z
SRC-b3efd11a,710,Edge Eyewear Inc,nan,TC126VS,https://www.industrialdistributor.com/p/tc126vs,industrialdistributor.com,distributor_product_page,0.4,True,True,success,16e3f3901a9dcf193d8583dca762585a7009afceafbd9d2c6beab7f5e6f0b72f,2026-08-16T12:00:00Z
SRC-d52afa2e,711,Edge Eyewear Inc,nan,MK113MPAP,https://www.edgeeyewearinc.com/products/mk113mpap,edgeeyewearinc.com,manufacturer_product_page,1.0,True,True,success,28273470e80c315e44dacc45ef099a5e5a239d732e354a46094045df4d826f82,2026-08-16T12:00:00Z
SRC-d0db28e8,711,Edge Eyewear Inc,nan,MK113MPAP,https://www.edgeeyewearinc.com/docs/datasheets/mk113mpap.pdf,edgeeyewearinc.com,manufacturer_pdf,1.0,True,True,success,7c8a5a812c747c35d91643d2fc593f9c425b26974b9d93f42f7bed1a60c09327,2026-08-16T12:00:00Z
SRC-7694b83d,711,Edge Eyewear Inc,nan,MK113MPAP,https://www.industrialdistributor.com/p/mk113mpap,industrialdistributor.com,distributor_product_page,0.4,True,True,success,07a85867a1de636455a8704888f93516880d1e5ed5e493ed70843f29dc1d7504,2026-08-16T12:00:00Z
SRC-a9b4cfdb,712,Edge Eyewear Inc,nan,LS117MPAP,https://www.edgeeyewearinc.com/products/ls117mpap,edgeeyewearinc.com,manufacturer_product_page,1.0,True,True,success,74d79df81b468885e5315402f494a9fb4779c96535ff1c6503e41e82b2845490,2026-08-16T12:00:00Z
SRC-17eb4197,712,Edge Eyewear Inc,nan,LS117MPAP,https://www.edgeeyewearinc.com/docs/datasheets/ls117mpap.pdf,edgeeyewearinc.com,manufacturer_pdf,1.0,True,True,success,cfa4dd1535f6401be1a396851466218fd6746fb3861578f38792b8111383325a,2026-08-16T12:00:00Z
SRC-8d3084ca,712,Edge Eyewear Inc,nan,LS117MPAP,https://www.industrialdistributor.com/p/ls117mpap,industrialdistributor.com,distributor_product_page,0.4,True,True,success,a60718e8c630b2d871a49db7c1df2052bda5601f0986d330896a14bbf4b3f33c,2026-08-16T12:00:00Z
SRC-bfae5b89,717,Milwaukee Accessory,Milwaukee,M701B-21L,https://www.milwaukeetool.com/products/m701b21l,milwaukeetool.com,manufacturer_product_page,1.0,True,True,success,b4324e04d529c6298d902f036a6101029d4f60c55da2d36658ef8b869899ae9e,2026-08-16T12:00:00Z
SRC-6aa35138,717,Milwaukee Accessory,Milwaukee,M701B-21L,https://www.milwaukeetool.com/docs/datasheets/m701b21l.pdf,milwaukeetool.com,manufacturer_pdf,1.0,True,True,success,563e0fda9ba6506d15a7926b9a90d024d5bc3ac9704237c9cfb70223b62a40bb,2026-08-16T12:00:00Z
SRC-4c5d2c6c,717,Milwaukee Accessory,Milwaukee,M701B-21L,https://www.industrialdistributor.com/p/m701b21l,industrialdistributor.com,distributor_product_page,0.4,True,True,success,633eaca7cd9fc3ab43517b7627d53ea5eff5743da0279ccb7d2aef9aaf9115f8,2026-08-16T12:00:00Z
SRC-656b907f,718,Milwaukee Accessory,Milwaukee,M701B-21M,https://www.milwaukeetool.com/products/m701b21m,milwaukeetool.com,manufacturer_product_page,1.0,True,True,success,3f1b0fd337c6ad1a72fff59346a71afcd727c54456aa80c46746052f6bc846e6,2026-08-16T12:00:00Z
SRC-6c4e501e,718,Milwaukee Accessory,Milwaukee,M701B-21M,https://www.milwaukeetool.com/docs/datasheets/m701b21m.pdf,milwaukeetool.com,manufacturer_pdf,1.0,True,True,success,72d4adf736c0f73da538624cb7ee8d22959fcb271e93aaaf5c0719b4cd070567,2026-08-16T12:00:00Z
SRC-2f47d519,718,Milwaukee Accessory,Milwaukee,M701B-21M,https://www.industrialdistributor.com/p/m701b21m,industrialdistributor.com,distributor_product_page,0.4,True,True,success,1ad273b624e70f5feb8d0c65a90f018d893af2ab34d0c8866f049bccc459cf49,2026-08-16T12:00:00Z
SRC-efa7dab9,719,Milwaukee Accessory,Milwaukee,M701B-21S,https://www.milwaukeetool.com/products/m701b21s,milwaukeetool.com,manufacturer_product_page,1.0,True,True,success,0cbef0b46ce93246f04c01a7de8fa4c6fbcf398456035c3f8f36f696a789054b,2026-08-16T12:00:00Z
SRC-ea2e26b2,719,Milwaukee Accessory,Milwaukee,M701B-21S,https://www.milwaukeetool.com/docs/datasheets/m701b21s.pdf,milwaukeetool.com,manufacturer_pdf,1.0,True,True,success,089fc579c641b27de76b4d847239e36ad1cf8a89d8f23a90bb39b8b035637a93,2026-08-16T12:00:00Z
SRC-59f0d02b,719,Milwaukee Accessory,Milwaukee,M701B-21S,https://www.industrialdistributor.com/p/m701b21s,industrialdistributor.com,distributor_product_page,0.4,True,True,success,7e8e32c4f9a3e4099e532fca7c9a8fe8c42298671a79eeaf33aca1cc4e0f881d,2026-08-16T12:00:00Z
SRC-44a7dac9,720,Milwaukee Accessory,Milwaukee,M701B-21XL,https://www.milwaukeetool.com/products/m701b21xl,milwaukeetool.com,manufacturer_product_page,1.0,True,True,success,e0e442f0fff8ccc67def7d6a49065245a3ee25e35b2287137bff1b35bb1956a0,2026-08-16T12:00:00Z
SRC-a6b3ff2e,720,Milwaukee Accessory,Milwaukee,M701B-21XL,https://www.milwaukeetool.com/docs/datasheets/m701b21xl.pdf,milwaukeetool.com,manufacturer_pdf,1.0,True,True,success,16e52dd63c9de16b0fb5f75635809bbc6df5466ceba29185db225e237344dc29,2026-08-16T12:00:00Z
SRC-de046c3e,720,Milwaukee Accessory,Milwaukee,M701B-21XL,https://www.industrialdistributor.com/p/m701b21xl,industrialdistributor.com,distributor_product_page,0.4,True,True,success,97839bb9ed1a672e40bdd457963482f81fa95ec9d70f778a870041c6defb73bf,2026-08-16T12:00:00Z
SRC-8f4d0aae,721,Tech Gear 5.7 Inc,LG,UTW,https://www.techgear57inc.com/products/utw,techgear57inc.com,manufacturer_product_page,1.0,True,True,success,5ebc00caf4d3a9b0356388999fbdf7ae5325ddc0bf8e1320de1bbca6c5c9313b,2026-08-16T12:00:00Z
SRC-26ecc211,721,Tech Gear 5.7 Inc,LG,UTW,https://www.techgear57inc.com/docs/datasheets/utw.pdf,techgear57inc.com,manufacturer_pdf,1.0,True,True,success,0f1691e198d999030e0420d0028e73bf95cfeed6f3f50294456811a05ffde581,2026-08-16T12:00:00Z
SRC-c194bb82,721,Tech Gear 5.7 Inc,LG,UTW,https://www.techgear57inc.com/catalogs/specifications.pdf,techgear57inc.com,manufacturer_catalog,0.95,True,True,success,7b36c2f35e4f2121d6fac46a40024052980d28728a13b943d6388313b0893489,2026-08-16T12:00:00Z
SRC-dc3a853c,721,Tech Gear 5.7 Inc,LG,UTW,https://www.industrialdistributor.com/p/utw,industrialdistributor.com,distributor_product_page,0.4,True,True,success,d8c6250c6f8962c923b10d150287b7a93e3e7c0748eee3e7b5d3ef351531cb2f,2026-08-16T12:00:00Z
SRC-a5fc7bb0,727,Tech Gear 5.7 Inc,LG,MWUG36010225,https://www.techgear57inc.com/products/mwug36010225,techgear57inc.com,manufacturer_product_page,1.0,True,True,success,1d5d273a838d224757a3c5c199fe91f1c93ada92f0c923648cd9bdda215e1041,2026-08-16T12:00:00Z
SRC-7c2a7804,727,Tech Gear 5.7 Inc,LG,MWUG36010225,https://www.techgear57inc.com/docs/datasheets/mwug36010225.pdf,techgear57inc.com,manufacturer_pdf,1.0,True,True,success,726c2c4395d9ebdacf9b971da0b122e3a82d05c66911abc42809256dfd8b2aef,2026-08-16T12:00:00Z
SRC-ecfb7788,727,Tech Gear 5.7 Inc,LG,MWUG36010225,https://www.industrialdistributor.com/p/mwug36010225,industrialdistributor.com,distributor_product_page,0.4,True,True,success,101714b1e1bd38a59c89ab4c6cac873b01622d65572ba5a791f3ab03d49a16a2,2026-08-16T12:00:00Z
SRC-a7e4e16c,728,Tech Gear 5.7 Inc,LG,MWUG36010325,https://www.techgear57inc.com/products/mwug36010325,techgear57inc.com,manufacturer_product_page,1.0,True,True,success,91b0442d7a372f943fea6df62a5595b0305c524637e63cdfc8f4fd862b4151aa,2026-08-16T12:00:00Z
SRC-98708f2b,728,Tech Gear 5.7 Inc,LG,MWUG36010325,https://www.techgear57inc.com/docs/datasheets/mwug36010325.pdf,techgear57inc.com,manufacturer_pdf,1.0,True,True,success,a5c7ba9d4c84db096ff0558543313f1cc4984348ee00a81c8e5332c21a427589,2026-08-16T12:00:00Z
SRC-46ddc6ed,728,Tech Gear 5.7 Inc,LG,MWUG36010325,https://www.industrialdistributor.com/p/mwug36010325,industrialdistributor.com,distributor_product_page,0.4,True,True,success,f6fa55dfb00031cb3c0160ac2f6aa2bdb7a070164304977f8c4fc3129d6bea4f,2026-08-16T12:00:00Z
SRC-1f664c6d,729,Tech Gear 5.7 Inc,LG,MWUG36010425,https://www.techgear57inc.com/products/mwug36010425,techgear57inc.com,manufacturer_product_page,1.0,True,True,success,ac1813945787bc639b7ce42cc052054aebdddab3126eaa42e3fad10374ef7f9f,2026-08-16T12:00:00Z
SRC-3b2cea8d,729,Tech Gear 5.7 Inc,LG,MWUG36010425,https://www.techgear57inc.com/docs/datasheets/mwug36010425.pdf,techgear57inc.com,manufacturer_pdf,1.0,True,True,success,248016b63cbd95cfc1232b7743c44c70387336a11c416735ede47b629ff01868,2026-08-16T12:00:00Z
SRC-669e71f3,729,Tech Gear 5.7 Inc,LG,MWUG36010425,https://www.industrialdistributor.com/p/mwug36010425,industrialdistributor.com,distributor_product_page,0.4,True,True,success,6b01d191fdc0cdf9ccddf863def53acd540396e8488170400dcd608765b2228a,2026-08-16T12:00:00Z
SRC-8b8251fe,730,Tech Gear 5.7 Inc,LG,MWUG36010525,https://www.techgear57inc.com/products/mwug36010525,techgear57inc.com,manufacturer_product_page,1.0,True,True,success,d5dc61d753ff6155330e580b9c09bb43c7bb4a0c968f4746da5e65b19760754c,2026-08-16T12:00:00Z
SRC-4bcae236,730,Tech Gear 5.7 Inc,LG,MWUG36010525,https://www.techgear57inc.com/docs/datasheets/mwug36010525.pdf,techgear57inc.com,manufacturer_pdf,1.0,True,True,success,281763d5e4dab13b6c2952c12600cd9be3d9f3740787aa122339f61b5760962a,2026-08-16T12:00:00Z
SRC-f9fef4d3,730,Tech Gear 5.7 Inc,LG,MWUG36010525,https://www.industrialdistributor.com/p/mwug36010525,industrialdistributor.com,distributor_product_page,0.4,True,True,success,22653c3be959363728f66f43cce7e0c2728d7d00fcac4db36f26d591dd272d3b,2026-08-16T12:00:00Z
SRC-f60c5267,731,Tech Gear 5.7 Inc,LG,MWUG36010625,https://www.techgear57inc.com/products/mwug36010625,techgear57inc.com,manufacturer_product_page,1.0,True,True,success,07b6f00940a6222f28ab93a64ddf71dac1f0b82b36e6d6cd72f0b1e8d3dbba48,2026-08-16T12:00:00Z
SRC-e5ec2f34,731,Tech Gear 5.7 Inc,LG,MWUG36010625,https://www.techgear57inc.com/docs/datasheets/mwug36010625.pdf,techgear57inc.com,manufacturer_pdf,1.0,True,True,success,3a39d498c68beb45901faa5c0d3e4b49b833a02e6b24b96c43a3189c22fce275,2026-08-16T12:00:00Z
SRC-3f2aa14e,731,Tech Gear 5.7 Inc,LG,MWUG36010625,https://www.industrialdistributor.com/p/mwug36010625,industrialdistributor.com,distributor_product_page,0.4,True,True,success,6f149b02ea819068efa9129e329e4f9378919e5049b1b375b3ef4dc37f50d702,2026-08-16T12:00:00Z
SRC-c7205e54,733,Milwaukee Accessory,Milwaukee,F200B-21L,https://www.milwaukeetool.com/products/f200b21l,milwaukeetool.com,manufacturer_product_page,1.0,True,True,success,edbadccd43c2db14222916f05cf6d75f038c1b0c57f2180a28586bc4af822012,2026-08-16T12:00:00Z
SRC-6f379a84,733,Milwaukee Accessory,Milwaukee,F200B-21L,https://www.milwaukeetool.com/docs/datasheets/f200b21l.pdf,milwaukeetool.com,manufacturer_pdf,1.0,True,True,success,d70e2507e56e9b02f907f8bd8ff0c669f45bf0ce01d0f36e685b3038dae04f68,2026-08-16T12:00:00Z
SRC-c19830ab,733,Milwaukee Accessory,Milwaukee,F200B-21L,https://www.industrialdistributor.com/p/f200b21l,industrialdistributor.com,distributor_product_page,0.4,True,True,success,61d878da6301130ce61cd5963f72df5ab97a50ab0ef7b5d32643967c978bf7ae,2026-08-16T12:00:00Z
SRC-93de0416,734,Milwaukee Accessory,Milwaukee,F200B-21M,https://www.milwaukeetool.com/products/f200b21m,milwaukeetool.com,manufacturer_product_page,1.0,True,True,success,535d8e8bbe590190c49464108b152e4dbb56141ac184868cb27974a0cad26b74,2026-08-16T12:00:00Z
SRC-50a370d6,734,Milwaukee Accessory,Milwaukee,F200B-21M,https://www.milwaukeetool.com/docs/datasheets/f200b21m.pdf,milwaukeetool.com,manufacturer_pdf,1.0,True,True,success,6799e3fc97ae82bfc9e19fb168d625fd4bc2cee0a2eae7d9e08c0f113d7a5867,2026-08-16T12:00:00Z
SRC-d3c8eb19,734,Milwaukee Accessory,Milwaukee,F200B-21M,https://www.industrialdistributor.com/p/f200b21m,industrialdistributor.com,distributor_product_page,0.4,True,True,success,5d75453a0a4f61fc8eb5579962796bd1ffbf3c56da9af3452764557663e2d5dc,2026-08-16T12:00:00Z
SRC-5cd9d737,735,Milwaukee Accessory,Milwaukee,M200B-21L,https://www.milwaukeetool.com/products/m200b21l,milwaukeetool.com,manufacturer_product_page,1.0,True,True,success,5a81ed5227e7b4f1d4af0b72fe0d101533a6469aff9ff837be498ff63407850d,2026-08-16T12:00:00Z
SRC-ef31310b,735,Milwaukee Accessory,Milwaukee,M200B-21L,https://www.milwaukeetool.com/docs/datasheets/m200b21l.pdf,milwaukeetool.com,manufacturer_pdf,1.0,True,True,success,69a5e1f478ea59c15fc37938d1a2c286d5dd09a718f1be0f675d9710fdfec80a,2026-08-16T12:00:00Z
SRC-756104fa,735,Milwaukee Accessory,Milwaukee,M200B-21L,https://www.industrialdistributor.com/p/m200b21l,industrialdistributor.com,distributor_product_page,0.4,True,True,success,cbfb09c7a17046a862ccf77ce0bfd07a089aa4bcf10f9e1530f76f08128af0b4,2026-08-16T12:00:00Z
SRC-eeac2ef5,736,Milwaukee Accessory,Milwaukee,M200B-21M,https://www.milwaukeetool.com/products/m200b21m,milwaukeetool.com,manufacturer_product_page,1.0,True,True,success,2b3eee85e589e189e769cc574c698fd3de5d3996e11884a78dd4698fbe8f5583,2026-08-16T12:00:00Z
SRC-9f4c8d5c,736,Milwaukee Accessory,Milwaukee,M200B-21M,https://www.milwaukeetool.com/docs/datasheets/m200b21m.pdf,milwaukeetool.com,manufacturer_pdf,1.0,True,True,success,412075b269f98f18512ddbe8ca7208aad9dcd3ccb80745753df43f392b4b651f,2026-08-16T12:00:00Z
SRC-bb8140c1,736,Milwaukee Accessory,Milwaukee,M200B-21M,https://www.industrialdistributor.com/p/m200b21m,industrialdistributor.com,distributor_product_page,0.4,True,True,success,8fb79d20a0b974b3eb79219b75a877e3f1f4c207c17888e9e9bbabae3e2313ec,2026-08-16T12:00:00Z
SRC-a2875a35,737,Milwaukee Accessory,Milwaukee,M200B-21XL,https://www.milwaukeetool.com/products/m200b21xl,milwaukeetool.com,manufacturer_product_page,1.0,True,True,success,c5b76c5f5b62a616d775ce26a79582ab69ccfcc4cafcc240c56dc877a502fb63,2026-08-16T12:00:00Z
SRC-5f73cb63,737,Milwaukee Accessory,Milwaukee,M200B-21XL,https://www.milwaukeetool.com/docs/datasheets/m200b21xl.pdf,milwaukeetool.com,manufacturer_pdf,1.0,True,True,success,9c7911743ed102588336a3361edd3027e6c0a0160a9a559eb9eeb46d0f5762df,2026-08-16T12:00:00Z
SRC-d1d5520e,737,Milwaukee Accessory,Milwaukee,M200B-21XL,https://www.industrialdistributor.com/p/m200b21xl,industrialdistributor.com,distributor_product_page,0.4,True,True,success,76794583251a5440a95aa67a9b0d27df232436770b46f1782d36c9c95e4c2929,2026-08-16T12:00:00Z
SRC-93e435d9,738,Milwaukee Accessory,Milwaukee,M200G-21L,https://www.milwaukeetool.com/products/m200g21l,milwaukeetool.com,manufacturer_product_page,1.0,True,True,success,1e723b7739eb69177e025cf822f9f88a3e17dcc13990eb29e59f5d0017690e6e,2026-08-16T12:00:00Z
SRC-6646ca0a,738,Milwaukee Accessory,Milwaukee,M200G-21L,https://www.milwaukeetool.com/docs/datasheets/m200g21l.pdf,milwaukeetool.com,manufacturer_pdf,1.0,True,True,success,4dfce7bfaef75c1dca2c09d020ba56d67aa2fdda533164be5f10cb0499c74a36,2026-08-16T12:00:00Z
SRC-56ae2f2d,738,Milwaukee Accessory,Milwaukee,M200G-21L,https://www.industrialdistributor.com/p/m200g21l,industrialdistributor.com,distributor_product_page,0.4,True,True,success,faefae18b6f19503eb0bfd563ddd3c5648a40fe347515e239a141f0135dd211d,2026-08-16T12:00:00Z
SRC-493cbf16,739,Milwaukee Accessory,Milwaukee,M200G-21M,https://www.milwaukeetool.com/products/m200g21m,milwaukeetool.com,manufacturer_product_page,1.0,True,True,success,eaad95db64c3a16d20b42e8541b7af7bdd466a3fe80d05405706265a7344cdd5,2026-08-16T12:00:00Z
SRC-cbdbcba0,739,Milwaukee Accessory,Milwaukee,M200G-21M,https://www.milwaukeetool.com/docs/datasheets/m200g21m.pdf,milwaukeetool.com,manufacturer_pdf,1.0,True,True,success,0255495900d6f2c4cd9f0620856d31f4344636a282741bbd973e1c81405bd2c0,2026-08-16T12:00:00Z
SRC-1466027e,739,Milwaukee Accessory,Milwaukee,M200G-21M,https://www.industrialdistributor.com/p/m200g21m,industrialdistributor.com,distributor_product_page,0.4,True,True,success,647dce9d04511850d3077f872706203ef8421763ee2111dd2ff1cc510681ef37,2026-08-16T12:00:00Z
SRC-4776520d,740,Milwaukee Accessory,Milwaukee,M200G-21XL,https://www.milwaukeetool.com/products/m200g21xl,milwaukeetool.com,manufacturer_product_page,1.0,True,True,success,f094df1c5e5383440341712b6830783c67bf4c5c3e865a14e34cf162ef17a3ea,2026-08-16T12:00:00Z
SRC-d7391f7f,740,Milwaukee Accessory,Milwaukee,M200G-21XL,https://www.milwaukeetool.com/docs/datasheets/m200g21xl.pdf,milwaukeetool.com,manufacturer_pdf,1.0,True,True,success,72dbd10330ee1554f791295747b2429627f8831c6c1bac7744d587e329f196be,2026-08-16T12:00:00Z
SRC-b3c0c6f6,740,Milwaukee Accessory,Milwaukee,M200G-21XL,https://www.industrialdistributor.com/p/m200g21xl,industrialdistributor.com,distributor_product_page,0.4,True,True,success,0ffc0a32181c6b2d5e0e9744d40c2876f50501796c1a70147f55f2fb76744e3d,2026-08-16T12:00:00Z
SRC-35a1a69c,741,Milwaukee Accessory,Milwaukee,48-11-2330,https://www.milwaukeetool.com/products/48112330,milwaukeetool.com,manufacturer_product_page,1.0,True,True,success,a70f6cab894912086a7332733c14bb6f14c9d0196c3a9d724cde5e8b08fdb3c2,2026-08-16T12:00:00Z
SRC-83140725,741,Milwaukee Accessory,Milwaukee,48-11-2330,https://www.milwaukeetool.com/docs/datasheets/48112330.pdf,milwaukeetool.com,manufacturer_pdf,1.0,True,True,success,8ae7dbb18c4b602058945f9e0bf900ec8a5e4e85d5760d97edb8af35ea2f0cb3,2026-08-16T12:00:00Z
SRC-a45fe673,741,Milwaukee Accessory,Milwaukee,48-11-2330,https://www.industrialdistributor.com/p/48112330,industrialdistributor.com,distributor_product_page,0.4,True,True,success,83242609efac9be53e2c631abff528b3932433d8afba51fc9e37a2168d8fb66c,2026-08-16T12:00:00Z
SRC-f9c65709,742,Black & Decker/dewlt,DEWALT,DCBP520C,https://www.dewalt.com/products/dcbp520c,dewalt.com,manufacturer_product_page,1.0,True,True,success,432f0ad00f9a01e49305bcb3ab41b37ebcf8d4ab756967e8e765051250a49958,2026-08-16T12:00:00Z
SRC-239c497c,742,Black & Decker/dewlt,DEWALT,DCBP520C,https://www.dewalt.com/docs/datasheets/dcbp520c.pdf,dewalt.com,manufacturer_pdf,1.0,True,True,success,a4c4fd940f5556d42acf3104d989def039ba6f5bd890db4af9ab417d2140c23c,2026-08-16T12:00:00Z
SRC-56f597b3,742,Black & Decker/dewlt,DEWALT,DCBP520C,https://www.industrialdistributor.com/p/dcbp520c,industrialdistributor.com,distributor_product_page,0.4,True,True,success,352fb19f4be7e4f25eeaf27bdbda0ba6eb3e82a5afdf4a5b4f6e089fc5c4f670,2026-08-16T12:00:00Z
SRC-62063637,744,Milwaukee Accessory,Milwaukee,3200-20,https://www.milwaukeetool.com/products/320020,milwaukeetool.com,manufacturer_product_page,1.0,True,True,success,4340bc4453b049c391864db8318b3a7f77912fecc6bf5adf7374be481a6c1640,2026-08-16T12:00:00Z
SRC-07f0e0f7,744,Milwaukee Accessory,Milwaukee,3200-20,https://www.milwaukeetool.com/docs/datasheets/320020.pdf,milwaukeetool.com,manufacturer_pdf,1.0,True,True,success,fa6b8882da2bda496bbb8bf44747b50aa455e22ee679b383ed268a50deee4e4e,2026-08-16T12:00:00Z
SRC-4fcf6c9f,744,Milwaukee Accessory,Milwaukee,3200-20,https://www.industrialdistributor.com/p/320020,industrialdistributor.com,distributor_product_page,0.4,True,True,success,67332e3b3db1f60f1b3c2e388ee544c92cab565433e6ff7a83027f3339965816,2026-08-16T12:00:00Z
SRC-65aff311,745,Milwaukee Accessory,Milwaukee,3202-20,https://www.milwaukeetool.com/products/320220,milwaukeetool.com,manufacturer_product_page,1.0,True,True,success,777edd331ae3bc8a6443ccf904632551aac838361a1007fff932ae2e4ea4c785,2026-08-16T12:00:00Z
SRC-06ddb578,745,Milwaukee Accessory,Milwaukee,3202-20,https://www.milwaukeetool.com/docs/datasheets/320220.pdf,milwaukeetool.com,manufacturer_pdf,1.0,True,True,success,46a2e3f64c4ecb476d9f9e1379be6491c25b41bae78eea7ca355690b26c19ad5,2026-08-16T12:00:00Z
SRC-16680e41,745,Milwaukee Accessory,Milwaukee,3202-20,https://www.industrialdistributor.com/p/320220,industrialdistributor.com,distributor_product_page,0.4,True,True,success,cafc02d9f62d81685e324556bbb20c8d0e17f46ebae9ea7b96619de53f312679,2026-08-16T12:00:00Z
SRC-0ac4e813,749,Black & Decker/dewlt,DEWALT,DW08302CG,https://www.dewalt.com/products/dw08302cg,dewalt.com,manufacturer_product_page,1.0,True,True,success,fcaeefe96fdb8b1520e8e1a20c94301c6e34dd8dc4ceec3615b76f0e8ae35a66,2026-08-16T12:00:00Z
SRC-83f67ef1,749,Black & Decker/dewlt,DEWALT,DW08302CG,https://www.dewalt.com/docs/datasheets/dw08302cg.pdf,dewalt.com,manufacturer_pdf,1.0,True,True,success,afb772886e5a664a401d9ee3e9f49e9039ec57dabf6df7b36c9a5ed49b44535d,2026-08-16T12:00:00Z
SRC-d72a9b60,749,Black & Decker/dewlt,DEWALT,DW08302CG,https://www.industrialdistributor.com/p/dw08302cg,industrialdistributor.com,distributor_product_page,0.4,True,True,success,48068a8a91e06ea022015fa838821edf5eefdcdaa417bf633967a06fe5f55f40,2026-08-16T12:00:00Z
SRC-fee242b6,751,Black & Decker/dewlt,DEWALT,DW08802CG,https://www.dewalt.com/products/dw08802cg,dewalt.com,manufacturer_product_page,1.0,True,True,success,ae544694396063cf38cca0fd4bdbbfba039d52523628b6f2f00bd40b66769acb,2026-08-16T12:00:00Z
SRC-761f1d10,751,Black & Decker/dewlt,DEWALT,DW08802CG,https://www.dewalt.com/docs/datasheets/dw08802cg.pdf,dewalt.com,manufacturer_pdf,1.0,True,True,success,76f449354c16c00f1fee307af2614e58e39a556609ece9d2cd9d8c55ec7aac33,2026-08-16T12:00:00Z
SRC-a02b4d91,751,Black & Decker/dewlt,DEWALT,DW08802CG,https://www.industrialdistributor.com/p/dw08802cg,industrialdistributor.com,distributor_product_page,0.4,True,True,success,cb3d2ccb5cf62687fc519e0f20af6505b23b8025e16e154c9213cb8127743b7f,2026-08-16T12:00:00Z
SRC-55623287,752,Black & Decker/dewlt,DEWALT,DW088CG,https://www.dewalt.com/products/dw088cg,dewalt.com,manufacturer_product_page,1.0,True,True,success,8376775a781c1bef966b045add359e7de99e13a8eceb6a909e41b3f537a212b6,2026-08-16T12:00:00Z
SRC-f43e12ba,752,Black & Decker/dewlt,DEWALT,DW088CG,https://www.dewalt.com/docs/datasheets/dw088cg.pdf,dewalt.com,manufacturer_pdf,1.0,True,True,success,ce4790aeb6aae3d809cd12b0572b9293474504cc92f401c69f85c7812dfb11f1,2026-08-16T12:00:00Z
SRC-41a14cfe,752,Black & Decker/dewlt,DEWALT,DW088CG,https://www.industrialdistributor.com/p/dw088cg,industrialdistributor.com,distributor_product_page,0.4,True,True,success,b703c119be67b6aa6b23e9ea1345a27aee7e999d02eca7d958f707831fb00a8b,2026-08-16T12:00:00Z
SRC-81141e4e,753,Black & Decker/dewlt,DEWALT,DW089CG,https://www.dewalt.com/products/dw089cg,dewalt.com,manufacturer_product_page,1.0,True,True,success,329f6975f976c3d1386e95632b1aa780cb1c1d3bc487760a87adc209fa8a1c73,2026-08-16T12:00:00Z
SRC-26649813,753,Black & Decker/dewlt,DEWALT,DW089CG,https://www.dewalt.com/docs/datasheets/dw089cg.pdf,dewalt.com,manufacturer_pdf,1.0,True,True,success,197f109ac8a761e10b59c6ce279d9d18399902295f197e4b3cb844c056bd8735,2026-08-16T12:00:00Z
SRC-aa8b78aa,753,Black & Decker/dewlt,DEWALT,DW089CG,https://www.industrialdistributor.com/p/dw089cg,industrialdistributor.com,distributor_product_page,0.4,True,True,success,d791eb6f9eb58971c26e09c7ba98a23580a9f8a485d72d8ca0ed5af8548b413a,2026-08-16T12:00:00Z
SRC-2f78f789,754,Black & Decker/dewlt,DEWALT,DCLE34520GB,https://www.dewalt.com/products/dcle34520gb,dewalt.com,manufacturer_product_page,1.0,True,True,success,ba6e23519cff1a7e724b309dab2d6b32b4ec83ff2c3b324656d784c019f0497e,2026-08-16T12:00:00Z
SRC-b5f3c1ad,754,Black & Decker/dewlt,DEWALT,DCLE34520GB,https://www.dewalt.com/docs/datasheets/dcle34520gb.pdf,dewalt.com,manufacturer_pdf,1.0,True,True,success,22ce827cb0cb7448a50500f7f4054656f47fc9b22615d636b89e4d6f68a02cab,2026-08-16T12:00:00Z
SRC-a63e0c18,754,Black & Decker/dewlt,DEWALT,DCLE34520GB,https://www.industrialdistributor.com/p/dcle34520gb,industrialdistributor.com,distributor_product_page,0.4,True,True,success,04fdabe4406bced6f3ee3064370875bc0d4cbdfba44222d3f986e9343efa8088,2026-08-16T12:00:00Z
SRC-9621efda,755,Black & Decker/dewlt,DEWALT,DCLE34031B,https://www.dewalt.com/products/dcle34031b,dewalt.com,manufacturer_product_page,1.0,True,True,success,b067330e2ba14e9d63c8884f659757d7ce21bf9dc532d91d451107f7feb7cb93,2026-08-16T12:00:00Z
SRC-d2005ea6,755,Black & Decker/dewlt,DEWALT,DCLE34031B,https://www.dewalt.com/docs/datasheets/dcle34031b.pdf,dewalt.com,manufacturer_pdf,1.0,True,True,success,65f3a5e6c1263aa1955d161840de6065707891daeb18a7769a6aff83d2bf3ba9,2026-08-16T12:00:00Z
SRC-62443c38,755,Black & Decker/dewlt,DEWALT,DCLE34031B,https://www.industrialdistributor.com/p/dcle34031b,industrialdistributor.com,distributor_product_page,0.4,True,True,success,58832fab19fe57b412289c27bc29a142254a40076e9ebe7d7e39b21ad558e570,2026-08-16T12:00:00Z
SRC-1b77bd74,756,Black & Decker/dewlt,DEWALT,DW0822CG,https://www.dewalt.com/products/dw0822cg,dewalt.com,manufacturer_product_page,1.0,True,True,success,8a5de320243f3d32549659b799ec3906e2712cefec1bbf8bffc69d0ba794593b,2026-08-16T12:00:00Z
SRC-8037cd83,756,Black & Decker/dewlt,DEWALT,DW0822CG,https://www.dewalt.com/docs/datasheets/dw0822cg.pdf,dewalt.com,manufacturer_pdf,1.0,True,True,success,1cc5f5917625b9d4c3d1051dedede025285100ffbadbb64ad7eb6269e79270d7,2026-08-16T12:00:00Z
SRC-6bd1f262,756,Black & Decker/dewlt,DEWALT,DW0822CG,https://www.industrialdistributor.com/p/dw0822cg,industrialdistributor.com,distributor_product_page,0.4,True,True,success,c612f93037e30f4b387014f6fc096ac8b5f7d40d7006d94a9c0ed7b3ca05aab5,2026-08-16T12:00:00Z
SRC-b9a4d1f0,757,U S Tape Company,CENTURY COMPONENTS,25459,https://www.ustapecompany.com/products/25459,ustapecompany.com,manufacturer_product_page,1.0,True,True,success,f67e97345555bdf89eab92b3192c9328c8a3f7bd7e6487ec8fd1db1d1be046dc,2026-08-16T12:00:00Z
SRC-5e689058,757,U S Tape Company,CENTURY COMPONENTS,25459,https://www.ustapecompany.com/docs/datasheets/25459.pdf,ustapecompany.com,manufacturer_pdf,1.0,True,True,success,f336389631964d6eec12ef37589ec9cbc3f9b5fb05b88d56d1589db467a8fb56,2026-08-16T12:00:00Z
SRC-39027fdb,757,U S Tape Company,CENTURY COMPONENTS,25459,https://www.ustapecompany.com/catalogs/specifications.pdf,ustapecompany.com,manufacturer_catalog,0.95,True,True,success,fd805f5dc622ba4e841f76d50c50d261c82f87fcdd9710be5a5b56df93645870,2026-08-16T12:00:00Z
SRC-79d3d117,757,U S Tape Company,CENTURY COMPONENTS,25459,https://www.industrialdistributor.com/p/25459,industrialdistributor.com,distributor_product_page,0.4,True,True,success,4d355a1cdd74bde06b3b799d504c43ca5c3ca189f2ab336e7ca30ebbc80faa74,2026-08-16T12:00:00Z
SRC-8344b718,758,U S Tape Company,CENTURY COMPONENTS,35459,https://www.ustapecompany.com/products/35459,ustapecompany.com,manufacturer_product_page,1.0,True,True,success,de4068985463cb249c073dd2bc5a5fbeccefab21254f626b12ab77738356015b,2026-08-16T12:00:00Z
SRC-60f8f1c9,758,U S Tape Company,CENTURY COMPONENTS,35459,https://www.ustapecompany.com/docs/datasheets/35459.pdf,ustapecompany.com,manufacturer_pdf,1.0,True,True,success,b4405a85579f95115205e268e2cc11a7caff5d4b1a8468a041718ef286f1f1ea,2026-08-16T12:00:00Z
SRC-e826c0e1,758,U S Tape Company,CENTURY COMPONENTS,35459,https://www.industrialdistributor.com/p/35459,industrialdistributor.com,distributor_product_page,0.4,True,True,success,cc1ee4857823be69352e80bd139120618d23c90ce5a3aed61770552513b0d256,2026-08-16T12:00:00Z
SRC-efba03d5,759,U S Tape Company,CENTURY COMPONENTS,25759,https://www.ustapecompany.com/products/25759,ustapecompany.com,manufacturer_product_page,1.0,True,True,success,6a6a406a74b46fccc6eaf5506a00793276bfb2878c078e31e8476e0c98723bb5,2026-08-16T12:00:00Z
SRC-02ffd0b7,759,U S Tape Company,CENTURY COMPONENTS,25759,https://www.ustapecompany.com/docs/datasheets/25759.pdf,ustapecompany.com,manufacturer_pdf,1.0,True,True,success,772997cc73e3e548f711c11f25b5f5b01538ad47623772a067609484654c25cf,2026-08-16T12:00:00Z
SRC-364bac92,759,U S Tape Company,CENTURY COMPONENTS,25759,https://www.industrialdistributor.com/p/25759,industrialdistributor.com,distributor_product_page,0.4,True,True,success,426778c409e741c30731ad9f6e04dc54bf6d35fccc45d002643d211d31b0877d,2026-08-16T12:00:00Z
SRC-b69552cd,760,U S Tape Company,CENTURY COMPONENTS,35112,https://www.ustapecompany.com/products/35112,ustapecompany.com,manufacturer_product_page,1.0,True,True,success,c0aa8f650d9c559782ab64121897355601c32ccf42302119c0746f2d0a8c1d17,2026-08-16T12:00:00Z
SRC-5b453088,760,U S Tape Company,CENTURY COMPONENTS,35112,https://www.ustapecompany.com/docs/datasheets/35112.pdf,ustapecompany.com,manufacturer_pdf,1.0,True,True,success,fa5263f4154581efb9cb27b4ea65aec63ae59dc62dd0dba479c805873e830a9e,2026-08-16T12:00:00Z
SRC-35a2288c,760,U S Tape Company,CENTURY COMPONENTS,35112,https://www.industrialdistributor.com/p/35112,industrialdistributor.com,distributor_product_page,0.4,True,True,success,ce37a1aad348af737ca0f9a66d1fc3ed4bed3e7c905eb592044064f959f19a5c,2026-08-16T12:00:00Z
SRC-e2a92e01,761,U S Tape Company,CENTURY COMPONENTS,35115,https://www.ustapecompany.com/products/35115,ustapecompany.com,manufacturer_product_page,1.0,True,True,success,531f85f97b64f9d2ab922200e3176c7340a701ba351b5a4b0aa40e32416c028f,2026-08-16T12:00:00Z
SRC-614c4456,761,U S Tape Company,CENTURY COMPONENTS,35115,https://www.ustapecompany.com/docs/datasheets/35115.pdf,ustapecompany.com,manufacturer_pdf,1.0,True,True,success,70d9a764a124648a616c06b3373ba9aed83c0362f901776691d8c4f762a81257,2026-08-16T12:00:00Z
SRC-c72d2641,761,U S Tape Company,CENTURY COMPONENTS,35115,https://www.industrialdistributor.com/p/35115,industrialdistributor.com,distributor_product_page,0.4,True,True,success,83f63e69d779b5e1d12dd9490ac33a3c11bc90d9ab9614596b650211ba85a272,2026-08-16T12:00:00Z
SRC-a1a996c1,762,U S Tape Company,CENTURY COMPONENTS,25168,https://www.ustapecompany.com/products/25168,ustapecompany.com,manufacturer_product_page,1.0,True,True,success,998e6fc2ece3da8152141bed851d764f1b261cd9c3c72bbb53b372297523fa35,2026-08-16T12:00:00Z
SRC-d64835c3,762,U S Tape Company,CENTURY COMPONENTS,25168,https://www.ustapecompany.com/docs/datasheets/25168.pdf,ustapecompany.com,manufacturer_pdf,1.0,True,True,success,3260372311014421bcb0903ab5b254d40f8cddbbe56152381060eeadc8194869,2026-08-16T12:00:00Z
SRC-862feb8b,762,U S Tape Company,CENTURY COMPONENTS,25168,https://www.industrialdistributor.com/p/25168,industrialdistributor.com,distributor_product_page,0.4,True,True,success,7eef2839ae8ca7ba408975e16a080ea4da10933dc75ab4e9e39ca4a9892594f9,2026-08-16T12:00:00Z
SRC-8f045611,763,U S Tape Company,CENTURY COMPONENTS,35468,https://www.ustapecompany.com/products/35468,ustapecompany.com,manufacturer_product_page,1.0,True,True,success,0f6361965fe6260f45a635e6f9176be687d4902cdac400e93c8882e14397c7f5,2026-08-16T12:00:00Z
SRC-0c0bd28c,763,U S Tape Company,CENTURY COMPONENTS,35468,https://www.ustapecompany.com/docs/datasheets/35468.pdf,ustapecompany.com,manufacturer_pdf,1.0,True,True,success,bddb9558a4bbd05b5e23dd92e57389b3b81bce795b1e5f0870b418d9fdd1f0a7,2026-08-16T12:00:00Z
SRC-3526ae31,763,U S Tape Company,CENTURY COMPONENTS,35468,https://www.industrialdistributor.com/p/35468,industrialdistributor.com,distributor_product_page,0.4,True,True,success,5a311b1d7e12c3c00f706b9862962a5307a1602fa89cde35d2f593337383c396,2026-08-16T12:00:00Z
SRC-75e72ec4,764,U S Tape Company,CENTURY COMPONENTS,35494,https://www.ustapecompany.com/products/35494,ustapecompany.com,manufacturer_product_page,1.0,True,True,success,4d0922e3a2f2609ca3f647a4ecf41a5e513329eb7d95e1641f8ff4438afa7eb6,2026-08-16T12:00:00Z
SRC-7db3a012,764,U S Tape Company,CENTURY COMPONENTS,35494,https://www.ustapecompany.com/docs/datasheets/35494.pdf,ustapecompany.com,manufacturer_pdf,1.0,True,True,success,f220b7e0d7f2805aeda3dfd32ff3853981aed1e290cb59745d40d9daebb139ae,2026-08-16T12:00:00Z
SRC-147acdff,764,U S Tape Company,CENTURY COMPONENTS,35494,https://www.industrialdistributor.com/p/35494,industrialdistributor.com,distributor_product_page,0.4,True,True,success,2398710dd98828ff390d72194a8fc1e1fcc19e28d30e195f37a76378fcb0d818,2026-08-16T12:00:00Z
SRC-0e164886,765,Milwaukee Accessory,Milwaukee,MLSQ0120,https://www.milwaukeetool.com/products/mlsq0120,milwaukeetool.com,manufacturer_product_page,1.0,True,True,success,f8a48312c8da3fb1f6e362f4d7669ba10dcdacb0b568c5139e52d5a85fb5035a,2026-08-16T12:00:00Z
SRC-e872c3be,765,Milwaukee Accessory,Milwaukee,MLSQ0120,https://www.milwaukeetool.com/docs/datasheets/mlsq0120.pdf,milwaukeetool.com,manufacturer_pdf,1.0,True,True,success,a88ff9681c65ed08fcfe8d48af7d93f7005d14d19dee0390377ea41576a2000d,2026-08-16T12:00:00Z
SRC-a7dc5384,765,Milwaukee Accessory,Milwaukee,MLSQ0120,https://www.industrialdistributor.com/p/mlsq0120,industrialdistributor.com,distributor_product_page,0.4,True,True,success,10590aebf323987783019a9b092d23535f43cbf859588f03fec8f55439653e56,2026-08-16T12:00:00Z
SRC-49376180,771,Whiteside Machine & Repair Co,nan,3000A,https://www.whitesidemachinerepairco.com/products/3000a,whitesidemachinerepairco.com,manufacturer_product_page,1.0,True,True,success,9f7071acaa41f6e5ee037fd10f4dd380f442055ea088e7e930cd10af51851d01,2026-08-16T12:00:00Z
SRC-6c39340e,771,Whiteside Machine & Repair Co,nan,3000A,https://www.whitesidemachinerepairco.com/docs/datasheets/3000a.pdf,whitesidemachinerepairco.com,manufacturer_pdf,1.0,True,True,success,24c6825b95b72c5e60b55575b859cafdf14611987844861dd62152e65af6f58c,2026-08-16T12:00:00Z
SRC-5068df38,771,Whiteside Machine & Repair Co,nan,3000A,https://www.whitesidemachinerepairco.com/catalogs/specifications.pdf,whitesidemachinerepairco.com,manufacturer_catalog,0.95,True,True,success,ebe0fb19be84bc8f6bf694b0651a845371723ff6c697ee229c7eeff27b9858e8,2026-08-16T12:00:00Z
SRC-8a0e1a3b,771,Whiteside Machine & Repair Co,nan,3000A,https://www.industrialdistributor.com/p/3000a,industrialdistributor.com,distributor_product_page,0.4,True,True,success,2ebb30b897d371b71f33feebe122bf18bf9ffff09fe5d613f49ef31c634b9e06,2026-08-16T12:00:00Z
SRC-3e5af266,772,Mirka Abrasives Inc,nan,MID6630201US,https://www.mirkaabrasivesinc.com/products/mid6630201us,mirkaabrasivesinc.com,manufacturer_product_page,1.0,True,True,success,7e2d9f875acdcfaa83c4e62dd9c1e650359ccf85bd1976a3bbb860d064ebac0a,2026-08-16T12:00:00Z
SRC-96c6aa43,772,Mirka Abrasives Inc,nan,MID6630201US,https://www.mirkaabrasivesinc.com/docs/datasheets/mid6630201us.pdf,mirkaabrasivesinc.com,manufacturer_pdf,1.0,True,True,success,80c06d00f7b725cf0dadcc87696e7d56d30f05e072f546f50fc3f8bb18cd9cff,2026-08-16T12:00:00Z
SRC-7ef108c6,772,Mirka Abrasives Inc,nan,MID6630201US,https://www.industrialdistributor.com/p/mid6630201us,industrialdistributor.com,distributor_product_page,0.4,True,True,success,e86588fe929f86780caecffee7f6fe4671fbaa81ba73a594bc108d694dde58e6,2026-08-16T12:00:00Z
SRC-51cb10c8,774,U S Tape Company,CENTURY COMPONENTS,25468,https://www.ustapecompany.com/products/25468,ustapecompany.com,manufacturer_product_page,1.0,True,True,success,2423f4d1e057b197b9be6a74ff28ebb0bddbea0c2fb8f336ccb9e62828af0022,2026-08-16T12:00:00Z
SRC-93bb990b,774,U S Tape Company,CENTURY COMPONENTS,25468,https://www.ustapecompany.com/docs/datasheets/25468.pdf,ustapecompany.com,manufacturer_pdf,1.0,True,True,success,948f88dd8c190065fccf41b2cf5282bb22cd68e1f3583b61d95229d20b05c44a,2026-08-16T12:00:00Z
SRC-51cefbee,774,U S Tape Company,CENTURY COMPONENTS,25468,https://www.industrialdistributor.com/p/25468,industrialdistributor.com,distributor_product_page,0.4,True,True,success,2031d56b91ae8bf15c42fd113dec07bf1b32556877a9e6c08d1df99ce44f0f0e,2026-08-16T12:00:00Z
SRC-a01057d0,775,U S Tape Company,CENTURY COMPONENTS,25762,https://www.ustapecompany.com/products/25762,ustapecompany.com,manufacturer_product_page,1.0,True,True,success,b4b75199abd7894be5d4cd39966fd8d1cf73d065263c1761b0fcee5839c3a145,2026-08-16T12:00:00Z
SRC-fe4a623e,775,U S Tape Company,CENTURY COMPONENTS,25762,https://www.ustapecompany.com/docs/datasheets/25762.pdf,ustapecompany.com,manufacturer_pdf,1.0,True,True,success,f307ac7cef291a299c879965601df3755506c0b1b7525e55057cb04075255bbb,2026-08-16T12:00:00Z
SRC-fcf65d37,775,U S Tape Company,CENTURY COMPONENTS,25762,https://www.industrialdistributor.com/p/25762,industrialdistributor.com,distributor_product_page,0.4,True,True,success,be6916a8139f70281e41534d0bcef782e15ce1a0bea776d2b951deae9dc60992,2026-08-16T12:00:00Z
SRC-69b548fd,777,Marshalltown Trowel,nan,VN56920,https://www.marshalltowntrowel.com/products/vn56920,marshalltowntrowel.com,manufacturer_product_page,1.0,True,True,success,b5be4cab8f3975e8cc6e61f7eadbbab9acaeeb3605c0ecd48d77401b04771bef,2026-08-16T12:00:00Z
SRC-9f5357a6,777,Marshalltown Trowel,nan,VN56920,https://www.marshalltowntrowel.com/docs/datasheets/vn56920.pdf,marshalltowntrowel.com,manufacturer_pdf,1.0,True,True,success,dbbc74d521df9bf4e74a5dad0bd9c2d08f1e36830036e6e210c3e9eb8996ab8b,2026-08-16T12:00:00Z
SRC-01c2708f,777,Marshalltown Trowel,nan,VN56920,https://www.marshalltowntrowel.com/catalogs/specifications.pdf,marshalltowntrowel.com,manufacturer_catalog,0.95,True,True,success,494305caca2f49b12ec9bb90ab523ba1e5bd77fac1655e897b2e3f55b7c70036,2026-08-16T12:00:00Z
SRC-11b3d17f,777,Marshalltown Trowel,nan,VN56920,https://www.industrialdistributor.com/p/vn56920,industrialdistributor.com,distributor_product_page,0.4,True,True,success,21d190554c42a1d2914fcb03a7f246d7fc6c0b4dd769697491b7b6b5c66dbde1,2026-08-16T12:00:00Z
SRC-dfe23098,778,Wera Tools NA Inc,nan,133164,https://www.weratoolsnainc.com/products/133164,weratoolsnainc.com,manufacturer_product_page,1.0,True,True,success,109540592899866c6ad02e3465a3b92303714ce99211d810e4166adcb89411d4,2026-08-16T12:00:00Z
SRC-86e25b2b,778,Wera Tools NA Inc,nan,133164,https://www.weratoolsnainc.com/docs/datasheets/133164.pdf,weratoolsnainc.com,manufacturer_pdf,1.0,True,True,success,2ead727645058ec1c045b986195f9b52716a94ac5290eee330b4a1101ef6fae8,2026-08-16T12:00:00Z
SRC-de47aa27,778,Wera Tools NA Inc,nan,133164,https://www.industrialdistributor.com/p/133164,industrialdistributor.com,distributor_product_page,0.4,True,True,success,f338ca56da0080f75acad2bca0fa78d1ebf3dbc088aa1c34cbe0fce920f3dc88,2026-08-16T12:00:00Z
SRC-b2c4327d,781,Vessel Tools USA Inc,nan,QB22RU,https://www.vesseltoolsusainc.com/products/qb22ru,vesseltoolsusainc.com,manufacturer_product_page,1.0,True,True,success,6cd076be4713098a0c7177bd3407d811107677fba6b2e525570868a0ed67ea0f,2026-08-16T12:00:00Z
SRC-a8d9f645,781,Vessel Tools USA Inc,nan,QB22RU,https://www.vesseltoolsusainc.com/docs/datasheets/qb22ru.pdf,vesseltoolsusainc.com,manufacturer_pdf,1.0,True,True,success,e57b8006ddcd4a73729dc3442e51efce5193700ef1d5dea42d1b8d67c8a5605d,2026-08-16T12:00:00Z
SRC-438f694a,781,Vessel Tools USA Inc,nan,QB22RU,https://www.vesseltoolsusainc.com/catalogs/specifications.pdf,vesseltoolsusainc.com,manufacturer_catalog,0.95,True,True,success,ba4d7a688e8d3e9bc91ff7bd410e5f496402427c5bf57cba6624decfae037ca5,2026-08-16T12:00:00Z
SRC-9ecd7e48,781,Vessel Tools USA Inc,nan,QB22RU,https://www.industrialdistributor.com/p/qb22ru,industrialdistributor.com,distributor_product_page,0.4,True,True,success,b5d33447b48486a3bf51bbabf7add8eae22757a6c1a43de543b608f101a6a109,2026-08-16T12:00:00Z
SRC-7f428ceb,782,Vessel Tools USA Inc,nan,QB22KU,https://www.vesseltoolsusainc.com/products/qb22ku,vesseltoolsusainc.com,manufacturer_product_page,1.0,True,True,success,ebde1d53bc0853e6d0b8ee39a4fe095355080b7798ba8aad0e2e4e75ae58edf8,2026-08-16T12:00:00Z
SRC-589558c3,782,Vessel Tools USA Inc,nan,QB22KU,https://www.vesseltoolsusainc.com/docs/datasheets/qb22ku.pdf,vesseltoolsusainc.com,manufacturer_pdf,1.0,True,True,success,3cc13bb552a4305f0ec9fe74648f4526c54a0bcb6a25c0c6175e6c0f3c124a8b,2026-08-16T12:00:00Z
SRC-20e5cd7e,782,Vessel Tools USA Inc,nan,QB22KU,https://www.industrialdistributor.com/p/qb22ku,industrialdistributor.com,distributor_product_page,0.4,True,True,success,25d9499a605e44d1609c8160914626947b9639d6bd1645f1d1cd00240fca829f,2026-08-16T12:00:00Z
SRC-9188fe70,788,Milwaukee Accessory,Milwaukee,42-04-9107,https://www.milwaukeetool.com/products/42049107,milwaukeetool.com,manufacturer_product_page,1.0,True,True,success,c629d1bcc570276c18500599f4ff8ee220bc45687193b96c4968d1e38cb2ead6,2026-08-16T12:00:00Z
SRC-5002edab,788,Milwaukee Accessory,Milwaukee,42-04-9107,https://www.milwaukeetool.com/docs/datasheets/42049107.pdf,milwaukeetool.com,manufacturer_pdf,1.0,True,True,success,54d7f8f2832f80e2a8346b1eac795ddfa09b7cde94e223994f0c879b7f467216,2026-08-16T12:00:00Z
SRC-780bf6c5,788,Milwaukee Accessory,Milwaukee,42-04-9107,https://www.industrialdistributor.com/p/42049107,industrialdistributor.com,distributor_product_page,0.4,True,True,success,34278eccee07892ef813a553d4926ec43fc9c07600a7793f59e447b84a4376df,2026-08-16T12:00:00Z
SRC-855a3b56,789,Milwaukee Accessory,Milwaukee,48-22-9491,https://www.milwaukeetool.com/products/48229491,milwaukeetool.com,manufacturer_product_page,1.0,True,True,success,5b7291389201b8c2a943bf9f415aa7736f61af783da99e93e6b9aed27eb80d61,2026-08-16T12:00:00Z
SRC-bb4ae5a2,789,Milwaukee Accessory,Milwaukee,48-22-9491,https://www.milwaukeetool.com/docs/datasheets/48229491.pdf,milwaukeetool.com,manufacturer_pdf,1.0,True,True,success,6703cf2f36e7b99c6d9b6dcbde4812c13d4e5f609b7e2035791bd39dbad93d94,2026-08-16T12:00:00Z
SRC-a6645a19,789,Milwaukee Accessory,Milwaukee,48-22-9491,https://www.industrialdistributor.com/p/48229491,industrialdistributor.com,distributor_product_page,0.4,True,True,success,c5c3c9776b9d52fd4fb8441215084ce8e3a9739eed285222a3af2df563e54a95,2026-08-16T12:00:00Z
SRC-e67f0e85,790,Black & Decker/dewlt,DEWALT,DWMT45422,https://www.dewalt.com/products/dwmt45422,dewalt.com,manufacturer_product_page,1.0,True,True,success,f97876b18245ca02cff6b43c692c8873a660e3de33f905fd9bb8c236fe9ecd68,2026-08-16T12:00:00Z
SRC-fe88789f,790,Black & Decker/dewlt,DEWALT,DWMT45422,https://www.dewalt.com/docs/datasheets/dwmt45422.pdf,dewalt.com,manufacturer_pdf,1.0,True,True,success,9ca8b4a92a70e09acc3420866e9fc608fa45df3488a3524eb187ab182b2dc9f5,2026-08-16T12:00:00Z
SRC-ebd41af8,790,Black & Decker/dewlt,DEWALT,DWMT45422,https://www.industrialdistributor.com/p/dwmt45422,industrialdistributor.com,distributor_product_page,0.4,True,True,success,f380808ed65027181ea1776c80948d08fa988fcaac2c38bd792dabaf35617fdd,2026-08-16T12:00:00Z
SRC-6a054687,791,Black & Decker/dewlt,DEWALT,DWMT45424,https://www.dewalt.com/products/dwmt45424,dewalt.com,manufacturer_product_page,1.0,True,True,success,ec024a6b6268d8cad3d37e263ece4bf2f13a4126088db2cd8a531240e0b4b9c0,2026-08-16T12:00:00Z
SRC-d092f157,791,Black & Decker/dewlt,DEWALT,DWMT45424,https://www.dewalt.com/docs/datasheets/dwmt45424.pdf,dewalt.com,manufacturer_pdf,1.0,True,True,success,76ea61d399a72a849721732c444f8244a241b1cb35f0afce10318b56a5f19606,2026-08-16T12:00:00Z
SRC-5d381ae3,791,Black & Decker/dewlt,DEWALT,DWMT45424,https://www.industrialdistributor.com/p/dwmt45424,industrialdistributor.com,distributor_product_page,0.4,True,True,success,6d34892712a3118c0353f4d444a2170c83d7f34f7222c8746579af0ba72afff8,2026-08-16T12:00:00Z
SRC-769ab3c3,793,Milwaukee Accessory,Milwaukee,48-22-9484,https://www.milwaukeetool.com/products/48229484,milwaukeetool.com,manufacturer_product_page,1.0,True,True,success,032b5d5339cf948d5d8f9058488e1a61b3e5cc8d530b24066353dadc6a35e72b,2026-08-16T12:00:00Z
SRC-651ba82d,793,Milwaukee Accessory,Milwaukee,48-22-9484,https://www.milwaukeetool.com/docs/datasheets/48229484.pdf,milwaukeetool.com,manufacturer_pdf,1.0,True,True,success,dbd5445d6c15f6a1163d1018b737ba0ea95d3dad0de9e7005e62c8a7dfc3c7e3,2026-08-16T12:00:00Z
SRC-e42babca,793,Milwaukee Accessory,Milwaukee,48-22-9484,https://www.industrialdistributor.com/p/48229484,industrialdistributor.com,distributor_product_page,0.4,True,True,success,13fd2239f8c0efee05fff20b9c6e3c36f21402d8ad0f7e125a62f59e0e1003d9,2026-08-16T12:00:00Z
SRC-d5be3ad8,795,Milwaukee Accessory,Milwaukee,48-44-2770,https://www.milwaukeetool.com/products/48442770,milwaukeetool.com,manufacturer_product_page,1.0,True,True,success,68cc11ac8580d6c3ffff86d518c104f91de005daa3b7347a4782b0242616aba8,2026-08-16T12:00:00Z
SRC-2aff1747,795,Milwaukee Accessory,Milwaukee,48-44-2770,https://www.milwaukeetool.com/docs/datasheets/48442770.pdf,milwaukeetool.com,manufacturer_pdf,1.0,True,True,success,a4a7c2888f27b37bf56a1d29adea225bef58d33d630d52eab4b0589984427db3,2026-08-16T12:00:00Z
SRC-baf10de2,795,Milwaukee Accessory,Milwaukee,48-44-2770,https://www.industrialdistributor.com/p/48442770,industrialdistributor.com,distributor_product_page,0.4,True,True,success,d1924616fb52a5057a862db059afc734b879400b4451845b1e55ddac0a207b30,2026-08-16T12:00:00Z
SRC-75ba0815,796,Irwin Industrial Tools,Irwin,IWHT48441RC,https://www.irwin.com/products/iwht48441rc,irwin.com,manufacturer_product_page,1.0,True,True,success,0402401a1687e4e36617cfd17ec6fb53d07169966e511b3b09506c2d30a5df04,2026-08-16T12:00:00Z
SRC-24dbd51d,796,Irwin Industrial Tools,Irwin,IWHT48441RC,https://www.irwin.com/docs/datasheets/iwht48441rc.pdf,irwin.com,manufacturer_pdf,1.0,True,True,success,03da77ebcc8c0b02704e8cdb72d3ad572a7982421939c89de27a4e7fcb313d51,2026-08-16T12:00:00Z
SRC-390fc25d,796,Irwin Industrial Tools,Irwin,IWHT48441RC,https://www.irwin.com/catalogs/specifications.pdf,irwin.com,manufacturer_catalog,0.95,True,True,success,6ae8eb2009a0bd09d9bc44ff833a075c01d70990b4f7630c58d50181ac1e4f1d,2026-08-16T12:00:00Z
SRC-03b66eae,796,Irwin Industrial Tools,Irwin,IWHT48441RC,https://www.industrialdistributor.com/p/iwht48441rc,industrialdistributor.com,distributor_product_page,0.4,True,True,success,35120ebe3e66be5bcfcc80b83f4ec706117b1e89909543b50fa05e33991424c8,2026-08-16T12:00:00Z
SRC-79d2a5c0,804,Mirka Abrasives Inc,Abranet,9A-219-180,https://www.mirkaabrasivesinc.com/products/9a219180,mirkaabrasivesinc.com,manufacturer_product_page,1.0,True,True,success,33ea126f5269f9b881d8705d9aaa73899ee9faad69659d989c3c57cfc523f1cd,2026-08-16T12:00:00Z
SRC-0570dfe6,804,Mirka Abrasives Inc,Abranet,9A-219-180,https://www.mirkaabrasivesinc.com/docs/datasheets/9a219180.pdf,mirkaabrasivesinc.com,manufacturer_pdf,1.0,True,True,success,b0b07db741568f3246a03a3e99ed2f6a3ac9911db20bd2e1f2845882f0eb3eb3,2026-08-16T12:00:00Z
SRC-f55df614,804,Mirka Abrasives Inc,Abranet,9A-219-180,https://www.industrialdistributor.com/p/9a219180,industrialdistributor.com,distributor_product_page,0.4,True,True,success,da536a31cd24bc85d6f55d7ae8879d87735f7ddaaebc5e811a0dca9ce0c23dcd,2026-08-16T12:00:00Z
SRC-6019aa3e,805,Mirka Abrasives Inc,Abranet,9A-219-120RP,https://www.mirkaabrasivesinc.com/products/9a219120rp,mirkaabrasivesinc.com,manufacturer_product_page,1.0,True,True,success,9e9edb66d28aea6c70d450875b1546cb4ba8d5fa0a53920768844fba52cd5723,2026-08-16T12:00:00Z
SRC-36e5a1c4,805,Mirka Abrasives Inc,Abranet,9A-219-120RP,https://www.mirkaabrasivesinc.com/docs/datasheets/9a219120rp.pdf,mirkaabrasivesinc.com,manufacturer_pdf,1.0,True,True,success,b6afee9ce70c2934830f7bec6600f73d29dad4baf5ba9709bbd21b72d4cb5816,2026-08-16T12:00:00Z
SRC-39e11dff,805,Mirka Abrasives Inc,Abranet,9A-219-120RP,https://www.industrialdistributor.com/p/9a219120rp,industrialdistributor.com,distributor_product_page,0.4,True,True,success,d97e268fbfd0983d9d8b048bfea43a666f5ac785aaa8a5375d0a7bef58b6741e,2026-08-16T12:00:00Z
SRC-17f08425,817,Milwaukee Accessory,Milwaukee,2909-20,https://www.milwaukeetool.com/products/290920,milwaukeetool.com,manufacturer_product_page,1.0,True,True,success,fac293beaff98342e19ded9cc88053b1a0956837b51a1aa0c5c098c8ec3ff489,2026-08-16T12:00:00Z
SRC-d912d2a8,817,Milwaukee Accessory,Milwaukee,2909-20,https://www.milwaukeetool.com/docs/datasheets/290920.pdf,milwaukeetool.com,manufacturer_pdf,1.0,True,True,success,337eccfb6c13bc3927e2ee12e617dfd6e2176aafaef38527ebb924df071a69a8,2026-08-16T12:00:00Z
SRC-4bef8c75,817,Milwaukee Accessory,Milwaukee,2909-20,https://www.industrialdistributor.com/p/290920,industrialdistributor.com,distributor_product_page,0.4,True,True,success,dd751c7cd6fa57c65cfab75e289d44224937fc41e36e06f138b0c1a9fff7c243,2026-08-16T12:00:00Z
SRC-c9c9e723,818,Milwaukee Accessory,Milwaukee,2909-21,https://www.milwaukeetool.com/products/290921,milwaukeetool.com,manufacturer_product_page,1.0,True,True,success,95a3f0cb862cb18bf3a337bd9155f5656263ec397e69d10a1a814fac30641a60,2026-08-16T12:00:00Z
SRC-565ef21e,818,Milwaukee Accessory,Milwaukee,2909-21,https://www.milwaukeetool.com/docs/datasheets/290921.pdf,milwaukeetool.com,manufacturer_pdf,1.0,True,True,success,4180989c0d0168ba024f69803d702675ff970aca3d9ae0fcdf9a945ef7bc3ac3,2026-08-16T12:00:00Z
SRC-e8fc2ca9,818,Milwaukee Accessory,Milwaukee,2909-21,https://www.industrialdistributor.com/p/290921,industrialdistributor.com,distributor_product_page,0.4,True,True,success,a56322e74ab3e3bebb1abf61e70c373ff26fb0a71dd7cc1f4a7022610f3cf109,2026-08-16T12:00:00Z
SRC-8bc7dba5,820,Milwaukee Accessory,Milwaukee,2541-20,https://www.milwaukeetool.com/products/254120,milwaukeetool.com,manufacturer_product_page,1.0,True,True,success,f581a8fead3bece2cc59b5a313be67bf15936b19df7c40a942b7fc7f07006140,2026-08-16T12:00:00Z
SRC-5998f230,820,Milwaukee Accessory,Milwaukee,2541-20,https://www.milwaukeetool.com/docs/datasheets/254120.pdf,milwaukeetool.com,manufacturer_pdf,1.0,True,True,success,91a78d9bcd1a3c25ab83770de9b02e48d0a60ee35e0579911ea9299fc0a9f17c,2026-08-16T12:00:00Z
SRC-3713dea9,820,Milwaukee Accessory,Milwaukee,2541-20,https://www.industrialdistributor.com/p/254120,industrialdistributor.com,distributor_product_page,0.4,True,True,success,58689c6f581bba8d88a0d456b48ee12d6e2d6f69d0144b27c4d222ce88f13c77,2026-08-16T12:00:00Z
SRC-0259b696,828,Vessel Tools USA Inc,nan,220USB25U,https://www.vesseltoolsusainc.com/products/220usb25u,vesseltoolsusainc.com,manufacturer_product_page,1.0,True,True,success,57b8e8531a901e4cd16cea1df3992d4607e5bb85bedfdd3f240b3b1fd8ac6638,2026-08-16T12:00:00Z
SRC-1167461d,828,Vessel Tools USA Inc,nan,220USB25U,https://www.vesseltoolsusainc.com/docs/datasheets/220usb25u.pdf,vesseltoolsusainc.com,manufacturer_pdf,1.0,True,True,success,2fd183919cf1f6e7333fe270e20c4d20908183cc1bf10e97339882c2ff487e1a,2026-08-16T12:00:00Z
SRC-64932926,828,Vessel Tools USA Inc,nan,220USB25U,https://www.industrialdistributor.com/p/220usb25u,industrialdistributor.com,distributor_product_page,0.4,True,True,success,41cfaec9e55cb47d5259d8717a35aef1c5099a1066ab632e6c388f06c5394da7,2026-08-16T12:00:00Z
SRC-c5783652,830,Vessel Tools USA Inc,nan,220USBP5U,https://www.vesseltoolsusainc.com/products/220usbp5u,vesseltoolsusainc.com,manufacturer_product_page,1.0,True,True,success,cf0cab64fb232f21eafb3c437493e9acf8f170f7517d8df83b719d8d26b08201,2026-08-16T12:00:00Z
SRC-0057f764,830,Vessel Tools USA Inc,nan,220USBP5U,https://www.vesseltoolsusainc.com/docs/datasheets/220usbp5u.pdf,vesseltoolsusainc.com,manufacturer_pdf,1.0,True,True,success,95bdd7bfdd890091b68939080ff64fdbd64d90d9768ccc12f30eb781e61c9a22,2026-08-16T12:00:00Z
SRC-07207b6d,830,Vessel Tools USA Inc,nan,220USBP5U,https://www.industrialdistributor.com/p/220usbp5u,industrialdistributor.com,distributor_product_page,0.4,True,True,success,4e477015e865478b15c6d3916e3dc70d14295724e56a8c2be4a13a8fdbace683,2026-08-16T12:00:00Z
SRC-46e89b78,832,Vessel Tools USA Inc,nan,IBMG90K003,https://www.vesseltoolsusainc.com/products/ibmg90k003,vesseltoolsusainc.com,manufacturer_product_page,1.0,True,True,success,0997afbbb40e1f3a38017dc63de19eec54accba6a530e08397ad25575108b6df,2026-08-16T12:00:00Z
SRC-11e10084,832,Vessel Tools USA Inc,nan,IBMG90K003,https://www.vesseltoolsusainc.com/docs/datasheets/ibmg90k003.pdf,vesseltoolsusainc.com,manufacturer_pdf,1.0,True,True,success,59e000ed39081a7b76537fcd1e87dd84bf64cf62a68d8e4b67364aa6067384a6,2026-08-16T12:00:00Z
SRC-b034812d,832,Vessel Tools USA Inc,nan,IBMG90K003,https://www.industrialdistributor.com/p/ibmg90k003,industrialdistributor.com,distributor_product_page,0.4,True,True,success,ceda792bb05e95e60ab5c877874fdf398996f429603ef25c84f1c0d5f491b7e4,2026-08-16T12:00:00Z
SRC-c3c8be40,833,Vessel Tools USA Inc,nan,IBPH250P15T,https://www.vesseltoolsusainc.com/products/ibph250p15t,vesseltoolsusainc.com,manufacturer_product_page,1.0,True,True,success,da86283b2509a5dba17584467d5c02738847e795d83b328c09d8944839d3aa2e,2026-08-16T12:00:00Z
SRC-0ca99f9e,833,Vessel Tools USA Inc,nan,IBPH250P15T,https://www.vesseltoolsusainc.com/docs/datasheets/ibph250p15t.pdf,vesseltoolsusainc.com,manufacturer_pdf,1.0,True,True,success,7efd15c49ccac1b116d0209f2c3cd12403ff9445263c80e56431e4cfa4241980,2026-08-16T12:00:00Z
SRC-7ec5f309,833,Vessel Tools USA Inc,nan,IBPH250P15T,https://www.industrialdistributor.com/p/ibph250p15t,industrialdistributor.com,distributor_product_page,0.4,True,True,success,ab09b5d5809d4434204dfd5f4c3ee5ee35c340803d7579e5cdcd0606d458f083,2026-08-16T12:00:00Z
SRC-1b596175,834,Freud Inc,Diablo,DPH12B,https://www.freudtools.com/products/dph12b,freudtools.com,manufacturer_product_page,1.0,True,True,success,d88a83e9a7e8c7b19bba89dfefcc01ac6f399096806fba2c8d3bf861e6a991c1,2026-08-16T12:00:00Z
SRC-eeca6675,834,Freud Inc,Diablo,DPH12B,https://www.freudtools.com/docs/datasheets/dph12b.pdf,freudtools.com,manufacturer_pdf,1.0,True,True,success,08ec0f5f000db8c426ddd83d9cb46c2a30a643d9ab2495df6f717398ac553764,2026-08-16T12:00:00Z
SRC-79dddd56,834,Freud Inc,Diablo,DPH12B,https://www.industrialdistributor.com/p/dph12b,industrialdistributor.com,distributor_product_page,0.4,True,True,success,735bb474b71021525525023b23cd472d0ea9be08d400b1a11e8a9bf6a0ef7b3e,2026-08-16T12:00:00Z
SRC-f29454e4,835,Freud Inc,Diablo,DPH135B,https://www.freudtools.com/products/dph135b,freudtools.com,manufacturer_product_page,1.0,True,True,success,3a0ed70e6142180a6cdd7839abff427fc40173622cf6bea22877f6c72306c182,2026-08-16T12:00:00Z
SRC-edf07def,835,Freud Inc,Diablo,DPH135B,https://www.freudtools.com/docs/datasheets/dph135b.pdf,freudtools.com,manufacturer_pdf,1.0,True,True,success,7f23afb91a8ad96c2221d3b3a31e7bc33f176499e6b1c170f7470cd82699255c,2026-08-16T12:00:00Z
SRC-835cf580,835,Freud Inc,Diablo,DPH135B,https://www.industrialdistributor.com/p/dph135b,industrialdistributor.com,distributor_product_page,0.4,True,True,success,859aa149482d064bbf980da8f951fec5c51f59d4f04568aa2cc4556c68ea48fb,2026-08-16T12:00:00Z
SRC-147401de,836,Freud Inc,Diablo,DPH21B,https://www.freudtools.com/products/dph21b,freudtools.com,manufacturer_product_page,1.0,True,True,success,096a1202a0a9cc4e131876867743eb81d33f27bce460e4a472486aa1a914af8e,2026-08-16T12:00:00Z
SRC-eadf34ca,836,Freud Inc,Diablo,DPH21B,https://www.freudtools.com/docs/datasheets/dph21b.pdf,freudtools.com,manufacturer_pdf,1.0,True,True,success,ed9ee590183760e27877c4ff5c6264131ae2cec3bcacca7c1e957a9a5ce95179,2026-08-16T12:00:00Z
SRC-ad6a312f,836,Freud Inc,Diablo,DPH21B,https://www.industrialdistributor.com/p/dph21b,industrialdistributor.com,distributor_product_page,0.4,True,True,success,3e54e87f0319bbb040e2b85962917d81240626ba9175553ef88825cdbcf2174f,2026-08-16T12:00:00Z
SRC-7ff58700,837,Freud Inc,Diablo,DPH22B,https://www.freudtools.com/products/dph22b,freudtools.com,manufacturer_product_page,1.0,True,True,success,05e641b33064fa81d8ed5145f09dde71fd974ef4508b0014e9206d69bd3f0af8,2026-08-16T12:00:00Z
SRC-9b41f45b,837,Freud Inc,Diablo,DPH22B,https://www.freudtools.com/docs/datasheets/dph22b.pdf,freudtools.com,manufacturer_pdf,1.0,True,True,success,d6e0dc9769f7f04685668071f84895c6375b884faee5fc4258b89c514da0e85f,2026-08-16T12:00:00Z
SRC-e7b74112,837,Freud Inc,Diablo,DPH22B,https://www.industrialdistributor.com/p/dph22b,industrialdistributor.com,distributor_product_page,0.4,True,True,success,9a2f1110ee3d2e11b1d47c8432d3f9d983b4b990993b4b12dd0ab54128a20ed5,2026-08-16T12:00:00Z
SRC-58c45d6a,838,Freud Inc,Diablo,DPH235B,https://www.freudtools.com/products/dph235b,freudtools.com,manufacturer_product_page,1.0,True,True,success,04d56d90c86a2fcdb216b51b8ab059d6f23d78db42cd7269f1f6820e1f604ad8,2026-08-16T12:00:00Z
SRC-fe5974d3,838,Freud Inc,Diablo,DPH235B,https://www.freudtools.com/docs/datasheets/dph235b.pdf,freudtools.com,manufacturer_pdf,1.0,True,True,success,41cf63f94b4ae553210aadc426c004e848c318b8be0c6e36229ea74d1bb09dab,2026-08-16T12:00:00Z
SRC-370c5583,838,Freud Inc,Diablo,DPH235B,https://www.industrialdistributor.com/p/dph235b,industrialdistributor.com,distributor_product_page,0.4,True,True,success,0de396b19598162d560d527d09dcafb91bda5f0917f6b4d4fb078fd2c7e5671f,2026-08-16T12:00:00Z
SRC-d86da885,839,Freud Inc,Diablo,DPH26B,https://www.freudtools.com/products/dph26b,freudtools.com,manufacturer_product_page,1.0,True,True,success,6e8d2b001200e7e136e480fbce4e900006018b715f59d3d3a5bef76c717513c0,2026-08-16T12:00:00Z
SRC-d6ef531b,839,Freud Inc,Diablo,DPH26B,https://www.freudtools.com/docs/datasheets/dph26b.pdf,freudtools.com,manufacturer_pdf,1.0,True,True,success,f97b7662aef9af482a71f996c2e1d28d2fab7efaac704f46f52c04a2f7201080,2026-08-16T12:00:00Z
SRC-34143ad8,839,Freud Inc,Diablo,DPH26B,https://www.industrialdistributor.com/p/dph26b,industrialdistributor.com,distributor_product_page,0.4,True,True,success,1d754142d05d49a854c0537695e7e8f11bafacf9b27503c01500807c95f8f598,2026-08-16T12:00:00Z
SRC-2b4cbe8d,840,Freud Inc,Diablo,DPH2R1B,https://www.freudtools.com/products/dph2r1b,freudtools.com,manufacturer_product_page,1.0,True,True,success,50471f1526113d335734929de19df3dfae575b0829dbe7ff3a901939c6bed9b6,2026-08-16T12:00:00Z
SRC-f67eac39,840,Freud Inc,Diablo,DPH2R1B,https://www.freudtools.com/docs/datasheets/dph2r1b.pdf,freudtools.com,manufacturer_pdf,1.0,True,True,success,74bf1252e7559b6c0a89beea59ccacc54f51c507bf14108b7d94c2dc1ba5ff14,2026-08-16T12:00:00Z
SRC-f5e67817,840,Freud Inc,Diablo,DPH2R1B,https://www.industrialdistributor.com/p/dph2r1b,industrialdistributor.com,distributor_product_page,0.4,True,True,success,34c8fd361313c87aa38ccaff1ed0698fe344d789fadda35f3393aaa71a965d59,2026-08-16T12:00:00Z
SRC-4c67280d,841,Freud Inc,Diablo,DPH31B,https://www.freudtools.com/products/dph31b,freudtools.com,manufacturer_product_page,1.0,True,True,success,9fd668466b8188460e9bba479bc0aa4f8cec1d1d3af60e1475420720c3c1980f,2026-08-16T12:00:00Z
SRC-bf6105bf,841,Freud Inc,Diablo,DPH31B,https://www.freudtools.com/docs/datasheets/dph31b.pdf,freudtools.com,manufacturer_pdf,1.0,True,True,success,9156e8f1ecd6e312a83f06d78720c5d21bb2ebb988a4161ed06640c0e17a97cb,2026-08-16T12:00:00Z
SRC-921a57d8,841,Freud Inc,Diablo,DPH31B,https://www.industrialdistributor.com/p/dph31b,industrialdistributor.com,distributor_product_page,0.4,True,True,success,67e6fb87a9e1b2894f38206dce88e2e6ae373dd4a83f9e283b97ac2b1e5f4811,2026-08-16T12:00:00Z
SRC-587548a3,842,Freud Inc,Diablo,DPH32B,https://www.freudtools.com/products/dph32b,freudtools.com,manufacturer_product_page,1.0,True,True,success,93d87f5e24bccf966d10877c235fbb83ec7163168862abea799127fc8ec1711b,2026-08-16T12:00:00Z
SRC-eb59fba4,842,Freud Inc,Diablo,DPH32B,https://www.freudtools.com/docs/datasheets/dph32b.pdf,freudtools.com,manufacturer_pdf,1.0,True,True,success,5798ca6e0eb7f936bd491a6c0f748edd08c7e7522f3ed025d1917f5c596db98c,2026-08-16T12:00:00Z
SRC-83a2cdb1,842,Freud Inc,Diablo,DPH32B,https://www.industrialdistributor.com/p/dph32b,industrialdistributor.com,distributor_product_page,0.4,True,True,success,35f9225056f7c4eaf758ef5e9d35b0779b06485cc21d0870ed5c72e000acc931,2026-08-16T12:00:00Z
SRC-e3066f18,843,Freud Inc,Diablo,DPH335B,https://www.freudtools.com/products/dph335b,freudtools.com,manufacturer_product_page,1.0,True,True,success,1f4c8e4e9451a6d9ffb0115bb3ad7f9b1839f9c43afe1b6a4fcb66e5a5d6c24a,2026-08-16T12:00:00Z
SRC-86a82efb,843,Freud Inc,Diablo,DPH335B,https://www.freudtools.com/docs/datasheets/dph335b.pdf,freudtools.com,manufacturer_pdf,1.0,True,True,success,7aaf93f288d2bec363f8f3919813879e4f25a59b6f689299a76a5328bca80697,2026-08-16T12:00:00Z
SRC-27033b67,843,Freud Inc,Diablo,DPH335B,https://www.industrialdistributor.com/p/dph335b,industrialdistributor.com,distributor_product_page,0.4,True,True,success,fae11d0f8c1fd7d0195ff808c4217496fca2e6e5ada8c84ad1c35e2f395b2e28,2026-08-16T12:00:00Z
SRC-128952c1,844,Freud Inc,Diablo,DSQ12B,https://www.freudtools.com/products/dsq12b,freudtools.com,manufacturer_product_page,1.0,True,True,success,fe6da540d76bc2cc9560995e9902dd1f6beb9c401b81b91cf8ba0f7082227883,2026-08-16T12:00:00Z
SRC-dafd622a,844,Freud Inc,Diablo,DSQ12B,https://www.freudtools.com/docs/datasheets/dsq12b.pdf,freudtools.com,manufacturer_pdf,1.0,True,True,success,29cbd7613c176c301b6d3504d845fde604e4f7b72d551dcc4357cd7ba4d4fb77,2026-08-16T12:00:00Z
SRC-defe760c,844,Freud Inc,Diablo,DSQ12B,https://www.industrialdistributor.com/p/dsq12b,industrialdistributor.com,distributor_product_page,0.4,True,True,success,791fb98620c9f5a4bf3f50656227c89f7339a639369c4849cc4989c1ea5544d8,2026-08-16T12:00:00Z
SRC-ae2e15b9,845,Freud Inc,Diablo,DSQ22B,https://www.freudtools.com/products/dsq22b,freudtools.com,manufacturer_product_page,1.0,True,True,success,8e46ad7af1b01a5f44fc5e9080d32eb5ddd4c8bc746c9de6e84a48403f1055b1,2026-08-16T12:00:00Z
SRC-355dc4b8,845,Freud Inc,Diablo,DSQ22B,https://www.freudtools.com/docs/datasheets/dsq22b.pdf,freudtools.com,manufacturer_pdf,1.0,True,True,success,820cdba3889a6d3143f559183f16edcd707d48296bcf9d0688d37c64e2dde6d5,2026-08-16T12:00:00Z
SRC-6574aaec,845,Freud Inc,Diablo,DSQ22B,https://www.industrialdistributor.com/p/dsq22b,industrialdistributor.com,distributor_product_page,0.4,True,True,success,2417ae614a135cd94eb03408cf8d917d9ad6419e394332fe1f3b8217aab2756a,2026-08-16T12:00:00Z
SRC-ee07d08d,846,Freud Inc,Diablo,DSQ26B,https://www.freudtools.com/products/dsq26b,freudtools.com,manufacturer_product_page,1.0,True,True,success,652ecb17fc13abd2838420d6da160f6fd03f04698d0d5991b32c5465a2d58d99,2026-08-16T12:00:00Z
SRC-d8623777,846,Freud Inc,Diablo,DSQ26B,https://www.freudtools.com/docs/datasheets/dsq26b.pdf,freudtools.com,manufacturer_pdf,1.0,True,True,success,f1e19f328cee38b6454349878335d210fed1dc9eee2420fe7e302b8685e7c859,2026-08-16T12:00:00Z
SRC-ab47d4aa,846,Freud Inc,Diablo,DSQ26B,https://www.industrialdistributor.com/p/dsq26b,industrialdistributor.com,distributor_product_page,0.4,True,True,success,85eb7659cd78736f68125b96321d183eec5d6e7a42ab731e436866934c800b58,2026-08-16T12:00:00Z
SRC-41e1caef,847,Freud Inc,Diablo,DSQ32B,https://www.freudtools.com/products/dsq32b,freudtools.com,manufacturer_product_page,1.0,True,True,success,38a25bfceef8381dd3c3607a6c84cfd9be89360c2cbe1fce26d9d3542eeca513,2026-08-16T12:00:00Z
SRC-052a6104,847,Freud Inc,Diablo,DSQ32B,https://www.freudtools.com/docs/datasheets/dsq32b.pdf,freudtools.com,manufacturer_pdf,1.0,True,True,success,2e8d7633e30864d46149200a06884f58ed7816547232132881ef5e2d52da5716,2026-08-16T12:00:00Z
SRC-d698fd43,847,Freud Inc,Diablo,DSQ32B,https://www.industrialdistributor.com/p/dsq32b,industrialdistributor.com,distributor_product_page,0.4,True,True,success,edbb05f4de2548d2887e14850dd768e86982b3c0d509bf5c1d579558427981d3,2026-08-16T12:00:00Z
SRC-15460283,848,Freud Inc,Diablo,DT102B,https://www.freudtools.com/products/dt102b,freudtools.com,manufacturer_product_page,1.0,True,True,success,0db4cfe5bfc949bec14e4728f1bd659de0238120cfa6a8a05079819c2e801190,2026-08-16T12:00:00Z
SRC-a5d378ae,848,Freud Inc,Diablo,DT102B,https://www.freudtools.com/docs/datasheets/dt102b.pdf,freudtools.com,manufacturer_pdf,1.0,True,True,success,36f868f52f9b7e152c390e79c5a4390dd11c30e8db3c5b9535f7b0a59dd7021a,2026-08-16T12:00:00Z
SRC-89f7d3be,848,Freud Inc,Diablo,DT102B,https://www.industrialdistributor.com/p/dt102b,industrialdistributor.com,distributor_product_page,0.4,True,True,success,516f403b7faff53fefbfc2a8ec6021d543ffdb0e81d774d685d94f2136d4c496,2026-08-16T12:00:00Z
SRC-98122d91,849,Freud Inc,Diablo,DT152B,https://www.freudtools.com/products/dt152b,freudtools.com,manufacturer_product_page,1.0,True,True,success,a703d86a54a269c26ae1a0c7992bef4095c8ee81308d640f1da04e24ec046d54,2026-08-16T12:00:00Z
SRC-59b239d4,849,Freud Inc,Diablo,DT152B,https://www.freudtools.com/docs/datasheets/dt152b.pdf,freudtools.com,manufacturer_pdf,1.0,True,True,success,1e0e48f3bbe963ebae1ed7caff125e0dab10bc81b73b1ac3e6866774fdef4318,2026-08-16T12:00:00Z
SRC-ca4194f0,849,Freud Inc,Diablo,DT152B,https://www.industrialdistributor.com/p/dt152b,industrialdistributor.com,distributor_product_page,0.4,True,True,success,09e6b033d94f21eaae9b7156700fc433fc56fa002030e36805ec24ea28a0bd3c,2026-08-16T12:00:00Z
SRC-ec886c98,850,Freud Inc,Diablo,DT1535B,https://www.freudtools.com/products/dt1535b,freudtools.com,manufacturer_product_page,1.0,True,True,success,2b59e28561af7d7e38213c52bf8c8dbe0b506fc9b85da8b8ef87778c450c0a2e,2026-08-16T12:00:00Z
SRC-3a21aaa7,850,Freud Inc,Diablo,DT1535B,https://www.freudtools.com/docs/datasheets/dt1535b.pdf,freudtools.com,manufacturer_pdf,1.0,True,True,success,19b00ea2e4b79c085aa0977cbd494193f19cc8c457df3cc8113b10e8653cb0d8,2026-08-16T12:00:00Z
SRC-2c86fab9,850,Freud Inc,Diablo,DT1535B,https://www.industrialdistributor.com/p/dt1535b,industrialdistributor.com,distributor_product_page,0.4,True,True,success,68bc506018724021da26ce6b5ebaf24b63e75976be0486a703c40eeef1de806c,2026-08-16T12:00:00Z
SRC-aadd5918,851,Freud Inc,Diablo,DT202B,https://www.freudtools.com/products/dt202b,freudtools.com,manufacturer_product_page,1.0,True,True,success,6210164e63b515e4007ba9b426ced6fd10a2caa7a95640c9b33d3b22054fa3f9,2026-08-16T12:00:00Z
SRC-d3b9d4d1,851,Freud Inc,Diablo,DT202B,https://www.freudtools.com/docs/datasheets/dt202b.pdf,freudtools.com,manufacturer_pdf,1.0,True,True,success,3bcc1323574e601bd22bed7b1f845f1c2a1b854af16717eeb727d15e4a6bd666,2026-08-16T12:00:00Z
SRC-aa7e227c,851,Freud Inc,Diablo,DT202B,https://www.industrialdistributor.com/p/dt202b,industrialdistributor.com,distributor_product_page,0.4,True,True,success,9df935421cdcf7b1012a4548c29aec76054568385482e0f9171e1a5760b7b6ad,2026-08-16T12:00:00Z
SRC-95a0a531,852,Freud Inc,Diablo,DT2035B,https://www.freudtools.com/products/dt2035b,freudtools.com,manufacturer_product_page,1.0,True,True,success,cce75943d83d14ff35799429deadbd2f5cfd308606043a2050912e2faa01f4df,2026-08-16T12:00:00Z
SRC-41af8a80,852,Freud Inc,Diablo,DT2035B,https://www.freudtools.com/docs/datasheets/dt2035b.pdf,freudtools.com,manufacturer_pdf,1.0,True,True,success,3aeb355e94252f2003e04da7f8a67b648170e496282527be3aa249ec740b363c,2026-08-16T12:00:00Z
SRC-cb379231,852,Freud Inc,Diablo,DT2035B,https://www.industrialdistributor.com/p/dt2035b,industrialdistributor.com,distributor_product_page,0.4,True,True,success,c7f8728a054beeb710b5d6fe5bc949395dfc442c1c0806a4f90c37e73b7eb7db,2026-08-16T12:00:00Z
SRC-ad06cf69,853,Freud Inc,Diablo,DT206B,https://www.freudtools.com/products/dt206b,freudtools.com,manufacturer_product_page,1.0,True,True,success,dd17a41872eb1a0e6ca7fc36498804400b48e111926e514001b1a765172594be,2026-08-16T12:00:00Z
SRC-f2f2982f,853,Freud Inc,Diablo,DT206B,https://www.freudtools.com/docs/datasheets/dt206b.pdf,freudtools.com,manufacturer_pdf,1.0,True,True,success,5e82eb4c27e6ba3679515cb8a5685b6094572fb7da36a22cdc94d47121421ac2,2026-08-16T12:00:00Z
SRC-1bbec4c1,853,Freud Inc,Diablo,DT206B,https://www.industrialdistributor.com/p/dt206b,industrialdistributor.com,distributor_product_page,0.4,True,True,success,5a9afc8019b24939f3a5a07f13d023b9d902eb9e14c0453e00ab0123ed79a8f2,2026-08-16T12:00:00Z
SRC-6c4c2e0f,854,Freud Inc,Diablo,DT252B,https://www.freudtools.com/products/dt252b,freudtools.com,manufacturer_product_page,1.0,True,True,success,ba7dc44a88edecf65077e07134f961717a555fd460057c9b44ef63e436f2842e,2026-08-16T12:00:00Z
SRC-9807d892,854,Freud Inc,Diablo,DT252B,https://www.freudtools.com/docs/datasheets/dt252b.pdf,freudtools.com,manufacturer_pdf,1.0,True,True,success,40e9f6ba338ea1713c8ddb44e8e2cc605009d2fbb26433ea80da9b6008415a2c,2026-08-16T12:00:00Z
SRC-f095af0c,854,Freud Inc,Diablo,DT252B,https://www.industrialdistributor.com/p/dt252b,industrialdistributor.com,distributor_product_page,0.4,True,True,success,582d4162514d456f34d0f4c9144371c1847974db18be5da95e46721b298c05e9,2026-08-16T12:00:00Z
SRC-3d68a4fa,855,Freud Inc,Diablo,DT2535B,https://www.freudtools.com/products/dt2535b,freudtools.com,manufacturer_product_page,1.0,True,True,success,7ae656d8d4c073dab5f85254426661cf60ab2d5a1519eba41736869b31dd7582,2026-08-16T12:00:00Z
SRC-5c326efc,855,Freud Inc,Diablo,DT2535B,https://www.freudtools.com/docs/datasheets/dt2535b.pdf,freudtools.com,manufacturer_pdf,1.0,True,True,success,dcd6ec7a7450307a01f625373d9b81702eed8391cb1916c30f8969d6b2e68172,2026-08-16T12:00:00Z
SRC-fa9a169a,855,Freud Inc,Diablo,DT2535B,https://www.industrialdistributor.com/p/dt2535b,industrialdistributor.com,distributor_product_page,0.4,True,True,success,1e88beb593e41184b68559490ac34774d96ae8ccc06c0c5f5f4b4fe79dc79559,2026-08-16T12:00:00Z
SRC-e7ade31b,856,Freud Inc,Diablo,DT256B,https://www.freudtools.com/products/dt256b,freudtools.com,manufacturer_product_page,1.0,True,True,success,21ea390df43cd6bcca39c10c3fb56581337955268b5370412a73f20b7e2f933b,2026-08-16T12:00:00Z
SRC-a7aeffb2,856,Freud Inc,Diablo,DT256B,https://www.freudtools.com/docs/datasheets/dt256b.pdf,freudtools.com,manufacturer_pdf,1.0,True,True,success,b3e77fd8a41784e162a517df0375f5f6ad3fb6eb40de8b98abe694f7dc1a9e09,2026-08-16T12:00:00Z
SRC-435de052,856,Freud Inc,Diablo,DT256B,https://www.industrialdistributor.com/p/dt256b,industrialdistributor.com,distributor_product_page,0.4,True,True,success,54c490c5620ad3ddb340c3bf4aa7bd09fea7ac6cf302c870a986e72ffe53da5b,2026-08-16T12:00:00Z
SRC-171d363b,857,Freud Inc,Diablo,DT302B,https://www.freudtools.com/products/dt302b,freudtools.com,manufacturer_product_page,1.0,True,True,success,7d12fc90bbfe2704f683cebf806b15caed257b765e45017647642f38a4f2886e,2026-08-16T12:00:00Z
SRC-364d65f8,857,Freud Inc,Diablo,DT302B,https://www.freudtools.com/docs/datasheets/dt302b.pdf,freudtools.com,manufacturer_pdf,1.0,True,True,success,8eb29d597dd875f59a8276a2d841afd93aff6249b5a6fa5ec1ddd5a108686d7b,2026-08-16T12:00:00Z
SRC-321c229e,857,Freud Inc,Diablo,DT302B,https://www.industrialdistributor.com/p/dt302b,industrialdistributor.com,distributor_product_page,0.4,True,True,success,37b443dcff5c16093c0b9ca6a4daabfe95774775d6b5a5a5a88a765a3286e3bd,2026-08-16T12:00:00Z
SRC-1515fd20,858,Freud Inc,Diablo,DT402B,https://www.freudtools.com/products/dt402b,freudtools.com,manufacturer_product_page,1.0,True,True,success,64e49efc7028798c4989464604aa5b2f8c335a83448137e412a4b53cebc80be7,2026-08-16T12:00:00Z
SRC-8062bb3d,858,Freud Inc,Diablo,DT402B,https://www.freudtools.com/docs/datasheets/dt402b.pdf,freudtools.com,manufacturer_pdf,1.0,True,True,success,fdd88de7d4de55d3a38d90f906f7f283932655439916453ed1c5cfd32afa219c,2026-08-16T12:00:00Z
SRC-99f65ca9,858,Freud Inc,Diablo,DT402B,https://www.industrialdistributor.com/p/dt402b,industrialdistributor.com,distributor_product_page,0.4,True,True,success,5c21ebcd308f0fac0553010da91bda327d43f26a91ff92532840520b8e48b650,2026-08-16T12:00:00Z
SRC-7a0e59f2,886,Milwaukee Accessory,Milwaukee,3485-20,https://www.milwaukeetool.com/products/348520,milwaukeetool.com,manufacturer_product_page,1.0,True,True,success,2ce47d48f36730288d800813c1f843b473432e96b40b7bce517eadd810f59fc0,2026-08-16T12:00:00Z
SRC-f4fc5175,886,Milwaukee Accessory,Milwaukee,3485-20,https://www.milwaukeetool.com/docs/datasheets/348520.pdf,milwaukeetool.com,manufacturer_pdf,1.0,True,True,success,d11f85f1e851fd942fa32a1343521b937107013ec5d0e329d85590fcb3c26ecd,2026-08-16T12:00:00Z
SRC-954959ca,886,Milwaukee Accessory,Milwaukee,3485-20,https://www.industrialdistributor.com/p/348520,industrialdistributor.com,distributor_product_page,0.4,True,True,success,f3ae68506878e2fd59b834409278cdded9f99efbebef359082bfa99d28973b74,2026-08-16T12:00:00Z
SRC-fe4ec79c,890,Black & Decker/dewlt,DEWALT,DCW620B,https://www.dewalt.com/products/dcw620b,dewalt.com,manufacturer_product_page,1.0,True,True,success,6915857c7b39356d8d252f62951cadfcf62fb632ece2249fcd69e1036a84d5a9,2026-08-16T12:00:00Z
SRC-e0c2453f,890,Black & Decker/dewlt,DEWALT,DCW620B,https://www.dewalt.com/docs/datasheets/dcw620b.pdf,dewalt.com,manufacturer_pdf,1.0,True,True,success,3c7a4d18f646b360aeb9e24f231d3748dcb748b2a6e3e0cebd18c6e4985ebcea,2026-08-16T12:00:00Z
SRC-b5e613b5,890,Black & Decker/dewlt,DEWALT,DCW620B,https://www.industrialdistributor.com/p/dcw620b,industrialdistributor.com,distributor_product_page,0.4,True,True,success,5c31f191422eef61b0721055f83559a0e17ca0e4be9346f5d5497ede9f1275ed,2026-08-16T12:00:00Z
SRC-7de0f584,891,Milwaukee Accessory,Milwaukee,2535-20,https://www.milwaukeetool.com/products/253520,milwaukeetool.com,manufacturer_product_page,1.0,True,True,success,56797c5a37ff102f44733bda620a3c99e9336ccdeb80cca1521171910e735407,2026-08-16T12:00:00Z
SRC-012965db,891,Milwaukee Accessory,Milwaukee,2535-20,https://www.milwaukeetool.com/docs/datasheets/253520.pdf,milwaukeetool.com,manufacturer_pdf,1.0,True,True,success,d962675acab6502869baddbca189e9f4b64925751567efafb88c9d2649941e88,2026-08-16T12:00:00Z
SRC-9cb498cc,891,Milwaukee Accessory,Milwaukee,2535-20,https://www.industrialdistributor.com/p/253520,industrialdistributor.com,distributor_product_page,0.4,True,True,success,a58061fd59a34f9c95c838d69b08b83241d0e77c978db69c10de6b7132ba117a,2026-08-16T12:00:00Z
SRC-6f4f557e,892,Milwaukee Accessory,Milwaukee,2837-20,https://www.milwaukeetool.com/products/283720,milwaukeetool.com,manufacturer_product_page,1.0,True,True,success,91e09edf25e1c7188f03b0c13c62e1041e3fb524826503d0edd9a5e0cefef27a,2026-08-16T12:00:00Z
SRC-324c9c80,892,Milwaukee Accessory,Milwaukee,2837-20,https://www.milwaukeetool.com/docs/datasheets/283720.pdf,milwaukeetool.com,manufacturer_pdf,1.0,True,True,success,826ba73d710dc6db295046d4fa3a313e402066fe42b25673130771baf0ab1b7c,2026-08-16T12:00:00Z
SRC-e6e23d5d,892,Milwaukee Accessory,Milwaukee,2837-20,https://www.industrialdistributor.com/p/283720,industrialdistributor.com,distributor_product_page,0.4,True,True,success,2f9887120f020c1d0f709c77081ecc2db2c80fe3d22b0d848c686dd74b9de646,2026-08-16T12:00:00Z
SRC-0de5b0ad,896,Mirka Abrasives Inc,nan,24-35M-320,https://www.mirkaabrasivesinc.com/products/2435m320,mirkaabrasivesinc.com,manufacturer_product_page,1.0,True,True,success,f8d8e1e6ca6f45ccccad42b1bb731c118415110e9b49bdd7dcdc4cd0c87cac76,2026-08-16T12:00:00Z
SRC-c7d8012f,896,Mirka Abrasives Inc,nan,24-35M-320,https://www.mirkaabrasivesinc.com/docs/datasheets/2435m320.pdf,mirkaabrasivesinc.com,manufacturer_pdf,1.0,True,True,success,cd66809dc8372cf331f36f9f2ad41cb3843f164335287d52971ef77c55afd02f,2026-08-16T12:00:00Z
SRC-be7f5d73,896,Mirka Abrasives Inc,nan,24-35M-320,https://www.industrialdistributor.com/p/2435m320,industrialdistributor.com,distributor_product_page,0.4,True,True,success,184de5021c954c91526a20d9cadf2f325a255754eebea81eca1063aaaeb4f458,2026-08-16T12:00:00Z
SRC-79a5fed7,897,Mirka Abrasives Inc,Abranet,9A-129-120,https://www.mirkaabrasivesinc.com/products/9a129120,mirkaabrasivesinc.com,manufacturer_product_page,1.0,True,True,success,e8d8c5278aea9a1f5bc626a7e49bcf18080253c2714e467d2647db3979adae01,2026-08-16T12:00:00Z
SRC-7e086296,897,Mirka Abrasives Inc,Abranet,9A-129-120,https://www.mirkaabrasivesinc.com/docs/datasheets/9a129120.pdf,mirkaabrasivesinc.com,manufacturer_pdf,1.0,True,True,success,ddd0c281e0727a09e317de81c99a7edcb4725612c338ed023b480160e84885b1,2026-08-16T12:00:00Z
SRC-a2a341e0,897,Mirka Abrasives Inc,Abranet,9A-129-120,https://www.industrialdistributor.com/p/9a129120,industrialdistributor.com,distributor_product_page,0.4,True,True,success,7cca28bd2a65497f67c1bae377f33cbab20957b556c455075a2c390957916e93,2026-08-16T12:00:00Z
SRC-1d88e72b,907,Freud Inc,Diablo,D0860X,https://www.freudtools.com/products/d0860x,freudtools.com,manufacturer_product_page,1.0,True,True,success,06a6ad405036edb901f0fa33970af9007801dff8d7c57a0395f43c2caec084ac,2026-08-16T12:00:00Z
SRC-42bc9454,907,Freud Inc,Diablo,D0860X,https://www.freudtools.com/docs/datasheets/d0860x.pdf,freudtools.com,manufacturer_pdf,1.0,True,True,success,19f83ee0c91b0e496b9fd832b2b7424f4b98be822345d46e6a8c237bc7824d0a,2026-08-16T12:00:00Z
SRC-7886b143,907,Freud Inc,Diablo,D0860X,https://www.industrialdistributor.com/p/d0860x,industrialdistributor.com,distributor_product_page,0.4,True,True,success,c965c40017d0495874628fd70a0e2f8544c851b010956632724e0528a76ab11d,2026-08-16T12:00:00Z
SRC-c5fb2f45,909,Milwaukee Accessory,Milwaukee,48-41-0740,https://www.milwaukeetool.com/products/48410740,milwaukeetool.com,manufacturer_product_page,1.0,True,True,success,c48205e7bd88cd72032f27a93063fa2d3ea667dfdb5c450f4df74eb2fe00baba,2026-08-16T12:00:00Z
SRC-c2e9cbdc,909,Milwaukee Accessory,Milwaukee,48-41-0740,https://www.milwaukeetool.com/docs/datasheets/48410740.pdf,milwaukeetool.com,manufacturer_pdf,1.0,True,True,success,5f187e97f77e6b868ba103c330168a2201d7c59909e7a94b3faeae63fb29ef89,2026-08-16T12:00:00Z
SRC-13d8f74e,909,Milwaukee Accessory,Milwaukee,48-41-0740,https://www.industrialdistributor.com/p/48410740,industrialdistributor.com,distributor_product_page,0.4,True,True,success,bf1321a817d8f504d4a1d7a6f52eb42226ad9c21208a22bda454b6fa11d64afa,2026-08-16T12:00:00Z
SRC-b9e32bf8,910,Makita Usa Inc,Makita,A-96095,https://www.makitatools.com/products/a96095,makitatools.com,manufacturer_product_page,1.0,True,True,success,490c3e95694278a6a582e9b5b76c8859f0d78efa9224848c48de409ac1607888,2026-08-16T12:00:00Z
SRC-5f6a5b76,910,Makita Usa Inc,Makita,A-96095,https://www.makitatools.com/docs/datasheets/a96095.pdf,makitatools.com,manufacturer_pdf,1.0,True,True,success,a218d0c44851d52600b68b8593f7a1824818e3cda9e1935fed50cdc68e47cf43,2026-08-16T12:00:00Z
SRC-43539f49,910,Makita Usa Inc,Makita,A-96095,https://www.industrialdistributor.com/p/a96095,industrialdistributor.com,distributor_product_page,0.4,True,True,success,986ef1bab2c39fa4c770656393cfd4f61be12dded181a10e7eab0603a1e5c54a,2026-08-16T12:00:00Z
SRC-545d5947,913,Freud Inc,Diablo,D0708LF,https://www.freudtools.com/products/d0708lf,freudtools.com,manufacturer_product_page,1.0,True,True,success,320c1852b2b255e7e1b41ce180f1cc39f3afbab7294b3bf87f59b1f2fecba8ae,2026-08-16T12:00:00Z
SRC-78dbd3f2,913,Freud Inc,Diablo,D0708LF,https://www.freudtools.com/docs/datasheets/d0708lf.pdf,freudtools.com,manufacturer_pdf,1.0,True,True,success,325d950573f3fc6d039a889a717fdd723981412c9b13b62267ad1613e68682fb,2026-08-16T12:00:00Z
SRC-bba2c91e,913,Freud Inc,Diablo,D0708LF,https://www.industrialdistributor.com/p/d0708lf,industrialdistributor.com,distributor_product_page,0.4,True,True,success,0f3a9bf25689fc7438861b5934b3c19a58326d419e9ea697d2567735e2bfac2c,2026-08-16T12:00:00Z
SRC-f7c9a5a6,914,Freud Inc,Diablo,D1012LF,https://www.freudtools.com/products/d1012lf,freudtools.com,manufacturer_product_page,1.0,True,True,success,ff21865d1136ddf3b5b3422eeab3b6b4ae8ead1074616a5c6957c5e1130dd043,2026-08-16T12:00:00Z
SRC-8f68df48,914,Freud Inc,Diablo,D1012LF,https://www.freudtools.com/docs/datasheets/d1012lf.pdf,freudtools.com,manufacturer_pdf,1.0,True,True,success,4d736bf80e4ea4f4cacf82fb270437b80de06dab17bd2288a6f74e0ee34f6ca5,2026-08-16T12:00:00Z
SRC-5450b4b0,914,Freud Inc,Diablo,D1012LF,https://www.industrialdistributor.com/p/d1012lf,industrialdistributor.com,distributor_product_page,0.4,True,True,success,116b5ee4c7ee676b6be96c8caa8d68b319127e906542bedd8592a11b0c5fab08,2026-08-16T12:00:00Z
SRC-4b1084a5,915,Freud Inc,Diablo,D1216LF,https://www.freudtools.com/products/d1216lf,freudtools.com,manufacturer_product_page,1.0,True,True,success,d46b2e911342bcdf01cac3f0eba692e931d5f04bdfb3b19b26c97402b126c418,2026-08-16T12:00:00Z
SRC-8fbece25,915,Freud Inc,Diablo,D1216LF,https://www.freudtools.com/docs/datasheets/d1216lf.pdf,freudtools.com,manufacturer_pdf,1.0,True,True,success,e3e52c3ae7ed2a685807b2a93341c8dc853d9472c936ea5ec8f0acb240547569,2026-08-16T12:00:00Z
SRC-46850221,915,Freud Inc,Diablo,D1216LF,https://www.industrialdistributor.com/p/d1216lf,industrialdistributor.com,distributor_product_page,0.4,True,True,success,59fdfedf073b2cb1ed78cb3e8f7b8e864e18197667c080f7beb2d966f108c383,2026-08-16T12:00:00Z
SRC-9e663cc4,916,Black & Decker/dewlt,DEWALT,DWA47421,https://www.dewalt.com/products/dwa47421,dewalt.com,manufacturer_product_page,1.0,True,True,success,dfa9e4a5c43e63fcba2e98a8ea87d5bfb7c7849cc8fda14a0e2a33c301baf1f4,2026-08-16T12:00:00Z
SRC-a2c7c763,916,Black & Decker/dewlt,DEWALT,DWA47421,https://www.dewalt.com/docs/datasheets/dwa47421.pdf,dewalt.com,manufacturer_pdf,1.0,True,True,success,e29386bed0b50aa63092a219b48daee8bd478d03632b88062c9003f5db36574c,2026-08-16T12:00:00Z
SRC-3143c30f,916,Black & Decker/dewlt,DEWALT,DWA47421,https://www.industrialdistributor.com/p/dwa47421,industrialdistributor.com,distributor_product_page,0.4,True,True,success,ceb9580cc2f4abebd0e60ef70edfe5fed047f4e769562a4743143c01ff616409,2026-08-16T12:00:00Z
SRC-dd2babbc,917,Black & Decker/dewlt,DEWALT,DWA4769,https://www.dewalt.com/products/dwa4769,dewalt.com,manufacturer_product_page,1.0,True,True,success,9dad1ed2f35c0accaf8ae041710277a98168365f785bb4242f0dc859d8eb7ed2,2026-08-16T12:00:00Z
SRC-2b1573ea,917,Black & Decker/dewlt,DEWALT,DWA4769,https://www.dewalt.com/docs/datasheets/dwa4769.pdf,dewalt.com,manufacturer_pdf,1.0,True,True,success,30724b383b4730fe8906cfeea7879eabfc3e0cfb8528fa3c725e94b68c1881f4,2026-08-16T12:00:00Z
SRC-d2f7b64a,917,Black & Decker/dewlt,DEWALT,DWA4769,https://www.industrialdistributor.com/p/dwa4769,industrialdistributor.com,distributor_product_page,0.4,True,True,success,fbcf4b8697ec00ff62d0a7acb7acfc04911a2e3ed10b19e66b003c399a3a774d,2026-08-16T12:00:00Z
SRC-88eff342,918,Milwaukee Accessory,Milwaukee,49-93-9204,https://www.milwaukeetool.com/products/49939204,milwaukeetool.com,manufacturer_product_page,1.0,True,True,success,f5e56a39de4d279d499f66941da6e6a39529f47b50af815e8889a52bf476f100,2026-08-16T12:00:00Z
SRC-5ebde2f5,918,Milwaukee Accessory,Milwaukee,49-93-9204,https://www.milwaukeetool.com/docs/datasheets/49939204.pdf,milwaukeetool.com,manufacturer_pdf,1.0,True,True,success,a9352fcb2d061bd35db1e5b59cf1ec81b2ecbe91961967e444c6625cc0999642,2026-08-16T12:00:00Z
SRC-5e4ef429,918,Milwaukee Accessory,Milwaukee,49-93-9204,https://www.industrialdistributor.com/p/49939204,industrialdistributor.com,distributor_product_page,0.4,True,True,success,a1dade00480b95f95fa11a6eb5a6fdb812b817d94f75999acdf2dc92daa4b67d,2026-08-16T12:00:00Z
SRC-c09ffa22,919,Milwaukee Accessory,Milwaukee,49-93-9207,https://www.milwaukeetool.com/products/49939207,milwaukeetool.com,manufacturer_product_page,1.0,True,True,success,bf4eb4db55a0fe617347660efe8566618a15f46e6e566cc54797d972b8cf34d5,2026-08-16T12:00:00Z
SRC-73d4b9f5,919,Milwaukee Accessory,Milwaukee,49-93-9207,https://www.milwaukeetool.com/docs/datasheets/49939207.pdf,milwaukeetool.com,manufacturer_pdf,1.0,True,True,success,7caee995914b52fcf9077187f879ba8711ea2c90c4ebdc238f35a2dcbacc467b,2026-08-16T12:00:00Z
SRC-63ec4521,919,Milwaukee Accessory,Milwaukee,49-93-9207,https://www.industrialdistributor.com/p/49939207,industrialdistributor.com,distributor_product_page,0.4,True,True,success,8f517fdfedd6abe394d7b32144f6d7f6a3ed660bba30a4a9a00af5f90ea2385d,2026-08-16T12:00:00Z
SRC-d6bd3b63,920,Milwaukee Accessory,Milwaukee,49-93-9210,https://www.milwaukeetool.com/products/49939210,milwaukeetool.com,manufacturer_product_page,1.0,True,True,success,536e49a6a0ee8c269d55435b3be941d71cf75fd6ed67b9d7e9a29c7a6c1e4f3c,2026-08-16T12:00:00Z
SRC-5da21dd9,920,Milwaukee Accessory,Milwaukee,49-93-9210,https://www.milwaukeetool.com/docs/datasheets/49939210.pdf,milwaukeetool.com,manufacturer_pdf,1.0,True,True,success,83c2b5eb389f5d80428fd6853e11e5f593b3a1ccca471bc0bac964d6d93f31be,2026-08-16T12:00:00Z
SRC-dccc4166,920,Milwaukee Accessory,Milwaukee,49-93-9210,https://www.industrialdistributor.com/p/49939210,industrialdistributor.com,distributor_product_page,0.4,True,True,success,a576f1846a439aa69dbb631d1c400774ff1e026b42db79e93bd51a767ee9490c,2026-08-16T12:00:00Z
SRC-228ae708,921,Milwaukee Accessory,Milwaukee,49-93-9202,https://www.milwaukeetool.com/products/49939202,milwaukeetool.com,manufacturer_product_page,1.0,True,True,success,6d82f8d114a6ec48e4bd73d39af1097d0c2aa21f3a9d743673f8804e461a4334,2026-08-16T12:00:00Z
SRC-a709a0c3,921,Milwaukee Accessory,Milwaukee,49-93-9202,https://www.milwaukeetool.com/docs/datasheets/49939202.pdf,milwaukeetool.com,manufacturer_pdf,1.0,True,True,success,2886c747e6783f008485dbc49402376c8467261889290ff71dbd72a9d17e7806,2026-08-16T12:00:00Z
SRC-75be7318,921,Milwaukee Accessory,Milwaukee,49-93-9202,https://www.industrialdistributor.com/p/49939202,industrialdistributor.com,distributor_product_page,0.4,True,True,success,c1f291ab8064fa8dbaa0901749bf9f6d7663f3d12a4a1f26c80b03ad15b919b5,2026-08-16T12:00:00Z
SRC-2d87ac3a,922,Milwaukee Accessory,Milwaukee,49-93-9205,https://www.milwaukeetool.com/products/49939205,milwaukeetool.com,manufacturer_product_page,1.0,True,True,success,d1f7e52dce328bcc732279b961d876b6a485ef0a74ce0e1d88bcd9477b2099d6,2026-08-16T12:00:00Z
SRC-bb6f8ebb,922,Milwaukee Accessory,Milwaukee,49-93-9205,https://www.milwaukeetool.com/docs/datasheets/49939205.pdf,milwaukeetool.com,manufacturer_pdf,1.0,True,True,success,76d4db70746b36eb062d0cb7e97059d67090fbb464830683b8bb24f923a2f097,2026-08-16T12:00:00Z
SRC-f92a4a1c,922,Milwaukee Accessory,Milwaukee,49-93-9205,https://www.industrialdistributor.com/p/49939205,industrialdistributor.com,distributor_product_page,0.4,True,True,success,76d243932fbe02d4b35b615508be9238cd483285a60a24ff2a6fb4317030b76e,2026-08-16T12:00:00Z
SRC-4de4c2f5,927,Milwaukee Accessory,Milwaukee,49-22-5641,https://www.milwaukeetool.com/products/49225641,milwaukeetool.com,manufacturer_product_page,1.0,True,True,success,8fed6e7d61fa40f20d559944c2fd80357b44b36b87f9f5d50486a63317570f69,2026-08-16T12:00:00Z
SRC-1ab0c27a,927,Milwaukee Accessory,Milwaukee,49-22-5641,https://www.milwaukeetool.com/docs/datasheets/49225641.pdf,milwaukeetool.com,manufacturer_pdf,1.0,True,True,success,4df591d16d68656a5a5b36b2ac101c26d4b814d2c0137b41f82452ca23577ae6,2026-08-16T12:00:00Z
SRC-6c307bda,927,Milwaukee Accessory,Milwaukee,49-22-5641,https://www.industrialdistributor.com/p/49225641,industrialdistributor.com,distributor_product_page,0.4,True,True,success,aa9ef22d5bfce8e77db92ad34a8925ffc766ca5890b88ce4c9d74122c1b88984,2026-08-16T12:00:00Z
SRC-63883f0b,928,Freud Inc,Diablo,D0604TSH,https://www.freudtools.com/products/d0604tsh,freudtools.com,manufacturer_product_page,1.0,True,True,success,3a91af268068889005e0721585699619c663c6f656ca8f88c541b1b4e75df67a,2026-08-16T12:00:00Z
SRC-211bb588,928,Freud Inc,Diablo,D0604TSH,https://www.freudtools.com/docs/datasheets/d0604tsh.pdf,freudtools.com,manufacturer_pdf,1.0,True,True,success,a18cb56fdfc92abffad14c6946a17060a511967e13e525a26902cd433eaf8273,2026-08-16T12:00:00Z
SRC-0a5e4384,928,Freud Inc,Diablo,D0604TSH,https://www.industrialdistributor.com/p/d0604tsh,industrialdistributor.com,distributor_product_page,0.4,True,True,success,b39b138248cd35f4cbe6a975c16d904c59a04911b8417c8e95243c4b92ce3444,2026-08-16T12:00:00Z
SRC-b27f4f8e,929,Freud Inc,Diablo,D0620TSR,https://www.freudtools.com/products/d0620tsr,freudtools.com,manufacturer_product_page,1.0,True,True,success,b56cce449f0224cb0070af7284c19cdd4b0e9080f56792e52ca5e074bef8c925,2026-08-16T12:00:00Z
SRC-7b217051,929,Freud Inc,Diablo,D0620TSR,https://www.freudtools.com/docs/datasheets/d0620tsr.pdf,freudtools.com,manufacturer_pdf,1.0,True,True,success,86c8e85bcff4bef93427fe419f4bab7c5715b54f9132a2e0aa017a3f7919ac98,2026-08-16T12:00:00Z
SRC-948e8c07,929,Freud Inc,Diablo,D0620TSR,https://www.industrialdistributor.com/p/d0620tsr,industrialdistributor.com,distributor_product_page,0.4,True,True,success,cfa73dbe2473a281d17d02de8f5cb5600bc5ecb8165250ae7c61383b22ad28e2,2026-08-16T12:00:00Z
SRC-4437559f,930,Freud Inc,Diablo,D0648TSF,https://www.freudtools.com/products/d0648tsf,freudtools.com,manufacturer_product_page,1.0,True,True,success,23942a6a4c5e3bf0d9a992da594eb6a06b04d476523b1bc12d6b3d6456e9594e,2026-08-16T12:00:00Z
SRC-b53772e5,930,Freud Inc,Diablo,D0648TSF,https://www.freudtools.com/docs/datasheets/d0648tsf.pdf,freudtools.com,manufacturer_pdf,1.0,True,True,success,512711ba461034ed5a024539e391b71a2945016f10c0d83e2df068a6df588f35,2026-08-16T12:00:00Z
SRC-5e7fc3b4,930,Freud Inc,Diablo,D0648TSF,https://www.industrialdistributor.com/p/d0648tsf,industrialdistributor.com,distributor_product_page,0.4,True,True,success,4ecd4522c7f8073bd2909aef086c9d80c5c4caf6f3528ee5f743dc74d5a0281c,2026-08-16T12:00:00Z
SRC-94fedcee,931,Freud Inc,Diablo,D0652TSL,https://www.freudtools.com/products/d0652tsl,freudtools.com,manufacturer_product_page,1.0,True,True,success,bfdd85078f9a3746dfaf983808cec1fe98c89c4a5605ac88cc0aa3882c6c6101,2026-08-16T12:00:00Z
SRC-2f47a310,931,Freud Inc,Diablo,D0652TSL,https://www.freudtools.com/docs/datasheets/d0652tsl.pdf,freudtools.com,manufacturer_pdf,1.0,True,True,success,2c858eaf893467f6e8390c78a7b7fa2d7570af27a2862d744a2afd53ef56cea5,2026-08-16T12:00:00Z
SRC-bec69e00,931,Freud Inc,Diablo,D0652TSL,https://www.industrialdistributor.com/p/d0652tsl,industrialdistributor.com,distributor_product_page,0.4,True,True,success,f27d0f39cc8803d3064faafe1d4fa7090a06aa18d3cbc6bdfad850a62aaed7e3,2026-08-16T12:00:00Z
SRC-f72997b9,950,Bow Products,nan,XT524,https://www.bowproducts.com/products/xt524,bowproducts.com,manufacturer_product_page,1.0,True,True,success,ef2e7f21e35abf17287657c6dbc593f2b075c1d17b3599e4e4fd40226660c61e,2026-08-16T12:00:00Z
SRC-4357cbcb,950,Bow Products,nan,XT524,https://www.bowproducts.com/docs/datasheets/xt524.pdf,bowproducts.com,manufacturer_pdf,1.0,True,True,success,93a396ce633a987dcd5fd275a52e8db520a76bfe561ee805800bd3f7d331a2bb,2026-08-16T12:00:00Z
SRC-74552a8a,950,Bow Products,nan,XT524,https://www.bowproducts.com/catalogs/specifications.pdf,bowproducts.com,manufacturer_catalog,0.95,True,True,success,239a042397c41e2001eeed65dd98eb2c7e0ac6c11e8c9123d9c563c3a370016e,2026-08-16T12:00:00Z
SRC-03afc2d8,950,Bow Products,nan,XT524,https://www.industrialdistributor.com/p/xt524,industrialdistributor.com,distributor_product_page,0.4,True,True,success,73f1fd9cc98fd4cd25cbd2d8441f3b39114400f0dc07f70727f0527643bd247d,2026-08-16T12:00:00Z
SRC-52d22337,951,Bow Products,nan,XT536,https://www.bowproducts.com/products/xt536,bowproducts.com,manufacturer_product_page,1.0,True,True,success,f39531db7dc2685fa21e1f0be22d0581ff56ce0eeb1a9e9a07973c1b7bf3b13b,2026-08-16T12:00:00Z
SRC-bcaf0021,951,Bow Products,nan,XT536,https://www.bowproducts.com/docs/datasheets/xt536.pdf,bowproducts.com,manufacturer_pdf,1.0,True,True,success,1f3a6b474c460bad0d76979b795080304c869f9f7c698ea32291a52086c69166,2026-08-16T12:00:00Z
SRC-b80bf7a9,951,Bow Products,nan,XT536,https://www.industrialdistributor.com/p/xt536,industrialdistributor.com,distributor_product_page,0.4,True,True,success,e13971b88fa02cd2853568590cbaeb2a909bfdfd70f174c46bec9f89d00c1cbd,2026-08-16T12:00:00Z
SRC-d78e6fed,952,Bow Products,nan,XT546,https://www.bowproducts.com/products/xt546,bowproducts.com,manufacturer_product_page,1.0,True,True,success,3c1def929bdc45e83fbf0d072fc5ac4dcdf1bf70fc4456265cb12c8006d9a191,2026-08-16T12:00:00Z
SRC-52c4805f,952,Bow Products,nan,XT546,https://www.bowproducts.com/docs/datasheets/xt546.pdf,bowproducts.com,manufacturer_pdf,1.0,True,True,success,21a677657a55d198af6817d6c93593d983b54da4e5ef1d9e6a43f5aece8dfea6,2026-08-16T12:00:00Z
SRC-42e33c14,952,Bow Products,nan,XT546,https://www.industrialdistributor.com/p/xt546,industrialdistributor.com,distributor_product_page,0.4,True,True,success,8cafd49ae31f8943916ca12c26bdcdad2b34cff1c13c344b567aded4646dc050,2026-08-16T12:00:00Z
SRC-25042a13,954,Saw Stop LLC,nan,TGP2-FA,https://www.sawstopllc.com/products/tgp2fa,sawstopllc.com,manufacturer_product_page,1.0,True,True,success,8f7bd20f1574f0e1770d89c5f0bf6c2ae77f7398272528114aeb19635ffceec7,2026-08-16T12:00:00Z
SRC-e351ab31,954,Saw Stop LLC,nan,TGP2-FA,https://www.sawstopllc.com/docs/datasheets/tgp2fa.pdf,sawstopllc.com,manufacturer_pdf,1.0,True,True,success,3af33368866b750b1504441f245f2e9eece33aed82a8f62554503b645a7ba060,2026-08-16T12:00:00Z
SRC-c9969bde,954,Saw Stop LLC,nan,TGP2-FA,https://www.sawstopllc.com/catalogs/specifications.pdf,sawstopllc.com,manufacturer_catalog,0.95,True,True,success,2ff404b098ab3ebff753881497c18b7863946eba77d53d03746c995b8ef98184,2026-08-16T12:00:00Z
SRC-744323d9,954,Saw Stop LLC,nan,TGP2-FA,https://www.industrialdistributor.com/p/tgp2fa,industrialdistributor.com,distributor_product_page,0.4,True,True,success,5115120a1d4d125d4159c1c73f5d37e8ff69441761c384f9017a6e13bb93ef25,2026-08-16T12:00:00Z
SRC-32265577,955,Saw Stop LLC,nan,ATGI-FA,https://www.sawstopllc.com/products/atgifa,sawstopllc.com,manufacturer_product_page,1.0,True,True,success,fb8b574bcc154800ff0dc2e220a2857780328159ddd5f383123fec7717b2e398,2026-08-16T12:00:00Z
SRC-ee57eee5,955,Saw Stop LLC,nan,ATGI-FA,https://www.sawstopllc.com/docs/datasheets/atgifa.pdf,sawstopllc.com,manufacturer_pdf,1.0,True,True,success,ce28af5c08aaf51fa688add7104885e2a8a5e58c47476b0fba9b40d0b99ca441,2026-08-16T12:00:00Z
SRC-00597792,955,Saw Stop LLC,nan,ATGI-FA,https://www.industrialdistributor.com/p/atgifa,industrialdistributor.com,distributor_product_page,0.4,True,True,success,c0943c36986f263ffbeb5614632bcd6d13ef478f39823022907e683abd661c20,2026-08-16T12:00:00Z
SRC-ea3663fc,956,Saw Stop LLC,nan,ATGP-FA,https://www.sawstopllc.com/products/atgpfa,sawstopllc.com,manufacturer_product_page,1.0,True,True,success,2fbae52e860c78fb5b6cbf397912ce09959c77852a4d6fe78e49f3b9ad6f51ad,2026-08-16T12:00:00Z
SRC-ec507ca1,956,Saw Stop LLC,nan,ATGP-FA,https://www.sawstopllc.com/docs/datasheets/atgpfa.pdf,sawstopllc.com,manufacturer_pdf,1.0,True,True,success,46ec95bb20e8a917f2097ff963618185094393302839ab49c09fe70973ab4010,2026-08-16T12:00:00Z
SRC-6af0d411,956,Saw Stop LLC,nan,ATGP-FA,https://www.industrialdistributor.com/p/atgpfa,industrialdistributor.com,distributor_product_page,0.4,True,True,success,26f5a0dbbbe6e232e715661753488ba878accfa89043fc1e3137b366a83d67aa,2026-08-16T12:00:00Z
SRC-7029ae2b,957,Saw Stop LLC,nan,TGI2-FA,https://www.sawstopllc.com/products/tgi2fa,sawstopllc.com,manufacturer_product_page,1.0,True,True,success,055540ce30adccdfedf142dd0a7d06c35a5e7f86e944e63541e8e74eb56ad07f,2026-08-16T12:00:00Z
SRC-f9163052,957,Saw Stop LLC,nan,TGI2-FA,https://www.sawstopllc.com/docs/datasheets/tgi2fa.pdf,sawstopllc.com,manufacturer_pdf,1.0,True,True,success,2c34e5dacb057478bc2d48239c7ee2dc98c44296de3d2a1053a088531a21df01,2026-08-16T12:00:00Z
SRC-348ad316,957,Saw Stop LLC,nan,TGI2-FA,https://www.industrialdistributor.com/p/tgi2fa,industrialdistributor.com,distributor_product_page,0.4,True,True,success,2577e5e741e2fbacf5b474120931b7f538b9c9b659b0897d284c155b01a84161,2026-08-16T12:00:00Z
SRC-db076068,960,Black & Decker/dewlt,DEWALT,DCB606C,https://www.dewalt.com/products/dcb606c,dewalt.com,manufacturer_product_page,1.0,True,True,success,5769c5099236326d874026a7648e9f96dfc37f667c9e0ee3de4e45bbeba556d7,2026-08-16T12:00:00Z
SRC-fd102539,960,Black & Decker/dewlt,DEWALT,DCB606C,https://www.dewalt.com/docs/datasheets/dcb606c.pdf,dewalt.com,manufacturer_pdf,1.0,True,True,success,95d7b905c197b1c0fe305f4f544dcf87ad602821e0637ea13f5cf19f12d281d0,2026-08-16T12:00:00Z
SRC-3b8beb59,960,Black & Decker/dewlt,DEWALT,DCB606C,https://www.industrialdistributor.com/p/dcb606c,industrialdistributor.com,distributor_product_page,0.4,True,True,success,d9136781ff898929aeede93ed20880793f089d909d06e48398a0337b8ecc6a49,2026-08-16T12:00:00Z
SRC-771adf16,962,Black & Decker/dewlt,DEWALT,DCB205C,https://www.dewalt.com/products/dcb205c,dewalt.com,manufacturer_product_page,1.0,True,True,success,9f24f41a82f4e667e260d104278ea8071e78dd82a6d0094f048bba3b34ba7b0a,2026-08-16T12:00:00Z
SRC-f83264ef,962,Black & Decker/dewlt,DEWALT,DCB205C,https://www.dewalt.com/docs/datasheets/dcb205c.pdf,dewalt.com,manufacturer_pdf,1.0,True,True,success,69420f387320f8c18ec4cab1c5c0b5f395059b469efbe15b18c5abd2d09222c4,2026-08-16T12:00:00Z
SRC-f565dc31,962,Black & Decker/dewlt,DEWALT,DCB205C,https://www.industrialdistributor.com/p/dcb205c,industrialdistributor.com,distributor_product_page,0.4,True,True,success,7279161f023c93806b65af0e1e32bea582ea697e2a12f52ae2e9586aa916c237,2026-08-16T12:00:00Z
SRC-71a696f1,963,Black & Decker/dewlt,DEWALT,DCB2108,https://www.dewalt.com/products/dcb2108,dewalt.com,manufacturer_product_page,1.0,True,True,success,442da96d945cc68cfaefaf83ff9e3b1d07f3509afd30319f2a0cc86f33f13d02,2026-08-16T12:00:00Z
SRC-dfb8a448,963,Black & Decker/dewlt,DEWALT,DCB2108,https://www.dewalt.com/docs/datasheets/dcb2108.pdf,dewalt.com,manufacturer_pdf,1.0,True,True,success,dd89bb60365bf6d7296f864aaa74a023b4d842f0b15bf91a0a7e664b2530b36a,2026-08-16T12:00:00Z
SRC-8ba9bb47,963,Black & Decker/dewlt,DEWALT,DCB2108,https://www.industrialdistributor.com/p/dcb2108,industrialdistributor.com,distributor_product_page,0.4,True,True,success,e1687dfdec9b501d5329dd4e96229c21f54112144e39b3e50c79e26553deb676,2026-08-16T12:00:00Z
SRC-d9cd8050,964,Black & Decker/dewlt,DEWALT,DCB2108-2,https://www.dewalt.com/products/dcb21082,dewalt.com,manufacturer_product_page,1.0,True,True,success,660030f3b4e050f0fd30dcd7c22c702aeb3dfc8b6e9e136e0a9e55ce926522d2,2026-08-16T12:00:00Z
SRC-c61c1437,964,Black & Decker/dewlt,DEWALT,DCB2108-2,https://www.dewalt.com/docs/datasheets/dcb21082.pdf,dewalt.com,manufacturer_pdf,1.0,True,True,success,2550faad2b7014621c2322b3e47bb5c8be6fe33db819b75bee671e8f32ed6d77,2026-08-16T12:00:00Z
SRC-7ff94d76,964,Black & Decker/dewlt,DEWALT,DCB2108-2,https://www.industrialdistributor.com/p/dcb21082,industrialdistributor.com,distributor_product_page,0.4,True,True,success,21899daae5023852e3137d07380221e02e184daf1ed66bdb8665433f0d4271a0,2026-08-16T12:00:00Z
SRC-cefa4c1a,965,Senco Products Inc,nan,VB0212,https://www.sencoproductsinc.com/products/vb0212,sencoproductsinc.com,manufacturer_product_page,1.0,True,True,success,da01dc54ba5bbd024185d9d6a4970309fd69f32a985f73d622a9967e856c0cd4,2026-08-16T12:00:00Z
SRC-05c5fe3e,965,Senco Products Inc,nan,VB0212,https://www.sencoproductsinc.com/docs/datasheets/vb0212.pdf,sencoproductsinc.com,manufacturer_pdf,1.0,True,True,success,da26be544ce8ddae9709a25f0838b5cd724a0d94357b99900e4c200fa566f040,2026-08-16T12:00:00Z
SRC-ff6c2106,965,Senco Products Inc,nan,VB0212,https://www.sencoproductsinc.com/catalogs/specifications.pdf,sencoproductsinc.com,manufacturer_catalog,0.95,True,True,success,e8d6236e35f11f12e69b774e0dc22a9c384bac49f8804382fc2383a6e7d1d690,2026-08-16T12:00:00Z
SRC-5498c8fb,965,Senco Products Inc,nan,VB0212,https://www.industrialdistributor.com/p/vb0212,industrialdistributor.com,distributor_product_page,0.4,True,True,success,3d0d377ba552b2652278c71bd9039559df5fe8f5bd8f59bd38de9eeb1ebdd132,2026-08-16T12:00:00Z
SRC-714cbbac,966,Kreg Tool Company,Kreg,BCB2A20A,https://www.kregtoolcompany.com/products/bcb2a20a,kregtoolcompany.com,manufacturer_product_page,1.0,True,True,success,00f88decafaf5f75ad9834cd75431299084f2b01fabe000f6a3d25c2b49dea90,2026-08-16T12:00:00Z
SRC-6d28805b,966,Kreg Tool Company,Kreg,BCB2A20A,https://www.kregtoolcompany.com/docs/datasheets/bcb2a20a.pdf,kregtoolcompany.com,manufacturer_pdf,1.0,True,True,success,f15a79cfd973d0db4b30f01b2698835dcf6a3b8198fa9dc864d6ea9312829f97,2026-08-16T12:00:00Z
SRC-405c136e,966,Kreg Tool Company,Kreg,BCB2A20A,https://www.kregtoolcompany.com/catalogs/specifications.pdf,kregtoolcompany.com,manufacturer_catalog,0.95,True,True,success,663fb55d1912aaf97e219bfc53d92a4526ac3cd6a7d332acf2c26516d8285b47,2026-08-16T12:00:00Z
SRC-cb46c687,966,Kreg Tool Company,Kreg,BCB2A20A,https://www.industrialdistributor.com/p/bcb2a20a,industrialdistributor.com,distributor_product_page,0.4,True,True,success,014405780f5feada9b502ac25378758e1099fd2b56975348a70796c29bbbe957,2026-08-16T12:00:00Z
SRC-6501a132,967,Kreg Tool Company,Kreg,BATT4A,https://www.kregtoolcompany.com/products/batt4a,kregtoolcompany.com,manufacturer_product_page,1.0,True,True,success,df11ffc9becb16f2190c26bc747507a6d735f39ce6adb16ff4c7e23326223806,2026-08-16T12:00:00Z
SRC-da1b2baa,967,Kreg Tool Company,Kreg,BATT4A,https://www.kregtoolcompany.com/docs/datasheets/batt4a.pdf,kregtoolcompany.com,manufacturer_pdf,1.0,True,True,success,4ec4236ccc62b00bd3c5cb747fbfdfd47ecb40d344304426117bbf1f70b2e1dd,2026-08-16T12:00:00Z
SRC-d1755cfd,967,Kreg Tool Company,Kreg,BATT4A,https://www.industrialdistributor.com/p/batt4a,industrialdistributor.com,distributor_product_page,0.4,True,True,success,969006847158b55e537a821120a70352102d1387fdf44de624fb942462bf9d53,2026-08-16T12:00:00Z
SRC-7c82f7e2,968,Kreg Tool Company,Kreg,BATT2A,https://www.kregtoolcompany.com/products/batt2a,kregtoolcompany.com,manufacturer_product_page,1.0,True,True,success,3b48f4faef5c8a6b04055ae5f83f94caa1a16441164fa9cdbe4ccaae3bcdb951,2026-08-16T12:00:00Z
SRC-42df0569,968,Kreg Tool Company,Kreg,BATT2A,https://www.kregtoolcompany.com/docs/datasheets/batt2a.pdf,kregtoolcompany.com,manufacturer_pdf,1.0,True,True,success,5a45d1cb64dad65f67665c6901bc2d7c79423992b04695d9e7275abaaaabc6b3,2026-08-16T12:00:00Z
SRC-bbf676c9,968,Kreg Tool Company,Kreg,BATT2A,https://www.industrialdistributor.com/p/batt2a,industrialdistributor.com,distributor_product_page,0.4,True,True,success,98d2a7de3ddeb59b3c3de67e0fe2d126738873b788846633bf838196621eb79f,2026-08-16T12:00:00Z
SRC-a98f2c22,970,Milwaukee Accessory,Milwaukee,48-11-2422,https://www.milwaukeetool.com/products/48112422,milwaukeetool.com,manufacturer_product_page,1.0,True,True,success,92e049986bc8104bb60ce83224f4825e747daf8a83528520927e08376ffb1e30,2026-08-16T12:00:00Z
SRC-6afaab10,970,Milwaukee Accessory,Milwaukee,48-11-2422,https://www.milwaukeetool.com/docs/datasheets/48112422.pdf,milwaukeetool.com,manufacturer_pdf,1.0,True,True,success,abc4f4a39bac376feb24c91a15ba83ede299a708d813d521654a6fe2c2dd444d,2026-08-16T12:00:00Z
SRC-08e4ae83,970,Milwaukee Accessory,Milwaukee,48-11-2422,https://www.industrialdistributor.com/p/48112422,industrialdistributor.com,distributor_product_page,0.4,True,True,success,150f6deb379a63befa254d665b4a5cd518805dddc3e38a5be52103cd9215d0db,2026-08-16T12:00:00Z
SRC-3a0d410f,971,Black & Decker/dewlt,DEWALT,DCB1104,https://www.dewalt.com/products/dcb1104,dewalt.com,manufacturer_product_page,1.0,True,True,success,d0f22a4f1b6eda6a4ea8603149f30bc1bf472fed401ccb5d5bea3007b1cf4f0f,2026-08-16T12:00:00Z
SRC-e16b3418,971,Black & Decker/dewlt,DEWALT,DCB1104,https://www.dewalt.com/docs/datasheets/dcb1104.pdf,dewalt.com,manufacturer_pdf,1.0,True,True,success,4dd093a854a727a186701df4bacb2c84b94dcf7adbe4f9c2ec844dd9e2064bc3,2026-08-16T12:00:00Z
SRC-43dac072,971,Black & Decker/dewlt,DEWALT,DCB1104,https://www.industrialdistributor.com/p/dcb1104,industrialdistributor.com,distributor_product_page,0.4,True,True,success,a192abca3059d05dc7da311237ac1c7a60880a83164a3cad2677ad61db42cece,2026-08-16T12:00:00Z
SRC-28c1e0cf,972,Milwaukee Accessory,Milwaukee,48-59-1804,https://www.milwaukeetool.com/products/48591804,milwaukeetool.com,manufacturer_product_page,1.0,True,True,success,873d59439ff8437bcbcef87ac5f0e4fa8378920489edd81f29405493376c060b,2026-08-16T12:00:00Z
SRC-c26ae56b,972,Milwaukee Accessory,Milwaukee,48-59-1804,https://www.milwaukeetool.com/docs/datasheets/48591804.pdf,milwaukeetool.com,manufacturer_pdf,1.0,True,True,success,aff27f6b7678172a56a0b003fe461e63f5cfaa6fab4e258ee9a729927f585af9,2026-08-16T12:00:00Z
SRC-8d821f05,972,Milwaukee Accessory,Milwaukee,48-59-1804,https://www.industrialdistributor.com/p/48591804,industrialdistributor.com,distributor_product_page,0.4,True,True,success,a46311ea170ae88747f2637fa242867f59224dc686c22d43ac9dd7e988c267fc,2026-08-16T12:00:00Z
SRC-da29b232,973,Kreg Tool Company,Kreg,CRGR401A,https://www.kregtoolcompany.com/products/crgr401a,kregtoolcompany.com,manufacturer_product_page,1.0,True,True,success,60f07a6376822dac6f1d2d281f5343afb4055e94843706a9e2b050178bc1d92c,2026-08-16T12:00:00Z
SRC-dfca665d,973,Kreg Tool Company,Kreg,CRGR401A,https://www.kregtoolcompany.com/docs/datasheets/crgr401a.pdf,kregtoolcompany.com,manufacturer_pdf,1.0,True,True,success,314be4802c5a69625527aca9b06e38ade9dac56f35f8442e5a23179dd9cbf578,2026-08-16T12:00:00Z
SRC-6dcb6860,973,Kreg Tool Company,Kreg,CRGR401A,https://www.industrialdistributor.com/p/crgr401a,industrialdistributor.com,distributor_product_page,0.4,True,True,success,b2b6b077514a6411f7cdf9c0742195bb792b7be8235ea75d0f702e24f0bc0469,2026-08-16T12:00:00Z
SRC-3ccd23b8,974,Milwaukee Accessory,Milwaukee,48-59-1211,https://www.milwaukeetool.com/products/48591211,milwaukeetool.com,manufacturer_product_page,1.0,True,True,success,f9b2ebc36c42307bceb805362f671ff73a52748a42d3c312aae949ee5ecba672,2026-08-16T12:00:00Z
SRC-f8053b42,974,Milwaukee Accessory,Milwaukee,48-59-1211,https://www.milwaukeetool.com/docs/datasheets/48591211.pdf,milwaukeetool.com,manufacturer_pdf,1.0,True,True,success,699e24b60666a925b9999e98c73f1c0adf0c33124c51714a52d2f39dbd06e651,2026-08-16T12:00:00Z
SRC-e0b1aef8,974,Milwaukee Accessory,Milwaukee,48-59-1211,https://www.industrialdistributor.com/p/48591211,industrialdistributor.com,distributor_product_page,0.4,True,True,success,32f9b72cc26599a05d57654d171b5a7d636954eaca855641c440b4b7e93aa132,2026-08-16T12:00:00Z
SRC-467a07b7,975,Milwaukee Accessory,Milwaukee,2847-20,https://www.milwaukeetool.com/products/284720,milwaukeetool.com,manufacturer_product_page,1.0,True,True,success,d0c63b649148f7a71862d45bee5011679634c9e074c9ff4ab1161c50de1909a1,2026-08-16T12:00:00Z
SRC-eb7ef926,975,Milwaukee Accessory,Milwaukee,2847-20,https://www.milwaukeetool.com/docs/datasheets/284720.pdf,milwaukeetool.com,manufacturer_pdf,1.0,True,True,success,4e08699b71cd48b3e1de55c342639654958a9887c3a308ea3541d11ce6011c25,2026-08-16T12:00:00Z
SRC-7beb5c38,975,Milwaukee Accessory,Milwaukee,2847-20,https://www.industrialdistributor.com/p/284720,industrialdistributor.com,distributor_product_page,0.4,True,True,success,c8d9278a3799193638ecd923817e1b5825b312c53f29d34e984f70cf852b82e8,2026-08-16T12:00:00Z
SRC-f5b341ba,977,Festool USA,Festool,578512,https://www.festoolusa.com/products/578512,festoolusa.com,manufacturer_product_page,1.0,True,True,success,c6ed2b4c72a4d87f09db61170d9debbdf308e99eff9fb81a0a0b564e3f8e83a8,2026-08-16T12:00:00Z
SRC-b705676d,977,Festool USA,Festool,578512,https://www.festoolusa.com/docs/datasheets/578512.pdf,festoolusa.com,manufacturer_pdf,1.0,True,True,success,104ea650138763a600c747f91000bd56f577c550c9ffac0604b4f07557511200,2026-08-16T12:00:00Z
SRC-c65802c6,977,Festool USA,Festool,578512,https://www.festoolusa.com/catalogs/specifications.pdf,festoolusa.com,manufacturer_catalog,0.95,True,True,success,750408235b3ab8f7732254dd2884d53da6d92c5de1500f3220a713c89cf52a06,2026-08-16T12:00:00Z
SRC-477db291,977,Festool USA,Festool,578512,https://www.industrialdistributor.com/p/578512,industrialdistributor.com,distributor_product_page,0.4,True,True,success,e25b9a8addad9e597d695daac122f494cb3d502b124444a9d275d83699b547d4,2026-08-16T12:00:00Z
SRC-80d19f92,978,Festool USA,Festool,577871,https://www.festoolusa.com/products/577871,festoolusa.com,manufacturer_product_page,1.0,True,True,success,51609f7fef64828c53afec8e6e60356f68097044b60b9d57659cb8879ab9d788,2026-08-16T12:00:00Z
SRC-0008d007,978,Festool USA,Festool,577871,https://www.festoolusa.com/docs/datasheets/577871.pdf,festoolusa.com,manufacturer_pdf,1.0,True,True,success,d45a0edc65d66eafd6205ec28194245d57b6a8cc09b889272f4e40f1388553a3,2026-08-16T12:00:00Z
SRC-db3b365e,978,Festool USA,Festool,577871,https://www.industrialdistributor.com/p/577871,industrialdistributor.com,distributor_product_page,0.4,True,True,success,e1a49d0a91b34c1d25e146fd652b9bda82f35256f5303ad2eb0d7e1926812e54,2026-08-16T12:00:00Z
SRC-2a8d8e1d,979,Festool USA,Festool,577874,https://www.festoolusa.com/products/577874,festoolusa.com,manufacturer_product_page,1.0,True,True,success,7c4b472869575b5a555c1619e06aadbc8e7d077599cbbf191a73331b92659c9d,2026-08-16T12:00:00Z
SRC-7f1eb871,979,Festool USA,Festool,577874,https://www.festoolusa.com/docs/datasheets/577874.pdf,festoolusa.com,manufacturer_pdf,1.0,True,True,success,0bd3058995a758cc6c4c69d3b6ee24d09296bc07057e7382231dba03dd5e81f6,2026-08-16T12:00:00Z
SRC-239d17d2,979,Festool USA,Festool,577874,https://www.industrialdistributor.com/p/577874,industrialdistributor.com,distributor_product_page,0.4,True,True,success,160f9c54badb278e9aa0a39ea047620d45882a8377fe241b89dff82040cd3daa,2026-08-16T12:00:00Z
SRC-e8077258,980,Festool USA,Festool,577876,https://www.festoolusa.com/products/577876,festoolusa.com,manufacturer_product_page,1.0,True,True,success,b77526d65a14e38d288232e298c5b528847e16800b0af3fdc141d83eacf540d4,2026-08-16T12:00:00Z
SRC-cfe96dbd,980,Festool USA,Festool,577876,https://www.festoolusa.com/docs/datasheets/577876.pdf,festoolusa.com,manufacturer_pdf,1.0,True,True,success,fa8571bdf3a749c812dba7b585758f9ecbee8dbafd2bcada31494ef326110414,2026-08-16T12:00:00Z
SRC-0402f25b,980,Festool USA,Festool,577876,https://www.industrialdistributor.com/p/577876,industrialdistributor.com,distributor_product_page,0.4,True,True,success,61458d8bb0ab59826f946c01c6915b60c10b9ca845f760aa05beb619cb6ef96b,2026-08-16T12:00:00Z
SRC-2c96b11b,981,Festool USA,Festool,578441,https://www.festoolusa.com/products/578441,festoolusa.com,manufacturer_product_page,1.0,True,True,success,131004cd5c256ccce4365ef087306f2c949d2978dc6d9a7a8b75f0371f433cfb,2026-08-16T12:00:00Z
SRC-d5c9e188,981,Festool USA,Festool,578441,https://www.festoolusa.com/docs/datasheets/578441.pdf,festoolusa.com,manufacturer_pdf,1.0,True,True,success,e3a2ba7f91eb37c0820cf29a47fe2d687bd78bac0e1ef3415e0b8131ec285696,2026-08-16T12:00:00Z
SRC-bc6832f2,981,Festool USA,Festool,578441,https://www.industrialdistributor.com/p/578441,industrialdistributor.com,distributor_product_page,0.4,True,True,success,46809457cd7c9273dae7b39fc487d2e7fa595811f60fc6ef47520d5a292e0b55,2026-08-16T12:00:00Z
SRC-209e189c,986,Makita Usa Inc,Makita,T-90043,https://www.makitatools.com/products/t90043,makitatools.com,manufacturer_product_page,1.0,True,True,success,8c1086d2bced698f0e3435f69dc54c6f774871fe4e81e48f8dc910b7c74602fd,2026-08-16T12:00:00Z
SRC-848575ff,986,Makita Usa Inc,Makita,T-90043,https://www.makitatools.com/docs/datasheets/t90043.pdf,makitatools.com,manufacturer_pdf,1.0,True,True,success,36a0ac539b0eca3e32b941d04303679477af627e35ddbb403040a9b32176e2b0,2026-08-16T12:00:00Z
SRC-d32764f0,986,Makita Usa Inc,Makita,T-90043,https://www.industrialdistributor.com/p/t90043,industrialdistributor.com,distributor_product_page,0.4,True,True,success,d4777e863a44a8024dccd3e1778609ef684784eda80db788a0708c29b98d5484,2026-08-16T12:00:00Z
SRC-a1827e2c,987,Makita Usa Inc,Makita,T-90059,https://www.makitatools.com/products/t90059,makitatools.com,manufacturer_product_page,1.0,True,True,success,f78bf8db3070a0810a9014670a78d10b9dcc086129db1c6250c5bdfafd5793d5,2026-08-16T12:00:00Z
SRC-ecdd5eed,987,Makita Usa Inc,Makita,T-90059,https://www.makitatools.com/docs/datasheets/t90059.pdf,makitatools.com,manufacturer_pdf,1.0,True,True,success,9f1ac79becb39463a61e8b6329a41fcf62497fc180a580283c21c629165253a5,2026-08-16T12:00:00Z
SRC-dba19757,987,Makita Usa Inc,Makita,T-90059,https://www.industrialdistributor.com/p/t90059,industrialdistributor.com,distributor_product_page,0.4,True,True,success,fbd4026c5276663d5791be75cd645dc6c05ba95e80ad7fc65e4de360bee877b0,2026-08-16T12:00:00Z
SRC-fbefb41f,988,Makita Usa Inc,Makita,T-90065,https://www.makitatools.com/products/t90065,makitatools.com,manufacturer_product_page,1.0,True,True,success,f9e8fb62cc5fac32e3992e217fec3a0e0c8cf4f175c5c5725683bfd2868fc126,2026-08-16T12:00:00Z
SRC-79db64c8,988,Makita Usa Inc,Makita,T-90065,https://www.makitatools.com/docs/datasheets/t90065.pdf,makitatools.com,manufacturer_pdf,1.0,True,True,success,69abec26097e84779436e645b7ff454d41d9c457979cba7b535c1add11d6d4db,2026-08-16T12:00:00Z
SRC-b6ac5750,988,Makita Usa Inc,Makita,T-90065,https://www.industrialdistributor.com/p/t90065,industrialdistributor.com,distributor_product_page,0.4,True,True,success,de50d646825fd06dcd4931a1a41dc2657aede6f2d7ad0ddcf9621d9212a1d7cd,2026-08-16T12:00:00Z
SRC-4d7d54d0,992,Woodpeckers Inc,nan,AAS-P,https://www.woodpeckersinc.com/products/aasp,woodpeckersinc.com,manufacturer_product_page,1.0,True,True,success,332d5b1ee3dcdc00c8bf9efac3894defc1203f783736245ca9b9f869fcbe9acf,2026-08-16T12:00:00Z
SRC-9aa4efdb,992,Woodpeckers Inc,nan,AAS-P,https://www.woodpeckersinc.com/docs/datasheets/aasp.pdf,woodpeckersinc.com,manufacturer_pdf,1.0,True,True,success,3ba4b502272123f43e495bae4efa0c9481b079687adf7fa57da8cc3a31e32a95,2026-08-16T12:00:00Z
SRC-db315395,992,Woodpeckers Inc,nan,AAS-P,https://www.woodpeckersinc.com/catalogs/specifications.pdf,woodpeckersinc.com,manufacturer_catalog,0.95,True,True,success,be78bfeff6bdbe972702a845827675b6e1988063dfe58b3271622c8107f77cda,2026-08-16T12:00:00Z
SRC-89e706ff,992,Woodpeckers Inc,nan,AAS-P,https://www.industrialdistributor.com/p/aasp,industrialdistributor.com,distributor_product_page,0.4,True,True,success,941e5fcadbb01932d08c7bd2a27e64e6098c99e6c24c631bf4bc4d9e5483270d,2026-08-16T12:00:00Z
