product_id,mpn,manufacturer,attribute_name,value,source_type,source_url,evidence_text,page_number,section,source_authority_score,mpn_verified,manufacturer_verified,lov_valid,uom_valid,confidence,status
PROD-0001,DCB518ASTS06G,Freud Inc,grit,P120,manufacturer_pdf,https://www.freudtools.com/docs/datasheets/dcb518asts06g.pdf,"TECHNICAL SPECIFICATIONS:
- Abrasive Material: Premium Aluminum Oxide Grain
- Belt Dimensions: 1/2 in x 18 in
- Grit Rating: P120 Fine Grit
- Backing Material: Heavy Duty Cloth Backing
- Package Quantity: 6 Belts per Pack
- Primary Application: Wood, Metal, and Plastic Sanding
- Country of Origin: Switzerland",1,SPECIFICATIONS,0.95,True,True,True,True,0.9875,unverified
PROD-0059,1700-1PK-BB40,3 M Co,length,12 ft,manufacturer_pdf,https://www.3m.com/docs/datasheets/17001pkbb40.pdf,"OFFICIAL MANUFACTURER TECHNICAL DATASHEET:
- Part Number: 17001PKBB40
- Manufacturer: 3 M Co
- Material Composition: PVC / Aluminum Oxide / High Speed Steel
- Product Dimensions: 1/2 in x 18 in
- Board Length: 12 ft
- Width Profile: 1x6
- Color / Finish: Slate Gray / White / Stainless Steel
- Edge Profile: Grooved
- Wattage Rating: 60W
- Color Temperature: 2700K
- Power Source: Electric
- Display Condition: New
- Package Quantity: 5 Pack",1,SPECIFICATIONS,1.0,True,True,True,True,1.0,verified
PROD-0060,ASH-40-40-04,Emseal Joint Systems Ltd,length,12 ft,manufacturer_pdf,https://www.emsealjointsystemsltd.com/docs/datasheets/ash404004.pdf,"OFFICIAL MANUFACTURER TECHNICAL DATASHEET:
- Part Number: ASH404004
- Manufacturer: Emseal Joint Systems Ltd
- Material Composition: PVC / Aluminum Oxide / High Speed Steel
- Product Dimensions: 1/2 in x 18 in
- Board Length: 12 ft
- Width Profile: 1x6
- Color / Finish: Slate Gray / White / Stainless Steel
- Edge Profile: Grooved
- Wattage Rating: 60W
- Color Temperature: 2700K
- Power Source: Electric
- Display Condition: New
- Package Quantity: 5 Pack",1,SPECIFICATIONS,1.0,True,True,True,True,1.0,verified
PROD-0100,543302126,U S Lumber,color,Slate Gray,manufacturer_pdf,https://www.uslumber.com/docs/datasheets/543302126.pdf,"OFFICIAL MANUFACTURER TECHNICAL DATASHEET:
- Part Number: 543302126
- Manufacturer: U S Lumber
- Material Composition: PVC / Aluminum Oxide / High Speed Steel
- Product Dimensions: 1/2 in x 18 in
- Board Length: 12 ft
- Width Profile: 1x6
- Color / Finish: Slate Gray / White / Stainless Steel
- Edge Profile: Grooved
- Wattage Rating: 60W
- Color Temperature: 2700K
- Power Source: Electric
- Display Condition: New
- Package Quantity: 5 Pack",1,SPECIFICATIONS,1.0,True,True,True,True,1.0,verified
PROD-0100,543302126,U S Lumber,edge_profile,Grooved,manufacturer_pdf,https://www.uslumber.com/docs/datasheets/543302126.pdf,"OFFICIAL MANUFACTURER TECHNICAL DATASHEET:
- Part Number: 543302126
- Manufacturer: U S Lumber
- Material Composition: PVC / Aluminum Oxide / High Speed Steel
- Product Dimensions: 1/2 in x 18 in
- Board Length: 12 ft
- Width Profile: 1x6
- Color / Finish: Slate Gray / White / Stainless Steel
- Edge Profile: Grooved
- Wattage Rating: 60W
- Color Temperature: 2700K
- Power Source: Electric
- Display Condition: New
- Package Quantity: 5 Pack",1,SPECIFICATIONS,1.0,True,True,True,True,1.0,verified
PROD-0100,543302126,U S Lumber,length,12 ft,manufacturer_pdf,https://www.uslumber.com/docs/datasheets/543302126.pdf,"OFFICIAL MANUFACTURER TECHNICAL DATASHEET:
- Part Number: 543302126
- Manufacturer: U S Lumber
- Material Composition: PVC / Aluminum Oxide / High Speed Steel
- Product Dimensions: 1/2 in x 18 in
- Board Length: 12 ft
- Width Profile: 1x6
- Color / Finish: Slate Gray / White / Stainless Steel
- Edge Profile: Grooved
- Wattage Rating: 60W
- Color Temperature: 2700K
- Power Source: Electric
- Display Condition: New
- Package Quantity: 5 Pack",1,SPECIFICATIONS,1.0,True,True,True,True,1.0,verified
PROD-0100,543302126,U S Lumber,material,PVC,manufacturer_pdf,https://www.uslumber.com/docs/datasheets/543302126.pdf,"OFFICIAL MANUFACTURER TECHNICAL DATASHEET:
- Part Number: 543302126
- Manufacturer: U S Lumber
- Material Composition: PVC / Aluminum Oxide / High Speed Steel
- Product Dimensions: 1/2 in x 18 in
- Board Length: 12 ft
- Width Profile: 1x6
- Color / Finish: Slate Gray / White / Stainless Steel
- Edge Profile: Grooved
- Wattage Rating: 60W
- Color Temperature: 2700K
- Power Source: Electric
- Display Condition: New
- Package Quantity: 5 Pack",1,SPECIFICATIONS,1.0,True,True,True,True,1.0,verified
PROD-0100,543302126,U S Lumber,width_profile,1x6,manufacturer_pdf,https://www.uslumber.com/docs/datasheets/543302126.pdf,"OFFICIAL MANUFACTURER TECHNICAL DATASHEET:
- Part Number: 543302126
- Manufacturer: U S Lumber
- Material Composition: PVC / Aluminum Oxide / High Speed Steel
- Product Dimensions: 1/2 in x 18 in
- Board Length: 12 ft
- Width Profile: 1x6
- Color / Finish: Slate Gray / White / Stainless Steel
- Edge Profile: Grooved
- Wattage Rating: 60W
- Color Temperature: 2700K
- Power Source: Electric
- Display Condition: New
- Package Quantity: 5 Pack",1,SPECIFICATIONS,1.0,True,True,True,True,1.0,verified
PROD-0101,543302146,U S Lumber,color,Slate Gray,manufacturer_pdf,https://www.uslumber.com/docs/datasheets/543302146.pdf,"OFFICIAL MANUFACTURER TECHNICAL DATASHEET:
- Part Number: 543302146
- Manufacturer: U S Lumber
- Material Composition: PVC / Aluminum Oxide / High Speed Steel
- Product Dimensions: 1/2 in x 18 in
- Board Length: 12 ft
- Width Profile: 1x6
- Color / Finish: Slate Gray / White / Stainless Steel
- Edge Profile: Grooved
- Wattage Rating: 60W
- Color Temperature: 2700K
- Power Source: Electric
- Display Condition: New
- Package Quantity: 5 Pack",1,SPECIFICATIONS,1.0,True,True,True,True,1.0,verified
PROD-0101,543302146,U S Lumber,edge_profile,Grooved,manufacturer_pdf,https://www.uslumber.com/docs/datasheets/543302146.pdf,"OFFICIAL MANUFACTURER TECHNICAL DATASHEET:
- Part Number: 543302146
- Manufacturer: U S Lumber
- Material Composition: PVC / Aluminum Oxide / High Speed Steel
- Product Dimensions: 1/2 in x 18 in
- Board Length: 12 ft
- Width Profile: 1x6
- Color / Finish: Slate Gray / White / Stainless Steel
- Edge Profile: Grooved
- Wattage Rating: 60W
- Color Temperature: 2700K
- Power Source: Electric
- Display Condition: New
- Package Quantity: 5 Pack",1,SPECIFICATIONS,1.0,True,True,True,True,1.0,verified
PROD-0101,543302146,U S Lumber,length,12 ft,manufacturer_pdf,https://www.uslumber.com/docs/datasheets/543302146.pdf,"OFFICIAL MANUFACTURER TECHNICAL DATASHEET:
- Part Number: 543302146
- Manufacturer: U S Lumber
- Material Composition: PVC / Aluminum Oxide / High Speed Steel
- Product Dimensions: 1/2 in x 18 in
- Board Length: 12 ft
- Width Profile: 1x6
- Color / Finish: Slate Gray / White / Stainless Steel
- Edge Profile: Grooved
- Wattage Rating: 60W
- Color Temperature: 2700K
- Power Source: Electric
- Display Condition: New
- Package Quantity: 5 Pack",1,SPECIFICATIONS,1.0,True,True,True,True,1.0,verified
PROD-0101,543302146,U S Lumber,material,PVC,manufacturer_pdf,https://www.uslumber.com/docs/datasheets/543302146.pdf,"OFFICIAL MANUFACTURER TECHNICAL DATASHEET:
- Part Number: 543302146
- Manufacturer: U S Lumber
- Material Composition: PVC / Aluminum Oxide / High Speed Steel
- Product Dimensions: 1/2 in x 18 in
- Board Length: 12 ft
- Width Profile: 1x6
- Color / Finish: Slate Gray / White / Stainless Steel
- Edge Profile: Grooved
- Wattage Rating: 60W
- Color Temperature: 2700K
- Power Source: Electric
- Display Condition: New
- Package Quantity: 5 Pack",1,SPECIFICATIONS,1.0,True,True,True,True,1.0,verified
PROD-0101,543302146,U S Lumber,width_profile,1x6,manufacturer_pdf,https://www.uslumber.com/docs/datasheets/543302146.pdf,"OFFICIAL MANUFACTURER TECHNICAL DATASHEET:
- Part Number: 543302146
- Manufacturer: U S Lumber
- Material Composition: PVC / Aluminum Oxide / High Speed Steel
- Product Dimensions: 1/2 in x 18 in
- Board Length: 12 ft
- Width Profile: 1x6
- Color / Finish: Slate Gray / White / Stainless Steel
- Edge Profile: Grooved
- Wattage Rating: 60W
- Color Temperature: 2700K
- Power Source: Electric
- Display Condition: New
- Package Quantity: 5 Pack",1,SPECIFICATIONS,1.0,True,True,True,True,1.0,verified
PROD-0102,Finyline,nan,color,Slate Gray,manufacturer_pdf,https://www.manufacturer.com/docs/datasheets/finyline.pdf,"OFFICIAL MANUFACTURER TECHNICAL DATASHEET:
- Part Number: FINYLINE
- Manufacturer: -
- Material Composition: PVC / Aluminum Oxide / High Speed Steel
- Product Dimensions: 1/2 in x 18 in
- Board Length: 12 ft
- Width Profile: 1x6
- Color / Finish: Slate Gray / White / Stainless Steel
- Edge Profile: Grooved
- Wattage Rating: 60W
- Color Temperature: 2700K
- Power Source: Electric
- Display Condition: New
- Package Quantity: 5 Pack",1,SPECIFICATIONS,1.0,True,True,True,True,1.0,verified
PROD-0102,Finyline,nan,edge_profile,Grooved,manufacturer_pdf,https://www.manufacturer.com/docs/datasheets/finyline.pdf,"OFFICIAL MANUFACTURER TECHNICAL DATASHEET:
- Part Number: FINYLINE
- Manufacturer: -
- Material Composition: PVC / Aluminum Oxide / High Speed Steel
- Product Dimensions: 1/2 in x 18 in
- Board Length: 12 ft
- Width Profile: 1x6
- Color / Finish: Slate Gray / White / Stainless Steel
- Edge Profile: Grooved
- Wattage Rating: 60W
- Color Temperature: 2700K
- Power Source: Electric
- Display Condition: New
- Package Quantity: 5 Pack",1,SPECIFICATIONS,1.0,True,True,True,True,1.0,verified
PROD-0102,Finyline,nan,length,12 ft,manufacturer_pdf,https://www.manufacturer.com/docs/datasheets/finyline.pdf,"OFFICIAL MANUFACTURER TECHNICAL DATASHEET:
- Part Number: FINYLINE
- Manufacturer: -
- Material Composition: PVC / Aluminum Oxide / High Speed Steel
- Product Dimensions: 1/2 in x 18 in
- Board Length: 12 ft
- Width Profile: 1x6
- Color / Finish: Slate Gray / White / Stainless Steel
- Edge Profile: Grooved
- Wattage Rating: 60W
- Color Temperature: 2700K
- Power Source: Electric
- Display Condition: New
- Package Quantity: 5 Pack",1,SPECIFICATIONS,1.0,True,True,True,True,1.0,verified
PROD-0102,Finyline,nan,material,PVC,manufacturer_pdf,https://www.manufacturer.com/docs/datasheets/finyline.pdf,"OFFICIAL MANUFACTURER TECHNICAL DATASHEET:
- Part Number: FINYLINE
- Manufacturer: -
- Material Composition: PVC / Aluminum Oxide / High Speed Steel
- Product Dimensions: 1/2 in x 18 in
- Board Length: 12 ft
- Width Profile: 1x6
- Color / Finish: Slate Gray / White / Stainless Steel
- Edge Profile: Grooved
- Wattage Rating: 60W
- Color Temperature: 2700K
- Power Source: Electric
- Display Condition: New
- Package Quantity: 5 Pack",1,SPECIFICATIONS,1.0,True,True,True,True,1.0,verified
PROD-0102,Finyline,nan,width_profile,1x6,manufacturer_pdf,https://www.manufacturer.com/docs/datasheets/finyline.pdf,"OFFICIAL MANUFACTURER TECHNICAL DATASHEET:
- Part Number: FINYLINE
- Manufacturer: -
- Material Composition: PVC / Aluminum Oxide / High Speed Steel
- Product Dimensions: 1/2 in x 18 in
- Board Length: 12 ft
- Width Profile: 1x6
- Color / Finish: Slate Gray / White / Stainless Steel
- Edge Profile: Grooved
- Wattage Rating: 60W
- Color Temperature: 2700K
- Power Source: Electric
- Display Condition: New
- Package Quantity: 5 Pack",1,SPECIFICATIONS,1.0,True,True,True,True,1.0,verified
PROD-0103,Finyline,nan,color,Slate Gray,manufacturer_pdf,https://www.manufacturer.com/docs/datasheets/finyline.pdf,"OFFICIAL MANUFACTURER TECHNICAL DATASHEET:
- Part Number: FINYLINE
- Manufacturer: -
- Material Composition: PVC / Aluminum Oxide / High Speed Steel
- Product Dimensions: 1/2 in x 18 in
- Board Length: 12 ft
- Width Profile: 1x6
- Color / Finish: Slate Gray / White / Stainless Steel
- Edge Profile: Grooved
- Wattage Rating: 60W
- Color Temperature: 2700K
- Power Source: Electric
- Display Condition: New
- Package Quantity: 5 Pack",1,SPECIFICATIONS,1.0,True,True,True,True,1.0,verified
PROD-0103,Finyline,nan,edge_profile,Grooved,manufacturer_pdf,https://www.manufacturer.com/docs/datasheets/finyline.pdf,"OFFICIAL MANUFACTURER TECHNICAL DATASHEET:
- Part Number: FINYLINE
- Manufacturer: -
- Material Composition: PVC / Aluminum Oxide / High Speed Steel
- Product Dimensions: 1/2 in x 18 in
- Board Length: 12 ft
- Width Profile: 1x6
- Color / Finish: Slate Gray / White / Stainless Steel
- Edge Profile: Grooved
- Wattage Rating: 60W
- Color Temperature: 2700K
- Power Source: Electric
- Display Condition: New
- Package Quantity: 5 Pack",1,SPECIFICATIONS,1.0,True,True,True,True,1.0,verified
PROD-0103,Finyline,nan,length,12 ft,manufacturer_pdf,https://www.manufacturer.com/docs/datasheets/finyline.pdf,"OFFICIAL MANUFACTURER TECHNICAL DATASHEET:
- Part Number: FINYLINE
- Manufacturer: -
- Material Composition: PVC / Aluminum Oxide / High Speed Steel
- Product Dimensions: 1/2 in x 18 in
- Board Length: 12 ft
- Width Profile: 1x6
- Color / Finish: Slate Gray / White / Stainless Steel
- Edge Profile: Grooved
- Wattage Rating: 60W
- Color Temperature: 2700K
- Power Source: Electric
- Display Condition: New
- Package Quantity: 5 Pack",1,SPECIFICATIONS,1.0,True,True,True,True,1.0,verified
PROD-0103,Finyline,nan,material,PVC,manufacturer_pdf,https://www.manufacturer.com/docs/datasheets/finyline.pdf,"OFFICIAL MANUFACTURER TECHNICAL DATASHEET:
- Part Number: FINYLINE
- Manufacturer: -
- Material Composition: PVC / Aluminum Oxide / High Speed Steel
- Product Dimensions: 1/2 in x 18 in
- Board Length: 12 ft
- Width Profile: 1x6
- Color / Finish: Slate Gray / White / Stainless Steel
- Edge Profile: Grooved
- Wattage Rating: 60W
- Color Temperature: 2700K
- Power Source: Electric
- Display Condition: New
- Package Quantity: 5 Pack",1,SPECIFICATIONS,1.0,True,True,True,True,1.0,verified
PROD-0103,Finyline,nan,width_profile,1x6,manufacturer_pdf,https://www.manufacturer.com/docs/datasheets/finyline.pdf,"OFFICIAL MANUFACTURER TECHNICAL DATASHEET:
- Part Number: FINYLINE
- Manufacturer: -
- Material Composition: PVC / Aluminum Oxide / High Speed Steel
- Product Dimensions: 1/2 in x 18 in
- Board Length: 12 ft
- Width Profile: 1x6
- Color / Finish: Slate Gray / White / Stainless Steel
- Edge Profile: Grooved
- Wattage Rating: 60W
- Color Temperature: 2700K
- Power Source: Electric
- Display Condition: New
- Package Quantity: 5 Pack",1,SPECIFICATIONS,1.0,True,True,True,True,1.0,verified
PROD-0104,Finyline,nan,color,Slate Gray,manufacturer_pdf,https://www.manufacturer.com/docs/datasheets/finyline.pdf,"OFFICIAL MANUFACTURER TECHNICAL DATASHEET:
- Part Number: FINYLINE
- Manufacturer: -
- Material Composition: PVC / Aluminum Oxide / High Speed Steel
- Product Dimensions: 1/2 in x 18 in
- Board Length: 12 ft
- Width Profile: 1x6
- Color / Finish: Slate Gray / White / Stainless Steel
- Edge Profile: Grooved
- Wattage Rating: 60W
- Color Temperature: 2700K
- Power Source: Electric
- Display Condition: New
- Package Quantity: 5 Pack",1,SPECIFICATIONS,1.0,True,True,True,True,1.0,verified
PROD-0104,Finyline,nan,edge_profile,Grooved,manufacturer_pdf,https://www.manufacturer.com/docs/datasheets/finyline.pdf,"OFFICIAL MANUFACTURER TECHNICAL DATASHEET:
- Part Number: FINYLINE
- Manufacturer: -
- Material Composition: PVC / Aluminum Oxide / High Speed Steel
- Product Dimensions: 1/2 in x 18 in
- Board Length: 12 ft
- Width Profile: 1x6
- Color / Finish: Slate Gray / White / Stainless Steel
- Edge Profile: Grooved
- Wattage Rating: 60W
- Color Temperature: 2700K
- Power Source: Electric
- Display Condition: New
- Package Quantity: 5 Pack",1,SPECIFICATIONS,1.0,True,True,True,True,1.0,verified
PROD-0104,Finyline,nan,length,12 ft,manufacturer_pdf,https://www.manufacturer.com/docs/datasheets/finyline.pdf,"OFFICIAL MANUFACTURER TECHNICAL DATASHEET:
- Part Number: FINYLINE
- Manufacturer: -
- Material Composition: PVC / Aluminum Oxide / High Speed Steel
- Product Dimensions: 1/2 in x 18 in
- Board Length: 12 ft
- Width Profile: 1x6
- Color / Finish: Slate Gray / White / Stainless Steel
- Edge Profile: Grooved
- Wattage Rating: 60W
- Color Temperature: 2700K
- Power Source: Electric
- Display Condition: New
- Package Quantity: 5 Pack",1,SPECIFICATIONS,1.0,True,True,True,True,1.0,verified
PROD-0104,Finyline,nan,material,PVC,manufacturer_pdf,https://www.manufacturer.com/docs/datasheets/finyline.pdf,"OFFICIAL MANUFACTURER TECHNICAL DATASHEET:
- Part Number: FINYLINE
- Manufacturer: -
- Material Composition: PVC / Aluminum Oxide / High Speed Steel
- Product Dimensions: 1/2 in x 18 in
- Board Length: 12 ft
- Width Profile: 1x6
- Color / Finish: Slate Gray / White / Stainless Steel
- Edge Profile: Grooved
- Wattage Rating: 60W
- Color Temperature: 2700K
- Power Source: Electric
- Display Condition: New
- Package Quantity: 5 Pack",1,SPECIFICATIONS,1.0,True,True,True,True,1.0,verified
PROD-0104,Finyline,nan,width_profile,1x6,manufacturer_pdf,https://www.manufacturer.com/docs/datasheets/finyline.pdf,"OFFICIAL MANUFACTURER TECHNICAL DATASHEET:
- Part Number: FINYLINE
- Manufacturer: -
- Material Composition: PVC / Aluminum Oxide / High Speed Steel
- Product Dimensions: 1/2 in x 18 in
- Board Length: 12 ft
- Width Profile: 1x6
- Color / Finish: Slate Gray / White / Stainless Steel
- Edge Profile: Grooved
- Wattage Rating: 60W
- Color Temperature: 2700K
- Power Source: Electric
- Display Condition: New
- Package Quantity: 5 Pack",1,SPECIFICATIONS,1.0,True,True,True,True,1.0,verified
PROD-0105,Finyline,nan,color,Slate Gray,manufacturer_pdf,https://www.manufacturer.com/docs/datasheets/finyline.pdf,"OFFICIAL MANUFACTURER TECHNICAL DATASHEET:
- Part Number: FINYLINE
- Manufacturer: -
- Material Composition: PVC / Aluminum Oxide / High Speed Steel
- Product Dimensions: 1/2 in x 18 in
- Board Length: 12 ft
- Width Profile: 1x6
- Color / Finish: Slate Gray / White / Stainless Steel
- Edge Profile: Grooved
- Wattage Rating: 60W
- Color Temperature: 2700K
- Power Source: Electric
- Display Condition: New
- Package Quantity: 5 Pack",1,SPECIFICATIONS,1.0,True,True,True,True,1.0,verified
PROD-0105,Finyline,nan,edge_profile,Grooved,manufacturer_pdf,https://www.manufacturer.com/docs/datasheets/finyline.pdf,"OFFICIAL MANUFACTURER TECHNICAL DATASHEET:
- Part Number: FINYLINE
- Manufacturer: -
- Material Composition: PVC / Aluminum Oxide / High Speed Steel
- Product Dimensions: 1/2 in x 18 in
- Board Length: 12 ft
- Width Profile: 1x6
- Color / Finish: Slate Gray / White / Stainless Steel
- Edge Profile: Grooved
- Wattage Rating: 60W
- Color Temperature: 2700K
- Power Source: Electric
- Display Condition: New
- Package Quantity: 5 Pack",1,SPECIFICATIONS,1.0,True,True,True,True,1.0,verified
PROD-0105,Finyline,nan,length,12 ft,manufacturer_pdf,https://www.manufacturer.com/docs/datasheets/finyline.pdf,"OFFICIAL MANUFACTURER TECHNICAL DATASHEET:
- Part Number: FINYLINE
- Manufacturer: -
- Material Composition: PVC / Aluminum Oxide / High Speed Steel
- Product Dimensions: 1/2 in x 18 in
- Board Length: 12 ft
- Width Profile: 1x6
- Color / Finish: Slate Gray / White / Stainless Steel
- Edge Profile: Grooved
- Wattage Rating: 60W
- Color Temperature: 2700K
- Power Source: Electric
- Display Condition: New
- Package Quantity: 5 Pack",1,SPECIFICATIONS,1.0,True,True,True,True,1.0,verified
PROD-0105,Finyline,nan,material,PVC,manufacturer_pdf,https://www.manufacturer.com/docs/datasheets/finyline.pdf,"OFFICIAL MANUFACTURER TECHNICAL DATASHEET:
- Part Number: FINYLINE
- Manufacturer: -
- Material Composition: PVC / Aluminum Oxide / High Speed Steel
- Product Dimensions: 1/2 in x 18 in
- Board Length: 12 ft
- Width Profile: 1x6
- Color / Finish: Slate Gray / White / Stainless Steel
- Edge Profile: Grooved
- Wattage Rating: 60W
- Color Temperature: 2700K
- Power Source: Electric
- Display Condition: New
- Package Quantity: 5 Pack",1,SPECIFICATIONS,1.0,True,True,True,True,1.0,verified
PROD-0105,Finyline,nan,width_profile,1x6,manufacturer_pdf,https://www.manufacturer.com/docs/datasheets/finyline.pdf,"OFFICIAL MANUFACTURER TECHNICAL DATASHEET:
- Part Number: FINYLINE
- Manufacturer: -
- Material Composition: PVC / Aluminum Oxide / High Speed Steel
- Product Dimensions: 1/2 in x 18 in
- Board Length: 12 ft
- Width Profile: 1x6
- Color / Finish: Slate Gray / White / Stainless Steel
- Edge Profile: Grooved
- Wattage Rating: 60W
- Color Temperature: 2700K
- Power Source: Electric
- Display Condition: New
- Package Quantity: 5 Pack",1,SPECIFICATIONS,1.0,True,True,True,True,1.0,verified
PROD-0106,Finyline,nan,color,Slate Gray,manufacturer_pdf,https://www.manufacturer.com/docs/datasheets/finyline.pdf,"OFFICIAL MANUFACTURER TECHNICAL DATASHEET:
- Part Number: FINYLINE
- Manufacturer: -
- Material Composition: PVC / Aluminum Oxide / High Speed Steel
- Product Dimensions: 1/2 in x 18 in
- Board Length: 12 ft
- Width Profile: 1x6
- Color / Finish: Slate Gray / White / Stainless Steel
- Edge Profile: Grooved
- Wattage Rating: 60W
- Color Temperature: 2700K
- Power Source: Electric
- Display Condition: New
- Package Quantity: 5 Pack",1,SPECIFICATIONS,1.0,True,True,True,True,1.0,verified
PROD-0106,Finyline,nan,edge_profile,Grooved,manufacturer_pdf,https://www.manufacturer.com/docs/datasheets/finyline.pdf,"OFFICIAL MANUFACTURER TECHNICAL DATASHEET:
- Part Number: FINYLINE
- Manufacturer: -
- Material Composition: PVC / Aluminum Oxide / High Speed Steel
- Product Dimensions: 1/2 in x 18 in
- Board Length: 12 ft
- Width Profile: 1x6
- Color / Finish: Slate Gray / White / Stainless Steel
- Edge Profile: Grooved
- Wattage Rating: 60W
- Color Temperature: 2700K
- Power Source: Electric
- Display Condition: New
- Package Quantity: 5 Pack",1,SPECIFICATIONS,1.0,True,True,True,True,1.0,verified
PROD-0106,Finyline,nan,length,12 ft,manufacturer_pdf,https://www.manufacturer.com/docs/datasheets/finyline.pdf,"OFFICIAL MANUFACTURER TECHNICAL DATASHEET:
- Part Number: FINYLINE
- Manufacturer: -
- Material Composition: PVC / Aluminum Oxide / High Speed Steel
- Product Dimensions: 1/2 in x 18 in
- Board Length: 12 ft
- Width Profile: 1x6
- Color / Finish: Slate Gray / White / Stainless Steel
- Edge Profile: Grooved
- Wattage Rating: 60W
- Color Temperature: 2700K
- Power Source: Electric
- Display Condition: New
- Package Quantity: 5 Pack",1,SPECIFICATIONS,1.0,True,True,True,True,1.0,verified
PROD-0106,Finyline,nan,material,PVC,manufacturer_pdf,https://www.manufacturer.com/docs/datasheets/finyline.pdf,"OFFICIAL MANUFACTURER TECHNICAL DATASHEET:
- Part Number: FINYLINE
- Manufacturer: -
- Material Composition: PVC / Aluminum Oxide / High Speed Steel
- Product Dimensions: 1/2 in x 18 in
- Board Length: 12 ft
- Width Profile: 1x6
- Color / Finish: Slate Gray / White / Stainless Steel
- Edge Profile: Grooved
- Wattage Rating: 60W
- Color Temperature: 2700K
- Power Source: Electric
- Display Condition: New
- Package Quantity: 5 Pack",1,SPECIFICATIONS,1.0,True,True,True,True,1.0,verified
PROD-0106,Finyline,nan,width_profile,1x6,manufacturer_pdf,https://www.manufacturer.com/docs/datasheets/finyline.pdf,"OFFICIAL MANUFACTURER TECHNICAL DATASHEET:
- Part Number: FINYLINE
- Manufacturer: -
- Material Composition: PVC / Aluminum Oxide / High Speed Steel
- Product Dimensions: 1/2 in x 18 in
- Board Length: 12 ft
- Width Profile: 1x6
- Color / Finish: Slate Gray / White / Stainless Steel
- Edge Profile: Grooved
- Wattage Rating: 60W
- Color Temperature: 2700K
- Power Source: Electric
- Display Condition: New
- Package Quantity: 5 Pack",1,SPECIFICATIONS,1.0,True,True,True,True,1.0,verified
PROD-0107,Finyline,nan,color,Slate Gray,manufacturer_pdf,https://www.manufacturer.com/docs/datasheets/finyline.pdf,"OFFICIAL MANUFACTURER TECHNICAL DATASHEET:
- Part Number: FINYLINE
- Manufacturer: -
- Material Composition: PVC / Aluminum Oxide / High Speed Steel
- Product Dimensions: 1/2 in x 18 in
- Board Length: 12 ft
- Width Profile: 1x6
- Color / Finish: Slate Gray / White / Stainless Steel
- Edge Profile: Grooved
- Wattage Rating: 60W
- Color Temperature: 2700K
- Power Source: Electric
- Display Condition: New
- Package Quantity: 5 Pack",1,SPECIFICATIONS,1.0,True,True,True,True,1.0,verified
PROD-0107,Finyline,nan,edge_profile,Grooved,manufacturer_pdf,https://www.manufacturer.com/docs/datasheets/finyline.pdf,"OFFICIAL MANUFACTURER TECHNICAL DATASHEET:
- Part Number: FINYLINE
- Manufacturer: -
- Material Composition: PVC / Aluminum Oxide / High Speed Steel
- Product Dimensions: 1/2 in x 18 in
- Board Length: 12 ft
- Width Profile: 1x6
- Color / Finish: Slate Gray / White / Stainless Steel
- Edge Profile: Grooved
- Wattage Rating: 60W
- Color Temperature: 2700K
- Power Source: Electric
- Display Condition: New
- Package Quantity: 5 Pack",1,SPECIFICATIONS,1.0,True,True,True,True,1.0,verified
PROD-0107,Finyline,nan,length,12 ft,manufacturer_pdf,https://www.manufacturer.com/docs/datasheets/finyline.pdf,"OFFICIAL MANUFACTURER TECHNICAL DATASHEET:
- Part Number: FINYLINE
- Manufacturer: -
- Material Composition: PVC / Aluminum Oxide / High Speed Steel
- Product Dimensions: 1/2 in x 18 in
- Board Length: 12 ft
- Width Profile: 1x6
- Color / Finish: Slate Gray / White / Stainless Steel
- Edge Profile: Grooved
- Wattage Rating: 60W
- Color Temperature: 2700K
- Power Source: Electric
- Display Condition: New
- Package Quantity: 5 Pack",1,SPECIFICATIONS,1.0,True,True,True,True,1.0,verified
PROD-0107,Finyline,nan,material,PVC,manufacturer_pdf,https://www.manufacturer.com/docs/datasheets/finyline.pdf,"OFFICIAL MANUFACTURER TECHNICAL DATASHEET:
- Part Number: FINYLINE
- Manufacturer: -
- Material Composition: PVC / Aluminum Oxide / High Speed Steel
- Product Dimensions: 1/2 in x 18 in
- Board Length: 12 ft
- Width Profile: 1x6
- Color / Finish: Slate Gray / White / Stainless Steel
- Edge Profile: Grooved
- Wattage Rating: 60W
- Color Temperature: 2700K
- Power Source: Electric
- Display Condition: New
- Package Quantity: 5 Pack",1,SPECIFICATIONS,1.0,True,True,True,True,1.0,verified
PROD-0107,Finyline,nan,width_profile,1x6,manufacturer_pdf,https://www.manufacturer.com/docs/datasheets/finyline.pdf,"OFFICIAL MANUFACTURER TECHNICAL DATASHEET:
- Part Number: FINYLINE
- Manufacturer: -
- Material Composition: PVC / Aluminum Oxide / High Speed Steel
- Product Dimensions: 1/2 in x 18 in
- Board Length: 12 ft
- Width Profile: 1x6
- Color / Finish: Slate Gray / White / Stainless Steel
- Edge Profile: Grooved
- Wattage Rating: 60W
- Color Temperature: 2700K
- Power Source: Electric
- Display Condition: New
- Package Quantity: 5 Pack",1,SPECIFICATIONS,1.0,True,True,True,True,1.0,verified
PROD-0108,543300256,Boise Cascade Building Materials,color,Slate Gray,manufacturer_pdf,https://www.boisecascadebuildingmaterials.com/docs/datasheets/543300256.pdf,"OFFICIAL MANUFACTURER TECHNICAL DATASHEET:
- Part Number: 543300256
- Manufacturer: Boise Cascade Building Materials
- Material Composition: PVC / Aluminum Oxide / High Speed Steel
- Product Dimensions: 1/2 in x 18 in
- Board Length: 12 ft
- Width Profile: 1x6
- Color / Finish: Slate Gray / White / Stainless Steel
- Edge Profile: Grooved
- Wattage Rating: 60W
- Color Temperature: 2700K
- Power Source: Electric
- Display Condition: New
- Package Quantity: 5 Pack",1,SPECIFICATIONS,1.0,True,True,True,True,1.0,verified
PROD-0108,543300256,Boise Cascade Building Materials,edge_profile,Grooved,manufacturer_pdf,https://www.boisecascadebuildingmaterials.com/docs/datasheets/543300256.pdf,"OFFICIAL MANUFACTURER TECHNICAL DATASHEET:
- Part Number: 543300256
- Manufacturer: Boise Cascade Building Materials
- Material Composition: PVC / Aluminum Oxide / High Speed Steel
- Product Dimensions: 1/2 in x 18 in
- Board Length: 12 ft
- Width Profile: 1x6
- Color / Finish: Slate Gray / White / Stainless Steel
- Edge Profile: Grooved
- Wattage Rating: 60W
- Color Temperature: 2700K
- Power Source: Electric
- Display Condition: New
- Package Quantity: 5 Pack",1,SPECIFICATIONS,1.0,True,True,True,True,1.0,verified
PROD-0108,543300256,Boise Cascade Building Materials,length,12 ft,manufacturer_pdf,https://www.boisecascadebuildingmaterials.com/docs/datasheets/543300256.pdf,"OFFICIAL MANUFACTURER TECHNICAL DATASHEET:
- Part Number: 543300256
- Manufacturer: Boise Cascade Building Materials
- Material Composition: PVC / Aluminum Oxide / High Speed Steel
- Product Dimensions: 1/2 in x 18 in
- Board Length: 12 ft
- Width Profile: 1x6
- Color / Finish: Slate Gray / White / Stainless Steel
- Edge Profile: Grooved
- Wattage Rating: 60W
- Color Temperature: 2700K
- Power Source: Electric
- Display Condition: New
- Package Quantity: 5 Pack",1,SPECIFICATIONS,1.0,True,True,True,True,1.0,verified
PROD-0108,543300256,Boise Cascade Building Materials,material,PVC,manufacturer_pdf,https://www.boisecascadebuildingmaterials.com/docs/datasheets/543300256.pdf,"OFFICIAL MANUFACTURER TECHNICAL DATASHEET:
- Part Number: 543300256
- Manufacturer: Boise Cascade Building Materials
- Material Composition: PVC / Aluminum Oxide / High Speed Steel
- Product Dimensions: 1/2 in x 18 in
- Board Length: 12 ft
- Width Profile: 1x6
- Color / Finish: Slate Gray / White / Stainless Steel
- Edge Profile: Grooved
- Wattage Rating: 60W
- Color Temperature: 2700K
- Power Source: Electric
- Display Condition: New
- Package Quantity: 5 Pack",1,SPECIFICATIONS,1.0,True,True,True,True,1.0,verified
PROD-0108,543300256,Boise Cascade Building Materials,width_profile,1x6,manufacturer_pdf,https://www.boisecascadebuildingmaterials.com/docs/datasheets/543300256.pdf,"OFFICIAL MANUFACTURER TECHNICAL DATASHEET:
- Part Number: 543300256
- Manufacturer: Boise Cascade Building Materials
- Material Composition: PVC / Aluminum Oxide / High Speed Steel
- Product Dimensions: 1/2 in x 18 in
- Board Length: 12 ft
- Width Profile: 1x6
- Color / Finish: Slate Gray / White / Stainless Steel
- Edge Profile: Grooved
- Wattage Rating: 60W
- Color Temperature: 2700K
- Power Source: Electric
- Display Condition: New
- Package Quantity: 5 Pack",1,SPECIFICATIONS,1.0,True,True,True,True,1.0,verified
PROD-0109,543300276,Boise Cascade Building Materials,color,Slate Gray,manufacturer_pdf,https://www.boisecascadebuildingmaterials.com/docs/datasheets/543300276.pdf,"OFFICIAL MANUFACTURER TECHNICAL DATASHEET:
- Part Number: 543300276
- Manufacturer: Boise Cascade Building Materials
- Material Composition: PVC / Aluminum Oxide / High Speed Steel
- Product Dimensions: 1/2 in x 18 in
- Board Length: 12 ft
- Width Profile: 1x6
- Color / Finish: Slate Gray / White / Stainless Steel
- Edge Profile: Grooved
- Wattage Rating: 60W
- Color Temperature: 2700K
- Power Source: Electric
- Display Condition: New
- Package Quantity: 5 Pack",1,SPECIFICATIONS,1.0,True,True,True,True,1.0,verified
PROD-0109,543300276,Boise Cascade Building Materials,edge_profile,Grooved,manufacturer_pdf,https://www.boisecascadebuildingmaterials.com/docs/datasheets/543300276.pdf,"OFFICIAL MANUFACTURER TECHNICAL DATASHEET:
- Part Number: 543300276
- Manufacturer: Boise Cascade Building Materials
- Material Composition: PVC / Aluminum Oxide / High Speed Steel
- Product Dimensions: 1/2 in x 18 in
- Board Length: 12 ft
- Width Profile: 1x6
- Color / Finish: Slate Gray / White / Stainless Steel
- Edge Profile: Grooved
- Wattage Rating: 60W
- Color Temperature: 2700K
- Power Source: Electric
- Display Condition: New
- Package Quantity: 5 Pack",1,SPECIFICATIONS,1.0,True,True,True,True,1.0,verified
PROD-0109,543300276,Boise Cascade Building Materials,length,12 ft,manufacturer_pdf,https://www.boisecascadebuildingmaterials.com/docs/datasheets/543300276.pdf,"OFFICIAL MANUFACTURER TECHNICAL DATASHEET:
- Part Number: 543300276
- Manufacturer: Boise Cascade Building Materials
- Material Composition: PVC / Aluminum Oxide / High Speed Steel
- Product Dimensions: 1/2 in x 18 in
- Board Length: 12 ft
- Width Profile: 1x6
- Color / Finish: Slate Gray / White / Stainless Steel
- Edge Profile: Grooved
- Wattage Rating: 60W
- Color Temperature: 2700K
- Power Source: Electric
- Display Condition: New
- Package Quantity: 5 Pack",1,SPECIFICATIONS,1.0,True,True,True,True,1.0,verified
PROD-0109,543300276,Boise Cascade Building Materials,material,PVC,manufacturer_pdf,https://www.boisecascadebuildingmaterials.com/docs/datasheets/543300276.pdf,"OFFICIAL MANUFACTURER TECHNICAL DATASHEET:
- Part Number: 543300276
- Manufacturer: Boise Cascade Building Materials
- Material Composition: PVC / Aluminum Oxide / High Speed Steel
- Product Dimensions: 1/2 in x 18 in
- Board Length: 12 ft
- Width Profile: 1x6
- Color / Finish: Slate Gray / White / Stainless Steel
- Edge Profile: Grooved
- Wattage Rating: 60W
- Color Temperature: 2700K
- Power Source: Electric
- Display Condition: New
- Package Quantity: 5 Pack",1,SPECIFICATIONS,1.0,True,True,True,True,1.0,verified
PROD-0109,543300276,Boise Cascade Building Materials,width_profile,1x6,manufacturer_pdf,https://www.boisecascadebuildingmaterials.com/docs/datasheets/543300276.pdf,"OFFICIAL MANUFACTURER TECHNICAL DATASHEET:
- Part Number: 543300276
- Manufacturer: Boise Cascade Building Materials
- Material Composition: PVC / Aluminum Oxide / High Speed Steel
- Product Dimensions: 1/2 in x 18 in
- Board Length: 12 ft
- Width Profile: 1x6
- Color / Finish: Slate Gray / White / Stainless Steel
- Edge Profile: Grooved
- Wattage Rating: 60W
- Color Temperature: 2700K
- Power Source: Electric
- Display Condition: New
- Package Quantity: 5 Pack",1,SPECIFICATIONS,1.0,True,True,True,True,1.0,verified
PROD-0110,Custom,nan,color,Slate Gray,manufacturer_pdf,https://www.manufacturer.com/docs/datasheets/custom.pdf,"OFFICIAL MANUFACTURER TECHNICAL DATASHEET:
- Part Number: CUSTOM
- Manufacturer: -
- Material Composition: PVC / Aluminum Oxide / High Speed Steel
- Product Dimensions: 1/2 in x 18 in
- Board Length: 12 ft
- Width Profile: 1x6
- Color / Finish: Slate Gray / White / Stainless Steel
- Edge Profile: Grooved
- Wattage Rating: 60W
- Color Temperature: 2700K
- Power Source: Electric
- Display Condition: New
- Package Quantity: 5 Pack",1,SPECIFICATIONS,1.0,True,True,True,True,1.0,verified
PROD-0110,Custom,nan,edge_profile,Grooved,manufacturer_pdf,https://www.manufacturer.com/docs/datasheets/custom.pdf,"OFFICIAL MANUFACTURER TECHNICAL DATASHEET:
- Part Number: CUSTOM
- Manufacturer: -
- Material Composition: PVC / Aluminum Oxide / High Speed Steel
- Product Dimensions: 1/2 in x 18 in
- Board Length: 12 ft
- Width Profile: 1x6
- Color / Finish: Slate Gray / White / Stainless Steel
- Edge Profile: Grooved
- Wattage Rating: 60W
- Color Temperature: 2700K
- Power Source: Electric
- Display Condition: New
- Package Quantity: 5 Pack",1,SPECIFICATIONS,1.0,True,True,True,True,1.0,verified
PROD-0110,Custom,nan,length,12 ft,manufacturer_pdf,https://www.manufacturer.com/docs/datasheets/custom.pdf,"OFFICIAL MANUFACTURER TECHNICAL DATASHEET:
- Part Number: CUSTOM
- Manufacturer: -
- Material Composition: PVC / Aluminum Oxide / High Speed Steel
- Product Dimensions: 1/2 in x 18 in
- Board Length: 12 ft
- Width Profile: 1x6
- Color / Finish: Slate Gray / White / Stainless Steel
- Edge Profile: Grooved
- Wattage Rating: 60W
- Color Temperature: 2700K
- Power Source: Electric
- Display Condition: New
- Package Quantity: 5 Pack",1,SPECIFICATIONS,1.0,True,True,True,True,1.0,verified
PROD-0110,Custom,nan,material,PVC,manufacturer_pdf,https://www.manufacturer.com/docs/datasheets/custom.pdf,"OFFICIAL MANUFACTURER TECHNICAL DATASHEET:
- Part Number: CUSTOM
- Manufacturer: -
- Material Composition: PVC / Aluminum Oxide / High Speed Steel
- Product Dimensions: 1/2 in x 18 in
- Board Length: 12 ft
- Width Profile: 1x6
- Color / Finish: Slate Gray / White / Stainless Steel
- Edge Profile: Grooved
- Wattage Rating: 60W
- Color Temperature: 2700K
- Power Source: Electric
- Display Condition: New
- Package Quantity: 5 Pack",1,SPECIFICATIONS,1.0,True,True,True,True,1.0,verified
PROD-0110,Custom,nan,width_profile,1x6,manufacturer_pdf,https://www.manufacturer.com/docs/datasheets/custom.pdf,"OFFICIAL MANUFACTURER TECHNICAL DATASHEET:
- Part Number: CUSTOM
- Manufacturer: -
- Material Composition: PVC / Aluminum Oxide / High Speed Steel
- Product Dimensions: 1/2 in x 18 in
- Board Length: 12 ft
- Width Profile: 1x6
- Color / Finish: Slate Gray / White / Stainless Steel
- Edge Profile: Grooved
- Wattage Rating: 60W
- Color Temperature: 2700K
- Power Source: Electric
- Display Condition: New
- Package Quantity: 5 Pack",1,SPECIFICATIONS,1.0,True,True,True,True,1.0,verified
PROD-0111,Custom,nan,color,Slate Gray,manufacturer_pdf,https://www.manufacturer.com/docs/datasheets/custom.pdf,"OFFICIAL MANUFACTURER TECHNICAL DATASHEET:
- Part Number: CUSTOM
- Manufacturer: -
- Material Composition: PVC / Aluminum Oxide / High Speed Steel
- Product Dimensions: 1/2 in x 18 in
- Board Length: 12 ft
- Width Profile: 1x6
- Color / Finish: Slate Gray / White / Stainless Steel
- Edge Profile: Grooved
- Wattage Rating: 60W
- Color Temperature: 2700K
- Power Source: Electric
- Display Condition: New
- Package Quantity: 5 Pack",1,SPECIFICATIONS,1.0,True,True,True,True,1.0,verified
PROD-0111,Custom,nan,edge_profile,Grooved,manufacturer_pdf,https://www.manufacturer.com/docs/datasheets/custom.pdf,"OFFICIAL MANUFACTURER TECHNICAL DATASHEET:
- Part Number: CUSTOM
- Manufacturer: -
- Material Composition: PVC / Aluminum Oxide / High Speed Steel
- Product Dimensions: 1/2 in x 18 in
- Board Length: 12 ft
- Width Profile: 1x6
- Color / Finish: Slate Gray / White / Stainless Steel
- Edge Profile: Grooved
- Wattage Rating: 60W
- Color Temperature: 2700K
- Power Source: Electric
- Display Condition: New
- Package Quantity: 5 Pack",1,SPECIFICATIONS,1.0,True,True,True,True,1.0,verified
PROD-0111,Custom,nan,length,12 ft,manufacturer_pdf,https://www.manufacturer.com/docs/datasheets/custom.pdf,"OFFICIAL MANUFACTURER TECHNICAL DATASHEET:
- Part Number: CUSTOM
- Manufacturer: -
- Material Composition: PVC / Aluminum Oxide / High Speed Steel
- Product Dimensions: 1/2 in x 18 in
- Board Length: 12 ft
- Width Profile: 1x6
- Color / Finish: Slate Gray / White / Stainless Steel
- Edge Profile: Grooved
- Wattage Rating: 60W
- Color Temperature: 2700K
- Power Source: Electric
- Display Condition: New
- Package Quantity: 5 Pack",1,SPECIFICATIONS,1.0,True,True,True,True,1.0,verified
PROD-0111,Custom,nan,material,PVC,manufacturer_pdf,https://www.manufacturer.com/docs/datasheets/custom.pdf,"OFFICIAL MANUFACTURER TECHNICAL DATASHEET:
- Part Number: CUSTOM
- Manufacturer: -
- Material Composition: PVC / Aluminum Oxide / High Speed Steel
- Product Dimensions: 1/2 in x 18 in
- Board Length: 12 ft
- Width Profile: 1x6
- Color / Finish: Slate Gray / White / Stainless Steel
- Edge Profile: Grooved
- Wattage Rating: 60W
- Color Temperature: 2700K
- Power Source: Electric
- Display Condition: New
- Package Quantity: 5 Pack",1,SPECIFICATIONS,1.0,True,True,True,True,1.0,verified
PROD-0111,Custom,nan,width_profile,1x6,manufacturer_pdf,https://www.manufacturer.com/docs/datasheets/custom.pdf,"OFFICIAL MANUFACTURER TECHNICAL DATASHEET:
- Part Number: CUSTOM
- Manufacturer: -
- Material Composition: PVC / Aluminum Oxide / High Speed Steel
- Product Dimensions: 1/2 in x 18 in
- Board Length: 12 ft
- Width Profile: 1x6
- Color / Finish: Slate Gray / White / Stainless Steel
- Edge Profile: Grooved
- Wattage Rating: 60W
- Color Temperature: 2700K
- Power Source: Electric
- Display Condition: New
- Package Quantity: 5 Pack",1,SPECIFICATIONS,1.0,True,True,True,True,1.0,verified
PROD-0112,543340126,Boise Cascade Building Materials,color,Slate Gray,manufacturer_pdf,https://www.boisecascadebuildingmaterials.com/docs/datasheets/543340126.pdf,"OFFICIAL MANUFACTURER TECHNICAL DATASHEET:
- Part Number: 543340126
- Manufacturer: Boise Cascade Building Materials
- Material Composition: PVC / Aluminum Oxide / High Speed Steel
- Product Dimensions: 1/2 in x 18 in
- Board Length: 12 ft
- Width Profile: 1x6
- Color / Finish: Slate Gray / White / Stainless Steel
- Edge Profile: Grooved
- Wattage Rating: 60W
- Color Temperature: 2700K
- Power Source: Electric
- Display Condition: New
- Package Quantity: 5 Pack",1,SPECIFICATIONS,1.0,True,True,True,True,1.0,verified
PROD-0112,543340126,Boise Cascade Building Materials,edge_profile,Grooved,manufacturer_pdf,https://www.boisecascadebuildingmaterials.com/docs/datasheets/543340126.pdf,"OFFICIAL MANUFACTURER TECHNICAL DATASHEET:
- Part Number: 543340126
- Manufacturer: Boise Cascade Building Materials
- Material Composition: PVC / Aluminum Oxide / High Speed Steel
- Product Dimensions: 1/2 in x 18 in
- Board Length: 12 ft
- Width Profile: 1x6
- Color / Finish: Slate Gray / White / Stainless Steel
- Edge Profile: Grooved
- Wattage Rating: 60W
- Color Temperature: 2700K
- Power Source: Electric
- Display Condition: New
- Package Quantity: 5 Pack",1,SPECIFICATIONS,1.0,True,True,True,True,1.0,verified
PROD-0112,543340126,Boise Cascade Building Materials,length,12 ft,manufacturer_pdf,https://www.boisecascadebuildingmaterials.com/docs/datasheets/543340126.pdf,"OFFICIAL MANUFACTURER TECHNICAL DATASHEET:
- Part Number: 543340126
- Manufacturer: Boise Cascade Building Materials
- Material Composition: PVC / Aluminum Oxide / High Speed Steel
- Product Dimensions: 1/2 in x 18 in
- Board Length: 12 ft
- Width Profile: 1x6
- Color / Finish: Slate Gray / White / Stainless Steel
- Edge Profile: Grooved
- Wattage Rating: 60W
- Color Temperature: 2700K
- Power Source: Electric
- Display Condition: New
- Package Quantity: 5 Pack",1,SPECIFICATIONS,1.0,True,True,True,True,1.0,verified
PROD-0112,543340126,Boise Cascade Building Materials,material,PVC,manufacturer_pdf,https://www.boisecascadebuildingmaterials.com/docs/datasheets/543340126.pdf,"OFFICIAL MANUFACTURER TECHNICAL DATASHEET:
- Part Number: 543340126
- Manufacturer: Boise Cascade Building Materials
- Material Composition: PVC / Aluminum Oxide / High Speed Steel
- Product Dimensions: 1/2 in x 18 in
- Board Length: 12 ft
- Width Profile: 1x6
- Color / Finish: Slate Gray / White / Stainless Steel
- Edge Profile: Grooved
- Wattage Rating: 60W
- Color Temperature: 2700K
- Power Source: Electric
- Display Condition: New
- Package Quantity: 5 Pack",1,SPECIFICATIONS,1.0,True,True,True,True,1.0,verified
PROD-0112,543340126,Boise Cascade Building Materials,width_profile,1x6,manufacturer_pdf,https://www.boisecascadebuildingmaterials.com/docs/datasheets/543340126.pdf,"OFFICIAL MANUFACTURER TECHNICAL DATASHEET:
- Part Number: 543340126
- Manufacturer: Boise Cascade Building Materials
- Material Composition: PVC / Aluminum Oxide / High Speed Steel
- Product Dimensions: 1/2 in x 18 in
- Board Length: 12 ft
- Width Profile: 1x6
- Color / Finish: Slate Gray / White / Stainless Steel
- Edge Profile: Grooved
- Wattage Rating: 60W
- Color Temperature: 2700K
- Power Source: Electric
- Display Condition: New
- Package Quantity: 5 Pack",1,SPECIFICATIONS,1.0,True,True,True,True,1.0,verified
PROD-0113,543340127,Boise Cascade Building Materials,color,Slate Gray,manufacturer_pdf,https://www.boisecascadebuildingmaterials.com/docs/datasheets/543340127.pdf,"OFFICIAL MANUFACTURER TECHNICAL DATASHEET:
- Part Number: 543340127
- Manufacturer: Boise Cascade Building Materials
- Material Composition: PVC / Aluminum Oxide / High Speed Steel
- Product Dimensions: 1/2 in x 18 in
- Board Length: 12 ft
- Width Profile: 1x6
- Color / Finish: Slate Gray / White / Stainless Steel
- Edge Profile: Grooved
- Wattage Rating: 60W
- Color Temperature: 2700K
- Power Source: Electric
- Display Condition: New
- Package Quantity: 5 Pack",1,SPECIFICATIONS,1.0,True,True,True,True,1.0,verified
PROD-0113,543340127,Boise Cascade Building Materials,edge_profile,Grooved,manufacturer_pdf,https://www.boisecascadebuildingmaterials.com/docs/datasheets/543340127.pdf,"OFFICIAL MANUFACTURER TECHNICAL DATASHEET:
- Part Number: 543340127
- Manufacturer: Boise Cascade Building Materials
- Material Composition: PVC / Aluminum Oxide / High Speed Steel
- Product Dimensions: 1/2 in x 18 in
- Board Length: 12 ft
- Width Profile: 1x6
- Color / Finish: Slate Gray / White / Stainless Steel
- Edge Profile: Grooved
- Wattage Rating: 60W
- Color Temperature: 2700K
- Power Source: Electric
- Display Condition: New
- Package Quantity: 5 Pack",1,SPECIFICATIONS,1.0,True,True,True,True,1.0,verified
PROD-0113,543340127,Boise Cascade Building Materials,length,12 ft,manufacturer_pdf,https://www.boisecascadebuildingmaterials.com/docs/datasheets/543340127.pdf,"OFFICIAL MANUFACTURER TECHNICAL DATASHEET:
- Part Number: 543340127
- Manufacturer: Boise Cascade Building Materials
- Material Composition: PVC / Aluminum Oxide / High Speed Steel
- Product Dimensions: 1/2 in x 18 in
- Board Length: 12 ft
- Width Profile: 1x6
- Color / Finish: Slate Gray / White / Stainless Steel
- Edge Profile: Grooved
- Wattage Rating: 60W
- Color Temperature: 2700K
- Power Source: Electric
- Display Condition: New
- Package Quantity: 5 Pack",1,SPECIFICATIONS,1.0,True,True,True,True,1.0,verified
PROD-0113,543340127,Boise Cascade Building Materials,material,PVC,manufacturer_pdf,https://www.boisecascadebuildingmaterials.com/docs/datasheets/543340127.pdf,"OFFICIAL MANUFACTURER TECHNICAL DATASHEET:
- Part Number: 543340127
- Manufacturer: Boise Cascade Building Materials
- Material Composition: PVC / Aluminum Oxide / High Speed Steel
- Product Dimensions: 1/2 in x 18 in
- Board Length: 12 ft
- Width Profile: 1x6
- Color / Finish: Slate Gray / White / Stainless Steel
- Edge Profile: Grooved
- Wattage Rating: 60W
- Color Temperature: 2700K
- Power Source: Electric
- Display Condition: New
- Package Quantity: 5 Pack",1,SPECIFICATIONS,1.0,True,True,True,True,1.0,verified
PROD-0113,543340127,Boise Cascade Building Materials,width_profile,1x6,manufacturer_pdf,https://www.boisecascadebuildingmaterials.com/docs/datasheets/543340127.pdf,"OFFICIAL MANUFACTURER TECHNICAL DATASHEET:
- Part Number: 543340127
- Manufacturer: Boise Cascade Building Materials
- Material Composition: PVC / Aluminum Oxide / High Speed Steel
- Product Dimensions: 1/2 in x 18 in
- Board Length: 12 ft
- Width Profile: 1x6
- Color / Finish: Slate Gray / White / Stainless Steel
- Edge Profile: Grooved
- Wattage Rating: 60W
- Color Temperature: 2700K
- Power Source: Electric
- Display Condition: New
- Package Quantity: 5 Pack",1,SPECIFICATIONS,1.0,True,True,True,True,1.0,verified
PROD-0114,543340146,Boise Cascade Building Materials,color,Slate Gray,manufacturer_pdf,https://www.boisecascadebuildingmaterials.com/docs/datasheets/543340146.pdf,"OFFICIAL MANUFACTURER TECHNICAL DATASHEET:
- Part Number: 543340146
- Manufacturer: Boise Cascade Building Materials
- Material Composition: PVC / Aluminum Oxide / High Speed Steel
- Product Dimensions: 1/2 in x 18 in
- Board Length: 12 ft
- Width Profile: 1x6
- Color / Finish: Slate Gray / White / Stainless Steel
- Edge Profile: Grooved
- Wattage Rating: 60W
- Color Temperature: 2700K
- Power Source: Electric
- Display Condition: New
- Package Quantity: 5 Pack",1,SPECIFICATIONS,1.0,True,True,True,True,1.0,verified
PROD-0114,543340146,Boise Cascade Building Materials,edge_profile,Grooved,manufacturer_pdf,https://www.boisecascadebuildingmaterials.com/docs/datasheets/543340146.pdf,"OFFICIAL MANUFACTURER TECHNICAL DATASHEET:
- Part Number: 543340146
- Manufacturer: Boise Cascade Building Materials
- Material Composition: PVC / Aluminum Oxide / High Speed Steel
- Product Dimensions: 1/2 in x 18 in
- Board Length: 12 ft
- Width Profile: 1x6
- Color / Finish: Slate Gray / White / Stainless Steel
- Edge Profile: Grooved
- Wattage Rating: 60W
- Color Temperature: 2700K
- Power Source: Electric
- Display Condition: New
- Package Quantity: 5 Pack",1,SPECIFICATIONS,1.0,True,True,True,True,1.0,verified
PROD-0114,543340146,Boise Cascade Building Materials,length,12 ft,manufacturer_pdf,https://www.boisecascadebuildingmaterials.com/docs/datasheets/543340146.pdf,"OFFICIAL MANUFACTURER TECHNICAL DATASHEET:
- Part Number: 543340146
- Manufacturer: Boise Cascade Building Materials
- Material Composition: PVC / Aluminum Oxide / High Speed Steel
- Product Dimensions: 1/2 in x 18 in
- Board Length: 12 ft
- Width Profile: 1x6
- Color / Finish: Slate Gray / White / Stainless Steel
- Edge Profile: Grooved
- Wattage Rating: 60W
- Color Temperature: 2700K
- Power Source: Electric
- Display Condition: New
- Package Quantity: 5 Pack",1,SPECIFICATIONS,1.0,True,True,True,True,1.0,verified
PROD-0114,543340146,Boise Cascade Building Materials,material,PVC,manufacturer_pdf,https://www.boisecascadebuildingmaterials.com/docs/datasheets/543340146.pdf,"OFFICIAL MANUFACTURER TECHNICAL DATASHEET:
- Part Number: 543340146
- Manufacturer: Boise Cascade Building Materials
- Material Composition: PVC / Aluminum Oxide / High Speed Steel
- Product Dimensions: 1/2 in x 18 in
- Board Length: 12 ft
- Width Profile: 1x6
- Color / Finish: Slate Gray / White / Stainless Steel
- Edge Profile: Grooved
- Wattage Rating: 60W
- Color Temperature: 2700K
- Power Source: Electric
- Display Condition: New
- Package Quantity: 5 Pack",1,SPECIFICATIONS,1.0,True,True,True,True,1.0,verified
PROD-0114,543340146,Boise Cascade Building Materials,width_profile,1x6,manufacturer_pdf,https://www.boisecascadebuildingmaterials.com/docs/datasheets/543340146.pdf,"OFFICIAL MANUFACTURER TECHNICAL DATASHEET:
- Part Number: 543340146
- Manufacturer: Boise Cascade Building Materials
- Material Composition: PVC / Aluminum Oxide / High Speed Steel
- Product Dimensions: 1/2 in x 18 in
- Board Length: 12 ft
- Width Profile: 1x6
- Color / Finish: Slate Gray / White / Stainless Steel
- Edge Profile: Grooved
- Wattage Rating: 60W
- Color Temperature: 2700K
- Power Source: Electric
- Display Condition: New
- Package Quantity: 5 Pack",1,SPECIFICATIONS,1.0,True,True,True,True,1.0,verified
PROD-0115,543340147,Boise Cascade Building Materials,color,Slate Gray,manufacturer_pdf,https://www.boisecascadebuildingmaterials.com/docs/datasheets/543340147.pdf,"OFFICIAL MANUFACTURER TECHNICAL DATASHEET:
- Part Number: 543340147
- Manufacturer: Boise Cascade Building Materials
- Material Composition: PVC / Aluminum Oxide / High Speed Steel
- Product Dimensions: 1/2 in x 18 in
- Board Length: 12 ft
- Width Profile: 1x6
- Color / Finish: Slate Gray / White / Stainless Steel
- Edge Profile: Grooved
- Wattage Rating: 60W
- Color Temperature: 2700K
- Power Source: Electric
- Display Condition: New
- Package Quantity: 5 Pack",1,SPECIFICATIONS,1.0,True,True,True,True,1.0,verified
PROD-0115,543340147,Boise Cascade Building Materials,edge_profile,Grooved,manufacturer_pdf,https://www.boisecascadebuildingmaterials.com/docs/datasheets/543340147.pdf,"OFFICIAL MANUFACTURER TECHNICAL DATASHEET:
- Part Number: 543340147
- Manufacturer: Boise Cascade Building Materials
- Material Composition: PVC / Aluminum Oxide / High Speed Steel
- Product Dimensions: 1/2 in x 18 in
- Board Length: 12 ft
- Width Profile: 1x6
- Color / Finish: Slate Gray / White / Stainless Steel
- Edge Profile: Grooved
- Wattage Rating: 60W
- Color Temperature: 2700K
- Power Source: Electric
- Display Condition: New
- Package Quantity: 5 Pack",1,SPECIFICATIONS,1.0,True,True,True,True,1.0,verified
PROD-0115,543340147,Boise Cascade Building Materials,length,12 ft,manufacturer_pdf,https://www.boisecascadebuildingmaterials.com/docs/datasheets/543340147.pdf,"OFFICIAL MANUFACTURER TECHNICAL DATASHEET:
- Part Number: 543340147
- Manufacturer: Boise Cascade Building Materials
- Material Composition: PVC / Aluminum Oxide / High Speed Steel
- Product Dimensions: 1/2 in x 18 in
- Board Length: 12 ft
- Width Profile: 1x6
- Color / Finish: Slate Gray / White / Stainless Steel
- Edge Profile: Grooved
- Wattage Rating: 60W
- Color Temperature: 2700K
- Power Source: Electric
- Display Condition: New
- Package Quantity: 5 Pack",1,SPECIFICATIONS,1.0,True,True,True,True,1.0,verified
PROD-0115,543340147,Boise Cascade Building Materials,material,PVC,manufacturer_pdf,https://www.boisecascadebuildingmaterials.com/docs/datasheets/543340147.pdf,"OFFICIAL MANUFACTURER TECHNICAL DATASHEET:
- Part Number: 543340147
- Manufacturer: Boise Cascade Building Materials
- Material Composition: PVC / Aluminum Oxide / High Speed Steel
- Product Dimensions: 1/2 in x 18 in
- Board Length: 12 ft
- Width Profile: 1x6
- Color / Finish: Slate Gray / White / Stainless Steel
- Edge Profile: Grooved
- Wattage Rating: 60W
- Color Temperature: 2700K
- Power Source: Electric
- Display Condition: New
- Package Quantity: 5 Pack",1,SPECIFICATIONS,1.0,True,True,True,True,1.0,verified
PROD-0115,543340147,Boise Cascade Building Materials,width_profile,1x6,manufacturer_pdf,https://www.boisecascadebuildingmaterials.com/docs/datasheets/543340147.pdf,"OFFICIAL MANUFACTURER TECHNICAL DATASHEET:
- Part Number: 543340147
- Manufacturer: Boise Cascade Building Materials
- Material Composition: PVC / Aluminum Oxide / High Speed Steel
- Product Dimensions: 1/2 in x 18 in
- Board Length: 12 ft
- Width Profile: 1x6
- Color / Finish: Slate Gray / White / Stainless Steel
- Edge Profile: Grooved
- Wattage Rating: 60W
- Color Temperature: 2700K
- Power Source: Electric
- Display Condition: New
- Package Quantity: 5 Pack",1,SPECIFICATIONS,1.0,True,True,True,True,1.0,verified
PROD-0116,ADB15516CS,Parksite,color,Slate Gray,manufacturer_pdf,https://www.parksite.com/docs/datasheets/adb15516cs.pdf,"OFFICIAL MANUFACTURER TECHNICAL DATASHEET:
- Part Number: ADB15516CS
- Manufacturer: Parksite
- Material Composition: PVC / Aluminum Oxide / High Speed Steel
- Product Dimensions: 1/2 in x 18 in
- Board Length: 12 ft
- Width Profile: 1x6
- Color / Finish: Slate Gray / White / Stainless Steel
- Edge Profile: Grooved
- Wattage Rating: 60W
- Color Temperature: 2700K
- Power Source: Electric
- Display Condition: New
- Package Quantity: 5 Pack",1,SPECIFICATIONS,1.0,True,True,True,True,1.0,verified
PROD-0116,ADB15516CS,Parksite,edge_profile,Grooved,manufacturer_pdf,https://www.parksite.com/docs/datasheets/adb15516cs.pdf,"OFFICIAL MANUFACTURER TECHNICAL DATASHEET:
- Part Number: ADB15516CS
- Manufacturer: Parksite
- Material Composition: PVC / Aluminum Oxide / High Speed Steel
- Product Dimensions: 1/2 in x 18 in
- Board Length: 12 ft
- Width Profile: 1x6
- Color / Finish: Slate Gray / White / Stainless Steel
- Edge Profile: Grooved
- Wattage Rating: 60W
- Color Temperature: 2700K
- Power Source: Electric
- Display Condition: New
- Package Quantity: 5 Pack",1,SPECIFICATIONS,1.0,True,True,True,True,1.0,verified
PROD-0116,ADB15516CS,Parksite,length,12 ft,manufacturer_pdf,https://www.parksite.com/docs/datasheets/adb15516cs.pdf,"OFFICIAL MANUFACTURER TECHNICAL DATASHEET:
- Part Number: ADB15516CS
- Manufacturer: Parksite
- Material Composition: PVC / Aluminum Oxide / High Speed Steel
- Product Dimensions: 1/2 in x 18 in
- Board Length: 12 ft
- Width Profile: 1x6
- Color / Finish: Slate Gray / White / Stainless Steel
- Edge Profile: Grooved
- Wattage Rating: 60W
- Color Temperature: 2700K
- Power Source: Electric
- Display Condition: New
- Package Quantity: 5 Pack",1,SPECIFICATIONS,1.0,True,True,True,True,1.0,verified
PROD-0116,ADB15516CS,Parksite,width_profile,1x6,manufacturer_pdf,https://www.parksite.com/docs/datasheets/adb15516cs.pdf,"OFFICIAL MANUFACTURER TECHNICAL DATASHEET:
- Part Number: ADB15516CS
- Manufacturer: Parksite
- Material Composition: PVC / Aluminum Oxide / High Speed Steel
- Product Dimensions: 1/2 in x 18 in
- Board Length: 12 ft
- Width Profile: 1x6
- Color / Finish: Slate Gray / White / Stainless Steel
- Edge Profile: Grooved
- Wattage Rating: 60W
- Color Temperature: 2700K
- Power Source: Electric
- Display Condition: New
- Package Quantity: 5 Pack",1,SPECIFICATIONS,1.0,True,True,True,True,1.0,verified
PROD-0117,ADB15520CS,Parksite,color,Slate Gray,manufacturer_pdf,https://www.parksite.com/docs/datasheets/adb15520cs.pdf,"OFFICIAL MANUFACTURER TECHNICAL DATASHEET:
- Part Number: ADB15520CS
- Manufacturer: Parksite
- Material Composition: PVC / Aluminum Oxide / High Speed Steel
- Product Dimensions: 1/2 in x 18 in
- Board Length: 12 ft
- Width Profile: 1x6
- Color / Finish: Slate Gray / White / Stainless Steel
- Edge Profile: Grooved
- Wattage Rating: 60W
- Color Temperature: 2700K
- Power Source: Electric
- Display Condition: New
- Package Quantity: 5 Pack",1,SPECIFICATIONS,1.0,True,True,True,True,1.0,verified
PROD-0117,ADB15520CS,Parksite,edge_profile,Grooved,manufacturer_pdf,https://www.parksite.com/docs/datasheets/adb15520cs.pdf,"OFFICIAL MANUFACTURER TECHNICAL DATASHEET:
- Part Number: ADB15520CS
- Manufacturer: Parksite
- Material Composition: PVC / Aluminum Oxide / High Speed Steel
- Product Dimensions: 1/2 in x 18 in
- Board Length: 12 ft
- Width Profile: 1x6
- Color / Finish: Slate Gray / White / Stainless Steel
- Edge Profile: Grooved
- Wattage Rating: 60W
- Color Temperature: 2700K
- Power Source: Electric
- Display Condition: New
- Package Quantity: 5 Pack",1,SPECIFICATIONS,1.0,True,True,True,True,1.0,verified
PROD-0117,ADB15520CS,Parksite,length,12 ft,manufacturer_pdf,https://www.parksite.com/docs/datasheets/adb15520cs.pdf,"OFFICIAL MANUFACTURER TECHNICAL DATASHEET:
- Part Number: ADB15520CS
- Manufacturer: Parksite
- Material Composition: PVC / Aluminum Oxide / High Speed Steel
- Product Dimensions: 1/2 in x 18 in
- Board Length: 12 ft
- Width Profile: 1x6
- Color / Finish: Slate Gray / White / Stainless Steel
- Edge Profile: Grooved
- Wattage Rating: 60W
- Color Temperature: 2700K
- Power Source: Electric
- Display Condition: New
- Package Quantity: 5 Pack",1,SPECIFICATIONS,1.0,True,True,True,True,1.0,verified
PROD-0117,ADB15520CS,Parksite,width_profile,1x6,manufacturer_pdf,https://www.parksite.com/docs/datasheets/adb15520cs.pdf,"OFFICIAL MANUFACTURER TECHNICAL DATASHEET:
- Part Number: ADB15520CS
- Manufacturer: Parksite
- Material Composition: PVC / Aluminum Oxide / High Speed Steel
- Product Dimensions: 1/2 in x 18 in
- Board Length: 12 ft
- Width Profile: 1x6
- Color / Finish: Slate Gray / White / Stainless Steel
- Edge Profile: Grooved
- Wattage Rating: 60W
- Color Temperature: 2700K
- Power Source: Electric
- Display Condition: New
- Package Quantity: 5 Pack",1,SPECIFICATIONS,1.0,True,True,True,True,1.0,verified
PROD-0118,ADB15516EW,Parksite,color,Slate Gray,manufacturer_pdf,https://www.parksite.com/docs/datasheets/adb15516ew.pdf,"OFFICIAL MANUFACTURER TECHNICAL DATASHEET:
- Part Number: ADB15516EW
- Manufacturer: Parksite
- Material Composition: PVC / Aluminum Oxide / High Speed Steel
- Product Dimensions: 1/2 in x 18 in
- Board Length: 12 ft
- Width Profile: 1x6
- Color / Finish: Slate Gray / White / Stainless Steel
- Edge Profile: Grooved
- Wattage Rating: 60W
- Color Temperature: 2700K
- Power Source: Electric
- Display Condition: New
- Package Quantity: 5 Pack",1,SPECIFICATIONS,1.0,True,True,True,True,1.0,verified
PROD-0118,ADB15516EW,Parksite,edge_profile,Grooved,manufacturer_pdf,https://www.parksite.com/docs/datasheets/adb15516ew.pdf,"OFFICIAL MANUFACTURER TECHNICAL DATASHEET:
- Part Number: ADB15516EW
- Manufacturer: Parksite
- Material Composition: PVC / Aluminum Oxide / High Speed Steel
- Product Dimensions: 1/2 in x 18 in
- Board Length: 12 ft
- Width Profile: 1x6
- Color / Finish: Slate Gray / White / Stainless Steel
- Edge Profile: Grooved
- Wattage Rating: 60W
- Color Temperature: 2700K
- Power Source: Electric
- Display Condition: New
- Package Quantity: 5 Pack",1,SPECIFICATIONS,1.0,True,True,True,True,1.0,verified
PROD-0118,ADB15516EW,Parksite,length,12 ft,manufacturer_pdf,https://www.parksite.com/docs/datasheets/adb15516ew.pdf,"OFFICIAL MANUFACTURER TECHNICAL DATASHEET:
- Part Number: ADB15516EW
- Manufacturer: Parksite
- Material Composition: PVC / Aluminum Oxide / High Speed Steel
- Product Dimensions: 1/2 in x 18 in
- Board Length: 12 ft
- Width Profile: 1x6
- Color / Finish: Slate Gray / White / Stainless Steel
- Edge Profile: Grooved
- Wattage Rating: 60W
- Color Temperature: 2700K
- Power Source: Electric
- Display Condition: New
- Package Quantity: 5 Pack",1,SPECIFICATIONS,1.0,True,True,True,True,1.0,verified
PROD-0118,ADB15516EW,Parksite,width_profile,1x6,manufacturer_pdf,https://www.parksite.com/docs/datasheets/adb15516ew.pdf,"OFFICIAL MANUFACTURER TECHNICAL DATASHEET:
- Part Number: ADB15516EW
- Manufacturer: Parksite
- Material Composition: PVC / Aluminum Oxide / High Speed Steel
- Product Dimensions: 1/2 in x 18 in
- Board Length: 12 ft
- Width Profile: 1x6
- Color / Finish: Slate Gray / White / Stainless Steel
- Edge Profile: Grooved
- Wattage Rating: 60W
- Color Temperature: 2700K
- Power Source: Electric
- Display Condition: New
- Package Quantity: 5 Pack",1,SPECIFICATIONS,1.0,True,True,True,True,1.0,verified
PROD-0119,ADB15520EW,Parksite,color,Slate Gray,manufacturer_pdf,https://www.parksite.com/docs/datasheets/adb15520ew.pdf,"OFFICIAL MANUFACTURER TECHNICAL DATASHEET:
- Part Number: ADB15520EW
- Manufacturer: Parksite
- Material Composition: PVC / Aluminum Oxide / High Speed Steel
- Product Dimensions: 1/2 in x 18 in
- Board Length: 12 ft
- Width Profile: 1x6
- Color / Finish: Slate Gray / White / Stainless Steel
- Edge Profile: Grooved
- Wattage Rating: 60W
- Color Temperature: 2700K
- Power Source: Electric
- Display Condition: New
- Package Quantity: 5 Pack",1,SPECIFICATIONS,1.0,True,True,True,True,1.0,verified
PROD-0119,ADB15520EW,Parksite,edge_profile,Grooved,manufacturer_pdf,https://www.parksite.com/docs/datasheets/adb15520ew.pdf,"OFFICIAL MANUFACTURER TECHNICAL DATASHEET:
- Part Number: ADB15520EW
- Manufacturer: Parksite
- Material Composition: PVC / Aluminum Oxide / High Speed Steel
- Product Dimensions: 1/2 in x 18 in
- Board Length: 12 ft
- Width Profile: 1x6
- Color / Finish: Slate Gray / White / Stainless Steel
- Edge Profile: Grooved
- Wattage Rating: 60W
- Color Temperature: 2700K
- Power Source: Electric
- Display Condition: New
- Package Quantity: 5 Pack",1,SPECIFICATIONS,1.0,True,True,True,True,1.0,verified
PROD-0119,ADB15520EW,Parksite,length,12 ft,manufacturer_pdf,https://www.parksite.com/docs/datasheets/adb15520ew.pdf,"OFFICIAL MANUFACTURER TECHNICAL DATASHEET:
- Part Number: ADB15520EW
- Manufacturer: Parksite
- Material Composition: PVC / Aluminum Oxide / High Speed Steel
- Product Dimensions: 1/2 in x 18 in
- Board Length: 12 ft
- Width Profile: 1x6
- Color / Finish: Slate Gray / White / Stainless Steel
- Edge Profile: Grooved
- Wattage Rating: 60W
- Color Temperature: 2700K
- Power Source: Electric
- Display Condition: New
- Package Quantity: 5 Pack",1,SPECIFICATIONS,1.0,True,True,True,True,1.0,verified
PROD-0119,ADB15520EW,Parksite,width_profile,1x6,manufacturer_pdf,https://www.parksite.com/docs/datasheets/adb15520ew.pdf,"OFFICIAL MANUFACTURER TECHNICAL DATASHEET:
- Part Number: ADB15520EW
- Manufacturer: Parksite
- Material Composition: PVC / Aluminum Oxide / High Speed Steel
- Product Dimensions: 1/2 in x 18 in
- Board Length: 12 ft
- Width Profile: 1x6
- Color / Finish: Slate Gray / White / Stainless Steel
- Edge Profile: Grooved
- Wattage Rating: 60W
- Color Temperature: 2700K
- Power Source: Electric
- Display Condition: New
- Package Quantity: 5 Pack",1,SPECIFICATIONS,1.0,True,True,True,True,1.0,verified
PROD-0120,ADB15516MH,Parksite,color,Slate Gray,manufacturer_pdf,https://www.parksite.com/docs/datasheets/adb15516mh.pdf,"OFFICIAL MANUFACTURER TECHNICAL DATASHEET:
- Part Number: ADB15516MH
- Manufacturer: Parksite
- Material Composition: PVC / Aluminum Oxide / High Speed Steel
- Product Dimensions: 1/2 in x 18 in
- Board Length: 12 ft
- Width Profile: 1x6
- Color / Finish: Slate Gray / White / Stainless Steel
- Edge Profile: Grooved
- Wattage Rating: 60W
- Color Temperature: 2700K
- Power Source: Electric
- Display Condition: New
- Package Quantity: 5 Pack",1,SPECIFICATIONS,1.0,True,True,True,True,1.0,verified
PROD-0120,ADB15516MH,Parksite,edge_profile,Grooved,manufacturer_pdf,https://www.parksite.com/docs/datasheets/adb15516mh.pdf,"OFFICIAL MANUFACTURER TECHNICAL DATASHEET:
- Part Number: ADB15516MH
- Manufacturer: Parksite
- Material Composition: PVC / Aluminum Oxide / High Speed Steel
- Product Dimensions: 1/2 in x 18 in
- Board Length: 12 ft
- Width Profile: 1x6
- Color / Finish: Slate Gray / White / Stainless Steel
- Edge Profile: Grooved
- Wattage Rating: 60W
- Color Temperature: 2700K
- Power Source: Electric
- Display Condition: New
- Package Quantity: 5 Pack",1,SPECIFICATIONS,1.0,True,True,True,True,1.0,verified
PROD-0120,ADB15516MH,Parksite,length,12 ft,manufacturer_pdf,https://www.parksite.com/docs/datasheets/adb15516mh.pdf,"OFFICIAL MANUFACTURER TECHNICAL DATASHEET:
- Part Number: ADB15516MH
- Manufacturer: Parksite
- Material Composition: PVC / Aluminum Oxide / High Speed Steel
- Product Dimensions: 1/2 in x 18 in
- Board Length: 12 ft
- Width Profile: 1x6
- Color / Finish: Slate Gray / White / Stainless Steel
- Edge Profile: Grooved
- Wattage Rating: 60W
- Color Temperature: 2700K
- Power Source: Electric
- Display Condition: New
- Package Quantity: 5 Pack",1,SPECIFICATIONS,1.0,True,True,True,True,1.0,verified
PROD-0120,ADB15516MH,Parksite,width_profile,1x6,manufacturer_pdf,https://www.parksite.com/docs/datasheets/adb15516mh.pdf,"OFFICIAL MANUFACTURER TECHNICAL DATASHEET:
- Part Number: ADB15516MH
- Manufacturer: Parksite
- Material Composition: PVC / Aluminum Oxide / High Speed Steel
- Product Dimensions: 1/2 in x 18 in
- Board Length: 12 ft
- Width Profile: 1x6
- Color / Finish: Slate Gray / White / Stainless Steel
- Edge Profile: Grooved
- Wattage Rating: 60W
- Color Temperature: 2700K
- Power Source: Electric
- Display Condition: New
- Package Quantity: 5 Pack",1,SPECIFICATIONS,1.0,True,True,True,True,1.0,verified
PROD-0121,ADB15520MH,Parksite,color,Slate Gray,manufacturer_pdf,https://www.parksite.com/docs/datasheets/adb15520mh.pdf,"OFFICIAL MANUFACTURER TECHNICAL DATASHEET:
- Part Number: ADB15520MH
- Manufacturer: Parksite
- Material Composition: PVC / Aluminum Oxide / High Speed Steel
- Product Dimensions: 1/2 in x 18 in
- Board Length: 12 ft
- Width Profile: 1x6
- Color / Finish: Slate Gray / White / Stainless Steel
- Edge Profile: Grooved
- Wattage Rating: 60W
- Color Temperature: 2700K
- Power Source: Electric
- Display Condition: New
- Package Quantity: 5 Pack",1,SPECIFICATIONS,1.0,True,True,True,True,1.0,verified
PROD-0121,ADB15520MH,Parksite,edge_profile,Grooved,manufacturer_pdf,https://www.parksite.com/docs/datasheets/adb15520mh.pdf,"OFFICIAL MANUFACTURER TECHNICAL DATASHEET:
- Part Number: ADB15520MH
- Manufacturer: Parksite
- Material Composition: PVC / Aluminum Oxide / High Speed Steel
- Product Dimensions: 1/2 in x 18 in
- Board Length: 12 ft
- Width Profile: 1x6
- Color / Finish: Slate Gray / White / Stainless Steel
- Edge Profile: Grooved
- Wattage Rating: 60W
- Color Temperature: 2700K
- Power Source: Electric
- Display Condition: New
- Package Quantity: 5 Pack",1,SPECIFICATIONS,1.0,True,True,True,True,1.0,verified
PROD-0121,ADB15520MH,Parksite,length,12 ft,manufacturer_pdf,https://www.parksite.com/docs/datasheets/adb15520mh.pdf,"OFFICIAL MANUFACTURER TECHNICAL DATASHEET:
- Part Number: ADB15520MH
- Manufacturer: Parksite
- Material Composition: PVC / Aluminum Oxide / High Speed Steel
- Product Dimensions: 1/2 in x 18 in
- Board Length: 12 ft
- Width Profile: 1x6
- Color / Finish: Slate Gray / White / Stainless Steel
- Edge Profile: Grooved
- Wattage Rating: 60W
- Color Temperature: 2700K
- Power Source: Electric
- Display Condition: New
- Package Quantity: 5 Pack",1,SPECIFICATIONS,1.0,True,True,True,True,1.0,verified
PROD-0121,ADB15520MH,Parksite,width_profile,1x6,manufacturer_pdf,https://www.parksite.com/docs/datasheets/adb15520mh.pdf,"OFFICIAL MANUFACTURER TECHNICAL DATASHEET:
- Part Number: ADB15520MH
- Manufacturer: Parksite
- Material Composition: PVC / Aluminum Oxide / High Speed Steel
- Product Dimensions: 1/2 in x 18 in
- Board Length: 12 ft
- Width Profile: 1x6
- Color / Finish: Slate Gray / White / Stainless Steel
- Edge Profile: Grooved
- Wattage Rating: 60W
- Color Temperature: 2700K
- Power Source: Electric
- Display Condition: New
- Package Quantity: 5 Pack",1,SPECIFICATIONS,1.0,True,True,True,True,1.0,verified
PROD-0122,ADB15516WT,Parksite,color,Slate Gray,manufacturer_pdf,https://www.parksite.com/docs/datasheets/adb15516wt.pdf,"OFFICIAL MANUFACTURER TECHNICAL DATASHEET:
- Part Number: ADB15516WT
- Manufacturer: Parksite
- Material Composition: PVC / Aluminum Oxide / High Speed Steel
- Product Dimensions: 1/2 in x 18 in
- Board Length: 12 ft
- Width Profile: 1x6
- Color / Finish: Slate Gray / White / Stainless Steel
- Edge Profile: Grooved
- Wattage Rating: 60W
- Color Temperature: 2700K
- Power Source: Electric
- Display Condition: New
- Package Quantity: 5 Pack",1,SPECIFICATIONS,1.0,True,True,True,True,1.0,verified
PROD-0122,ADB15516WT,Parksite,edge_profile,Grooved,manufacturer_pdf,https://www.parksite.com/docs/datasheets/adb15516wt.pdf,"OFFICIAL MANUFACTURER TECHNICAL DATASHEET:
- Part Number: ADB15516WT
- Manufacturer: Parksite
- Material Composition: PVC / Aluminum Oxide / High Speed Steel
- Product Dimensions: 1/2 in x 18 in
- Board Length: 12 ft
- Width Profile: 1x6
- Color / Finish: Slate Gray / White / Stainless Steel
- Edge Profile: Grooved
- Wattage Rating: 60W
- Color Temperature: 2700K
- Power Source: Electric
- Display Condition: New
- Package Quantity: 5 Pack",1,SPECIFICATIONS,1.0,True,True,True,True,1.0,verified
PROD-0122,ADB15516WT,Parksite,length,12 ft,manufacturer_pdf,https://www.parksite.com/docs/datasheets/adb15516wt.pdf,"OFFICIAL MANUFACTURER TECHNICAL DATASHEET:
- Part Number: ADB15516WT
- Manufacturer: Parksite
- Material Composition: PVC / Aluminum Oxide / High Speed Steel
- Product Dimensions: 1/2 in x 18 in
- Board Length: 12 ft
- Width Profile: 1x6
- Color / Finish: Slate Gray / White / Stainless Steel
- Edge Profile: Grooved
- Wattage Rating: 60W
- Color Temperature: 2700K
- Power Source: Electric
- Display Condition: New
- Package Quantity: 5 Pack",1,SPECIFICATIONS,1.0,True,True,True,True,1.0,verified
PROD-0122,ADB15516WT,Parksite,width_profile,1x6,manufacturer_pdf,https://www.parksite.com/docs/datasheets/adb15516wt.pdf,"OFFICIAL MANUFACTURER TECHNICAL DATASHEET:
- Part Number: ADB15516WT
- Manufacturer: Parksite
- Material Composition: PVC / Aluminum Oxide / High Speed Steel
- Product Dimensions: 1/2 in x 18 in
- Board Length: 12 ft
- Width Profile: 1x6
- Color / Finish: Slate Gray / White / Stainless Steel
- Edge Profile: Grooved
- Wattage Rating: 60W
- Color Temperature: 2700K
- Power Source: Electric
- Display Condition: New
- Package Quantity: 5 Pack",1,SPECIFICATIONS,1.0,True,True,True,True,1.0,verified
PROD-0123,ADB15520WT,Parksite,color,Slate Gray,manufacturer_pdf,https://www.parksite.com/docs/datasheets/adb15520wt.pdf,"OFFICIAL MANUFACTURER TECHNICAL DATASHEET:
- Part Number: ADB15520WT
- Manufacturer: Parksite
- Material Composition: PVC / Aluminum Oxide / High Speed Steel
- Product Dimensions: 1/2 in x 18 in
- Board Length: 12 ft
- Width Profile: 1x6
- Color / Finish: Slate Gray / White / Stainless Steel
- Edge Profile: Grooved
- Wattage Rating: 60W
- Color Temperature: 2700K
- Power Source: Electric
- Display Condition: New
- Package Quantity: 5 Pack",1,SPECIFICATIONS,1.0,True,True,True,True,1.0,verified
PROD-0123,ADB15520WT,Parksite,edge_profile,Grooved,manufacturer_pdf,https://www.parksite.com/docs/datasheets/adb15520wt.pdf,"OFFICIAL MANUFACTURER TECHNICAL DATASHEET:
- Part Number: ADB15520WT
- Manufacturer: Parksite
- Material Composition: PVC / Aluminum Oxide / High Speed Steel
- Product Dimensions: 1/2 in x 18 in
- Board Length: 12 ft
- Width Profile: 1x6
- Color / Finish: Slate Gray / White / Stainless Steel
- Edge Profile: Grooved
- Wattage Rating: 60W
- Color Temperature: 2700K
- Power Source: Electric
- Display Condition: New
- Package Quantity: 5 Pack",1,SPECIFICATIONS,1.0,True,True,True,True,1.0,verified
PROD-0123,ADB15520WT,Parksite,length,12 ft,manufacturer_pdf,https://www.parksite.com/docs/datasheets/adb15520wt.pdf,"OFFICIAL MANUFACTURER TECHNICAL DATASHEET:
- Part Number: ADB15520WT
- Manufacturer: Parksite
- Material Composition: PVC / Aluminum Oxide / High Speed Steel
- Product Dimensions: 1/2 in x 18 in
- Board Length: 12 ft
- Width Profile: 1x6
- Color / Finish: Slate Gray / White / Stainless Steel
- Edge Profile: Grooved
- Wattage Rating: 60W
- Color Temperature: 2700K
- Power Source: Electric
- Display Condition: New
- Package Quantity: 5 Pack",1,SPECIFICATIONS,1.0,True,True,True,True,1.0,verified
PROD-0123,ADB15520WT,Parksite,width_profile,1x6,manufacturer_pdf,https://www.parksite.com/docs/datasheets/adb15520wt.pdf,"OFFICIAL MANUFACTURER TECHNICAL DATASHEET:
- Part Number: ADB15520WT
- Manufacturer: Parksite
- Material Composition: PVC / Aluminum Oxide / High Speed Steel
- Product Dimensions: 1/2 in x 18 in
- Board Length: 12 ft
- Width Profile: 1x6
- Color / Finish: Slate Gray / White / Stainless Steel
- Edge Profile: Grooved
- Wattage Rating: 60W
- Color Temperature: 2700K
- Power Source: Electric
- Display Condition: New
- Package Quantity: 5 Pack",1,SPECIFICATIONS,1.0,True,True,True,True,1.0,verified
PROD-0124,AGB15512CS,Parksite,color,Slate Gray,manufacturer_pdf,https://www.parksite.com/docs/datasheets/agb15512cs.pdf,"OFFICIAL MANUFACTURER TECHNICAL DATASHEET:
- Part Number: AGB15512CS
- Manufacturer: Parksite
- Material Composition: PVC / Aluminum Oxide / High Speed Steel
- Product Dimensions: 1/2 in x 18 in
- Board Length: 12 ft
- Width Profile: 1x6
- Color / Finish: Slate Gray / White / Stainless Steel
- Edge Profile: Grooved
- Wattage Rating: 60W
- Color Temperature: 2700K
- Power Source: Electric
- Display Condition: New
- Package Quantity: 5 Pack",1,SPECIFICATIONS,1.0,True,True,True,True,1.0,verified
PROD-0124,AGB15512CS,Parksite,edge_profile,Grooved,manufacturer_pdf,https://www.parksite.com/docs/datasheets/agb15512cs.pdf,"OFFICIAL MANUFACTURER TECHNICAL DATASHEET:
- Part Number: AGB15512CS
- Manufacturer: Parksite
- Material Composition: PVC / Aluminum Oxide / High Speed Steel
- Product Dimensions: 1/2 in x 18 in
- Board Length: 12 ft
- Width Profile: 1x6
- Color / Finish: Slate Gray / White / Stainless Steel
- Edge Profile: Grooved
- Wattage Rating: 60W
- Color Temperature: 2700K
- Power Source: Electric
- Display Condition: New
- Package Quantity: 5 Pack",1,SPECIFICATIONS,1.0,True,True,True,True,1.0,verified
PROD-0124,AGB15512CS,Parksite,length,12 ft,manufacturer_pdf,https://www.parksite.com/docs/datasheets/agb15512cs.pdf,"OFFICIAL MANUFACTURER TECHNICAL DATASHEET:
- Part Number: AGB15512CS
- Manufacturer: Parksite
- Material Composition: PVC / Aluminum Oxide / High Speed Steel
- Product Dimensions: 1/2 in x 18 in
- Board Length: 12 ft
- Width Profile: 1x6
- Color / Finish: Slate Gray / White / Stainless Steel
- Edge Profile: Grooved
- Wattage Rating: 60W
- Color Temperature: 2700K
- Power Source: Electric
- Display Condition: New
- Package Quantity: 5 Pack",1,SPECIFICATIONS,1.0,True,True,True,True,1.0,verified
PROD-0124,AGB15512CS,Parksite,width_profile,1x6,manufacturer_pdf,https://www.parksite.com/docs/datasheets/agb15512cs.pdf,"OFFICIAL MANUFACTURER TECHNICAL DATASHEET:
- Part Number: AGB15512CS
- Manufacturer: Parksite
- Material Composition: PVC / Aluminum Oxide / High Speed Steel
- Product Dimensions: 1/2 in x 18 in
- Board Length: 12 ft
- Width Profile: 1x6
- Color / Finish: Slate Gray / White / Stainless Steel
- Edge Profile: Grooved
- Wattage Rating: 60W
- Color Temperature: 2700K
- Power Source: Electric
- Display Condition: New
- Package Quantity: 5 Pack",1,SPECIFICATIONS,1.0,True,True,True,True,1.0,verified
PROD-0125,AGB15516CS,Parksite,color,Slate Gray,manufacturer_pdf,https://www.parksite.com/docs/datasheets/agb15516cs.pdf,"OFFICIAL MANUFACTURER TECHNICAL DATASHEET:
- Part Number: AGB15516CS
- Manufacturer: Parksite
- Material Composition: PVC / Aluminum Oxide / High Speed Steel
- Product Dimensions: 1/2 in x 18 in
- Board Length: 12 ft
- Width Profile: 1x6
- Color / Finish: Slate Gray / White / Stainless Steel
- Edge Profile: Grooved
- Wattage Rating: 60W
- Color Temperature: 2700K
- Power Source: Electric
- Display Condition: New
- Package Quantity: 5 Pack",1,SPECIFICATIONS,1.0,True,True,True,True,1.0,verified
PROD-0125,AGB15516CS,Parksite,edge_profile,Grooved,manufacturer_pdf,https://www.parksite.com/docs/datasheets/agb15516cs.pdf,"OFFICIAL MANUFACTURER TECHNICAL DATASHEET:
- Part Number: AGB15516CS
- Manufacturer: Parksite
- Material Composition: PVC / Aluminum Oxide / High Speed Steel
- Product Dimensions: 1/2 in x 18 in
- Board Length: 12 ft
- Width Profile: 1x6
- Color / Finish: Slate Gray / White / Stainless Steel
- Edge Profile: Grooved
- Wattage Rating: 60W
- Color Temperature: 2700K
- Power Source: Electric
- Display Condition: New
- Package Quantity: 5 Pack",1,SPECIFICATIONS,1.0,True,True,True,True,1.0,verified
PROD-0125,AGB15516CS,Parksite,length,12 ft,manufacturer_pdf,https://www.parksite.com/docs/datasheets/agb15516cs.pdf,"OFFICIAL MANUFACTURER TECHNICAL DATASHEET:
- Part Number: AGB15516CS
- Manufacturer: Parksite
- Material Composition: PVC / Aluminum Oxide / High Speed Steel
- Product Dimensions: 1/2 in x 18 in
- Board Length: 12 ft
- Width Profile: 1x6
- Color / Finish: Slate Gray / White / Stainless Steel
- Edge Profile: Grooved
- Wattage Rating: 60W
- Color Temperature: 2700K
- Power Source: Electric
- Display Condition: New
- Package Quantity: 5 Pack",1,SPECIFICATIONS,1.0,True,True,True,True,1.0,verified
PROD-0125,AGB15516CS,Parksite,width_profile,1x6,manufacturer_pdf,https://www.parksite.com/docs/datasheets/agb15516cs.pdf,"OFFICIAL MANUFACTURER TECHNICAL DATASHEET:
- Part Number: AGB15516CS
- Manufacturer: Parksite
- Material Composition: PVC / Aluminum Oxide / High Speed Steel
- Product Dimensions: 1/2 in x 18 in
- Board Length: 12 ft
- Width Profile: 1x6
- Color / Finish: Slate Gray / White / Stainless Steel
- Edge Profile: Grooved
- Wattage Rating: 60W
- Color Temperature: 2700K
- Power Source: Electric
- Display Condition: New
- Package Quantity: 5 Pack",1,SPECIFICATIONS,1.0,True,True,True,True,1.0,verified
PROD-0126,AGB15520CS,Parksite,color,Slate Gray,manufacturer_pdf,https://www.parksite.com/docs/datasheets/agb15520cs.pdf,"OFFICIAL MANUFACTURER TECHNICAL DATASHEET:
- Part Number: AGB15520CS
- Manufacturer: Parksite
- Material Composition: PVC / Aluminum Oxide / High Speed Steel
- Product Dimensions: 1/2 in x 18 in
- Board Length: 12 ft
- Width Profile: 1x6
- Color / Finish: Slate Gray / White / Stainless Steel
- Edge Profile: Grooved
- Wattage Rating: 60W
- Color Temperature: 2700K
- Power Source: Electric
- Display Condition: New
- Package Quantity: 5 Pack",1,SPECIFICATIONS,1.0,True,True,True,True,1.0,verified
PROD-0126,AGB15520CS,Parksite,edge_profile,Grooved,manufacturer_pdf,https://www.parksite.com/docs/datasheets/agb15520cs.pdf,"OFFICIAL MANUFACTURER TECHNICAL DATASHEET:
- Part Number: AGB15520CS
- Manufacturer: Parksite
- Material Composition: PVC / Aluminum Oxide / High Speed Steel
- Product Dimensions: 1/2 in x 18 in
- Board Length: 12 ft
- Width Profile: 1x6
- Color / Finish: Slate Gray / White / Stainless Steel
- Edge Profile: Grooved
- Wattage Rating: 60W
- Color Temperature: 2700K
- Power Source: Electric
- Display Condition: New
- Package Quantity: 5 Pack",1,SPECIFICATIONS,1.0,True,True,True,True,1.0,verified
PROD-0126,AGB15520CS,Parksite,length,12 ft,manufacturer_pdf,https://www.parksite.com/docs/datasheets/agb15520cs.pdf,"OFFICIAL MANUFACTURER TECHNICAL DATASHEET:
- Part Number: AGB15520CS
- Manufacturer: Parksite
- Material Composition: PVC / Aluminum Oxide / High Speed Steel
- Product Dimensions: 1/2 in x 18 in
- Board Length: 12 ft
- Width Profile: 1x6
- Color / Finish: Slate Gray / White / Stainless Steel
- Edge Profile: Grooved
- Wattage Rating: 60W
- Color Temperature: 2700K
- Power Source: Electric
- Display Condition: New
- Package Quantity: 5 Pack",1,SPECIFICATIONS,1.0,True,True,True,True,1.0,verified
PROD-0126,AGB15520CS,Parksite,width_profile,1x6,manufacturer_pdf,https://www.parksite.com/docs/datasheets/agb15520cs.pdf,"OFFICIAL MANUFACTURER TECHNICAL DATASHEET:
- Part Number: AGB15520CS
- Manufacturer: Parksite
- Material Composition: PVC / Aluminum Oxide / High Speed Steel
- Product Dimensions: 1/2 in x 18 in
- Board Length: 12 ft
- Width Profile: 1x6
- Color / Finish: Slate Gray / White / Stainless Steel
- Edge Profile: Grooved
- Wattage Rating: 60W
- Color Temperature: 2700K
- Power Source: Electric
- Display Condition: New
- Package Quantity: 5 Pack",1,SPECIFICATIONS,1.0,True,True,True,True,1.0,verified
PROD-0127,AGB15512EW,Parksite,color,Slate Gray,manufacturer_pdf,https://www.parksite.com/docs/datasheets/agb15512ew.pdf,"OFFICIAL MANUFACTURER TECHNICAL DATASHEET:
- Part Number: AGB15512EW
- Manufacturer: Parksite
- Material Composition: PVC / Aluminum Oxide / High Speed Steel
- Product Dimensions: 1/2 in x 18 in
- Board Length: 12 ft
- Width Profile: 1x6
- Color / Finish: Slate Gray / White / Stainless Steel
- Edge Profile: Grooved
- Wattage Rating: 60W
- Color Temperature: 2700K
- Power Source: Electric
- Display Condition: New
- Package Quantity: 5 Pack",1,SPECIFICATIONS,1.0,True,True,True,True,1.0,verified
PROD-0127,AGB15512EW,Parksite,edge_profile,Grooved,manufacturer_pdf,https://www.parksite.com/docs/datasheets/agb15512ew.pdf,"OFFICIAL MANUFACTURER TECHNICAL DATASHEET:
- Part Number: AGB15512EW
- Manufacturer: Parksite
- Material Composition: PVC / Aluminum Oxide / High Speed Steel
- Product Dimensions: 1/2 in x 18 in
- Board Length: 12 ft
- Width Profile: 1x6
- Color / Finish: Slate Gray / White / Stainless Steel
- Edge Profile: Grooved
- Wattage Rating: 60W
- Color Temperature: 2700K
- Power Source: Electric
- Display Condition: New
- Package Quantity: 5 Pack",1,SPECIFICATIONS,1.0,True,True,True,True,1.0,verified
PROD-0127,AGB15512EW,Parksite,length,12 ft,manufacturer_pdf,https://www.parksite.com/docs/datasheets/agb15512ew.pdf,"OFFICIAL MANUFACTURER TECHNICAL DATASHEET:
- Part Number: AGB15512EW
- Manufacturer: Parksite
- Material Composition: PVC / Aluminum Oxide / High Speed Steel
- Product Dimensions: 1/2 in x 18 in
- Board Length: 12 ft
- Width Profile: 1x6
- Color / Finish: Slate Gray / White / Stainless Steel
- Edge Profile: Grooved
- Wattage Rating: 60W
- Color Temperature: 2700K
- Power Source: Electric
- Display Condition: New
- Package Quantity: 5 Pack",1,SPECIFICATIONS,1.0,True,True,True,True,1.0,verified
PROD-0127,AGB15512EW,Parksite,width_profile,1x6,manufacturer_pdf,https://www.parksite.com/docs/datasheets/agb15512ew.pdf,"OFFICIAL MANUFACTURER TECHNICAL DATASHEET:
- Part Number: AGB15512EW
- Manufacturer: Parksite
- Material Composition: PVC / Aluminum Oxide / High Speed Steel
- Product Dimensions: 1/2 in x 18 in
- Board Length: 12 ft
- Width Profile: 1x6
- Color / Finish: Slate Gray / White / Stainless Steel
- Edge Profile: Grooved
- Wattage Rating: 60W
- Color Temperature: 2700K
- Power Source: Electric
- Display Condition: New
- Package Quantity: 5 Pack",1,SPECIFICATIONS,1.0,True,True,True,True,1.0,verified
PROD-0128,AGB15516EW,Parksite,color,Slate Gray,manufacturer_pdf,https://www.parksite.com/docs/datasheets/agb15516ew.pdf,"OFFICIAL MANUFACTURER TECHNICAL DATASHEET:
- Part Number: AGB15516EW
- Manufacturer: Parksite
- Material Composition: PVC / Aluminum Oxide / High Speed Steel
- Product Dimensions: 1/2 in x 18 in
- Board Length: 12 ft
- Width Profile: 1x6
- Color / Finish: Slate Gray / White / Stainless Steel
- Edge Profile: Grooved
- Wattage Rating: 60W
- Color Temperature: 2700K
- Power Source: Electric
- Display Condition: New
- Package Quantity: 5 Pack",1,SPECIFICATIONS,1.0,True,True,True,True,1.0,verified
PROD-0128,AGB15516EW,Parksite,edge_profile,Grooved,manufacturer_pdf,https://www.parksite.com/docs/datasheets/agb15516ew.pdf,"OFFICIAL MANUFACTURER TECHNICAL DATASHEET:
- Part Number: AGB15516EW
- Manufacturer: Parksite
- Material Composition: PVC / Aluminum Oxide / High Speed Steel
- Product Dimensions: 1/2 in x 18 in
- Board Length: 12 ft
- Width Profile: 1x6
- Color / Finish: Slate Gray / White / Stainless Steel
- Edge Profile: Grooved
- Wattage Rating: 60W
- Color Temperature: 2700K
- Power Source: Electric
- Display Condition: New
- Package Quantity: 5 Pack",1,SPECIFICATIONS,1.0,True,True,True,True,1.0,verified
PROD-0128,AGB15516EW,Parksite,length,12 ft,manufacturer_pdf,https://www.parksite.com/docs/datasheets/agb15516ew.pdf,"OFFICIAL MANUFACTURER TECHNICAL DATASHEET:
- Part Number: AGB15516EW
- Manufacturer: Parksite
- Material Composition: PVC / Aluminum Oxide / High Speed Steel
- Product Dimensions: 1/2 in x 18 in
- Board Length: 12 ft
- Width Profile: 1x6
- Color / Finish: Slate Gray / White / Stainless Steel
- Edge Profile: Grooved
- Wattage Rating: 60W
- Color Temperature: 2700K
- Power Source: Electric
- Display Condition: New
- Package Quantity: 5 Pack",1,SPECIFICATIONS,1.0,True,True,True,True,1.0,verified
PROD-0128,AGB15516EW,Parksite,width_profile,1x6,manufacturer_pdf,https://www.parksite.com/docs/datasheets/agb15516ew.pdf,"OFFICIAL MANUFACTURER TECHNICAL DATASHEET:
- Part Number: AGB15516EW
- Manufacturer: Parksite
- Material Composition: PVC / Aluminum Oxide / High Speed Steel
- Product Dimensions: 1/2 in x 18 in
- Board Length: 12 ft
- Width Profile: 1x6
- Color / Finish: Slate Gray / White / Stainless Steel
- Edge Profile: Grooved
- Wattage Rating: 60W
- Color Temperature: 2700K
- Power Source: Electric
- Display Condition: New
- Package Quantity: 5 Pack",1,SPECIFICATIONS,1.0,True,True,True,True,1.0,verified
PROD-0129,AGB15520EW,Parksite,color,Slate Gray,manufacturer_pdf,https://www.parksite.com/docs/datasheets/agb15520ew.pdf,"OFFICIAL MANUFACTURER TECHNICAL DATASHEET:
- Part Number: AGB15520EW
- Manufacturer: Parksite
- Material Composition: PVC / Aluminum Oxide / High Speed Steel
- Product Dimensions: 1/2 in x 18 in
- Board Length: 12 ft
- Width Profile: 1x6
- Color / Finish: Slate Gray / White / Stainless Steel
- Edge Profile: Grooved
- Wattage Rating: 60W
- Color Temperature: 2700K
- Power Source: Electric
- Display Condition: New
- Package Quantity: 5 Pack",1,SPECIFICATIONS,1.0,True,True,True,True,1.0,verified
PROD-0129,AGB15520EW,Parksite,edge_profile,Grooved,manufacturer_pdf,https://www.parksite.com/docs/datasheets/agb15520ew.pdf,"OFFICIAL MANUFACTURER TECHNICAL DATASHEET:
- Part Number: AGB15520EW
- Manufacturer: Parksite
- Material Composition: PVC / Aluminum Oxide / High Speed Steel
- Product Dimensions: 1/2 in x 18 in
- Board Length: 12 ft
- Width Profile: 1x6
- Color / Finish: Slate Gray / White / Stainless Steel
- Edge Profile: Grooved
- Wattage Rating: 60W
- Color Temperature: 2700K
- Power Source: Electric
- Display Condition: New
- Package Quantity: 5 Pack",1,SPECIFICATIONS,1.0,True,True,True,True,1.0,verified
PROD-0129,AGB15520EW,Parksite,length,12 ft,manufacturer_pdf,https://www.parksite.com/docs/datasheets/agb15520ew.pdf,"OFFICIAL MANUFACTURER TECHNICAL DATASHEET:
- Part Number: AGB15520EW
- Manufacturer: Parksite
- Material Composition: PVC / Aluminum Oxide / High Speed Steel
- Product Dimensions: 1/2 in x 18 in
- Board Length: 12 ft
- Width Profile: 1x6
- Color / Finish: Slate Gray / White / Stainless Steel
- Edge Profile: Grooved
- Wattage Rating: 60W
- Color Temperature: 2700K
- Power Source: Electric
- Display Condition: New
- Package Quantity: 5 Pack",1,SPECIFICATIONS,1.0,True,True,True,True,1.0,verified
PROD-0129,AGB15520EW,Parksite,width_profile,1x6,manufacturer_pdf,https://www.parksite.com/docs/datasheets/agb15520ew.pdf,"OFFICIAL MANUFACTURER TECHNICAL DATASHEET:
- Part Number: AGB15520EW
- Manufacturer: Parksite
- Material Composition: PVC / Aluminum Oxide / High Speed Steel
- Product Dimensions: 1/2 in x 18 in
- Board Length: 12 ft
- Width Profile: 1x6
- Color / Finish: Slate Gray / White / Stainless Steel
- Edge Profile: Grooved
- Wattage Rating: 60W
- Color Temperature: 2700K
- Power Source: Electric
- Display Condition: New
- Package Quantity: 5 Pack",1,SPECIFICATIONS,1.0,True,True,True,True,1.0,verified
PROD-0130,AGB15512MH,Parksite,color,Slate Gray,manufacturer_pdf,https://www.parksite.com/docs/datasheets/agb15512mh.pdf,"OFFICIAL MANUFACTURER TECHNICAL DATASHEET:
- Part Number: AGB15512MH
- Manufacturer: Parksite
- Material Composition: PVC / Aluminum Oxide / High Speed Steel
- Product Dimensions: 1/2 in x 18 in
- Board Length: 12 ft
- Width Profile: 1x6
- Color / Finish: Slate Gray / White / Stainless Steel
- Edge Profile: Grooved
- Wattage Rating: 60W
- Color Temperature: 2700K
- Power Source: Electric
- Display Condition: New
- Package Quantity: 5 Pack",1,SPECIFICATIONS,1.0,True,True,True,True,1.0,verified
PROD-0130,AGB15512MH,Parksite,edge_profile,Grooved,manufacturer_pdf,https://www.parksite.com/docs/datasheets/agb15512mh.pdf,"OFFICIAL MANUFACTURER TECHNICAL DATASHEET:
- Part Number: AGB15512MH
- Manufacturer: Parksite
- Material Composition: PVC / Aluminum Oxide / High Speed Steel
- Product Dimensions: 1/2 in x 18 in
- Board Length: 12 ft
- Width Profile: 1x6
- Color / Finish: Slate Gray / White / Stainless Steel
- Edge Profile: Grooved
- Wattage Rating: 60W
- Color Temperature: 2700K
- Power Source: Electric
- Display Condition: New
- Package Quantity: 5 Pack",1,SPECIFICATIONS,1.0,True,True,True,True,1.0,verified
PROD-0130,AGB15512MH,Parksite,length,12 ft,manufacturer_pdf,https://www.parksite.com/docs/datasheets/agb15512mh.pdf,"OFFICIAL MANUFACTURER TECHNICAL DATASHEET:
- Part Number: AGB15512MH
- Manufacturer: Parksite
- Material Composition: PVC / Aluminum Oxide / High Speed Steel
- Product Dimensions: 1/2 in x 18 in
- Board Length: 12 ft
- Width Profile: 1x6
- Color / Finish: Slate Gray / White / Stainless Steel
- Edge Profile: Grooved
- Wattage Rating: 60W
- Color Temperature: 2700K
- Power Source: Electric
- Display Condition: New
- Package Quantity: 5 Pack",1,SPECIFICATIONS,1.0,True,True,True,True,1.0,verified
PROD-0130,AGB15512MH,Parksite,width_profile,1x6,manufacturer_pdf,https://www.parksite.com/docs/datasheets/agb15512mh.pdf,"OFFICIAL MANUFACTURER TECHNICAL DATASHEET:
- Part Number: AGB15512MH
- Manufacturer: Parksite
- Material Composition: PVC / Aluminum Oxide / High Speed Steel
- Product Dimensions: 1/2 in x 18 in
- Board Length: 12 ft
- Width Profile: 1x6
- Color / Finish: Slate Gray / White / Stainless Steel
- Edge Profile: Grooved
- Wattage Rating: 60W
- Color Temperature: 2700K
- Power Source: Electric
- Display Condition: New
- Package Quantity: 5 Pack",1,SPECIFICATIONS,1.0,True,True,True,True,1.0,verified
PROD-0131,AGB15516MH,Parksite,color,Slate Gray,manufacturer_pdf,https://www.parksite.com/docs/datasheets/agb15516mh.pdf,"OFFICIAL MANUFACTURER TECHNICAL DATASHEET:
- Part Number: AGB15516MH
- Manufacturer: Parksite
- Material Composition: PVC / Aluminum Oxide / High Speed Steel
- Product Dimensions: 1/2 in x 18 in
- Board Length: 12 ft
- Width Profile: 1x6
- Color / Finish: Slate Gray / White / Stainless Steel
- Edge Profile: Grooved
- Wattage Rating: 60W
- Color Temperature: 2700K
- Power Source: Electric
- Display Condition: New
- Package Quantity: 5 Pack",1,SPECIFICATIONS,1.0,True,True,True,True,1.0,verified
PROD-0131,AGB15516MH,Parksite,edge_profile,Grooved,manufacturer_pdf,https://www.parksite.com/docs/datasheets/agb15516mh.pdf,"OFFICIAL MANUFACTURER TECHNICAL DATASHEET:
- Part Number: AGB15516MH
- Manufacturer: Parksite
- Material Composition: PVC / Aluminum Oxide / High Speed Steel
- Product Dimensions: 1/2 in x 18 in
- Board Length: 12 ft
- Width Profile: 1x6
- Color / Finish: Slate Gray / White / Stainless Steel
- Edge Profile: Grooved
- Wattage Rating: 60W
- Color Temperature: 2700K
- Power Source: Electric
- Display Condition: New
- Package Quantity: 5 Pack",1,SPECIFICATIONS,1.0,True,True,True,True,1.0,verified
PROD-0131,AGB15516MH,Parksite,length,12 ft,manufacturer_pdf,https://www.parksite.com/docs/datasheets/agb15516mh.pdf,"OFFICIAL MANUFACTURER TECHNICAL DATASHEET:
- Part Number: AGB15516MH
- Manufacturer: Parksite
- Material Composition: PVC / Aluminum Oxide / High Speed Steel
- Product Dimensions: 1/2 in x 18 in
- Board Length: 12 ft
- Width Profile: 1x6
- Color / Finish: Slate Gray / White / Stainless Steel
- Edge Profile: Grooved
- Wattage Rating: 60W
- Color Temperature: 2700K
- Power Source: Electric
- Display Condition: New
- Package Quantity: 5 Pack",1,SPECIFICATIONS,1.0,True,True,True,True,1.0,verified
PROD-0131,AGB15516MH,Parksite,width_profile,1x6,manufacturer_pdf,https://www.parksite.com/docs/datasheets/agb15516mh.pdf,"OFFICIAL MANUFACTURER TECHNICAL DATASHEET:
- Part Number: AGB15516MH
- Manufacturer: Parksite
- Material Composition: PVC / Aluminum Oxide / High Speed Steel
- Product Dimensions: 1/2 in x 18 in
- Board Length: 12 ft
- Width Profile: 1x6
- Color / Finish: Slate Gray / White / Stainless Steel
- Edge Profile: Grooved
- Wattage Rating: 60W
- Color Temperature: 2700K
- Power Source: Electric
- Display Condition: New
- Package Quantity: 5 Pack",1,SPECIFICATIONS,1.0,True,True,True,True,1.0,verified
PROD-0132,AGB15520MH,Parksite,color,Slate Gray,manufacturer_pdf,https://www.parksite.com/docs/datasheets/agb15520mh.pdf,"OFFICIAL MANUFACTURER TECHNICAL DATASHEET:
- Part Number: AGB15520MH
- Manufacturer: Parksite
- Material Composition: PVC / Aluminum Oxide / High Speed Steel
- Product Dimensions: 1/2 in x 18 in
- Board Length: 12 ft
- Width Profile: 1x6
- Color / Finish: Slate Gray / White / Stainless Steel
- Edge Profile: Grooved
- Wattage Rating: 60W
- Color Temperature: 2700K
- Power Source: Electric
- Display Condition: New
- Package Quantity: 5 Pack",1,SPECIFICATIONS,1.0,True,True,True,True,1.0,verified
PROD-0132,AGB15520MH,Parksite,edge_profile,Grooved,manufacturer_pdf,https://www.parksite.com/docs/datasheets/agb15520mh.pdf,"OFFICIAL MANUFACTURER TECHNICAL DATASHEET:
- Part Number: AGB15520MH
- Manufacturer: Parksite
- Material Composition: PVC / Aluminum Oxide / High Speed Steel
- Product Dimensions: 1/2 in x 18 in
- Board Length: 12 ft
- Width Profile: 1x6
- Color / Finish: Slate Gray / White / Stainless Steel
- Edge Profile: Grooved
- Wattage Rating: 60W
- Color Temperature: 2700K
- Power Source: Electric
- Display Condition: New
- Package Quantity: 5 Pack",1,SPECIFICATIONS,1.0,True,True,True,True,1.0,verified
PROD-0132,AGB15520MH,Parksite,length,12 ft,manufacturer_pdf,https://www.parksite.com/docs/datasheets/agb15520mh.pdf,"OFFICIAL MANUFACTURER TECHNICAL DATASHEET:
- Part Number: AGB15520MH
- Manufacturer: Parksite
- Material Composition: PVC / Aluminum Oxide / High Speed Steel
- Product Dimensions: 1/2 in x 18 in
- Board Length: 12 ft
- Width Profile: 1x6
- Color / Finish: Slate Gray / White / Stainless Steel
- Edge Profile: Grooved
- Wattage Rating: 60W
- Color Temperature: 2700K
- Power Source: Electric
- Display Condition: New
- Package Quantity: 5 Pack",1,SPECIFICATIONS,1.0,True,True,True,True,1.0,verified
PROD-0132,AGB15520MH,Parksite,width_profile,1x6,manufacturer_pdf,https://www.parksite.com/docs/datasheets/agb15520mh.pdf,"OFFICIAL MANUFACTURER TECHNICAL DATASHEET:
- Part Number: AGB15520MH
- Manufacturer: Parksite
- Material Composition: PVC / Aluminum Oxide / High Speed Steel
- Product Dimensions: 1/2 in x 18 in
- Board Length: 12 ft
- Width Profile: 1x6
- Color / Finish: Slate Gray / White / Stainless Steel
- Edge Profile: Grooved
- Wattage Rating: 60W
- Color Temperature: 2700K
- Power Source: Electric
- Display Condition: New
- Package Quantity: 5 Pack",1,SPECIFICATIONS,1.0,True,True,True,True,1.0,verified
PROD-0133,AGB15512WT,Parksite,color,Slate Gray,manufacturer_pdf,https://www.parksite.com/docs/datasheets/agb15512wt.pdf,"OFFICIAL MANUFACTURER TECHNICAL DATASHEET:
- Part Number: AGB15512WT
- Manufacturer: Parksite
- Material Composition: PVC / Aluminum Oxide / High Speed Steel
- Product Dimensions: 1/2 in x 18 in
- Board Length: 12 ft
- Width Profile: 1x6
- Color / Finish: Slate Gray / White / Stainless Steel
- Edge Profile: Grooved
- Wattage Rating: 60W
- Color Temperature: 2700K
- Power Source: Electric
- Display Condition: New
- Package Quantity: 5 Pack",1,SPECIFICATIONS,1.0,True,True,True,True,1.0,verified
PROD-0133,AGB15512WT,Parksite,edge_profile,Grooved,manufacturer_pdf,https://www.parksite.com/docs/datasheets/agb15512wt.pdf,"OFFICIAL MANUFACTURER TECHNICAL DATASHEET:
- Part Number: AGB15512WT
- Manufacturer: Parksite
- Material Composition: PVC / Aluminum Oxide / High Speed Steel
- Product Dimensions: 1/2 in x 18 in
- Board Length: 12 ft
- Width Profile: 1x6
- Color / Finish: Slate Gray / White / Stainless Steel
- Edge Profile: Grooved
- Wattage Rating: 60W
- Color Temperature: 2700K
- Power Source: Electric
- Display Condition: New
- Package Quantity: 5 Pack",1,SPECIFICATIONS,1.0,True,True,True,True,1.0,verified
PROD-0133,AGB15512WT,Parksite,length,12 ft,manufacturer_pdf,https://www.parksite.com/docs/datasheets/agb15512wt.pdf,"OFFICIAL MANUFACTURER TECHNICAL DATASHEET:
- Part Number: AGB15512WT
- Manufacturer: Parksite
- Material Composition: PVC / Aluminum Oxide / High Speed Steel
- Product Dimensions: 1/2 in x 18 in
- Board Length: 12 ft
- Width Profile: 1x6
- Color / Finish: Slate Gray / White / Stainless Steel
- Edge Profile: Grooved
- Wattage Rating: 60W
- Color Temperature: 2700K
- Power Source: Electric
- Display Condition: New
- Package Quantity: 5 Pack",1,SPECIFICATIONS,1.0,True,True,True,True,1.0,verified
PROD-0133,AGB15512WT,Parksite,width_profile,1x6,manufacturer_pdf,https://www.parksite.com/docs/datasheets/agb15512wt.pdf,"OFFICIAL MANUFACTURER TECHNICAL DATASHEET:
- Part Number: AGB15512WT
- Manufacturer: Parksite
- Material Composition: PVC / Aluminum Oxide / High Speed Steel
- Product Dimensions: 1/2 in x 18 in
- Board Length: 12 ft
- Width Profile: 1x6
- Color / Finish: Slate Gray / White / Stainless Steel
- Edge Profile: Grooved
- Wattage Rating: 60W
- Color Temperature: 2700K
- Power Source: Electric
- Display Condition: New
- Package Quantity: 5 Pack",1,SPECIFICATIONS,1.0,True,True,True,True,1.0,verified
PROD-0134,AGB15516WT,Parksite,color,Slate Gray,manufacturer_pdf,https://www.parksite.com/docs/datasheets/agb15516wt.pdf,"OFFICIAL MANUFACTURER TECHNICAL DATASHEET:
- Part Number: AGB15516WT
- Manufacturer: Parksite
- Material Composition: PVC / Aluminum Oxide / High Speed Steel
- Product Dimensions: 1/2 in x 18 in
- Board Length: 12 ft
- Width Profile: 1x6
- Color / Finish: Slate Gray / White / Stainless Steel
- Edge Profile: Grooved
- Wattage Rating: 60W
- Color Temperature: 2700K
- Power Source: Electric
- Display Condition: New
- Package Quantity: 5 Pack",1,SPECIFICATIONS,1.0,True,True,True,True,1.0,verified
PROD-0134,AGB15516WT,Parksite,edge_profile,Grooved,manufacturer_pdf,https://www.parksite.com/docs/datasheets/agb15516wt.pdf,"OFFICIAL MANUFACTURER TECHNICAL DATASHEET:
- Part Number: AGB15516WT
- Manufacturer: Parksite
- Material Composition: PVC / Aluminum Oxide / High Speed Steel
- Product Dimensions: 1/2 in x 18 in
- Board Length: 12 ft
- Width Profile: 1x6
- Color / Finish: Slate Gray / White / Stainless Steel
- Edge Profile: Grooved
- Wattage Rating: 60W
- Color Temperature: 2700K
- Power Source: Electric
- Display Condition: New
- Package Quantity: 5 Pack",1,SPECIFICATIONS,1.0,True,True,True,True,1.0,verified
PROD-0134,AGB15516WT,Parksite,length,12 ft,manufacturer_pdf,https://www.parksite.com/docs/datasheets/agb15516wt.pdf,"OFFICIAL MANUFACTURER TECHNICAL DATASHEET:
- Part Number: AGB15516WT
- Manufacturer: Parksite
- Material Composition: PVC / Aluminum Oxide / High Speed Steel
- Product Dimensions: 1/2 in x 18 in
- Board Length: 12 ft
- Width Profile: 1x6
- Color / Finish: Slate Gray / White / Stainless Steel
- Edge Profile: Grooved
- Wattage Rating: 60W
- Color Temperature: 2700K
- Power Source: Electric
- Display Condition: New
- Package Quantity: 5 Pack",1,SPECIFICATIONS,1.0,True,True,True,True,1.0,verified
PROD-0134,AGB15516WT,Parksite,width_profile,1x6,manufacturer_pdf,https://www.parksite.com/docs/datasheets/agb15516wt.pdf,"OFFICIAL MANUFACTURER TECHNICAL DATASHEET:
- Part Number: AGB15516WT
- Manufacturer: Parksite
- Material Composition: PVC / Aluminum Oxide / High Speed Steel
- Product Dimensions: 1/2 in x 18 in
- Board Length: 12 ft
- Width Profile: 1x6
- Color / Finish: Slate Gray / White / Stainless Steel
- Edge Profile: Grooved
- Wattage Rating: 60W
- Color Temperature: 2700K
- Power Source: Electric
- Display Condition: New
- Package Quantity: 5 Pack",1,SPECIFICATIONS,1.0,True,True,True,True,1.0,verified
PROD-0135,AGB15520WT,Parksite,color,Slate Gray,manufacturer_pdf,https://www.parksite.com/docs/datasheets/agb15520wt.pdf,"OFFICIAL MANUFACTURER TECHNICAL DATASHEET:
- Part Number: AGB15520WT
- Manufacturer: Parksite
- Material Composition: PVC / Aluminum Oxide / High Speed Steel
- Product Dimensions: 1/2 in x 18 in
- Board Length: 12 ft
- Width Profile: 1x6
- Color / Finish: Slate Gray / White / Stainless Steel
- Edge Profile: Grooved
- Wattage Rating: 60W
- Color Temperature: 2700K
- Power Source: Electric
- Display Condition: New
- Package Quantity: 5 Pack",1,SPECIFICATIONS,1.0,True,True,True,True,1.0,verified
PROD-0135,AGB15520WT,Parksite,edge_profile,Grooved,manufacturer_pdf,https://www.parksite.com/docs/datasheets/agb15520wt.pdf,"OFFICIAL MANUFACTURER TECHNICAL DATASHEET:
- Part Number: AGB15520WT
- Manufacturer: Parksite
- Material Composition: PVC / Aluminum Oxide / High Speed Steel
- Product Dimensions: 1/2 in x 18 in
- Board Length: 12 ft
- Width Profile: 1x6
- Color / Finish: Slate Gray / White / Stainless Steel
- Edge Profile: Grooved
- Wattage Rating: 60W
- Color Temperature: 2700K
- Power Source: Electric
- Display Condition: New
- Package Quantity: 5 Pack",1,SPECIFICATIONS,1.0,True,True,True,True,1.0,verified
PROD-0135,AGB15520WT,Parksite,length,12 ft,manufacturer_pdf,https://www.parksite.com/docs/datasheets/agb15520wt.pdf,"OFFICIAL MANUFACTURER TECHNICAL DATASHEET:
- Part Number: AGB15520WT
- Manufacturer: Parksite
- Material Composition: PVC / Aluminum Oxide / High Speed Steel
- Product Dimensions: 1/2 in x 18 in
- Board Length: 12 ft
- Width Profile: 1x6
- Color / Finish: Slate Gray / White / Stainless Steel
- Edge Profile: Grooved
- Wattage Rating: 60W
- Color Temperature: 2700K
- Power Source: Electric
- Display Condition: New
- Package Quantity: 5 Pack",1,SPECIFICATIONS,1.0,True,True,True,True,1.0,verified
PROD-0135,AGB15520WT,Parksite,width_profile,1x6,manufacturer_pdf,https://www.parksite.com/docs/datasheets/agb15520wt.pdf,"OFFICIAL MANUFACTURER TECHNICAL DATASHEET:
- Part Number: AGB15520WT
- Manufacturer: Parksite
- Material Composition: PVC / Aluminum Oxide / High Speed Steel
- Product Dimensions: 1/2 in x 18 in
- Board Length: 12 ft
- Width Profile: 1x6
- Color / Finish: Slate Gray / White / Stainless Steel
- Edge Profile: Grooved
- Wattage Rating: 60W
- Color Temperature: 2700K
- Power Source: Electric
- Display Condition: New
- Package Quantity: 5 Pack",1,SPECIFICATIONS,1.0,True,True,True,True,1.0,verified
PROD-0136,ADB15516AW,Parksite,color,Slate Gray,manufacturer_pdf,https://www.parksite.com/docs/datasheets/adb15516aw.pdf,"OFFICIAL MANUFACTURER TECHNICAL DATASHEET:
- Part Number: ADB15516AW
- Manufacturer: Parksite
- Material Composition: PVC / Aluminum Oxide / High Speed Steel
- Product Dimensions: 1/2 in x 18 in
- Board Length: 12 ft
- Width Profile: 1x6
- Color / Finish: Slate Gray / White / Stainless Steel
- Edge Profile: Grooved
- Wattage Rating: 60W
- Color Temperature: 2700K
- Power Source: Electric
- Display Condition: New
- Package Quantity: 5 Pack",1,SPECIFICATIONS,1.0,True,True,True,True,1.0,verified
PROD-0136,ADB15516AW,Parksite,edge_profile,Grooved,manufacturer_pdf,https://www.parksite.com/docs/datasheets/adb15516aw.pdf,"OFFICIAL MANUFACTURER TECHNICAL DATASHEET:
- Part Number: ADB15516AW
- Manufacturer: Parksite
- Material Composition: PVC / Aluminum Oxide / High Speed Steel
- Product Dimensions: 1/2 in x 18 in
- Board Length: 12 ft
- Width Profile: 1x6
- Color / Finish: Slate Gray / White / Stainless Steel
- Edge Profile: Grooved
- Wattage Rating: 60W
- Color Temperature: 2700K
- Power Source: Electric
- Display Condition: New
- Package Quantity: 5 Pack",1,SPECIFICATIONS,1.0,True,True,True,True,1.0,verified
PROD-0136,ADB15516AW,Parksite,length,12 ft,manufacturer_pdf,https://www.parksite.com/docs/datasheets/adb15516aw.pdf,"OFFICIAL MANUFACTURER TECHNICAL DATASHEET:
- Part Number: ADB15516AW
- Manufacturer: Parksite
- Material Composition: PVC / Aluminum Oxide / High Speed Steel
- Product Dimensions: 1/2 in x 18 in
- Board Length: 12 ft
- Width Profile: 1x6
- Color / Finish: Slate Gray / White / Stainless Steel
- Edge Profile: Grooved
- Wattage Rating: 60W
- Color Temperature: 2700K
- Power Source: Electric
- Display Condition: New
- Package Quantity: 5 Pack",1,SPECIFICATIONS,1.0,True,True,True,True,1.0,verified
PROD-0136,ADB15516AW,Parksite,width_profile,1x6,manufacturer_pdf,https://www.parksite.com/docs/datasheets/adb15516aw.pdf,"OFFICIAL MANUFACTURER TECHNICAL DATASHEET:
- Part Number: ADB15516AW
- Manufacturer: Parksite
- Material Composition: PVC / Aluminum Oxide / High Speed Steel
- Product Dimensions: 1/2 in x 18 in
- Board Length: 12 ft
- Width Profile: 1x6
- Color / Finish: Slate Gray / White / Stainless Steel
- Edge Profile: Grooved
- Wattage Rating: 60W
- Color Temperature: 2700K
- Power Source: Electric
- Display Condition: New
- Package Quantity: 5 Pack",1,SPECIFICATIONS,1.0,True,True,True,True,1.0,verified
PROD-0137,ADB15520AW,Parksite,color,Slate Gray,manufacturer_pdf,https://www.parksite.com/docs/datasheets/adb15520aw.pdf,"OFFICIAL MANUFACTURER TECHNICAL DATASHEET:
- Part Number: ADB15520AW
- Manufacturer: Parksite
- Material Composition: PVC / Aluminum Oxide / High Speed Steel
- Product Dimensions: 1/2 in x 18 in
- Board Length: 12 ft
- Width Profile: 1x6
- Color / Finish: Slate Gray / White / Stainless Steel
- Edge Profile: Grooved
- Wattage Rating: 60W
- Color Temperature: 2700K
- Power Source: Electric
- Display Condition: New
- Package Quantity: 5 Pack",1,SPECIFICATIONS,1.0,True,True,True,True,1.0,verified
PROD-0137,ADB15520AW,Parksite,edge_profile,Grooved,manufacturer_pdf,https://www.parksite.com/docs/datasheets/adb15520aw.pdf,"OFFICIAL MANUFACTURER TECHNICAL DATASHEET:
- Part Number: ADB15520AW
- Manufacturer: Parksite
- Material Composition: PVC / Aluminum Oxide / High Speed Steel
- Product Dimensions: 1/2 in x 18 in
- Board Length: 12 ft
- Width Profile: 1x6
- Color / Finish: Slate Gray / White / Stainless Steel
- Edge Profile: Grooved
- Wattage Rating: 60W
- Color Temperature: 2700K
- Power Source: Electric
- Display Condition: New
- Package Quantity: 5 Pack",1,SPECIFICATIONS,1.0,True,True,True,True,1.0,verified
PROD-0137,ADB15520AW,Parksite,length,12 ft,manufacturer_pdf,https://www.parksite.com/docs/datasheets/adb15520aw.pdf,"OFFICIAL MANUFACTURER TECHNICAL DATASHEET:
- Part Number: ADB15520AW
- Manufacturer: Parksite
- Material Composition: PVC / Aluminum Oxide / High Speed Steel
- Product Dimensions: 1/2 in x 18 in
- Board Length: 12 ft
- Width Profile: 1x6
- Color / Finish: Slate Gray / White / Stainless Steel
- Edge Profile: Grooved
- Wattage Rating: 60W
- Color Temperature: 2700K
- Power Source: Electric
- Display Condition: New
- Package Quantity: 5 Pack",1,SPECIFICATIONS,1.0,True,True,True,True,1.0,verified
PROD-0137,ADB15520AW,Parksite,width_profile,1x6,manufacturer_pdf,https://www.parksite.com/docs/datasheets/adb15520aw.pdf,"OFFICIAL MANUFACTURER TECHNICAL DATASHEET:
- Part Number: ADB15520AW
- Manufacturer: Parksite
- Material Composition: PVC / Aluminum Oxide / High Speed Steel
- Product Dimensions: 1/2 in x 18 in
- Board Length: 12 ft
- Width Profile: 1x6
- Color / Finish: Slate Gray / White / Stainless Steel
- Edge Profile: Grooved
- Wattage Rating: 60W
- Color Temperature: 2700K
- Power Source: Electric
- Display Condition: New
- Package Quantity: 5 Pack",1,SPECIFICATIONS,1.0,True,True,True,True,1.0,verified
PROD-0138,ADB15516CG,Parksite,color,Slate Gray,manufacturer_pdf,https://www.parksite.com/docs/datasheets/adb15516cg.pdf,"OFFICIAL MANUFACTURER TECHNICAL DATASHEET:
- Part Number: ADB15516CG
- Manufacturer: Parksite
- Material Composition: PVC / Aluminum Oxide / High Speed Steel
- Product Dimensions: 1/2 in x 18 in
- Board Length: 12 ft
- Width Profile: 1x6
- Color / Finish: Slate Gray / White / Stainless Steel
- Edge Profile: Grooved
- Wattage Rating: 60W
- Color Temperature: 2700K
- Power Source: Electric
- Display Condition: New
- Package Quantity: 5 Pack",1,SPECIFICATIONS,1.0,True,True,True,True,1.0,verified
PROD-0138,ADB15516CG,Parksite,edge_profile,Grooved,manufacturer_pdf,https://www.parksite.com/docs/datasheets/adb15516cg.pdf,"OFFICIAL MANUFACTURER TECHNICAL DATASHEET:
- Part Number: ADB15516CG
- Manufacturer: Parksite
- Material Composition: PVC / Aluminum Oxide / High Speed Steel
- Product Dimensions: 1/2 in x 18 in
- Board Length: 12 ft
- Width Profile: 1x6
- Color / Finish: Slate Gray / White / Stainless Steel
- Edge Profile: Grooved
- Wattage Rating: 60W
- Color Temperature: 2700K
- Power Source: Electric
- Display Condition: New
- Package Quantity: 5 Pack",1,SPECIFICATIONS,1.0,True,True,True,True,1.0,verified
PROD-0138,ADB15516CG,Parksite,length,12 ft,manufacturer_pdf,https://www.parksite.com/docs/datasheets/adb15516cg.pdf,"OFFICIAL MANUFACTURER TECHNICAL DATASHEET:
- Part Number: ADB15516CG
- Manufacturer: Parksite
- Material Composition: PVC / Aluminum Oxide / High Speed Steel
- Product Dimensions: 1/2 in x 18 in
- Board Length: 12 ft
- Width Profile: 1x6
- Color / Finish: Slate Gray / White / Stainless Steel
- Edge Profile: Grooved
- Wattage Rating: 60W
- Color Temperature: 2700K
- Power Source: Electric
- Display Condition: New
- Package Quantity: 5 Pack",1,SPECIFICATIONS,1.0,True,True,True,True,1.0,verified
PROD-0138,ADB15516CG,Parksite,width_profile,1x6,manufacturer_pdf,https://www.parksite.com/docs/datasheets/adb15516cg.pdf,"OFFICIAL MANUFACTURER TECHNICAL DATASHEET:
- Part Number: ADB15516CG
- Manufacturer: Parksite
- Material Composition: PVC / Aluminum Oxide / High Speed Steel
- Product Dimensions: 1/2 in x 18 in
- Board Length: 12 ft
- Width Profile: 1x6
- Color / Finish: Slate Gray / White / Stainless Steel
- Edge Profile: Grooved
- Wattage Rating: 60W
- Color Temperature: 2700K
- Power Source: Electric
- Display Condition: New
- Package Quantity: 5 Pack",1,SPECIFICATIONS,1.0,True,True,True,True,1.0,verified
PROD-0139,ADB15520CG,Parksite,color,Slate Gray,manufacturer_pdf,https://www.parksite.com/docs/datasheets/adb15520cg.pdf,"OFFICIAL MANUFACTURER TECHNICAL DATASHEET:
- Part Number: ADB15520CG
- Manufacturer: Parksite
- Material Composition: PVC / Aluminum Oxide / High Speed Steel
- Product Dimensions: 1/2 in x 18 in
- Board Length: 12 ft
- Width Profile: 1x6
- Color / Finish: Slate Gray / White / Stainless Steel
- Edge Profile: Grooved
- Wattage Rating: 60W
- Color Temperature: 2700K
- Power Source: Electric
- Display Condition: New
- Package Quantity: 5 Pack",1,SPECIFICATIONS,1.0,True,True,True,True,1.0,verified
PROD-0139,ADB15520CG,Parksite,edge_profile,Grooved,manufacturer_pdf,https://www.parksite.com/docs/datasheets/adb15520cg.pdf,"OFFICIAL MANUFACTURER TECHNICAL DATASHEET:
- Part Number: ADB15520CG
- Manufacturer: Parksite
- Material Composition: PVC / Aluminum Oxide / High Speed Steel
- Product Dimensions: 1/2 in x 18 in
- Board Length: 12 ft
- Width Profile: 1x6
- Color / Finish: Slate Gray / White / Stainless Steel
- Edge Profile: Grooved
- Wattage Rating: 60W
- Color Temperature: 2700K
- Power Source: Electric
- Display Condition: New
- Package Quantity: 5 Pack",1,SPECIFICATIONS,1.0,True,True,True,True,1.0,verified
PROD-0139,ADB15520CG,Parksite,length,12 ft,manufacturer_pdf,https://www.parksite.com/docs/datasheets/adb15520cg.pdf,"OFFICIAL MANUFACTURER TECHNICAL DATASHEET:
- Part Number: ADB15520CG
- Manufacturer: Parksite
- Material Composition: PVC / Aluminum Oxide / High Speed Steel
- Product Dimensions: 1/2 in x 18 in
- Board Length: 12 ft
- Width Profile: 1x6
- Color / Finish: Slate Gray / White / Stainless Steel
- Edge Profile: Grooved
- Wattage Rating: 60W
- Color Temperature: 2700K
- Power Source: Electric
- Display Condition: New
- Package Quantity: 5 Pack",1,SPECIFICATIONS,1.0,True,True,True,True,1.0,verified
PROD-0139,ADB15520CG,Parksite,width_profile,1x6,manufacturer_pdf,https://www.parksite.com/docs/datasheets/adb15520cg.pdf,"OFFICIAL MANUFACTURER TECHNICAL DATASHEET:
- Part Number: ADB15520CG
- Manufacturer: Parksite
- Material Composition: PVC / Aluminum Oxide / High Speed Steel
- Product Dimensions: 1/2 in x 18 in
- Board Length: 12 ft
- Width Profile: 1x6
- Color / Finish: Slate Gray / White / Stainless Steel
- Edge Profile: Grooved
- Wattage Rating: 60W
- Color Temperature: 2700K
- Power Source: Electric
- Display Condition: New
- Package Quantity: 5 Pack",1,SPECIFICATIONS,1.0,True,True,True,True,1.0,verified
PROD-0140,ADB15516FW,Parksite,color,Slate Gray,manufacturer_pdf,https://www.parksite.com/docs/datasheets/adb15516fw.pdf,"OFFICIAL MANUFACTURER TECHNICAL DATASHEET:
- Part Number: ADB15516FW
- Manufacturer: Parksite
- Material Composition: PVC / Aluminum Oxide / High Speed Steel
- Product Dimensions: 1/2 in x 18 in
- Board Length: 12 ft
- Width Profile: 1x6
- Color / Finish: Slate Gray / White / Stainless Steel
- Edge Profile: Grooved
- Wattage Rating: 60W
- Color Temperature: 2700K
- Power Source: Electric
- Display Condition: New
- Package Quantity: 5 Pack",1,SPECIFICATIONS,1.0,True,True,True,True,1.0,verified
PROD-0140,ADB15516FW,Parksite,edge_profile,Grooved,manufacturer_pdf,https://www.parksite.com/docs/datasheets/adb15516fw.pdf,"OFFICIAL MANUFACTURER TECHNICAL DATASHEET:
- Part Number: ADB15516FW
- Manufacturer: Parksite
- Material Composition: PVC / Aluminum Oxide / High Speed Steel
- Product Dimensions: 1/2 in x 18 in
- Board Length: 12 ft
- Width Profile: 1x6
- Color / Finish: Slate Gray / White / Stainless Steel
- Edge Profile: Grooved
- Wattage Rating: 60W
- Color Temperature: 2700K
- Power Source: Electric
- Display Condition: New
- Package Quantity: 5 Pack",1,SPECIFICATIONS,1.0,True,True,True,True,1.0,verified
PROD-0140,ADB15516FW,Parksite,length,12 ft,manufacturer_pdf,https://www.parksite.com/docs/datasheets/adb15516fw.pdf,"OFFICIAL MANUFACTURER TECHNICAL DATASHEET:
- Part Number: ADB15516FW
- Manufacturer: Parksite
- Material Composition: PVC / Aluminum Oxide / High Speed Steel
- Product Dimensions: 1/2 in x 18 in
- Board Length: 12 ft
- Width Profile: 1x6
- Color / Finish: Slate Gray / White / Stainless Steel
- Edge Profile: Grooved
- Wattage Rating: 60W
- Color Temperature: 2700K
- Power Source: Electric
- Display Condition: New
- Package Quantity: 5 Pack",1,SPECIFICATIONS,1.0,True,True,True,True,1.0,verified
PROD-0140,ADB15516FW,Parksite,width_profile,1x6,manufacturer_pdf,https://www.parksite.com/docs/datasheets/adb15516fw.pdf,"OFFICIAL MANUFACTURER TECHNICAL DATASHEET:
- Part Number: ADB15516FW
- Manufacturer: Parksite
- Material Composition: PVC / Aluminum Oxide / High Speed Steel
- Product Dimensions: 1/2 in x 18 in
- Board Length: 12 ft
- Width Profile: 1x6
- Color / Finish: Slate Gray / White / Stainless Steel
- Edge Profile: Grooved
- Wattage Rating: 60W
- Color Temperature: 2700K
- Power Source: Electric
- Display Condition: New
- Package Quantity: 5 Pack",1,SPECIFICATIONS,1.0,True,True,True,True,1.0,verified
PROD-0141,ADB15520FW,Parksite,color,Slate Gray,manufacturer_pdf,https://www.parksite.com/docs/datasheets/adb15520fw.pdf,"OFFICIAL MANUFACTURER TECHNICAL DATASHEET:
- Part Number: ADB15520FW
- Manufacturer: Parksite
- Material Composition: PVC / Aluminum Oxide / High Speed Steel
- Product Dimensions: 1/2 in x 18 in
- Board Length: 12 ft
- Width Profile: 1x6
- Color / Finish: Slate Gray / White / Stainless Steel
- Edge Profile: Grooved
- Wattage Rating: 60W
- Color Temperature: 2700K
- Power Source: Electric
- Display Condition: New
- Package Quantity: 5 Pack",1,SPECIFICATIONS,1.0,True,True,True,True,1.0,verified
PROD-0141,ADB15520FW,Parksite,edge_profile,Grooved,manufacturer_pdf,https://www.parksite.com/docs/datasheets/adb15520fw.pdf,"OFFICIAL MANUFACTURER TECHNICAL DATASHEET:
- Part Number: ADB15520FW
- Manufacturer: Parksite
- Material Composition: PVC / Aluminum Oxide / High Speed Steel
- Product Dimensions: 1/2 in x 18 in
- Board Length: 12 ft
- Width Profile: 1x6
- Color / Finish: Slate Gray / White / Stainless Steel
- Edge Profile: Grooved
- Wattage Rating: 60W
- Color Temperature: 2700K
- Power Source: Electric
- Display Condition: New
- Package Quantity: 5 Pack",1,SPECIFICATIONS,1.0,True,True,True,True,1.0,verified
PROD-0141,ADB15520FW,Parksite,length,12 ft,manufacturer_pdf,https://www.parksite.com/docs/datasheets/adb15520fw.pdf,"OFFICIAL MANUFACTURER TECHNICAL DATASHEET:
- Part Number: ADB15520FW
- Manufacturer: Parksite
- Material Composition: PVC / Aluminum Oxide / High Speed Steel
- Product Dimensions: 1/2 in x 18 in
- Board Length: 12 ft
- Width Profile: 1x6
- Color / Finish: Slate Gray / White / Stainless Steel
- Edge Profile: Grooved
- Wattage Rating: 60W
- Color Temperature: 2700K
- Power Source: Electric
- Display Condition: New
- Package Quantity: 5 Pack",1,SPECIFICATIONS,1.0,True,True,True,True,1.0,verified
PROD-0141,ADB15520FW,Parksite,width_profile,1x6,manufacturer_pdf,https://www.parksite.com/docs/datasheets/adb15520fw.pdf,"OFFICIAL MANUFACTURER TECHNICAL DATASHEET:
- Part Number: ADB15520FW
- Manufacturer: Parksite
- Material Composition: PVC / Aluminum Oxide / High Speed Steel
- Product Dimensions: 1/2 in x 18 in
- Board Length: 12 ft
- Width Profile: 1x6
- Color / Finish: Slate Gray / White / Stainless Steel
- Edge Profile: Grooved
- Wattage Rating: 60W
- Color Temperature: 2700K
- Power Source: Electric
- Display Condition: New
- Package Quantity: 5 Pack",1,SPECIFICATIONS,1.0,True,True,True,True,1.0,verified
PROD-0142,AGB15512AW,Parksite,color,Slate Gray,manufacturer_pdf,https://www.parksite.com/docs/datasheets/agb15512aw.pdf,"OFFICIAL MANUFACTURER TECHNICAL DATASHEET:
- Part Number: AGB15512AW
- Manufacturer: Parksite
- Material Composition: PVC / Aluminum Oxide / High Speed Steel
- Product Dimensions: 1/2 in x 18 in
- Board Length: 12 ft
- Width Profile: 1x6
- Color / Finish: Slate Gray / White / Stainless Steel
- Edge Profile: Grooved
- Wattage Rating: 60W
- Color Temperature: 2700K
- Power Source: Electric
- Display Condition: New
- Package Quantity: 5 Pack",1,SPECIFICATIONS,1.0,True,True,True,True,1.0,verified
PROD-0142,AGB15512AW,Parksite,edge_profile,Grooved,manufacturer_pdf,https://www.parksite.com/docs/datasheets/agb15512aw.pdf,"OFFICIAL MANUFACTURER TECHNICAL DATASHEET:
- Part Number: AGB15512AW
- Manufacturer: Parksite
- Material Composition: PVC / Aluminum Oxide / High Speed Steel
- Product Dimensions: 1/2 in x 18 in
- Board Length: 12 ft
- Width Profile: 1x6
- Color / Finish: Slate Gray / White / Stainless Steel
- Edge Profile: Grooved
- Wattage Rating: 60W
- Color Temperature: 2700K
- Power Source: Electric
- Display Condition: New
- Package Quantity: 5 Pack",1,SPECIFICATIONS,1.0,True,True,True,True,1.0,verified
PROD-0142,AGB15512AW,Parksite,length,12 ft,manufacturer_pdf,https://www.parksite.com/docs/datasheets/agb15512aw.pdf,"OFFICIAL MANUFACTURER TECHNICAL DATASHEET:
- Part Number: AGB15512AW
- Manufacturer: Parksite
- Material Composition: PVC / Aluminum Oxide / High Speed Steel
- Product Dimensions: 1/2 in x 18 in
- Board Length: 12 ft
- Width Profile: 1x6
- Color / Finish: Slate Gray / White / Stainless Steel
- Edge Profile: Grooved
- Wattage Rating: 60W
- Color Temperature: 2700K
- Power Source: Electric
- Display Condition: New
- Package Quantity: 5 Pack",1,SPECIFICATIONS,1.0,True,True,True,True,1.0,verified
PROD-0142,AGB15512AW,Parksite,width_profile,1x6,manufacturer_pdf,https://www.parksite.com/docs/datasheets/agb15512aw.pdf,"OFFICIAL MANUFACTURER TECHNICAL DATASHEET:
- Part Number: AGB15512AW
- Manufacturer: Parksite
- Material Composition: PVC / Aluminum Oxide / High Speed Steel
- Product Dimensions: 1/2 in x 18 in
- Board Length: 12 ft
- Width Profile: 1x6
- Color / Finish: Slate Gray / White / Stainless Steel
- Edge Profile: Grooved
- Wattage Rating: 60W
- Color Temperature: 2700K
- Power Source: Electric
- Display Condition: New
- Package Quantity: 5 Pack",1,SPECIFICATIONS,1.0,True,True,True,True,1.0,verified
PROD-0143,AGB15516AW,Parksite,color,Slate Gray,manufacturer_pdf,https://www.parksite.com/docs/datasheets/agb15516aw.pdf,"OFFICIAL MANUFACTURER TECHNICAL DATASHEET:
- Part Number: AGB15516AW
- Manufacturer: Parksite
- Material Composition: PVC / Aluminum Oxide / High Speed Steel
- Product Dimensions: 1/2 in x 18 in
- Board Length: 12 ft
- Width Profile: 1x6
- Color / Finish: Slate Gray / White / Stainless Steel
- Edge Profile: Grooved
- Wattage Rating: 60W
- Color Temperature: 2700K
- Power Source: Electric
- Display Condition: New
- Package Quantity: 5 Pack",1,SPECIFICATIONS,1.0,True,True,True,True,1.0,verified
PROD-0143,AGB15516AW,Parksite,edge_profile,Grooved,manufacturer_pdf,https://www.parksite.com/docs/datasheets/agb15516aw.pdf,"OFFICIAL MANUFACTURER TECHNICAL DATASHEET:
- Part Number: AGB15516AW
- Manufacturer: Parksite
- Material Composition: PVC / Aluminum Oxide / High Speed Steel
- Product Dimensions: 1/2 in x 18 in
- Board Length: 12 ft
- Width Profile: 1x6
- Color / Finish: Slate Gray / White / Stainless Steel
- Edge Profile: Grooved
- Wattage Rating: 60W
- Color Temperature: 2700K
- Power Source: Electric
- Display Condition: New
- Package Quantity: 5 Pack",1,SPECIFICATIONS,1.0,True,True,True,True,1.0,verified
PROD-0143,AGB15516AW,Parksite,length,12 ft,manufacturer_pdf,https://www.parksite.com/docs/datasheets/agb15516aw.pdf,"OFFICIAL MANUFACTURER TECHNICAL DATASHEET:
- Part Number: AGB15516AW
- Manufacturer: Parksite
- Material Composition: PVC / Aluminum Oxide / High Speed Steel
- Product Dimensions: 1/2 in x 18 in
- Board Length: 12 ft
- Width Profile: 1x6
- Color / Finish: Slate Gray / White / Stainless Steel
- Edge Profile: Grooved
- Wattage Rating: 60W
- Color Temperature: 2700K
- Power Source: Electric
- Display Condition: New
- Package Quantity: 5 Pack",1,SPECIFICATIONS,1.0,True,True,True,True,1.0,verified
PROD-0143,AGB15516AW,Parksite,width_profile,1x6,manufacturer_pdf,https://www.parksite.com/docs/datasheets/agb15516aw.pdf,"OFFICIAL MANUFACTURER TECHNICAL DATASHEET:
- Part Number: AGB15516AW
- Manufacturer: Parksite
- Material Composition: PVC / Aluminum Oxide / High Speed Steel
- Product Dimensions: 1/2 in x 18 in
- Board Length: 12 ft
- Width Profile: 1x6
- Color / Finish: Slate Gray / White / Stainless Steel
- Edge Profile: Grooved
- Wattage Rating: 60W
- Color Temperature: 2700K
- Power Source: Electric
- Display Condition: New
- Package Quantity: 5 Pack",1,SPECIFICATIONS,1.0,True,True,True,True,1.0,verified
PROD-0144,AGB15520AW,Parksite,color,Slate Gray,manufacturer_pdf,https://www.parksite.com/docs/datasheets/agb15520aw.pdf,"OFFICIAL MANUFACTURER TECHNICAL DATASHEET:
- Part Number: AGB15520AW
- Manufacturer: Parksite
- Material Composition: PVC / Aluminum Oxide / High Speed Steel
- Product Dimensions: 1/2 in x 18 in
- Board Length: 12 ft
- Width Profile: 1x6
- Color / Finish: Slate Gray / White / Stainless Steel
- Edge Profile: Grooved
- Wattage Rating: 60W
- Color Temperature: 2700K
- Power Source: Electric
- Display Condition: New
- Package Quantity: 5 Pack",1,SPECIFICATIONS,1.0,True,True,True,True,1.0,verified
PROD-0144,AGB15520AW,Parksite,edge_profile,Grooved,manufacturer_pdf,https://www.parksite.com/docs/datasheets/agb15520aw.pdf,"OFFICIAL MANUFACTURER TECHNICAL DATASHEET:
- Part Number: AGB15520AW
- Manufacturer: Parksite
- Material Composition: PVC / Aluminum Oxide / High Speed Steel
- Product Dimensions: 1/2 in x 18 in
- Board Length: 12 ft
- Width Profile: 1x6
- Color / Finish: Slate Gray / White / Stainless Steel
- Edge Profile: Grooved
- Wattage Rating: 60W
- Color Temperature: 2700K
- Power Source: Electric
- Display Condition: New
- Package Quantity: 5 Pack",1,SPECIFICATIONS,1.0,True,True,True,True,1.0,verified
PROD-0144,AGB15520AW,Parksite,length,12 ft,manufacturer_pdf,https://www.parksite.com/docs/datasheets/agb15520aw.pdf,"OFFICIAL MANUFACTURER TECHNICAL DATASHEET:
- Part Number: AGB15520AW
- Manufacturer: Parksite
- Material Composition: PVC / Aluminum Oxide / High Speed Steel
- Product Dimensions: 1/2 in x 18 in
- Board Length: 12 ft
- Width Profile: 1x6
- Color / Finish: Slate Gray / White / Stainless Steel
- Edge Profile: Grooved
- Wattage Rating: 60W
- Color Temperature: 2700K
- Power Source: Electric
- Display Condition: New
- Package Quantity: 5 Pack",1,SPECIFICATIONS,1.0,True,True,True,True,1.0,verified
PROD-0144,AGB15520AW,Parksite,width_profile,1x6,manufacturer_pdf,https://www.parksite.com/docs/datasheets/agb15520aw.pdf,"OFFICIAL MANUFACTURER TECHNICAL DATASHEET:
- Part Number: AGB15520AW
- Manufacturer: Parksite
- Material Composition: PVC / Aluminum Oxide / High Speed Steel
- Product Dimensions: 1/2 in x 18 in
- Board Length: 12 ft
- Width Profile: 1x6
- Color / Finish: Slate Gray / White / Stainless Steel
- Edge Profile: Grooved
- Wattage Rating: 60W
- Color Temperature: 2700K
- Power Source: Electric
- Display Condition: New
- Package Quantity: 5 Pack",1,SPECIFICATIONS,1.0,True,True,True,True,1.0,verified
PROD-0145,AGB15512CG,Parksite,color,Slate Gray,manufacturer_pdf,https://www.parksite.com/docs/datasheets/agb15512cg.pdf,"OFFICIAL MANUFACTURER TECHNICAL DATASHEET:
- Part Number: AGB15512CG
- Manufacturer: Parksite
- Material Composition: PVC / Aluminum Oxide / High Speed Steel
- Product Dimensions: 1/2 in x 18 in
- Board Length: 12 ft
- Width Profile: 1x6
- Color / Finish: Slate Gray / White / Stainless Steel
- Edge Profile: Grooved
- Wattage Rating: 60W
- Color Temperature: 2700K
- Power Source: Electric
- Display Condition: New
- Package Quantity: 5 Pack",1,SPECIFICATIONS,1.0,True,True,True,True,1.0,verified
PROD-0145,AGB15512CG,Parksite,edge_profile,Grooved,manufacturer_pdf,https://www.parksite.com/docs/datasheets/agb15512cg.pdf,"OFFICIAL MANUFACTURER TECHNICAL DATASHEET:
- Part Number: AGB15512CG
- Manufacturer: Parksite
- Material Composition: PVC / Aluminum Oxide / High Speed Steel
- Product Dimensions: 1/2 in x 18 in
- Board Length: 12 ft
- Width Profile: 1x6
- Color / Finish: Slate Gray / White / Stainless Steel
- Edge Profile: Grooved
- Wattage Rating: 60W
- Color Temperature: 2700K
- Power Source: Electric
- Display Condition: New
- Package Quantity: 5 Pack",1,SPECIFICATIONS,1.0,True,True,True,True,1.0,verified
PROD-0145,AGB15512CG,Parksite,length,12 ft,manufacturer_pdf,https://www.parksite.com/docs/datasheets/agb15512cg.pdf,"OFFICIAL MANUFACTURER TECHNICAL DATASHEET:
- Part Number: AGB15512CG
- Manufacturer: Parksite
- Material Composition: PVC / Aluminum Oxide / High Speed Steel
- Product Dimensions: 1/2 in x 18 in
- Board Length: 12 ft
- Width Profile: 1x6
- Color / Finish: Slate Gray / White / Stainless Steel
- Edge Profile: Grooved
- Wattage Rating: 60W
- Color Temperature: 2700K
- Power Source: Electric
- Display Condition: New
- Package Quantity: 5 Pack",1,SPECIFICATIONS,1.0,True,True,True,True,1.0,verified
PROD-0145,AGB15512CG,Parksite,width_profile,1x6,manufacturer_pdf,https://www.parksite.com/docs/datasheets/agb15512cg.pdf,"OFFICIAL MANUFACTURER TECHNICAL DATASHEET:
- Part Number: AGB15512CG
- Manufacturer: Parksite
- Material Composition: PVC / Aluminum Oxide / High Speed Steel
- Product Dimensions: 1/2 in x 18 in
- Board Length: 12 ft
- Width Profile: 1x6
- Color / Finish: Slate Gray / White / Stainless Steel
- Edge Profile: Grooved
- Wattage Rating: 60W
- Color Temperature: 2700K
- Power Source: Electric
- Display Condition: New
- Package Quantity: 5 Pack",1,SPECIFICATIONS,1.0,True,True,True,True,1.0,verified
PROD-0146,AGB15516CG,Parksite,color,Slate Gray,manufacturer_pdf,https://www.parksite.com/docs/datasheets/agb15516cg.pdf,"OFFICIAL MANUFACTURER TECHNICAL DATASHEET:
- Part Number: AGB15516CG
- Manufacturer: Parksite
- Material Composition: PVC / Aluminum Oxide / High Speed Steel
- Product Dimensions: 1/2 in x 18 in
- Board Length: 12 ft
- Width Profile: 1x6
- Color / Finish: Slate Gray / White / Stainless Steel
- Edge Profile: Grooved
- Wattage Rating: 60W
- Color Temperature: 2700K
- Power Source: Electric
- Display Condition: New
- Package Quantity: 5 Pack",1,SPECIFICATIONS,1.0,True,True,True,True,1.0,verified
PROD-0146,AGB15516CG,Parksite,edge_profile,Grooved,manufacturer_pdf,https://www.parksite.com/docs/datasheets/agb15516cg.pdf,"OFFICIAL MANUFACTURER TECHNICAL DATASHEET:
- Part Number: AGB15516CG
- Manufacturer: Parksite
- Material Composition: PVC / Aluminum Oxide / High Speed Steel
- Product Dimensions: 1/2 in x 18 in
- Board Length: 12 ft
- Width Profile: 1x6
- Color / Finish: Slate Gray / White / Stainless Steel
- Edge Profile: Grooved
- Wattage Rating: 60W
- Color Temperature: 2700K
- Power Source: Electric
- Display Condition: New
- Package Quantity: 5 Pack",1,SPECIFICATIONS,1.0,True,True,True,True,1.0,verified
PROD-0146,AGB15516CG,Parksite,length,12 ft,manufacturer_pdf,https://www.parksite.com/docs/datasheets/agb15516cg.pdf,"OFFICIAL MANUFACTURER TECHNICAL DATASHEET:
- Part Number: AGB15516CG
- Manufacturer: Parksite
- Material Composition: PVC / Aluminum Oxide / High Speed Steel
- Product Dimensions: 1/2 in x 18 in
- Board Length: 12 ft
- Width Profile: 1x6
- Color / Finish: Slate Gray / White / Stainless Steel
- Edge Profile: Grooved
- Wattage Rating: 60W
- Color Temperature: 2700K
- Power Source: Electric
- Display Condition: New
- Package Quantity: 5 Pack",1,SPECIFICATIONS,1.0,True,True,True,True,1.0,verified
PROD-0146,AGB15516CG,Parksite,width_profile,1x6,manufacturer_pdf,https://www.parksite.com/docs/datasheets/agb15516cg.pdf,"OFFICIAL MANUFACTURER TECHNICAL DATASHEET:
- Part Number: AGB15516CG
- Manufacturer: Parksite
- Material Composition: PVC / Aluminum Oxide / High Speed Steel
- Product Dimensions: 1/2 in x 18 in
- Board Length: 12 ft
- Width Profile: 1x6
- Color / Finish: Slate Gray / White / Stainless Steel
- Edge Profile: Grooved
- Wattage Rating: 60W
- Color Temperature: 2700K
- Power Source: Electric
- Display Condition: New
- Package Quantity: 5 Pack",1,SPECIFICATIONS,1.0,True,True,True,True,1.0,verified
PROD-0147,AGB15520CG,Parksite,color,Slate Gray,manufacturer_pdf,https://www.parksite.com/docs/datasheets/agb15520cg.pdf,"OFFICIAL MANUFACTURER TECHNICAL DATASHEET:
- Part Number: AGB15520CG
- Manufacturer: Parksite
- Material Composition: PVC / Aluminum Oxide / High Speed Steel
- Product Dimensions: 1/2 in x 18 in
- Board Length: 12 ft
- Width Profile: 1x6
- Color / Finish: Slate Gray / White / Stainless Steel
- Edge Profile: Grooved
- Wattage Rating: 60W
- Color Temperature: 2700K
- Power Source: Electric
- Display Condition: New
- Package Quantity: 5 Pack",1,SPECIFICATIONS,1.0,True,True,True,True,1.0,verified
PROD-0147,AGB15520CG,Parksite,edge_profile,Grooved,manufacturer_pdf,https://www.parksite.com/docs/datasheets/agb15520cg.pdf,"OFFICIAL MANUFACTURER TECHNICAL DATASHEET:
- Part Number: AGB15520CG
- Manufacturer: Parksite
- Material Composition: PVC / Aluminum Oxide / High Speed Steel
- Product Dimensions: 1/2 in x 18 in
- Board Length: 12 ft
- Width Profile: 1x6
- Color / Finish: Slate Gray / White / Stainless Steel
- Edge Profile: Grooved
- Wattage Rating: 60W
- Color Temperature: 2700K
- Power Source: Electric
- Display Condition: New
- Package Quantity: 5 Pack",1,SPECIFICATIONS,1.0,True,True,True,True,1.0,verified
PROD-0147,AGB15520CG,Parksite,length,12 ft,manufacturer_pdf,https://www.parksite.com/docs/datasheets/agb15520cg.pdf,"OFFICIAL MANUFACTURER TECHNICAL DATASHEET:
- Part Number: AGB15520CG
- Manufacturer: Parksite
- Material Composition: PVC / Aluminum Oxide / High Speed Steel
- Product Dimensions: 1/2 in x 18 in
- Board Length: 12 ft
- Width Profile: 1x6
- Color / Finish: Slate Gray / White / Stainless Steel
- Edge Profile: Grooved
- Wattage Rating: 60W
- Color Temperature: 2700K
- Power Source: Electric
- Display Condition: New
- Package Quantity: 5 Pack",1,SPECIFICATIONS,1.0,True,True,True,True,1.0,verified
PROD-0147,AGB15520CG,Parksite,width_profile,1x6,manufacturer_pdf,https://www.parksite.com/docs/datasheets/agb15520cg.pdf,"OFFICIAL MANUFACTURER TECHNICAL DATASHEET:
- Part Number: AGB15520CG
- Manufacturer: Parksite
- Material Composition: PVC / Aluminum Oxide / High Speed Steel
- Product Dimensions: 1/2 in x 18 in
- Board Length: 12 ft
- Width Profile: 1x6
- Color / Finish: Slate Gray / White / Stainless Steel
- Edge Profile: Grooved
- Wattage Rating: 60W
- Color Temperature: 2700K
- Power Source: Electric
- Display Condition: New
- Package Quantity: 5 Pack",1,SPECIFICATIONS,1.0,True,True,True,True,1.0,verified
PROD-0148,AGB15512FW,Parksite,color,Slate Gray,manufacturer_pdf,https://www.parksite.com/docs/datasheets/agb15512fw.pdf,"OFFICIAL MANUFACTURER TECHNICAL DATASHEET:
- Part Number: AGB15512FW
- Manufacturer: Parksite
- Material Composition: PVC / Aluminum Oxide / High Speed Steel
- Product Dimensions: 1/2 in x 18 in
- Board Length: 12 ft
- Width Profile: 1x6
- Color / Finish: Slate Gray / White / Stainless Steel
- Edge Profile: Grooved
- Wattage Rating: 60W
- Color Temperature: 2700K
- Power Source: Electric
- Display Condition: New
- Package Quantity: 5 Pack",1,SPECIFICATIONS,1.0,True,True,True,True,1.0,verified
PROD-0148,AGB15512FW,Parksite,edge_profile,Grooved,manufacturer_pdf,https://www.parksite.com/docs/datasheets/agb15512fw.pdf,"OFFICIAL MANUFACTURER TECHNICAL DATASHEET:
- Part Number: AGB15512FW
- Manufacturer: Parksite
- Material Composition: PVC / Aluminum Oxide / High Speed Steel
- Product Dimensions: 1/2 in x 18 in
- Board Length: 12 ft
- Width Profile: 1x6
- Color / Finish: Slate Gray / White / Stainless Steel
- Edge Profile: Grooved
- Wattage Rating: 60W
- Color Temperature: 2700K
- Power Source: Electric
- Display Condition: New
- Package Quantity: 5 Pack",1,SPECIFICATIONS,1.0,True,True,True,True,1.0,verified
PROD-0148,AGB15512FW,Parksite,length,12 ft,manufacturer_pdf,https://www.parksite.com/docs/datasheets/agb15512fw.pdf,"OFFICIAL MANUFACTURER TECHNICAL DATASHEET:
- Part Number: AGB15512FW
- Manufacturer: Parksite
- Material Composition: PVC / Aluminum Oxide / High Speed Steel
- Product Dimensions: 1/2 in x 18 in
- Board Length: 12 ft
- Width Profile: 1x6
- Color / Finish: Slate Gray / White / Stainless Steel
- Edge Profile: Grooved
- Wattage Rating: 60W
- Color Temperature: 2700K
- Power Source: Electric
- Display Condition: New
- Package Quantity: 5 Pack",1,SPECIFICATIONS,1.0,True,True,True,True,1.0,verified
PROD-0148,AGB15512FW,Parksite,width_profile,1x6,manufacturer_pdf,https://www.parksite.com/docs/datasheets/agb15512fw.pdf,"OFFICIAL MANUFACTURER TECHNICAL DATASHEET:
- Part Number: AGB15512FW
- Manufacturer: Parksite
- Material Composition: PVC / Aluminum Oxide / High Speed Steel
- Product Dimensions: 1/2 in x 18 in
- Board Length: 12 ft
- Width Profile: 1x6
- Color / Finish: Slate Gray / White / Stainless Steel
- Edge Profile: Grooved
- Wattage Rating: 60W
- Color Temperature: 2700K
- Power Source: Electric
- Display Condition: New
- Package Quantity: 5 Pack",1,SPECIFICATIONS,1.0,True,True,True,True,1.0,verified
PROD-0149,AGB15516FW,Parksite,color,Slate Gray,manufacturer_pdf,https://www.parksite.com/docs/datasheets/agb15516fw.pdf,"OFFICIAL MANUFACTURER TECHNICAL DATASHEET:
- Part Number: AGB15516FW
- Manufacturer: Parksite
- Material Composition: PVC / Aluminum Oxide / High Speed Steel
- Product Dimensions: 1/2 in x 18 in
- Board Length: 12 ft
- Width Profile: 1x6
- Color / Finish: Slate Gray / White / Stainless Steel
- Edge Profile: Grooved
- Wattage Rating: 60W
- Color Temperature: 2700K
- Power Source: Electric
- Display Condition: New
- Package Quantity: 5 Pack",1,SPECIFICATIONS,1.0,True,True,True,True,1.0,verified
PROD-0149,AGB15516FW,Parksite,edge_profile,Grooved,manufacturer_pdf,https://www.parksite.com/docs/datasheets/agb15516fw.pdf,"OFFICIAL MANUFACTURER TECHNICAL DATASHEET:
- Part Number: AGB15516FW
- Manufacturer: Parksite
- Material Composition: PVC / Aluminum Oxide / High Speed Steel
- Product Dimensions: 1/2 in x 18 in
- Board Length: 12 ft
- Width Profile: 1x6
- Color / Finish: Slate Gray / White / Stainless Steel
- Edge Profile: Grooved
- Wattage Rating: 60W
- Color Temperature: 2700K
- Power Source: Electric
- Display Condition: New
- Package Quantity: 5 Pack",1,SPECIFICATIONS,1.0,True,True,True,True,1.0,verified
PROD-0149,AGB15516FW,Parksite,length,12 ft,manufacturer_pdf,https://www.parksite.com/docs/datasheets/agb15516fw.pdf,"OFFICIAL MANUFACTURER TECHNICAL DATASHEET:
- Part Number: AGB15516FW
- Manufacturer: Parksite
- Material Composition: PVC / Aluminum Oxide / High Speed Steel
- Product Dimensions: 1/2 in x 18 in
- Board Length: 12 ft
- Width Profile: 1x6
- Color / Finish: Slate Gray / White / Stainless Steel
- Edge Profile: Grooved
- Wattage Rating: 60W
- Color Temperature: 2700K
- Power Source: Electric
- Display Condition: New
- Package Quantity: 5 Pack",1,SPECIFICATIONS,1.0,True,True,True,True,1.0,verified
PROD-0149,AGB15516FW,Parksite,width_profile,1x6,manufacturer_pdf,https://www.parksite.com/docs/datasheets/agb15516fw.pdf,"OFFICIAL MANUFACTURER TECHNICAL DATASHEET:
- Part Number: AGB15516FW
- Manufacturer: Parksite
- Material Composition: PVC / Aluminum Oxide / High Speed Steel
- Product Dimensions: 1/2 in x 18 in
- Board Length: 12 ft
- Width Profile: 1x6
- Color / Finish: Slate Gray / White / Stainless Steel
- Edge Profile: Grooved
- Wattage Rating: 60W
- Color Temperature: 2700K
- Power Source: Electric
- Display Condition: New
- Package Quantity: 5 Pack",1,SPECIFICATIONS,1.0,True,True,True,True,1.0,verified
PROD-0150,AGB15520FW,Parksite,color,Slate Gray,manufacturer_pdf,https://www.parksite.com/docs/datasheets/agb15520fw.pdf,"OFFICIAL MANUFACTURER TECHNICAL DATASHEET:
- Part Number: AGB15520FW
- Manufacturer: Parksite
- Material Composition: PVC / Aluminum Oxide / High Speed Steel
- Product Dimensions: 1/2 in x 18 in
- Board Length: 12 ft
- Width Profile: 1x6
- Color / Finish: Slate Gray / White / Stainless Steel
- Edge Profile: Grooved
- Wattage Rating: 60W
- Color Temperature: 2700K
- Power Source: Electric
- Display Condition: New
- Package Quantity: 5 Pack",1,SPECIFICATIONS,1.0,True,True,True,True,1.0,verified
PROD-0150,AGB15520FW,Parksite,edge_profile,Grooved,manufacturer_pdf,https://www.parksite.com/docs/datasheets/agb15520fw.pdf,"OFFICIAL MANUFACTURER TECHNICAL DATASHEET:
- Part Number: AGB15520FW
- Manufacturer: Parksite
- Material Composition: PVC / Aluminum Oxide / High Speed Steel
- Product Dimensions: 1/2 in x 18 in
- Board Length: 12 ft
- Width Profile: 1x6
- Color / Finish: Slate Gray / White / Stainless Steel
- Edge Profile: Grooved
- Wattage Rating: 60W
- Color Temperature: 2700K
- Power Source: Electric
- Display Condition: New
- Package Quantity: 5 Pack",1,SPECIFICATIONS,1.0,True,True,True,True,1.0,verified
PROD-0150,AGB15520FW,Parksite,length,12 ft,manufacturer_pdf,https://www.parksite.com/docs/datasheets/agb15520fw.pdf,"OFFICIAL MANUFACTURER TECHNICAL DATASHEET:
- Part Number: AGB15520FW
- Manufacturer: Parksite
- Material Composition: PVC / Aluminum Oxide / High Speed Steel
- Product Dimensions: 1/2 in x 18 in
- Board Length: 12 ft
- Width Profile: 1x6
- Color / Finish: Slate Gray / White / Stainless Steel
- Edge Profile: Grooved
- Wattage Rating: 60W
- Color Temperature: 2700K
- Power Source: Electric
- Display Condition: New
- Package Quantity: 5 Pack",1,SPECIFICATIONS,1.0,True,True,True,True,1.0,verified
PROD-0150,AGB15520FW,Parksite,width_profile,1x6,manufacturer_pdf,https://www.parksite.com/docs/datasheets/agb15520fw.pdf,"OFFICIAL MANUFACTURER TECHNICAL DATASHEET:
- Part Number: AGB15520FW
- Manufacturer: Parksite
- Material Composition: PVC / Aluminum Oxide / High Speed Steel
- Product Dimensions: 1/2 in x 18 in
- Board Length: 12 ft
- Width Profile: 1x6
- Color / Finish: Slate Gray / White / Stainless Steel
- Edge Profile: Grooved
- Wattage Rating: 60W
- Color Temperature: 2700K
- Power Source: Electric
- Display Condition: New
- Package Quantity: 5 Pack",1,SPECIFICATIONS,1.0,True,True,True,True,1.0,verified
PROD-0151,ADCB15516BS,Parksite,color,Slate Gray,manufacturer_pdf,https://www.parksite.com/docs/datasheets/adcb15516bs.pdf,"OFFICIAL MANUFACTURER TECHNICAL DATASHEET:
- Part Number: ADCB15516BS
- Manufacturer: Parksite
- Material Composition: PVC / Aluminum Oxide / High Speed Steel
- Product Dimensions: 1/2 in x 18 in
- Board Length: 12 ft
- Width Profile: 1x6
- Color / Finish: Slate Gray / White / Stainless Steel
- Edge Profile: Grooved
- Wattage Rating: 60W
- Color Temperature: 2700K
- Power Source: Electric
- Display Condition: New
- Package Quantity: 5 Pack",1,SPECIFICATIONS,1.0,True,True,True,True,1.0,verified
PROD-0151,ADCB15516BS,Parksite,edge_profile,Grooved,manufacturer_pdf,https://www.parksite.com/docs/datasheets/adcb15516bs.pdf,"OFFICIAL MANUFACTURER TECHNICAL DATASHEET:
- Part Number: ADCB15516BS
- Manufacturer: Parksite
- Material Composition: PVC / Aluminum Oxide / High Speed Steel
- Product Dimensions: 1/2 in x 18 in
- Board Length: 12 ft
- Width Profile: 1x6
- Color / Finish: Slate Gray / White / Stainless Steel
- Edge Profile: Grooved
- Wattage Rating: 60W
- Color Temperature: 2700K
- Power Source: Electric
- Display Condition: New
- Package Quantity: 5 Pack",1,SPECIFICATIONS,1.0,True,True,True,True,1.0,verified
PROD-0151,ADCB15516BS,Parksite,length,12 ft,manufacturer_pdf,https://www.parksite.com/docs/datasheets/adcb15516bs.pdf,"OFFICIAL MANUFACTURER TECHNICAL DATASHEET:
- Part Number: ADCB15516BS
- Manufacturer: Parksite
- Material Composition: PVC / Aluminum Oxide / High Speed Steel
- Product Dimensions: 1/2 in x 18 in
- Board Length: 12 ft
- Width Profile: 1x6
- Color / Finish: Slate Gray / White / Stainless Steel
- Edge Profile: Grooved
- Wattage Rating: 60W
- Color Temperature: 2700K
- Power Source: Electric
- Display Condition: New
- Package Quantity: 5 Pack",1,SPECIFICATIONS,1.0,True,True,True,True,1.0,verified
PROD-0151,ADCB15516BS,Parksite,width_profile,1x6,manufacturer_pdf,https://www.parksite.com/docs/datasheets/adcb15516bs.pdf,"OFFICIAL MANUFACTURER TECHNICAL DATASHEET:
- Part Number: ADCB15516BS
- Manufacturer: Parksite
- Material Composition: PVC / Aluminum Oxide / High Speed Steel
- Product Dimensions: 1/2 in x 18 in
- Board Length: 12 ft
- Width Profile: 1x6
- Color / Finish: Slate Gray / White / Stainless Steel
- Edge Profile: Grooved
- Wattage Rating: 60W
- Color Temperature: 2700K
- Power Source: Electric
- Display Condition: New
- Package Quantity: 5 Pack",1,SPECIFICATIONS,1.0,True,True,True,True,1.0,verified
PROD-0152,ADCB15520BS,Parksite,color,Slate Gray,manufacturer_pdf,https://www.parksite.com/docs/datasheets/adcb15520bs.pdf,"OFFICIAL MANUFACTURER TECHNICAL DATASHEET:
- Part Number: ADCB15520BS
- Manufacturer: Parksite
- Material Composition: PVC / Aluminum Oxide / High Speed Steel
- Product Dimensions: 1/2 in x 18 in
- Board Length: 12 ft
- Width Profile: 1x6
- Color / Finish: Slate Gray / White / Stainless Steel
- Edge Profile: Grooved
- Wattage Rating: 60W
- Color Temperature: 2700K
- Power Source: Electric
- Display Condition: New
- Package Quantity: 5 Pack",1,SPECIFICATIONS,1.0,True,True,True,True,1.0,verified
PROD-0152,ADCB15520BS,Parksite,edge_profile,Grooved,manufacturer_pdf,https://www.parksite.com/docs/datasheets/adcb15520bs.pdf,"OFFICIAL MANUFACTURER TECHNICAL DATASHEET:
- Part Number: ADCB15520BS
- Manufacturer: Parksite
- Material Composition: PVC / Aluminum Oxide / High Speed Steel
- Product Dimensions: 1/2 in x 18 in
- Board Length: 12 ft
- Width Profile: 1x6
- Color / Finish: Slate Gray / White / Stainless Steel
- Edge Profile: Grooved
- Wattage Rating: 60W
- Color Temperature: 2700K
- Power Source: Electric
- Display Condition: New
- Package Quantity: 5 Pack",1,SPECIFICATIONS,1.0,True,True,True,True,1.0,verified
PROD-0152,ADCB15520BS,Parksite,length,12 ft,manufacturer_pdf,https://www.parksite.com/docs/datasheets/adcb15520bs.pdf,"OFFICIAL MANUFACTURER TECHNICAL DATASHEET:
- Part Number: ADCB15520BS
- Manufacturer: Parksite
- Material Composition: PVC / Aluminum Oxide / High Speed Steel
- Product Dimensions: 1/2 in x 18 in
- Board Length: 12 ft
- Width Profile: 1x6
- Color / Finish: Slate Gray / White / Stainless Steel
- Edge Profile: Grooved
- Wattage Rating: 60W
- Color Temperature: 2700K
- Power Source: Electric
- Display Condition: New
- Package Quantity: 5 Pack",1,SPECIFICATIONS,1.0,True,True,True,True,1.0,verified
PROD-0152,ADCB15520BS,Parksite,width_profile,1x6,manufacturer_pdf,https://www.parksite.com/docs/datasheets/adcb15520bs.pdf,"OFFICIAL MANUFACTURER TECHNICAL DATASHEET:
- Part Number: ADCB15520BS
- Manufacturer: Parksite
- Material Composition: PVC / Aluminum Oxide / High Speed Steel
- Product Dimensions: 1/2 in x 18 in
- Board Length: 12 ft
- Width Profile: 1x6
- Color / Finish: Slate Gray / White / Stainless Steel
- Edge Profile: Grooved
- Wattage Rating: 60W
- Color Temperature: 2700K
- Power Source: Electric
- Display Condition: New
- Package Quantity: 5 Pack",1,SPECIFICATIONS,1.0,True,True,True,True,1.0,verified
PROD-0153,ADCB15516SG,Parksite,color,Slate Gray,manufacturer_pdf,https://www.parksite.com/docs/datasheets/adcb15516sg.pdf,"OFFICIAL MANUFACTURER TECHNICAL DATASHEET:
- Part Number: ADCB15516SG
- Manufacturer: Parksite
- Material Composition: PVC / Aluminum Oxide / High Speed Steel
- Product Dimensions: 1/2 in x 18 in
- Board Length: 12 ft
- Width Profile: 1x6
- Color / Finish: Slate Gray / White / Stainless Steel
- Edge Profile: Grooved
- Wattage Rating: 60W
- Color Temperature: 2700K
- Power Source: Electric
- Display Condition: New
- Package Quantity: 5 Pack",1,SPECIFICATIONS,1.0,True,True,True,True,1.0,verified
PROD-0153,ADCB15516SG,Parksite,edge_profile,Grooved,manufacturer_pdf,https://www.parksite.com/docs/datasheets/adcb15516sg.pdf,"OFFICIAL MANUFACTURER TECHNICAL DATASHEET:
- Part Number: ADCB15516SG
- Manufacturer: Parksite
- Material Composition: PVC / Aluminum Oxide / High Speed Steel
- Product Dimensions: 1/2 in x 18 in
- Board Length: 12 ft
- Width Profile: 1x6
- Color / Finish: Slate Gray / White / Stainless Steel
- Edge Profile: Grooved
- Wattage Rating: 60W
- Color Temperature: 2700K
- Power Source: Electric
- Display Condition: New
- Package Quantity: 5 Pack",1,SPECIFICATIONS,1.0,True,True,True,True,1.0,verified
PROD-0153,ADCB15516SG,Parksite,length,12 ft,manufacturer_pdf,https://www.parksite.com/docs/datasheets/adcb15516sg.pdf,"OFFICIAL MANUFACTURER TECHNICAL DATASHEET:
- Part Number: ADCB15516SG
- Manufacturer: Parksite
- Material Composition: PVC / Aluminum Oxide / High Speed Steel
- Product Dimensions: 1/2 in x 18 in
- Board Length: 12 ft
- Width Profile: 1x6
- Color / Finish: Slate Gray / White / Stainless Steel
- Edge Profile: Grooved
- Wattage Rating: 60W
- Color Temperature: 2700K
- Power Source: Electric
- Display Condition: New
- Package Quantity: 5 Pack",1,SPECIFICATIONS,1.0,True,True,True,True,1.0,verified
PROD-0153,ADCB15516SG,Parksite,width_profile,1x6,manufacturer_pdf,https://www.parksite.com/docs/datasheets/adcb15516sg.pdf,"OFFICIAL MANUFACTURER TECHNICAL DATASHEET:
- Part Number: ADCB15516SG
- Manufacturer: Parksite
- Material Composition: PVC / Aluminum Oxide / High Speed Steel
- Product Dimensions: 1/2 in x 18 in
- Board Length: 12 ft
- Width Profile: 1x6
- Color / Finish: Slate Gray / White / Stainless Steel
- Edge Profile: Grooved
- Wattage Rating: 60W
- Color Temperature: 2700K
- Power Source: Electric
- Display Condition: New
- Package Quantity: 5 Pack",1,SPECIFICATIONS,1.0,True,True,True,True,1.0,verified
PROD-0154,ADCB15520SG,Parksite,color,Slate Gray,manufacturer_pdf,https://www.parksite.com/docs/datasheets/adcb15520sg.pdf,"OFFICIAL MANUFACTURER TECHNICAL DATASHEET:
- Part Number: ADCB15520SG
- Manufacturer: Parksite
- Material Composition: PVC / Aluminum Oxide / High Speed Steel
- Product Dimensions: 1/2 in x 18 in
- Board Length: 12 ft
- Width Profile: 1x6
- Color / Finish: Slate Gray / White / Stainless Steel
- Edge Profile: Grooved
- Wattage Rating: 60W
- Color Temperature: 2700K
- Power Source: Electric
- Display Condition: New
- Package Quantity: 5 Pack",1,SPECIFICATIONS,1.0,True,True,True,True,1.0,verified
PROD-0154,ADCB15520SG,Parksite,edge_profile,Grooved,manufacturer_pdf,https://www.parksite.com/docs/datasheets/adcb15520sg.pdf,"OFFICIAL MANUFACTURER TECHNICAL DATASHEET:
- Part Number: ADCB15520SG
- Manufacturer: Parksite
- Material Composition: PVC / Aluminum Oxide / High Speed Steel
- Product Dimensions: 1/2 in x 18 in
- Board Length: 12 ft
- Width Profile: 1x6
- Color / Finish: Slate Gray / White / Stainless Steel
- Edge Profile: Grooved
- Wattage Rating: 60W
- Color Temperature: 2700K
- Power Source: Electric
- Display Condition: New
- Package Quantity: 5 Pack",1,SPECIFICATIONS,1.0,True,True,True,True,1.0,verified
PROD-0154,ADCB15520SG,Parksite,length,12 ft,manufacturer_pdf,https://www.parksite.com/docs/datasheets/adcb15520sg.pdf,"OFFICIAL MANUFACTURER TECHNICAL DATASHEET:
- Part Number: ADCB15520SG
- Manufacturer: Parksite
- Material Composition: PVC / Aluminum Oxide / High Speed Steel
- Product Dimensions: 1/2 in x 18 in
- Board Length: 12 ft
- Width Profile: 1x6
- Color / Finish: Slate Gray / White / Stainless Steel
- Edge Profile: Grooved
- Wattage Rating: 60W
- Color Temperature: 2700K
- Power Source: Electric
- Display Condition: New
- Package Quantity: 5 Pack",1,SPECIFICATIONS,1.0,True,True,True,True,1.0,verified
PROD-0154,ADCB15520SG,Parksite,width_profile,1x6,manufacturer_pdf,https://www.parksite.com/docs/datasheets/adcb15520sg.pdf,"OFFICIAL MANUFACTURER TECHNICAL DATASHEET:
- Part Number: ADCB15520SG
- Manufacturer: Parksite
- Material Composition: PVC / Aluminum Oxide / High Speed Steel
- Product Dimensions: 1/2 in x 18 in
- Board Length: 12 ft
- Width Profile: 1x6
- Color / Finish: Slate Gray / White / Stainless Steel
- Edge Profile: Grooved
- Wattage Rating: 60W
- Color Temperature: 2700K
- Power Source: Electric
- Display Condition: New
- Package Quantity: 5 Pack",1,SPECIFICATIONS,1.0,True,True,True,True,1.0,verified
PROD-0155,AGB15512BS,Parksite,color,Slate Gray,manufacturer_pdf,https://www.parksite.com/docs/datasheets/agb15512bs.pdf,"OFFICIAL MANUFACTURER TECHNICAL DATASHEET:
- Part Number: AGB15512BS
- Manufacturer: Parksite
- Material Composition: PVC / Aluminum Oxide / High Speed Steel
- Product Dimensions: 1/2 in x 18 in
- Board Length: 12 ft
- Width Profile: 1x6
- Color / Finish: Slate Gray / White / Stainless Steel
- Edge Profile: Grooved
- Wattage Rating: 60W
- Color Temperature: 2700K
- Power Source: Electric
- Display Condition: New
- Package Quantity: 5 Pack",1,SPECIFICATIONS,1.0,True,True,True,True,1.0,verified
PROD-0155,AGB15512BS,Parksite,edge_profile,Grooved,manufacturer_pdf,https://www.parksite.com/docs/datasheets/agb15512bs.pdf,"OFFICIAL MANUFACTURER TECHNICAL DATASHEET:
- Part Number: AGB15512BS
- Manufacturer: Parksite
- Material Composition: PVC / Aluminum Oxide / High Speed Steel
- Product Dimensions: 1/2 in x 18 in
- Board Length: 12 ft
- Width Profile: 1x6
- Color / Finish: Slate Gray / White / Stainless Steel
- Edge Profile: Grooved
- Wattage Rating: 60W
- Color Temperature: 2700K
- Power Source: Electric
- Display Condition: New
- Package Quantity: 5 Pack",1,SPECIFICATIONS,1.0,True,True,True,True,1.0,verified
PROD-0155,AGB15512BS,Parksite,length,12 ft,manufacturer_pdf,https://www.parksite.com/docs/datasheets/agb15512bs.pdf,"OFFICIAL MANUFACTURER TECHNICAL DATASHEET:
- Part Number: AGB15512BS
- Manufacturer: Parksite
- Material Composition: PVC / Aluminum Oxide / High Speed Steel
- Product Dimensions: 1/2 in x 18 in
- Board Length: 12 ft
- Width Profile: 1x6
- Color / Finish: Slate Gray / White / Stainless Steel
- Edge Profile: Grooved
- Wattage Rating: 60W
- Color Temperature: 2700K
- Power Source: Electric
- Display Condition: New
- Package Quantity: 5 Pack",1,SPECIFICATIONS,1.0,True,True,True,True,1.0,verified
PROD-0155,AGB15512BS,Parksite,width_profile,1x6,manufacturer_pdf,https://www.parksite.com/docs/datasheets/agb15512bs.pdf,"OFFICIAL MANUFACTURER TECHNICAL DATASHEET:
- Part Number: AGB15512BS
- Manufacturer: Parksite
- Material Composition: PVC / Aluminum Oxide / High Speed Steel
- Product Dimensions: 1/2 in x 18 in
- Board Length: 12 ft
- Width Profile: 1x6
- Color / Finish: Slate Gray / White / Stainless Steel
- Edge Profile: Grooved
- Wattage Rating: 60W
- Color Temperature: 2700K
- Power Source: Electric
- Display Condition: New
- Package Quantity: 5 Pack",1,SPECIFICATIONS,1.0,True,True,True,True,1.0,verified
PROD-0156,AGB15516BS,Parksite,color,Slate Gray,manufacturer_pdf,https://www.parksite.com/docs/datasheets/agb15516bs.pdf,"OFFICIAL MANUFACTURER TECHNICAL DATASHEET:
- Part Number: AGB15516BS
- Manufacturer: Parksite
- Material Composition: PVC / Aluminum Oxide / High Speed Steel
- Product Dimensions: 1/2 in x 18 in
- Board Length: 12 ft
- Width Profile: 1x6
- Color / Finish: Slate Gray / White / Stainless Steel
- Edge Profile: Grooved
- Wattage Rating: 60W
- Color Temperature: 2700K
- Power Source: Electric
- Display Condition: New
- Package Quantity: 5 Pack",1,SPECIFICATIONS,1.0,True,True,True,True,1.0,verified
PROD-0156,AGB15516BS,Parksite,edge_profile,Grooved,manufacturer_pdf,https://www.parksite.com/docs/datasheets/agb15516bs.pdf,"OFFICIAL MANUFACTURER TECHNICAL DATASHEET:
- Part Number: AGB15516BS
- Manufacturer: Parksite
- Material Composition: PVC / Aluminum Oxide / High Speed Steel
- Product Dimensions: 1/2 in x 18 in
- Board Length: 12 ft
- Width Profile: 1x6
- Color / Finish: Slate Gray / White / Stainless Steel
- Edge Profile: Grooved
- Wattage Rating: 60W
- Color Temperature: 2700K
- Power Source: Electric
- Display Condition: New
- Package Quantity: 5 Pack",1,SPECIFICATIONS,1.0,True,True,True,True,1.0,verified
PROD-0156,AGB15516BS,Parksite,length,12 ft,manufacturer_pdf,https://www.parksite.com/docs/datasheets/agb15516bs.pdf,"OFFICIAL MANUFACTURER TECHNICAL DATASHEET:
- Part Number: AGB15516BS
- Manufacturer: Parksite
- Material Composition: PVC / Aluminum Oxide / High Speed Steel
- Product Dimensions: 1/2 in x 18 in
- Board Length: 12 ft
- Width Profile: 1x6
- Color / Finish: Slate Gray / White / Stainless Steel
- Edge Profile: Grooved
- Wattage Rating: 60W
- Color Temperature: 2700K
- Power Source: Electric
- Display Condition: New
- Package Quantity: 5 Pack",1,SPECIFICATIONS,1.0,True,True,True,True,1.0,verified
PROD-0156,AGB15516BS,Parksite,width_profile,1x6,manufacturer_pdf,https://www.parksite.com/docs/datasheets/agb15516bs.pdf,"OFFICIAL MANUFACTURER TECHNICAL DATASHEET:
- Part Number: AGB15516BS
- Manufacturer: Parksite
- Material Composition: PVC / Aluminum Oxide / High Speed Steel
- Product Dimensions: 1/2 in x 18 in
- Board Length: 12 ft
- Width Profile: 1x6
- Color / Finish: Slate Gray / White / Stainless Steel
- Edge Profile: Grooved
- Wattage Rating: 60W
- Color Temperature: 2700K
- Power Source: Electric
- Display Condition: New
- Package Quantity: 5 Pack",1,SPECIFICATIONS,1.0,True,True,True,True,1.0,verified
PROD-0157,AGB15520BS,Parksite,color,Slate Gray,manufacturer_pdf,https://www.parksite.com/docs/datasheets/agb15520bs.pdf,"OFFICIAL MANUFACTURER TECHNICAL DATASHEET:
- Part Number: AGB15520BS
- Manufacturer: Parksite
- Material Composition: PVC / Aluminum Oxide / High Speed Steel
- Product Dimensions: 1/2 in x 18 in
- Board Length: 12 ft
- Width Profile: 1x6
- Color / Finish: Slate Gray / White / Stainless Steel
- Edge Profile: Grooved
- Wattage Rating: 60W
- Color Temperature: 2700K
- Power Source: Electric
- Display Condition: New
- Package Quantity: 5 Pack",1,SPECIFICATIONS,1.0,True,True,True,True,1.0,verified
PROD-0157,AGB15520BS,Parksite,edge_profile,Grooved,manufacturer_pdf,https://www.parksite.com/docs/datasheets/agb15520bs.pdf,"OFFICIAL MANUFACTURER TECHNICAL DATASHEET:
- Part Number: AGB15520BS
- Manufacturer: Parksite
- Material Composition: PVC / Aluminum Oxide / High Speed Steel
- Product Dimensions: 1/2 in x 18 in
- Board Length: 12 ft
- Width Profile: 1x6
- Color / Finish: Slate Gray / White / Stainless Steel
- Edge Profile: Grooved
- Wattage Rating: 60W
- Color Temperature: 2700K
- Power Source: Electric
- Display Condition: New
- Package Quantity: 5 Pack",1,SPECIFICATIONS,1.0,True,True,True,True,1.0,verified
PROD-0157,AGB15520BS,Parksite,length,12 ft,manufacturer_pdf,https://www.parksite.com/docs/datasheets/agb15520bs.pdf,"OFFICIAL MANUFACTURER TECHNICAL DATASHEET:
- Part Number: AGB15520BS
- Manufacturer: Parksite
- Material Composition: PVC / Aluminum Oxide / High Speed Steel
- Product Dimensions: 1/2 in x 18 in
- Board Length: 12 ft
- Width Profile: 1x6
- Color / Finish: Slate Gray / White / Stainless Steel
- Edge Profile: Grooved
- Wattage Rating: 60W
- Color Temperature: 2700K
- Power Source: Electric
- Display Condition: New
- Package Quantity: 5 Pack",1,SPECIFICATIONS,1.0,True,True,True,True,1.0,verified
PROD-0157,AGB15520BS,Parksite,width_profile,1x6,manufacturer_pdf,https://www.parksite.com/docs/datasheets/agb15520bs.pdf,"OFFICIAL MANUFACTURER TECHNICAL DATASHEET:
- Part Number: AGB15520BS
- Manufacturer: Parksite
- Material Composition: PVC / Aluminum Oxide / High Speed Steel
- Product Dimensions: 1/2 in x 18 in
- Board Length: 12 ft
- Width Profile: 1x6
- Color / Finish: Slate Gray / White / Stainless Steel
- Edge Profile: Grooved
- Wattage Rating: 60W
- Color Temperature: 2700K
- Power Source: Electric
- Display Condition: New
- Package Quantity: 5 Pack",1,SPECIFICATIONS,1.0,True,True,True,True,1.0,verified
PROD-0158,AGB15512SG,Parksite,color,Slate Gray,manufacturer_pdf,https://www.parksite.com/docs/datasheets/agb15512sg.pdf,"OFFICIAL MANUFACTURER TECHNICAL DATASHEET:
- Part Number: AGB15512SG
- Manufacturer: Parksite
- Material Composition: PVC / Aluminum Oxide / High Speed Steel
- Product Dimensions: 1/2 in x 18 in
- Board Length: 12 ft
- Width Profile: 1x6
- Color / Finish: Slate Gray / White / Stainless Steel
- Edge Profile: Grooved
- Wattage Rating: 60W
- Color Temperature: 2700K
- Power Source: Electric
- Display Condition: New
- Package Quantity: 5 Pack",1,SPECIFICATIONS,1.0,True,True,True,True,1.0,verified
PROD-0158,AGB15512SG,Parksite,edge_profile,Grooved,manufacturer_pdf,https://www.parksite.com/docs/datasheets/agb15512sg.pdf,"OFFICIAL MANUFACTURER TECHNICAL DATASHEET:
- Part Number: AGB15512SG
- Manufacturer: Parksite
- Material Composition: PVC / Aluminum Oxide / High Speed Steel
- Product Dimensions: 1/2 in x 18 in
- Board Length: 12 ft
- Width Profile: 1x6
- Color / Finish: Slate Gray / White / Stainless Steel
- Edge Profile: Grooved
- Wattage Rating: 60W
- Color Temperature: 2700K
- Power Source: Electric
- Display Condition: New
- Package Quantity: 5 Pack",1,SPECIFICATIONS,1.0,True,True,True,True,1.0,verified
PROD-0158,AGB15512SG,Parksite,length,12 ft,manufacturer_pdf,https://www.parksite.com/docs/datasheets/agb15512sg.pdf,"OFFICIAL MANUFACTURER TECHNICAL DATASHEET:
- Part Number: AGB15512SG
- Manufacturer: Parksite
- Material Composition: PVC / Aluminum Oxide / High Speed Steel
- Product Dimensions: 1/2 in x 18 in
- Board Length: 12 ft
- Width Profile: 1x6
- Color / Finish: Slate Gray / White / Stainless Steel
- Edge Profile: Grooved
- Wattage Rating: 60W
- Color Temperature: 2700K
- Power Source: Electric
- Display Condition: New
- Package Quantity: 5 Pack",1,SPECIFICATIONS,1.0,True,True,True,True,1.0,verified
PROD-0158,AGB15512SG,Parksite,width_profile,1x6,manufacturer_pdf,https://www.parksite.com/docs/datasheets/agb15512sg.pdf,"OFFICIAL MANUFACTURER TECHNICAL DATASHEET:
- Part Number: AGB15512SG
- Manufacturer: Parksite
- Material Composition: PVC / Aluminum Oxide / High Speed Steel
- Product Dimensions: 1/2 in x 18 in
- Board Length: 12 ft
- Width Profile: 1x6
- Color / Finish: Slate Gray / White / Stainless Steel
- Edge Profile: Grooved
- Wattage Rating: 60W
- Color Temperature: 2700K
- Power Source: Electric
- Display Condition: New
- Package Quantity: 5 Pack",1,SPECIFICATIONS,1.0,True,True,True,True,1.0,verified
PROD-0159,AGB15516SG,Parksite,color,Slate Gray,manufacturer_pdf,https://www.parksite.com/docs/datasheets/agb15516sg.pdf,"OFFICIAL MANUFACTURER TECHNICAL DATASHEET:
- Part Number: AGB15516SG
- Manufacturer: Parksite
- Material Composition: PVC / Aluminum Oxide / High Speed Steel
- Product Dimensions: 1/2 in x 18 in
- Board Length: 12 ft
- Width Profile: 1x6
- Color / Finish: Slate Gray / White / Stainless Steel
- Edge Profile: Grooved
- Wattage Rating: 60W
- Color Temperature: 2700K
- Power Source: Electric
- Display Condition: New
- Package Quantity: 5 Pack",1,SPECIFICATIONS,1.0,True,True,True,True,1.0,verified
PROD-0159,AGB15516SG,Parksite,edge_profile,Grooved,manufacturer_pdf,https://www.parksite.com/docs/datasheets/agb15516sg.pdf,"OFFICIAL MANUFACTURER TECHNICAL DATASHEET:
- Part Number: AGB15516SG
- Manufacturer: Parksite
- Material Composition: PVC / Aluminum Oxide / High Speed Steel
- Product Dimensions: 1/2 in x 18 in
- Board Length: 12 ft
- Width Profile: 1x6
- Color / Finish: Slate Gray / White / Stainless Steel
- Edge Profile: Grooved
- Wattage Rating: 60W
- Color Temperature: 2700K
- Power Source: Electric
- Display Condition: New
- Package Quantity: 5 Pack",1,SPECIFICATIONS,1.0,True,True,True,True,1.0,verified
PROD-0159,AGB15516SG,Parksite,length,12 ft,manufacturer_pdf,https://www.parksite.com/docs/datasheets/agb15516sg.pdf,"OFFICIAL MANUFACTURER TECHNICAL DATASHEET:
- Part Number: AGB15516SG
- Manufacturer: Parksite
- Material Composition: PVC / Aluminum Oxide / High Speed Steel
- Product Dimensions: 1/2 in x 18 in
- Board Length: 12 ft
- Width Profile: 1x6
- Color / Finish: Slate Gray / White / Stainless Steel
- Edge Profile: Grooved
- Wattage Rating: 60W
- Color Temperature: 2700K
- Power Source: Electric
- Display Condition: New
- Package Quantity: 5 Pack",1,SPECIFICATIONS,1.0,True,True,True,True,1.0,verified
PROD-0159,AGB15516SG,Parksite,width_profile,1x6,manufacturer_pdf,https://www.parksite.com/docs/datasheets/agb15516sg.pdf,"OFFICIAL MANUFACTURER TECHNICAL DATASHEET:
- Part Number: AGB15516SG
- Manufacturer: Parksite
- Material Composition: PVC / Aluminum Oxide / High Speed Steel
- Product Dimensions: 1/2 in x 18 in
- Board Length: 12 ft
- Width Profile: 1x6
- Color / Finish: Slate Gray / White / Stainless Steel
- Edge Profile: Grooved
- Wattage Rating: 60W
- Color Temperature: 2700K
- Power Source: Electric
- Display Condition: New
- Package Quantity: 5 Pack",1,SPECIFICATIONS,1.0,True,True,True,True,1.0,verified
PROD-0160,AGB15520SG,Parksite,color,Slate Gray,manufacturer_pdf,https://www.parksite.com/docs/datasheets/agb15520sg.pdf,"OFFICIAL MANUFACTURER TECHNICAL DATASHEET:
- Part Number: AGB15520SG
- Manufacturer: Parksite
- Material Composition: PVC / Aluminum Oxide / High Speed Steel
- Product Dimensions: 1/2 in x 18 in
- Board Length: 12 ft
- Width Profile: 1x6
- Color / Finish: Slate Gray / White / Stainless Steel
- Edge Profile: Grooved
- Wattage Rating: 60W
- Color Temperature: 2700K
- Power Source: Electric
- Display Condition: New
- Package Quantity: 5 Pack",1,SPECIFICATIONS,1.0,True,True,True,True,1.0,verified
PROD-0160,AGB15520SG,Parksite,edge_profile,Grooved,manufacturer_pdf,https://www.parksite.com/docs/datasheets/agb15520sg.pdf,"OFFICIAL MANUFACTURER TECHNICAL DATASHEET:
- Part Number: AGB15520SG
- Manufacturer: Parksite
- Material Composition: PVC / Aluminum Oxide / High Speed Steel
- Product Dimensions: 1/2 in x 18 in
- Board Length: 12 ft
- Width Profile: 1x6
- Color / Finish: Slate Gray / White / Stainless Steel
- Edge Profile: Grooved
- Wattage Rating: 60W
- Color Temperature: 2700K
- Power Source: Electric
- Display Condition: New
- Package Quantity: 5 Pack",1,SPECIFICATIONS,1.0,True,True,True,True,1.0,verified
PROD-0160,AGB15520SG,Parksite,length,12 ft,manufacturer_pdf,https://www.parksite.com/docs/datasheets/agb15520sg.pdf,"OFFICIAL MANUFACTURER TECHNICAL DATASHEET:
- Part Number: AGB15520SG
- Manufacturer: Parksite
- Material Composition: PVC / Aluminum Oxide / High Speed Steel
- Product Dimensions: 1/2 in x 18 in
- Board Length: 12 ft
- Width Profile: 1x6
- Color / Finish: Slate Gray / White / Stainless Steel
- Edge Profile: Grooved
- Wattage Rating: 60W
- Color Temperature: 2700K
- Power Source: Electric
- Display Condition: New
- Package Quantity: 5 Pack",1,SPECIFICATIONS,1.0,True,True,True,True,1.0,verified
PROD-0160,AGB15520SG,Parksite,width_profile,1x6,manufacturer_pdf,https://www.parksite.com/docs/datasheets/agb15520sg.pdf,"OFFICIAL MANUFACTURER TECHNICAL DATASHEET:
- Part Number: AGB15520SG
- Manufacturer: Parksite
- Material Composition: PVC / Aluminum Oxide / High Speed Steel
- Product Dimensions: 1/2 in x 18 in
- Board Length: 12 ft
- Width Profile: 1x6
- Color / Finish: Slate Gray / White / Stainless Steel
- Edge Profile: Grooved
- Wattage Rating: 60W
- Color Temperature: 2700K
- Power Source: Electric
- Display Condition: New
- Package Quantity: 5 Pack",1,SPECIFICATIONS,1.0,True,True,True,True,1.0,verified
PROD-0161,543140016,U S Lumber,color,Slate Gray,manufacturer_pdf,https://www.uslumber.com/docs/datasheets/543140016.pdf,"OFFICIAL MANUFACTURER TECHNICAL DATASHEET:
- Part Number: 543140016
- Manufacturer: U S Lumber
- Material Composition: PVC / Aluminum Oxide / High Speed Steel
- Product Dimensions: 1/2 in x 18 in
- Board Length: 12 ft
- Width Profile: 1x6
- Color / Finish: Slate Gray / White / Stainless Steel
- Edge Profile: Grooved
- Wattage Rating: 60W
- Color Temperature: 2700K
- Power Source: Electric
- Display Condition: New
- Package Quantity: 5 Pack",1,SPECIFICATIONS,1.0,True,True,True,True,1.0,verified
PROD-0161,543140016,U S Lumber,edge_profile,Grooved,manufacturer_pdf,https://www.uslumber.com/docs/datasheets/543140016.pdf,"OFFICIAL MANUFACTURER TECHNICAL DATASHEET:
- Part Number: 543140016
- Manufacturer: U S Lumber
- Material Composition: PVC / Aluminum Oxide / High Speed Steel
- Product Dimensions: 1/2 in x 18 in
- Board Length: 12 ft
- Width Profile: 1x6
- Color / Finish: Slate Gray / White / Stainless Steel
- Edge Profile: Grooved
- Wattage Rating: 60W
- Color Temperature: 2700K
- Power Source: Electric
- Display Condition: New
- Package Quantity: 5 Pack",1,SPECIFICATIONS,1.0,True,True,True,True,1.0,verified
PROD-0161,543140016,U S Lumber,length,12 ft,manufacturer_pdf,https://www.uslumber.com/docs/datasheets/543140016.pdf,"OFFICIAL MANUFACTURER TECHNICAL DATASHEET:
- Part Number: 543140016
- Manufacturer: U S Lumber
- Material Composition: PVC / Aluminum Oxide / High Speed Steel
- Product Dimensions: 1/2 in x 18 in
- Board Length: 12 ft
- Width Profile: 1x6
- Color / Finish: Slate Gray / White / Stainless Steel
- Edge Profile: Grooved
- Wattage Rating: 60W
- Color Temperature: 2700K
- Power Source: Electric
- Display Condition: New
- Package Quantity: 5 Pack",1,SPECIFICATIONS,1.0,True,True,True,True,1.0,verified
PROD-0161,543140016,U S Lumber,material,PVC,manufacturer_pdf,https://www.uslumber.com/docs/datasheets/543140016.pdf,"OFFICIAL MANUFACTURER TECHNICAL DATASHEET:
- Part Number: 543140016
- Manufacturer: U S Lumber
- Material Composition: PVC / Aluminum Oxide / High Speed Steel
- Product Dimensions: 1/2 in x 18 in
- Board Length: 12 ft
- Width Profile: 1x6
- Color / Finish: Slate Gray / White / Stainless Steel
- Edge Profile: Grooved
- Wattage Rating: 60W
- Color Temperature: 2700K
- Power Source: Electric
- Display Condition: New
- Package Quantity: 5 Pack",1,SPECIFICATIONS,1.0,True,True,True,True,1.0,verified
PROD-0161,543140016,U S Lumber,width_profile,1x6,manufacturer_pdf,https://www.uslumber.com/docs/datasheets/543140016.pdf,"OFFICIAL MANUFACTURER TECHNICAL DATASHEET:
- Part Number: 543140016
- Manufacturer: U S Lumber
- Material Composition: PVC / Aluminum Oxide / High Speed Steel
- Product Dimensions: 1/2 in x 18 in
- Board Length: 12 ft
- Width Profile: 1x6
- Color / Finish: Slate Gray / White / Stainless Steel
- Edge Profile: Grooved
- Wattage Rating: 60W
- Color Temperature: 2700K
- Power Source: Electric
- Display Condition: New
- Package Quantity: 5 Pack",1,SPECIFICATIONS,1.0,True,True,True,True,1.0,verified
PROD-0162,543140020,U S Lumber,color,Slate Gray,manufacturer_pdf,https://www.uslumber.com/docs/datasheets/543140020.pdf,"OFFICIAL MANUFACTURER TECHNICAL DATASHEET:
- Part Number: 543140020
- Manufacturer: U S Lumber
- Material Composition: PVC / Aluminum Oxide / High Speed Steel
- Product Dimensions: 1/2 in x 18 in
- Board Length: 12 ft
- Width Profile: 1x6
- Color / Finish: Slate Gray / White / Stainless Steel
- Edge Profile: Grooved
- Wattage Rating: 60W
- Color Temperature: 2700K
- Power Source: Electric
- Display Condition: New
- Package Quantity: 5 Pack",1,SPECIFICATIONS,1.0,True,True,True,True,1.0,verified
PROD-0162,543140020,U S Lumber,edge_profile,Grooved,manufacturer_pdf,https://www.uslumber.com/docs/datasheets/543140020.pdf,"OFFICIAL MANUFACTURER TECHNICAL DATASHEET:
- Part Number: 543140020
- Manufacturer: U S Lumber
- Material Composition: PVC / Aluminum Oxide / High Speed Steel
- Product Dimensions: 1/2 in x 18 in
- Board Length: 12 ft
- Width Profile: 1x6
- Color / Finish: Slate Gray / White / Stainless Steel
- Edge Profile: Grooved
- Wattage Rating: 60W
- Color Temperature: 2700K
- Power Source: Electric
- Display Condition: New
- Package Quantity: 5 Pack",1,SPECIFICATIONS,1.0,True,True,True,True,1.0,verified
PROD-0162,543140020,U S Lumber,length,12 ft,manufacturer_pdf,https://www.uslumber.com/docs/datasheets/543140020.pdf,"OFFICIAL MANUFACTURER TECHNICAL DATASHEET:
- Part Number: 543140020
- Manufacturer: U S Lumber
- Material Composition: PVC / Aluminum Oxide / High Speed Steel
- Product Dimensions: 1/2 in x 18 in
- Board Length: 12 ft
- Width Profile: 1x6
- Color / Finish: Slate Gray / White / Stainless Steel
- Edge Profile: Grooved
- Wattage Rating: 60W
- Color Temperature: 2700K
- Power Source: Electric
- Display Condition: New
- Package Quantity: 5 Pack",1,SPECIFICATIONS,1.0,True,True,True,True,1.0,verified
PROD-0162,543140020,U S Lumber,material,PVC,manufacturer_pdf,https://www.uslumber.com/docs/datasheets/543140020.pdf,"OFFICIAL MANUFACTURER TECHNICAL DATASHEET:
- Part Number: 543140020
- Manufacturer: U S Lumber
- Material Composition: PVC / Aluminum Oxide / High Speed Steel
- Product Dimensions: 1/2 in x 18 in
- Board Length: 12 ft
- Width Profile: 1x6
- Color / Finish: Slate Gray / White / Stainless Steel
- Edge Profile: Grooved
- Wattage Rating: 60W
- Color Temperature: 2700K
- Power Source: Electric
- Display Condition: New
- Package Quantity: 5 Pack",1,SPECIFICATIONS,1.0,True,True,True,True,1.0,verified
PROD-0162,543140020,U S Lumber,width_profile,1x6,manufacturer_pdf,https://www.uslumber.com/docs/datasheets/543140020.pdf,"OFFICIAL MANUFACTURER TECHNICAL DATASHEET:
- Part Number: 543140020
- Manufacturer: U S Lumber
- Material Composition: PVC / Aluminum Oxide / High Speed Steel
- Product Dimensions: 1/2 in x 18 in
- Board Length: 12 ft
- Width Profile: 1x6
- Color / Finish: Slate Gray / White / Stainless Steel
- Edge Profile: Grooved
- Wattage Rating: 60W
- Color Temperature: 2700K
- Power Source: Electric
- Display Condition: New
- Package Quantity: 5 Pack",1,SPECIFICATIONS,1.0,True,True,True,True,1.0,verified
PROD-0163,543142016,U S Lumber,color,Slate Gray,manufacturer_pdf,https://www.uslumber.com/docs/datasheets/543142016.pdf,"OFFICIAL MANUFACTURER TECHNICAL DATASHEET:
- Part Number: 543142016
- Manufacturer: U S Lumber
- Material Composition: PVC / Aluminum Oxide / High Speed Steel
- Product Dimensions: 1/2 in x 18 in
- Board Length: 12 ft
- Width Profile: 1x6
- Color / Finish: Slate Gray / White / Stainless Steel
- Edge Profile: Grooved
- Wattage Rating: 60W
- Color Temperature: 2700K
- Power Source: Electric
- Display Condition: New
- Package Quantity: 5 Pack",1,SPECIFICATIONS,1.0,True,True,True,True,1.0,verified
PROD-0163,543142016,U S Lumber,edge_profile,Grooved,manufacturer_pdf,https://www.uslumber.com/docs/datasheets/543142016.pdf,"OFFICIAL MANUFACTURER TECHNICAL DATASHEET:
- Part Number: 543142016
- Manufacturer: U S Lumber
- Material Composition: PVC / Aluminum Oxide / High Speed Steel
- Product Dimensions: 1/2 in x 18 in
- Board Length: 12 ft
- Width Profile: 1x6
- Color / Finish: Slate Gray / White / Stainless Steel
- Edge Profile: Grooved
- Wattage Rating: 60W
- Color Temperature: 2700K
- Power Source: Electric
- Display Condition: New
- Package Quantity: 5 Pack",1,SPECIFICATIONS,1.0,True,True,True,True,1.0,verified
PROD-0163,543142016,U S Lumber,length,12 ft,manufacturer_pdf,https://www.uslumber.com/docs/datasheets/543142016.pdf,"OFFICIAL MANUFACTURER TECHNICAL DATASHEET:
- Part Number: 543142016
- Manufacturer: U S Lumber
- Material Composition: PVC / Aluminum Oxide / High Speed Steel
- Product Dimensions: 1/2 in x 18 in
- Board Length: 12 ft
- Width Profile: 1x6
- Color / Finish: Slate Gray / White / Stainless Steel
- Edge Profile: Grooved
- Wattage Rating: 60W
- Color Temperature: 2700K
- Power Source: Electric
- Display Condition: New
- Package Quantity: 5 Pack",1,SPECIFICATIONS,1.0,True,True,True,True,1.0,verified
PROD-0163,543142016,U S Lumber,material,PVC,manufacturer_pdf,https://www.uslumber.com/docs/datasheets/543142016.pdf,"OFFICIAL MANUFACTURER TECHNICAL DATASHEET:
- Part Number: 543142016
- Manufacturer: U S Lumber
- Material Composition: PVC / Aluminum Oxide / High Speed Steel
- Product Dimensions: 1/2 in x 18 in
- Board Length: 12 ft
- Width Profile: 1x6
- Color / Finish: Slate Gray / White / Stainless Steel
- Edge Profile: Grooved
- Wattage Rating: 60W
- Color Temperature: 2700K
- Power Source: Electric
- Display Condition: New
- Package Quantity: 5 Pack",1,SPECIFICATIONS,1.0,True,True,True,True,1.0,verified
PROD-0163,543142016,U S Lumber,width_profile,1x6,manufacturer_pdf,https://www.uslumber.com/docs/datasheets/543142016.pdf,"OFFICIAL MANUFACTURER TECHNICAL DATASHEET:
- Part Number: 543142016
- Manufacturer: U S Lumber
- Material Composition: PVC / Aluminum Oxide / High Speed Steel
- Product Dimensions: 1/2 in x 18 in
- Board Length: 12 ft
- Width Profile: 1x6
- Color / Finish: Slate Gray / White / Stainless Steel
- Edge Profile: Grooved
- Wattage Rating: 60W
- Color Temperature: 2700K
- Power Source: Electric
- Display Condition: New
- Package Quantity: 5 Pack",1,SPECIFICATIONS,1.0,True,True,True,True,1.0,verified
PROD-0164,543142020,U S Lumber,color,Slate Gray,manufacturer_pdf,https://www.uslumber.com/docs/datasheets/543142020.pdf,"OFFICIAL MANUFACTURER TECHNICAL DATASHEET:
- Part Number: 543142020
- Manufacturer: U S Lumber
- Material Composition: PVC / Aluminum Oxide / High Speed Steel
- Product Dimensions: 1/2 in x 18 in
- Board Length: 12 ft
- Width Profile: 1x6
- Color / Finish: Slate Gray / White / Stainless Steel
- Edge Profile: Grooved
- Wattage Rating: 60W
- Color Temperature: 2700K
- Power Source: Electric
- Display Condition: New
- Package Quantity: 5 Pack",1,SPECIFICATIONS,1.0,True,True,True,True,1.0,verified
PROD-0164,543142020,U S Lumber,edge_profile,Grooved,manufacturer_pdf,https://www.uslumber.com/docs/datasheets/543142020.pdf,"OFFICIAL MANUFACTURER TECHNICAL DATASHEET:
- Part Number: 543142020
- Manufacturer: U S Lumber
- Material Composition: PVC / Aluminum Oxide / High Speed Steel
- Product Dimensions: 1/2 in x 18 in
- Board Length: 12 ft
- Width Profile: 1x6
- Color / Finish: Slate Gray / White / Stainless Steel
- Edge Profile: Grooved
- Wattage Rating: 60W
- Color Temperature: 2700K
- Power Source: Electric
- Display Condition: New
- Package Quantity: 5 Pack",1,SPECIFICATIONS,1.0,True,True,True,True,1.0,verified
PROD-0164,543142020,U S Lumber,length,12 ft,manufacturer_pdf,https://www.uslumber.com/docs/datasheets/543142020.pdf,"OFFICIAL MANUFACTURER TECHNICAL DATASHEET:
- Part Number: 543142020
- Manufacturer: U S Lumber
- Material Composition: PVC / Aluminum Oxide / High Speed Steel
- Product Dimensions: 1/2 in x 18 in
- Board Length: 12 ft
- Width Profile: 1x6
- Color / Finish: Slate Gray / White / Stainless Steel
- Edge Profile: Grooved
- Wattage Rating: 60W
- Color Temperature: 2700K
- Power Source: Electric
- Display Condition: New
- Package Quantity: 5 Pack",1,SPECIFICATIONS,1.0,True,True,True,True,1.0,verified
PROD-0164,543142020,U S Lumber,material,PVC,manufacturer_pdf,https://www.uslumber.com/docs/datasheets/543142020.pdf,"OFFICIAL MANUFACTURER TECHNICAL DATASHEET:
- Part Number: 543142020
- Manufacturer: U S Lumber
- Material Composition: PVC / Aluminum Oxide / High Speed Steel
- Product Dimensions: 1/2 in x 18 in
- Board Length: 12 ft
- Width Profile: 1x6
- Color / Finish: Slate Gray / White / Stainless Steel
- Edge Profile: Grooved
- Wattage Rating: 60W
- Color Temperature: 2700K
- Power Source: Electric
- Display Condition: New
- Package Quantity: 5 Pack",1,SPECIFICATIONS,1.0,True,True,True,True,1.0,verified
PROD-0164,543142020,U S Lumber,width_profile,1x6,manufacturer_pdf,https://www.uslumber.com/docs/datasheets/543142020.pdf,"OFFICIAL MANUFACTURER TECHNICAL DATASHEET:
- Part Number: 543142020
- Manufacturer: U S Lumber
- Material Composition: PVC / Aluminum Oxide / High Speed Steel
- Product Dimensions: 1/2 in x 18 in
- Board Length: 12 ft
- Width Profile: 1x6
- Color / Finish: Slate Gray / White / Stainless Steel
- Edge Profile: Grooved
- Wattage Rating: 60W
- Color Temperature: 2700K
- Power Source: Electric
- Display Condition: New
- Package Quantity: 5 Pack",1,SPECIFICATIONS,1.0,True,True,True,True,1.0,verified
PROD-0165,543144016,U S Lumber,color,Slate Gray,manufacturer_pdf,https://www.uslumber.com/docs/datasheets/543144016.pdf,"OFFICIAL MANUFACTURER TECHNICAL DATASHEET:
- Part Number: 543144016
- Manufacturer: U S Lumber
- Material Composition: PVC / Aluminum Oxide / High Speed Steel
- Product Dimensions: 1/2 in x 18 in
- Board Length: 12 ft
- Width Profile: 1x6
- Color / Finish: Slate Gray / White / Stainless Steel
- Edge Profile: Grooved
- Wattage Rating: 60W
- Color Temperature: 2700K
- Power Source: Electric
- Display Condition: New
- Package Quantity: 5 Pack",1,SPECIFICATIONS,1.0,True,True,True,True,1.0,verified
PROD-0165,543144016,U S Lumber,edge_profile,Grooved,manufacturer_pdf,https://www.uslumber.com/docs/datasheets/543144016.pdf,"OFFICIAL MANUFACTURER TECHNICAL DATASHEET:
- Part Number: 543144016
- Manufacturer: U S Lumber
- Material Composition: PVC / Aluminum Oxide / High Speed Steel
- Product Dimensions: 1/2 in x 18 in
- Board Length: 12 ft
- Width Profile: 1x6
- Color / Finish: Slate Gray / White / Stainless Steel
- Edge Profile: Grooved
- Wattage Rating: 60W
- Color Temperature: 2700K
- Power Source: Electric
- Display Condition: New
- Package Quantity: 5 Pack",1,SPECIFICATIONS,1.0,True,True,True,True,1.0,verified
PROD-0165,543144016,U S Lumber,length,12 ft,manufacturer_pdf,https://www.uslumber.com/docs/datasheets/543144016.pdf,"OFFICIAL MANUFACTURER TECHNICAL DATASHEET:
- Part Number: 543144016
- Manufacturer: U S Lumber
- Material Composition: PVC / Aluminum Oxide / High Speed Steel
- Product Dimensions: 1/2 in x 18 in
- Board Length: 12 ft
- Width Profile: 1x6
- Color / Finish: Slate Gray / White / Stainless Steel
- Edge Profile: Grooved
- Wattage Rating: 60W
- Color Temperature: 2700K
- Power Source: Electric
- Display Condition: New
- Package Quantity: 5 Pack",1,SPECIFICATIONS,1.0,True,True,True,True,1.0,verified
PROD-0165,543144016,U S Lumber,material,PVC,manufacturer_pdf,https://www.uslumber.com/docs/datasheets/543144016.pdf,"OFFICIAL MANUFACTURER TECHNICAL DATASHEET:
- Part Number: 543144016
- Manufacturer: U S Lumber
- Material Composition: PVC / Aluminum Oxide / High Speed Steel
- Product Dimensions: 1/2 in x 18 in
- Board Length: 12 ft
- Width Profile: 1x6
- Color / Finish: Slate Gray / White / Stainless Steel
- Edge Profile: Grooved
- Wattage Rating: 60W
- Color Temperature: 2700K
- Power Source: Electric
- Display Condition: New
- Package Quantity: 5 Pack",1,SPECIFICATIONS,1.0,True,True,True,True,1.0,verified
PROD-0165,543144016,U S Lumber,width_profile,1x6,manufacturer_pdf,https://www.uslumber.com/docs/datasheets/543144016.pdf,"OFFICIAL MANUFACTURER TECHNICAL DATASHEET:
- Part Number: 543144016
- Manufacturer: U S Lumber
- Material Composition: PVC / Aluminum Oxide / High Speed Steel
- Product Dimensions: 1/2 in x 18 in
- Board Length: 12 ft
- Width Profile: 1x6
- Color / Finish: Slate Gray / White / Stainless Steel
- Edge Profile: Grooved
- Wattage Rating: 60W
- Color Temperature: 2700K
- Power Source: Electric
- Display Condition: New
- Package Quantity: 5 Pack",1,SPECIFICATIONS,1.0,True,True,True,True,1.0,verified
PROD-0166,543144020,U S Lumber,color,Slate Gray,manufacturer_pdf,https://www.uslumber.com/docs/datasheets/543144020.pdf,"OFFICIAL MANUFACTURER TECHNICAL DATASHEET:
- Part Number: 543144020
- Manufacturer: U S Lumber
- Material Composition: PVC / Aluminum Oxide / High Speed Steel
- Product Dimensions: 1/2 in x 18 in
- Board Length: 12 ft
- Width Profile: 1x6
- Color / Finish: Slate Gray / White / Stainless Steel
- Edge Profile: Grooved
- Wattage Rating: 60W
- Color Temperature: 2700K
- Power Source: Electric
- Display Condition: New
- Package Quantity: 5 Pack",1,SPECIFICATIONS,1.0,True,True,True,True,1.0,verified
PROD-0166,543144020,U S Lumber,edge_profile,Grooved,manufacturer_pdf,https://www.uslumber.com/docs/datasheets/543144020.pdf,"OFFICIAL MANUFACTURER TECHNICAL DATASHEET:
- Part Number: 543144020
- Manufacturer: U S Lumber
- Material Composition: PVC / Aluminum Oxide / High Speed Steel
- Product Dimensions: 1/2 in x 18 in
- Board Length: 12 ft
- Width Profile: 1x6
- Color / Finish: Slate Gray / White / Stainless Steel
- Edge Profile: Grooved
- Wattage Rating: 60W
- Color Temperature: 2700K
- Power Source: Electric
- Display Condition: New
- Package Quantity: 5 Pack",1,SPECIFICATIONS,1.0,True,True,True,True,1.0,verified
PROD-0166,543144020,U S Lumber,length,12 ft,manufacturer_pdf,https://www.uslumber.com/docs/datasheets/543144020.pdf,"OFFICIAL MANUFACTURER TECHNICAL DATASHEET:
- Part Number: 543144020
- Manufacturer: U S Lumber
- Material Composition: PVC / Aluminum Oxide / High Speed Steel
- Product Dimensions: 1/2 in x 18 in
- Board Length: 12 ft
- Width Profile: 1x6
- Color / Finish: Slate Gray / White / Stainless Steel
- Edge Profile: Grooved
- Wattage Rating: 60W
- Color Temperature: 2700K
- Power Source: Electric
- Display Condition: New
- Package Quantity: 5 Pack",1,SPECIFICATIONS,1.0,True,True,True,True,1.0,verified
PROD-0166,543144020,U S Lumber,material,PVC,manufacturer_pdf,https://www.uslumber.com/docs/datasheets/543144020.pdf,"OFFICIAL MANUFACTURER TECHNICAL DATASHEET:
- Part Number: 543144020
- Manufacturer: U S Lumber
- Material Composition: PVC / Aluminum Oxide / High Speed Steel
- Product Dimensions: 1/2 in x 18 in
- Board Length: 12 ft
- Width Profile: 1x6
- Color / Finish: Slate Gray / White / Stainless Steel
- Edge Profile: Grooved
- Wattage Rating: 60W
- Color Temperature: 2700K
- Power Source: Electric
- Display Condition: New
- Package Quantity: 5 Pack",1,SPECIFICATIONS,1.0,True,True,True,True,1.0,verified
PROD-0166,543144020,U S Lumber,width_profile,1x6,manufacturer_pdf,https://www.uslumber.com/docs/datasheets/543144020.pdf,"OFFICIAL MANUFACTURER TECHNICAL DATASHEET:
- Part Number: 543144020
- Manufacturer: U S Lumber
- Material Composition: PVC / Aluminum Oxide / High Speed Steel
- Product Dimensions: 1/2 in x 18 in
- Board Length: 12 ft
- Width Profile: 1x6
- Color / Finish: Slate Gray / White / Stainless Steel
- Edge Profile: Grooved
- Wattage Rating: 60W
- Color Temperature: 2700K
- Power Source: Electric
- Display Condition: New
- Package Quantity: 5 Pack",1,SPECIFICATIONS,1.0,True,True,True,True,1.0,verified
PROD-0167,543143016,U S Lumber,color,Slate Gray,manufacturer_pdf,https://www.uslumber.com/docs/datasheets/543143016.pdf,"OFFICIAL MANUFACTURER TECHNICAL DATASHEET:
- Part Number: 543143016
- Manufacturer: U S Lumber
- Material Composition: PVC / Aluminum Oxide / High Speed Steel
- Product Dimensions: 1/2 in x 18 in
- Board Length: 12 ft
- Width Profile: 1x6
- Color / Finish: Slate Gray / White / Stainless Steel
- Edge Profile: Grooved
- Wattage Rating: 60W
- Color Temperature: 2700K
- Power Source: Electric
- Display Condition: New
- Package Quantity: 5 Pack",1,SPECIFICATIONS,1.0,True,True,True,True,1.0,verified
PROD-0167,543143016,U S Lumber,edge_profile,Grooved,manufacturer_pdf,https://www.uslumber.com/docs/datasheets/543143016.pdf,"OFFICIAL MANUFACTURER TECHNICAL DATASHEET:
- Part Number: 543143016
- Manufacturer: U S Lumber
- Material Composition: PVC / Aluminum Oxide / High Speed Steel
- Product Dimensions: 1/2 in x 18 in
- Board Length: 12 ft
- Width Profile: 1x6
- Color / Finish: Slate Gray / White / Stainless Steel
- Edge Profile: Grooved
- Wattage Rating: 60W
- Color Temperature: 2700K
- Power Source: Electric
- Display Condition: New
- Package Quantity: 5 Pack",1,SPECIFICATIONS,1.0,True,True,True,True,1.0,verified
PROD-0167,543143016,U S Lumber,length,12 ft,manufacturer_pdf,https://www.uslumber.com/docs/datasheets/543143016.pdf,"OFFICIAL MANUFACTURER TECHNICAL DATASHEET:
- Part Number: 543143016
- Manufacturer: U S Lumber
- Material Composition: PVC / Aluminum Oxide / High Speed Steel
- Product Dimensions: 1/2 in x 18 in
- Board Length: 12 ft
- Width Profile: 1x6
- Color / Finish: Slate Gray / White / Stainless Steel
- Edge Profile: Grooved
- Wattage Rating: 60W
- Color Temperature: 2700K
- Power Source: Electric
- Display Condition: New
- Package Quantity: 5 Pack",1,SPECIFICATIONS,1.0,True,True,True,True,1.0,verified
PROD-0167,543143016,U S Lumber,material,PVC,manufacturer_pdf,https://www.uslumber.com/docs/datasheets/543143016.pdf,"OFFICIAL MANUFACTURER TECHNICAL DATASHEET:
- Part Number: 543143016
- Manufacturer: U S Lumber
- Material Composition: PVC / Aluminum Oxide / High Speed Steel
- Product Dimensions: 1/2 in x 18 in
- Board Length: 12 ft
- Width Profile: 1x6
- Color / Finish: Slate Gray / White / Stainless Steel
- Edge Profile: Grooved
- Wattage Rating: 60W
- Color Temperature: 2700K
- Power Source: Electric
- Display Condition: New
- Package Quantity: 5 Pack",1,SPECIFICATIONS,1.0,True,True,True,True,1.0,verified
PROD-0167,543143016,U S Lumber,width_profile,1x6,manufacturer_pdf,https://www.uslumber.com/docs/datasheets/543143016.pdf,"OFFICIAL MANUFACTURER TECHNICAL DATASHEET:
- Part Number: 543143016
- Manufacturer: U S Lumber
- Material Composition: PVC / Aluminum Oxide / High Speed Steel
- Product Dimensions: 1/2 in x 18 in
- Board Length: 12 ft
- Width Profile: 1x6
- Color / Finish: Slate Gray / White / Stainless Steel
- Edge Profile: Grooved
- Wattage Rating: 60W
- Color Temperature: 2700K
- Power Source: Electric
- Display Condition: New
- Package Quantity: 5 Pack",1,SPECIFICATIONS,1.0,True,True,True,True,1.0,verified
PROD-0168,543143020,U S Lumber,color,Slate Gray,manufacturer_pdf,https://www.uslumber.com/docs/datasheets/543143020.pdf,"OFFICIAL MANUFACTURER TECHNICAL DATASHEET:
- Part Number: 543143020
- Manufacturer: U S Lumber
- Material Composition: PVC / Aluminum Oxide / High Speed Steel
- Product Dimensions: 1/2 in x 18 in
- Board Length: 12 ft
- Width Profile: 1x6
- Color / Finish: Slate Gray / White / Stainless Steel
- Edge Profile: Grooved
- Wattage Rating: 60W
- Color Temperature: 2700K
- Power Source: Electric
- Display Condition: New
- Package Quantity: 5 Pack",1,SPECIFICATIONS,1.0,True,True,True,True,1.0,verified
PROD-0168,543143020,U S Lumber,edge_profile,Grooved,manufacturer_pdf,https://www.uslumber.com/docs/datasheets/543143020.pdf,"OFFICIAL MANUFACTURER TECHNICAL DATASHEET:
- Part Number: 543143020
- Manufacturer: U S Lumber
- Material Composition: PVC / Aluminum Oxide / High Speed Steel
- Product Dimensions: 1/2 in x 18 in
- Board Length: 12 ft
- Width Profile: 1x6
- Color / Finish: Slate Gray / White / Stainless Steel
- Edge Profile: Grooved
- Wattage Rating: 60W
- Color Temperature: 2700K
- Power Source: Electric
- Display Condition: New
- Package Quantity: 5 Pack",1,SPECIFICATIONS,1.0,True,True,True,True,1.0,verified
PROD-0168,543143020,U S Lumber,length,12 ft,manufacturer_pdf,https://www.uslumber.com/docs/datasheets/543143020.pdf,"OFFICIAL MANUFACTURER TECHNICAL DATASHEET:
- Part Number: 543143020
- Manufacturer: U S Lumber
- Material Composition: PVC / Aluminum Oxide / High Speed Steel
- Product Dimensions: 1/2 in x 18 in
- Board Length: 12 ft
- Width Profile: 1x6
- Color / Finish: Slate Gray / White / Stainless Steel
- Edge Profile: Grooved
- Wattage Rating: 60W
- Color Temperature: 2700K
- Power Source: Electric
- Display Condition: New
- Package Quantity: 5 Pack",1,SPECIFICATIONS,1.0,True,True,True,True,1.0,verified
PROD-0168,543143020,U S Lumber,material,PVC,manufacturer_pdf,https://www.uslumber.com/docs/datasheets/543143020.pdf,"OFFICIAL MANUFACTURER TECHNICAL DATASHEET:
- Part Number: 543143020
- Manufacturer: U S Lumber
- Material Composition: PVC / Aluminum Oxide / High Speed Steel
- Product Dimensions: 1/2 in x 18 in
- Board Length: 12 ft
- Width Profile: 1x6
- Color / Finish: Slate Gray / White / Stainless Steel
- Edge Profile: Grooved
- Wattage Rating: 60W
- Color Temperature: 2700K
- Power Source: Electric
- Display Condition: New
- Package Quantity: 5 Pack",1,SPECIFICATIONS,1.0,True,True,True,True,1.0,verified
PROD-0168,543143020,U S Lumber,width_profile,1x6,manufacturer_pdf,https://www.uslumber.com/docs/datasheets/543143020.pdf,"OFFICIAL MANUFACTURER TECHNICAL DATASHEET:
- Part Number: 543143020
- Manufacturer: U S Lumber
- Material Composition: PVC / Aluminum Oxide / High Speed Steel
- Product Dimensions: 1/2 in x 18 in
- Board Length: 12 ft
- Width Profile: 1x6
- Color / Finish: Slate Gray / White / Stainless Steel
- Edge Profile: Grooved
- Wattage Rating: 60W
- Color Temperature: 2700K
- Power Source: Electric
- Display Condition: New
- Package Quantity: 5 Pack",1,SPECIFICATIONS,1.0,True,True,True,True,1.0,verified
PROD-0169,543141016,U S Lumber,color,Slate Gray,manufacturer_pdf,https://www.uslumber.com/docs/datasheets/543141016.pdf,"OFFICIAL MANUFACTURER TECHNICAL DATASHEET:
- Part Number: 543141016
- Manufacturer: U S Lumber
- Material Composition: PVC / Aluminum Oxide / High Speed Steel
- Product Dimensions: 1/2 in x 18 in
- Board Length: 12 ft
- Width Profile: 1x6
- Color / Finish: Slate Gray / White / Stainless Steel
- Edge Profile: Grooved
- Wattage Rating: 60W
- Color Temperature: 2700K
- Power Source: Electric
- Display Condition: New
- Package Quantity: 5 Pack",1,SPECIFICATIONS,1.0,True,True,True,True,1.0,verified
PROD-0169,543141016,U S Lumber,edge_profile,Grooved,manufacturer_pdf,https://www.uslumber.com/docs/datasheets/543141016.pdf,"OFFICIAL MANUFACTURER TECHNICAL DATASHEET:
- Part Number: 543141016
- Manufacturer: U S Lumber
- Material Composition: PVC / Aluminum Oxide / High Speed Steel
- Product Dimensions: 1/2 in x 18 in
- Board Length: 12 ft
- Width Profile: 1x6
- Color / Finish: Slate Gray / White / Stainless Steel
- Edge Profile: Grooved
- Wattage Rating: 60W
- Color Temperature: 2700K
- Power Source: Electric
- Display Condition: New
- Package Quantity: 5 Pack",1,SPECIFICATIONS,1.0,True,True,True,True,1.0,verified
PROD-0169,543141016,U S Lumber,length,12 ft,manufacturer_pdf,https://www.uslumber.com/docs/datasheets/543141016.pdf,"OFFICIAL MANUFACTURER TECHNICAL DATASHEET:
- Part Number: 543141016
- Manufacturer: U S Lumber
- Material Composition: PVC / Aluminum Oxide / High Speed Steel
- Product Dimensions: 1/2 in x 18 in
- Board Length: 12 ft
- Width Profile: 1x6
- Color / Finish: Slate Gray / White / Stainless Steel
- Edge Profile: Grooved
- Wattage Rating: 60W
- Color Temperature: 2700K
- Power Source: Electric
- Display Condition: New
- Package Quantity: 5 Pack",1,SPECIFICATIONS,1.0,True,True,True,True,1.0,verified
PROD-0169,543141016,U S Lumber,material,PVC,manufacturer_pdf,https://www.uslumber.com/docs/datasheets/543141016.pdf,"OFFICIAL MANUFACTURER TECHNICAL DATASHEET:
- Part Number: 543141016
- Manufacturer: U S Lumber
- Material Composition: PVC / Aluminum Oxide / High Speed Steel
- Product Dimensions: 1/2 in x 18 in
- Board Length: 12 ft
- Width Profile: 1x6
- Color / Finish: Slate Gray / White / Stainless Steel
- Edge Profile: Grooved
- Wattage Rating: 60W
- Color Temperature: 2700K
- Power Source: Electric
- Display Condition: New
- Package Quantity: 5 Pack",1,SPECIFICATIONS,1.0,True,True,True,True,1.0,verified
PROD-0169,543141016,U S Lumber,width_profile,1x6,manufacturer_pdf,https://www.uslumber.com/docs/datasheets/543141016.pdf,"OFFICIAL MANUFACTURER TECHNICAL DATASHEET:
- Part Number: 543141016
- Manufacturer: U S Lumber
- Material Composition: PVC / Aluminum Oxide / High Speed Steel
- Product Dimensions: 1/2 in x 18 in
- Board Length: 12 ft
- Width Profile: 1x6
- Color / Finish: Slate Gray / White / Stainless Steel
- Edge Profile: Grooved
- Wattage Rating: 60W
- Color Temperature: 2700K
- Power Source: Electric
- Display Condition: New
- Package Quantity: 5 Pack",1,SPECIFICATIONS,1.0,True,True,True,True,1.0,verified
PROD-0170,543141020,U S Lumber,color,Slate Gray,manufacturer_pdf,https://www.uslumber.com/docs/datasheets/543141020.pdf,"OFFICIAL MANUFACTURER TECHNICAL DATASHEET:
- Part Number: 543141020
- Manufacturer: U S Lumber
- Material Composition: PVC / Aluminum Oxide / High Speed Steel
- Product Dimensions: 1/2 in x 18 in
- Board Length: 12 ft
- Width Profile: 1x6
- Color / Finish: Slate Gray / White / Stainless Steel
- Edge Profile: Grooved
- Wattage Rating: 60W
- Color Temperature: 2700K
- Power Source: Electric
- Display Condition: New
- Package Quantity: 5 Pack",1,SPECIFICATIONS,1.0,True,True,True,True,1.0,verified
PROD-0170,543141020,U S Lumber,edge_profile,Grooved,manufacturer_pdf,https://www.uslumber.com/docs/datasheets/543141020.pdf,"OFFICIAL MANUFACTURER TECHNICAL DATASHEET:
- Part Number: 543141020
- Manufacturer: U S Lumber
- Material Composition: PVC / Aluminum Oxide / High Speed Steel
- Product Dimensions: 1/2 in x 18 in
- Board Length: 12 ft
- Width Profile: 1x6
- Color / Finish: Slate Gray / White / Stainless Steel
- Edge Profile: Grooved
- Wattage Rating: 60W
- Color Temperature: 2700K
- Power Source: Electric
- Display Condition: New
- Package Quantity: 5 Pack",1,SPECIFICATIONS,1.0,True,True,True,True,1.0,verified
PROD-0170,543141020,U S Lumber,length,12 ft,manufacturer_pdf,https://www.uslumber.com/docs/datasheets/543141020.pdf,"OFFICIAL MANUFACTURER TECHNICAL DATASHEET:
- Part Number: 543141020
- Manufacturer: U S Lumber
- Material Composition: PVC / Aluminum Oxide / High Speed Steel
- Product Dimensions: 1/2 in x 18 in
- Board Length: 12 ft
- Width Profile: 1x6
- Color / Finish: Slate Gray / White / Stainless Steel
- Edge Profile: Grooved
- Wattage Rating: 60W
- Color Temperature: 2700K
- Power Source: Electric
- Display Condition: New
- Package Quantity: 5 Pack",1,SPECIFICATIONS,1.0,True,True,True,True,1.0,verified
PROD-0170,543141020,U S Lumber,material,PVC,manufacturer_pdf,https://www.uslumber.com/docs/datasheets/543141020.pdf,"OFFICIAL MANUFACTURER TECHNICAL DATASHEET:
- Part Number: 543141020
- Manufacturer: U S Lumber
- Material Composition: PVC / Aluminum Oxide / High Speed Steel
- Product Dimensions: 1/2 in x 18 in
- Board Length: 12 ft
- Width Profile: 1x6
- Color / Finish: Slate Gray / White / Stainless Steel
- Edge Profile: Grooved
- Wattage Rating: 60W
- Color Temperature: 2700K
- Power Source: Electric
- Display Condition: New
- Package Quantity: 5 Pack",1,SPECIFICATIONS,1.0,True,True,True,True,1.0,verified
PROD-0170,543141020,U S Lumber,width_profile,1x6,manufacturer_pdf,https://www.uslumber.com/docs/datasheets/543141020.pdf,"OFFICIAL MANUFACTURER TECHNICAL DATASHEET:
- Part Number: 543141020
- Manufacturer: U S Lumber
- Material Composition: PVC / Aluminum Oxide / High Speed Steel
- Product Dimensions: 1/2 in x 18 in
- Board Length: 12 ft
- Width Profile: 1x6
- Color / Finish: Slate Gray / White / Stainless Steel
- Edge Profile: Grooved
- Wattage Rating: 60W
- Color Temperature: 2700K
- Power Source: Electric
- Display Condition: New
- Package Quantity: 5 Pack",1,SPECIFICATIONS,1.0,True,True,True,True,1.0,verified
PROD-0171,543140412,U S Lumber,color,Slate Gray,manufacturer_pdf,https://www.uslumber.com/docs/datasheets/543140412.pdf,"OFFICIAL MANUFACTURER TECHNICAL DATASHEET:
- Part Number: 543140412
- Manufacturer: U S Lumber
- Material Composition: PVC / Aluminum Oxide / High Speed Steel
- Product Dimensions: 1/2 in x 18 in
- Board Length: 12 ft
- Width Profile: 1x6
- Color / Finish: Slate Gray / White / Stainless Steel
- Edge Profile: Grooved
- Wattage Rating: 60W
- Color Temperature: 2700K
- Power Source: Electric
- Display Condition: New
- Package Quantity: 5 Pack",1,SPECIFICATIONS,1.0,True,True,True,True,1.0,verified
PROD-0171,543140412,U S Lumber,edge_profile,Grooved,manufacturer_pdf,https://www.uslumber.com/docs/datasheets/543140412.pdf,"OFFICIAL MANUFACTURER TECHNICAL DATASHEET:
- Part Number: 543140412
- Manufacturer: U S Lumber
- Material Composition: PVC / Aluminum Oxide / High Speed Steel
- Product Dimensions: 1/2 in x 18 in
- Board Length: 12 ft
- Width Profile: 1x6
- Color / Finish: Slate Gray / White / Stainless Steel
- Edge Profile: Grooved
- Wattage Rating: 60W
- Color Temperature: 2700K
- Power Source: Electric
- Display Condition: New
- Package Quantity: 5 Pack",1,SPECIFICATIONS,1.0,True,True,True,True,1.0,verified
PROD-0171,543140412,U S Lumber,length,12 ft,manufacturer_pdf,https://www.uslumber.com/docs/datasheets/543140412.pdf,"OFFICIAL MANUFACTURER TECHNICAL DATASHEET:
- Part Number: 543140412
- Manufacturer: U S Lumber
- Material Composition: PVC / Aluminum Oxide / High Speed Steel
- Product Dimensions: 1/2 in x 18 in
- Board Length: 12 ft
- Width Profile: 1x6
- Color / Finish: Slate Gray / White / Stainless Steel
- Edge Profile: Grooved
- Wattage Rating: 60W
- Color Temperature: 2700K
- Power Source: Electric
- Display Condition: New
- Package Quantity: 5 Pack",1,SPECIFICATIONS,1.0,True,True,True,True,1.0,verified
PROD-0171,543140412,U S Lumber,material,PVC,manufacturer_pdf,https://www.uslumber.com/docs/datasheets/543140412.pdf,"OFFICIAL MANUFACTURER TECHNICAL DATASHEET:
- Part Number: 543140412
- Manufacturer: U S Lumber
- Material Composition: PVC / Aluminum Oxide / High Speed Steel
- Product Dimensions: 1/2 in x 18 in
- Board Length: 12 ft
- Width Profile: 1x6
- Color / Finish: Slate Gray / White / Stainless Steel
- Edge Profile: Grooved
- Wattage Rating: 60W
- Color Temperature: 2700K
- Power Source: Electric
- Display Condition: New
- Package Quantity: 5 Pack",1,SPECIFICATIONS,1.0,True,True,True,True,1.0,verified
PROD-0171,543140412,U S Lumber,width_profile,1x6,manufacturer_pdf,https://www.uslumber.com/docs/datasheets/543140412.pdf,"OFFICIAL MANUFACTURER TECHNICAL DATASHEET:
- Part Number: 543140412
- Manufacturer: U S Lumber
- Material Composition: PVC / Aluminum Oxide / High Speed Steel
- Product Dimensions: 1/2 in x 18 in
- Board Length: 12 ft
- Width Profile: 1x6
- Color / Finish: Slate Gray / White / Stainless Steel
- Edge Profile: Grooved
- Wattage Rating: 60W
- Color Temperature: 2700K
- Power Source: Electric
- Display Condition: New
- Package Quantity: 5 Pack",1,SPECIFICATIONS,1.0,True,True,True,True,1.0,verified
PROD-0172,543140416,U S Lumber,color,Slate Gray,manufacturer_pdf,https://www.uslumber.com/docs/datasheets/543140416.pdf,"OFFICIAL MANUFACTURER TECHNICAL DATASHEET:
- Part Number: 543140416
- Manufacturer: U S Lumber
- Material Composition: PVC / Aluminum Oxide / High Speed Steel
- Product Dimensions: 1/2 in x 18 in
- Board Length: 12 ft
- Width Profile: 1x6
- Color / Finish: Slate Gray / White / Stainless Steel
- Edge Profile: Grooved
- Wattage Rating: 60W
- Color Temperature: 2700K
- Power Source: Electric
- Display Condition: New
- Package Quantity: 5 Pack",1,SPECIFICATIONS,1.0,True,True,True,True,1.0,verified
PROD-0172,543140416,U S Lumber,edge_profile,Grooved,manufacturer_pdf,https://www.uslumber.com/docs/datasheets/543140416.pdf,"OFFICIAL MANUFACTURER TECHNICAL DATASHEET:
- Part Number: 543140416
- Manufacturer: U S Lumber
- Material Composition: PVC / Aluminum Oxide / High Speed Steel
- Product Dimensions: 1/2 in x 18 in
- Board Length: 12 ft
- Width Profile: 1x6
- Color / Finish: Slate Gray / White / Stainless Steel
- Edge Profile: Grooved
- Wattage Rating: 60W
- Color Temperature: 2700K
- Power Source: Electric
- Display Condition: New
- Package Quantity: 5 Pack",1,SPECIFICATIONS,1.0,True,True,True,True,1.0,verified
PROD-0172,543140416,U S Lumber,length,12 ft,manufacturer_pdf,https://www.uslumber.com/docs/datasheets/543140416.pdf,"OFFICIAL MANUFACTURER TECHNICAL DATASHEET:
- Part Number: 543140416
- Manufacturer: U S Lumber
- Material Composition: PVC / Aluminum Oxide / High Speed Steel
- Product Dimensions: 1/2 in x 18 in
- Board Length: 12 ft
- Width Profile: 1x6
- Color / Finish: Slate Gray / White / Stainless Steel
- Edge Profile: Grooved
- Wattage Rating: 60W
- Color Temperature: 2700K
- Power Source: Electric
- Display Condition: New
- Package Quantity: 5 Pack",1,SPECIFICATIONS,1.0,True,True,True,True,1.0,verified
PROD-0172,543140416,U S Lumber,material,PVC,manufacturer_pdf,https://www.uslumber.com/docs/datasheets/543140416.pdf,"OFFICIAL MANUFACTURER TECHNICAL DATASHEET:
- Part Number: 543140416
- Manufacturer: U S Lumber
- Material Composition: PVC / Aluminum Oxide / High Speed Steel
- Product Dimensions: 1/2 in x 18 in
- Board Length: 12 ft
- Width Profile: 1x6
- Color / Finish: Slate Gray / White / Stainless Steel
- Edge Profile: Grooved
- Wattage Rating: 60W
- Color Temperature: 2700K
- Power Source: Electric
- Display Condition: New
- Package Quantity: 5 Pack",1,SPECIFICATIONS,1.0,True,True,True,True,1.0,verified
PROD-0172,543140416,U S Lumber,width_profile,1x6,manufacturer_pdf,https://www.uslumber.com/docs/datasheets/543140416.pdf,"OFFICIAL MANUFACTURER TECHNICAL DATASHEET:
- Part Number: 543140416
- Manufacturer: U S Lumber
- Material Composition: PVC / Aluminum Oxide / High Speed Steel
- Product Dimensions: 1/2 in x 18 in
- Board Length: 12 ft
- Width Profile: 1x6
- Color / Finish: Slate Gray / White / Stainless Steel
- Edge Profile: Grooved
- Wattage Rating: 60W
- Color Temperature: 2700K
- Power Source: Electric
- Display Condition: New
- Package Quantity: 5 Pack",1,SPECIFICATIONS,1.0,True,True,True,True,1.0,verified
PROD-0173,543140420,U S Lumber,color,Slate Gray,manufacturer_pdf,https://www.uslumber.com/docs/datasheets/543140420.pdf,"OFFICIAL MANUFACTURER TECHNICAL DATASHEET:
- Part Number: 543140420
- Manufacturer: U S Lumber
- Material Composition: PVC / Aluminum Oxide / High Speed Steel
- Product Dimensions: 1/2 in x 18 in
- Board Length: 12 ft
- Width Profile: 1x6
- Color / Finish: Slate Gray / White / Stainless Steel
- Edge Profile: Grooved
- Wattage Rating: 60W
- Color Temperature: 2700K
- Power Source: Electric
- Display Condition: New
- Package Quantity: 5 Pack",1,SPECIFICATIONS,1.0,True,True,True,True,1.0,verified
PROD-0173,543140420,U S Lumber,edge_profile,Grooved,manufacturer_pdf,https://www.uslumber.com/docs/datasheets/543140420.pdf,"OFFICIAL MANUFACTURER TECHNICAL DATASHEET:
- Part Number: 543140420
- Manufacturer: U S Lumber
- Material Composition: PVC / Aluminum Oxide / High Speed Steel
- Product Dimensions: 1/2 in x 18 in
- Board Length: 12 ft
- Width Profile: 1x6
- Color / Finish: Slate Gray / White / Stainless Steel
- Edge Profile: Grooved
- Wattage Rating: 60W
- Color Temperature: 2700K
- Power Source: Electric
- Display Condition: New
- Package Quantity: 5 Pack",1,SPECIFICATIONS,1.0,True,True,True,True,1.0,verified
PROD-0173,543140420,U S Lumber,length,12 ft,manufacturer_pdf,https://www.uslumber.com/docs/datasheets/543140420.pdf,"OFFICIAL MANUFACTURER TECHNICAL DATASHEET:
- Part Number: 543140420
- Manufacturer: U S Lumber
- Material Composition: PVC / Aluminum Oxide / High Speed Steel
- Product Dimensions: 1/2 in x 18 in
- Board Length: 12 ft
- Width Profile: 1x6
- Color / Finish: Slate Gray / White / Stainless Steel
- Edge Profile: Grooved
- Wattage Rating: 60W
- Color Temperature: 2700K
- Power Source: Electric
- Display Condition: New
- Package Quantity: 5 Pack",1,SPECIFICATIONS,1.0,True,True,True,True,1.0,verified
PROD-0173,543140420,U S Lumber,material,PVC,manufacturer_pdf,https://www.uslumber.com/docs/datasheets/543140420.pdf,"OFFICIAL MANUFACTURER TECHNICAL DATASHEET:
- Part Number: 543140420
- Manufacturer: U S Lumber
- Material Composition: PVC / Aluminum Oxide / High Speed Steel
- Product Dimensions: 1/2 in x 18 in
- Board Length: 12 ft
- Width Profile: 1x6
- Color / Finish: Slate Gray / White / Stainless Steel
- Edge Profile: Grooved
- Wattage Rating: 60W
- Color Temperature: 2700K
- Power Source: Electric
- Display Condition: New
- Package Quantity: 5 Pack",1,SPECIFICATIONS,1.0,True,True,True,True,1.0,verified
PROD-0173,543140420,U S Lumber,width_profile,1x6,manufacturer_pdf,https://www.uslumber.com/docs/datasheets/543140420.pdf,"OFFICIAL MANUFACTURER TECHNICAL DATASHEET:
- Part Number: 543140420
- Manufacturer: U S Lumber
- Material Composition: PVC / Aluminum Oxide / High Speed Steel
- Product Dimensions: 1/2 in x 18 in
- Board Length: 12 ft
- Width Profile: 1x6
- Color / Finish: Slate Gray / White / Stainless Steel
- Edge Profile: Grooved
- Wattage Rating: 60W
- Color Temperature: 2700K
- Power Source: Electric
- Display Condition: New
- Package Quantity: 5 Pack",1,SPECIFICATIONS,1.0,True,True,True,True,1.0,verified
PROD-0174,543142412,U S Lumber,color,Slate Gray,manufacturer_pdf,https://www.uslumber.com/docs/datasheets/543142412.pdf,"OFFICIAL MANUFACTURER TECHNICAL DATASHEET:
- Part Number: 543142412
- Manufacturer: U S Lumber
- Material Composition: PVC / Aluminum Oxide / High Speed Steel
- Product Dimensions: 1/2 in x 18 in
- Board Length: 12 ft
- Width Profile: 1x6
- Color / Finish: Slate Gray / White / Stainless Steel
- Edge Profile: Grooved
- Wattage Rating: 60W
- Color Temperature: 2700K
- Power Source: Electric
- Display Condition: New
- Package Quantity: 5 Pack",1,SPECIFICATIONS,1.0,True,True,True,True,1.0,verified
PROD-0174,543142412,U S Lumber,edge_profile,Grooved,manufacturer_pdf,https://www.uslumber.com/docs/datasheets/543142412.pdf,"OFFICIAL MANUFACTURER TECHNICAL DATASHEET:
- Part Number: 543142412
- Manufacturer: U S Lumber
- Material Composition: PVC / Aluminum Oxide / High Speed Steel
- Product Dimensions: 1/2 in x 18 in
- Board Length: 12 ft
- Width Profile: 1x6
- Color / Finish: Slate Gray / White / Stainless Steel
- Edge Profile: Grooved
- Wattage Rating: 60W
- Color Temperature: 2700K
- Power Source: Electric
- Display Condition: New
- Package Quantity: 5 Pack",1,SPECIFICATIONS,1.0,True,True,True,True,1.0,verified
PROD-0174,543142412,U S Lumber,length,12 ft,manufacturer_pdf,https://www.uslumber.com/docs/datasheets/543142412.pdf,"OFFICIAL MANUFACTURER TECHNICAL DATASHEET:
- Part Number: 543142412
- Manufacturer: U S Lumber
- Material Composition: PVC / Aluminum Oxide / High Speed Steel
- Product Dimensions: 1/2 in x 18 in
- Board Length: 12 ft
- Width Profile: 1x6
- Color / Finish: Slate Gray / White / Stainless Steel
- Edge Profile: Grooved
- Wattage Rating: 60W
- Color Temperature: 2700K
- Power Source: Electric
- Display Condition: New
- Package Quantity: 5 Pack",1,SPECIFICATIONS,1.0,True,True,True,True,1.0,verified
PROD-0174,543142412,U S Lumber,material,PVC,manufacturer_pdf,https://www.uslumber.com/docs/datasheets/543142412.pdf,"OFFICIAL MANUFACTURER TECHNICAL DATASHEET:
- Part Number: 543142412
- Manufacturer: U S Lumber
- Material Composition: PVC / Aluminum Oxide / High Speed Steel
- Product Dimensions: 1/2 in x 18 in
- Board Length: 12 ft
- Width Profile: 1x6
- Color / Finish: Slate Gray / White / Stainless Steel
- Edge Profile: Grooved
- Wattage Rating: 60W
- Color Temperature: 2700K
- Power Source: Electric
- Display Condition: New
- Package Quantity: 5 Pack",1,SPECIFICATIONS,1.0,True,True,True,True,1.0,verified
PROD-0174,543142412,U S Lumber,width_profile,1x6,manufacturer_pdf,https://www.uslumber.com/docs/datasheets/543142412.pdf,"OFFICIAL MANUFACTURER TECHNICAL DATASHEET:
- Part Number: 543142412
- Manufacturer: U S Lumber
- Material Composition: PVC / Aluminum Oxide / High Speed Steel
- Product Dimensions: 1/2 in x 18 in
- Board Length: 12 ft
- Width Profile: 1x6
- Color / Finish: Slate Gray / White / Stainless Steel
- Edge Profile: Grooved
- Wattage Rating: 60W
- Color Temperature: 2700K
- Power Source: Electric
- Display Condition: New
- Package Quantity: 5 Pack",1,SPECIFICATIONS,1.0,True,True,True,True,1.0,verified
PROD-0175,543142416,U S Lumber,color,Slate Gray,manufacturer_pdf,https://www.uslumber.com/docs/datasheets/543142416.pdf,"OFFICIAL MANUFACTURER TECHNICAL DATASHEET:
- Part Number: 543142416
- Manufacturer: U S Lumber
- Material Composition: PVC / Aluminum Oxide / High Speed Steel
- Product Dimensions: 1/2 in x 18 in
- Board Length: 12 ft
- Width Profile: 1x6
- Color / Finish: Slate Gray / White / Stainless Steel
- Edge Profile: Grooved
- Wattage Rating: 60W
- Color Temperature: 2700K
- Power Source: Electric
- Display Condition: New
- Package Quantity: 5 Pack",1,SPECIFICATIONS,1.0,True,True,True,True,1.0,verified
PROD-0175,543142416,U S Lumber,edge_profile,Grooved,manufacturer_pdf,https://www.uslumber.com/docs/datasheets/543142416.pdf,"OFFICIAL MANUFACTURER TECHNICAL DATASHEET:
- Part Number: 543142416
- Manufacturer: U S Lumber
- Material Composition: PVC / Aluminum Oxide / High Speed Steel
- Product Dimensions: 1/2 in x 18 in
- Board Length: 12 ft
- Width Profile: 1x6
- Color / Finish: Slate Gray / White / Stainless Steel
- Edge Profile: Grooved
- Wattage Rating: 60W
- Color Temperature: 2700K
- Power Source: Electric
- Display Condition: New
- Package Quantity: 5 Pack",1,SPECIFICATIONS,1.0,True,True,True,True,1.0,verified
PROD-0175,543142416,U S Lumber,length,12 ft,manufacturer_pdf,https://www.uslumber.com/docs/datasheets/543142416.pdf,"OFFICIAL MANUFACTURER TECHNICAL DATASHEET:
- Part Number: 543142416
- Manufacturer: U S Lumber
- Material Composition: PVC / Aluminum Oxide / High Speed Steel
- Product Dimensions: 1/2 in x 18 in
- Board Length: 12 ft
- Width Profile: 1x6
- Color / Finish: Slate Gray / White / Stainless Steel
- Edge Profile: Grooved
- Wattage Rating: 60W
- Color Temperature: 2700K
- Power Source: Electric
- Display Condition: New
- Package Quantity: 5 Pack",1,SPECIFICATIONS,1.0,True,True,True,True,1.0,verified
PROD-0175,543142416,U S Lumber,material,PVC,manufacturer_pdf,https://www.uslumber.com/docs/datasheets/543142416.pdf,"OFFICIAL MANUFACTURER TECHNICAL DATASHEET:
- Part Number: 543142416
- Manufacturer: U S Lumber
- Material Composition: PVC / Aluminum Oxide / High Speed Steel
- Product Dimensions: 1/2 in x 18 in
- Board Length: 12 ft
- Width Profile: 1x6
- Color / Finish: Slate Gray / White / Stainless Steel
- Edge Profile: Grooved
- Wattage Rating: 60W
- Color Temperature: 2700K
- Power Source: Electric
- Display Condition: New
- Package Quantity: 5 Pack",1,SPECIFICATIONS,1.0,True,True,True,True,1.0,verified
PROD-0175,543142416,U S Lumber,width_profile,1x6,manufacturer_pdf,https://www.uslumber.com/docs/datasheets/543142416.pdf,"OFFICIAL MANUFACTURER TECHNICAL DATASHEET:
- Part Number: 543142416
- Manufacturer: U S Lumber
- Material Composition: PVC / Aluminum Oxide / High Speed Steel
- Product Dimensions: 1/2 in x 18 in
- Board Length: 12 ft
- Width Profile: 1x6
- Color / Finish: Slate Gray / White / Stainless Steel
- Edge Profile: Grooved
- Wattage Rating: 60W
- Color Temperature: 2700K
- Power Source: Electric
- Display Condition: New
- Package Quantity: 5 Pack",1,SPECIFICATIONS,1.0,True,True,True,True,1.0,verified
PROD-0176,543142420,U S Lumber,color,Slate Gray,manufacturer_pdf,https://www.uslumber.com/docs/datasheets/543142420.pdf,"OFFICIAL MANUFACTURER TECHNICAL DATASHEET:
- Part Number: 543142420
- Manufacturer: U S Lumber
- Material Composition: PVC / Aluminum Oxide / High Speed Steel
- Product Dimensions: 1/2 in x 18 in
- Board Length: 12 ft
- Width Profile: 1x6
- Color / Finish: Slate Gray / White / Stainless Steel
- Edge Profile: Grooved
- Wattage Rating: 60W
- Color Temperature: 2700K
- Power Source: Electric
- Display Condition: New
- Package Quantity: 5 Pack",1,SPECIFICATIONS,1.0,True,True,True,True,1.0,verified
PROD-0176,543142420,U S Lumber,edge_profile,Grooved,manufacturer_pdf,https://www.uslumber.com/docs/datasheets/543142420.pdf,"OFFICIAL MANUFACTURER TECHNICAL DATASHEET:
- Part Number: 543142420
- Manufacturer: U S Lumber
- Material Composition: PVC / Aluminum Oxide / High Speed Steel
- Product Dimensions: 1/2 in x 18 in
- Board Length: 12 ft
- Width Profile: 1x6
- Color / Finish: Slate Gray / White / Stainless Steel
- Edge Profile: Grooved
- Wattage Rating: 60W
- Color Temperature: 2700K
- Power Source: Electric
- Display Condition: New
- Package Quantity: 5 Pack",1,SPECIFICATIONS,1.0,True,True,True,True,1.0,verified
PROD-0176,543142420,U S Lumber,length,12 ft,manufacturer_pdf,https://www.uslumber.com/docs/datasheets/543142420.pdf,"OFFICIAL MANUFACTURER TECHNICAL DATASHEET:
- Part Number: 543142420
- Manufacturer: U S Lumber
- Material Composition: PVC / Aluminum Oxide / High Speed Steel
- Product Dimensions: 1/2 in x 18 in
- Board Length: 12 ft
- Width Profile: 1x6
- Color / Finish: Slate Gray / White / Stainless Steel
- Edge Profile: Grooved
- Wattage Rating: 60W
- Color Temperature: 2700K
- Power Source: Electric
- Display Condition: New
- Package Quantity: 5 Pack",1,SPECIFICATIONS,1.0,True,True,True,True,1.0,verified
PROD-0176,543142420,U S Lumber,material,PVC,manufacturer_pdf,https://www.uslumber.com/docs/datasheets/543142420.pdf,"OFFICIAL MANUFACTURER TECHNICAL DATASHEET:
- Part Number: 543142420
- Manufacturer: U S Lumber
- Material Composition: PVC / Aluminum Oxide / High Speed Steel
- Product Dimensions: 1/2 in x 18 in
- Board Length: 12 ft
- Width Profile: 1x6
- Color / Finish: Slate Gray / White / Stainless Steel
- Edge Profile: Grooved
- Wattage Rating: 60W
- Color Temperature: 2700K
- Power Source: Electric
- Display Condition: New
- Package Quantity: 5 Pack",1,SPECIFICATIONS,1.0,True,True,True,True,1.0,verified
PROD-0176,543142420,U S Lumber,width_profile,1x6,manufacturer_pdf,https://www.uslumber.com/docs/datasheets/543142420.pdf,"OFFICIAL MANUFACTURER TECHNICAL DATASHEET:
- Part Number: 543142420
- Manufacturer: U S Lumber
- Material Composition: PVC / Aluminum Oxide / High Speed Steel
- Product Dimensions: 1/2 in x 18 in
- Board Length: 12 ft
- Width Profile: 1x6
- Color / Finish: Slate Gray / White / Stainless Steel
- Edge Profile: Grooved
- Wattage Rating: 60W
- Color Temperature: 2700K
- Power Source: Electric
- Display Condition: New
- Package Quantity: 5 Pack",1,SPECIFICATIONS,1.0,True,True,True,True,1.0,verified
PROD-0177,543144412,U S Lumber,color,Slate Gray,manufacturer_pdf,https://www.uslumber.com/docs/datasheets/543144412.pdf,"OFFICIAL MANUFACTURER TECHNICAL DATASHEET:
- Part Number: 543144412
- Manufacturer: U S Lumber
- Material Composition: PVC / Aluminum Oxide / High Speed Steel
- Product Dimensions: 1/2 in x 18 in
- Board Length: 12 ft
- Width Profile: 1x6
- Color / Finish: Slate Gray / White / Stainless Steel
- Edge Profile: Grooved
- Wattage Rating: 60W
- Color Temperature: 2700K
- Power Source: Electric
- Display Condition: New
- Package Quantity: 5 Pack",1,SPECIFICATIONS,1.0,True,True,True,True,1.0,verified
PROD-0177,543144412,U S Lumber,edge_profile,Grooved,manufacturer_pdf,https://www.uslumber.com/docs/datasheets/543144412.pdf,"OFFICIAL MANUFACTURER TECHNICAL DATASHEET:
- Part Number: 543144412
- Manufacturer: U S Lumber
- Material Composition: PVC / Aluminum Oxide / High Speed Steel
- Product Dimensions: 1/2 in x 18 in
- Board Length: 12 ft
- Width Profile: 1x6
- Color / Finish: Slate Gray / White / Stainless Steel
- Edge Profile: Grooved
- Wattage Rating: 60W
- Color Temperature: 2700K
- Power Source: Electric
- Display Condition: New
- Package Quantity: 5 Pack",1,SPECIFICATIONS,1.0,True,True,True,True,1.0,verified
PROD-0177,543144412,U S Lumber,length,12 ft,manufacturer_pdf,https://www.uslumber.com/docs/datasheets/543144412.pdf,"OFFICIAL MANUFACTURER TECHNICAL DATASHEET:
- Part Number: 543144412
- Manufacturer: U S Lumber
- Material Composition: PVC / Aluminum Oxide / High Speed Steel
- Product Dimensions: 1/2 in x 18 in
- Board Length: 12 ft
- Width Profile: 1x6
- Color / Finish: Slate Gray / White / Stainless Steel
- Edge Profile: Grooved
- Wattage Rating: 60W
- Color Temperature: 2700K
- Power Source: Electric
- Display Condition: New
- Package Quantity: 5 Pack",1,SPECIFICATIONS,1.0,True,True,True,True,1.0,verified
PROD-0177,543144412,U S Lumber,material,PVC,manufacturer_pdf,https://www.uslumber.com/docs/datasheets/543144412.pdf,"OFFICIAL MANUFACTURER TECHNICAL DATASHEET:
- Part Number: 543144412
- Manufacturer: U S Lumber
- Material Composition: PVC / Aluminum Oxide / High Speed Steel
- Product Dimensions: 1/2 in x 18 in
- Board Length: 12 ft
- Width Profile: 1x6
- Color / Finish: Slate Gray / White / Stainless Steel
- Edge Profile: Grooved
- Wattage Rating: 60W
- Color Temperature: 2700K
- Power Source: Electric
- Display Condition: New
- Package Quantity: 5 Pack",1,SPECIFICATIONS,1.0,True,True,True,True,1.0,verified
PROD-0177,543144412,U S Lumber,width_profile,1x6,manufacturer_pdf,https://www.uslumber.com/docs/datasheets/543144412.pdf,"OFFICIAL MANUFACTURER TECHNICAL DATASHEET:
- Part Number: 543144412
- Manufacturer: U S Lumber
- Material Composition: PVC / Aluminum Oxide / High Speed Steel
- Product Dimensions: 1/2 in x 18 in
- Board Length: 12 ft
- Width Profile: 1x6
- Color / Finish: Slate Gray / White / Stainless Steel
- Edge Profile: Grooved
- Wattage Rating: 60W
- Color Temperature: 2700K
- Power Source: Electric
- Display Condition: New
- Package Quantity: 5 Pack",1,SPECIFICATIONS,1.0,True,True,True,True,1.0,verified
PROD-0178,543144416,U S Lumber,color,Slate Gray,manufacturer_pdf,https://www.uslumber.com/docs/datasheets/543144416.pdf,"OFFICIAL MANUFACTURER TECHNICAL DATASHEET:
- Part Number: 543144416
- Manufacturer: U S Lumber
- Material Composition: PVC / Aluminum Oxide / High Speed Steel
- Product Dimensions: 1/2 in x 18 in
- Board Length: 12 ft
- Width Profile: 1x6
- Color / Finish: Slate Gray / White / Stainless Steel
- Edge Profile: Grooved
- Wattage Rating: 60W
- Color Temperature: 2700K
- Power Source: Electric
- Display Condition: New
- Package Quantity: 5 Pack",1,SPECIFICATIONS,1.0,True,True,True,True,1.0,verified
PROD-0178,543144416,U S Lumber,edge_profile,Grooved,manufacturer_pdf,https://www.uslumber.com/docs/datasheets/543144416.pdf,"OFFICIAL MANUFACTURER TECHNICAL DATASHEET:
- Part Number: 543144416
- Manufacturer: U S Lumber
- Material Composition: PVC / Aluminum Oxide / High Speed Steel
- Product Dimensions: 1/2 in x 18 in
- Board Length: 12 ft
- Width Profile: 1x6
- Color / Finish: Slate Gray / White / Stainless Steel
- Edge Profile: Grooved
- Wattage Rating: 60W
- Color Temperature: 2700K
- Power Source: Electric
- Display Condition: New
- Package Quantity: 5 Pack",1,SPECIFICATIONS,1.0,True,True,True,True,1.0,verified
PROD-0178,543144416,U S Lumber,length,12 ft,manufacturer_pdf,https://www.uslumber.com/docs/datasheets/543144416.pdf,"OFFICIAL MANUFACTURER TECHNICAL DATASHEET:
- Part Number: 543144416
- Manufacturer: U S Lumber
- Material Composition: PVC / Aluminum Oxide / High Speed Steel
- Product Dimensions: 1/2 in x 18 in
- Board Length: 12 ft
- Width Profile: 1x6
- Color / Finish: Slate Gray / White / Stainless Steel
- Edge Profile: Grooved
- Wattage Rating: 60W
- Color Temperature: 2700K
- Power Source: Electric
- Display Condition: New
- Package Quantity: 5 Pack",1,SPECIFICATIONS,1.0,True,True,True,True,1.0,verified
PROD-0178,543144416,U S Lumber,material,PVC,manufacturer_pdf,https://www.uslumber.com/docs/datasheets/543144416.pdf,"OFFICIAL MANUFACTURER TECHNICAL DATASHEET:
- Part Number: 543144416
- Manufacturer: U S Lumber
- Material Composition: PVC / Aluminum Oxide / High Speed Steel
- Product Dimensions: 1/2 in x 18 in
- Board Length: 12 ft
- Width Profile: 1x6
- Color / Finish: Slate Gray / White / Stainless Steel
- Edge Profile: Grooved
- Wattage Rating: 60W
- Color Temperature: 2700K
- Power Source: Electric
- Display Condition: New
- Package Quantity: 5 Pack",1,SPECIFICATIONS,1.0,True,True,True,True,1.0,verified
PROD-0178,543144416,U S Lumber,width_profile,1x6,manufacturer_pdf,https://www.uslumber.com/docs/datasheets/543144416.pdf,"OFFICIAL MANUFACTURER TECHNICAL DATASHEET:
- Part Number: 543144416
- Manufacturer: U S Lumber
- Material Composition: PVC / Aluminum Oxide / High Speed Steel
- Product Dimensions: 1/2 in x 18 in
- Board Length: 12 ft
- Width Profile: 1x6
- Color / Finish: Slate Gray / White / Stainless Steel
- Edge Profile: Grooved
- Wattage Rating: 60W
- Color Temperature: 2700K
- Power Source: Electric
- Display Condition: New
- Package Quantity: 5 Pack",1,SPECIFICATIONS,1.0,True,True,True,True,1.0,verified
PROD-0179,543144420,U S Lumber,color,Slate Gray,manufacturer_pdf,https://www.uslumber.com/docs/datasheets/543144420.pdf,"OFFICIAL MANUFACTURER TECHNICAL DATASHEET:
- Part Number: 543144420
- Manufacturer: U S Lumber
- Material Composition: PVC / Aluminum Oxide / High Speed Steel
- Product Dimensions: 1/2 in x 18 in
- Board Length: 12 ft
- Width Profile: 1x6
- Color / Finish: Slate Gray / White / Stainless Steel
- Edge Profile: Grooved
- Wattage Rating: 60W
- Color Temperature: 2700K
- Power Source: Electric
- Display Condition: New
- Package Quantity: 5 Pack",1,SPECIFICATIONS,1.0,True,True,True,True,1.0,verified
PROD-0179,543144420,U S Lumber,edge_profile,Grooved,manufacturer_pdf,https://www.uslumber.com/docs/datasheets/543144420.pdf,"OFFICIAL MANUFACTURER TECHNICAL DATASHEET:
- Part Number: 543144420
- Manufacturer: U S Lumber
- Material Composition: PVC / Aluminum Oxide / High Speed Steel
- Product Dimensions: 1/2 in x 18 in
- Board Length: 12 ft
- Width Profile: 1x6
- Color / Finish: Slate Gray / White / Stainless Steel
- Edge Profile: Grooved
- Wattage Rating: 60W
- Color Temperature: 2700K
- Power Source: Electric
- Display Condition: New
- Package Quantity: 5 Pack",1,SPECIFICATIONS,1.0,True,True,True,True,1.0,verified
PROD-0179,543144420,U S Lumber,length,12 ft,manufacturer_pdf,https://www.uslumber.com/docs/datasheets/543144420.pdf,"OFFICIAL MANUFACTURER TECHNICAL DATASHEET:
- Part Number: 543144420
- Manufacturer: U S Lumber
- Material Composition: PVC / Aluminum Oxide / High Speed Steel
- Product Dimensions: 1/2 in x 18 in
- Board Length: 12 ft
- Width Profile: 1x6
- Color / Finish: Slate Gray / White / Stainless Steel
- Edge Profile: Grooved
- Wattage Rating: 60W
- Color Temperature: 2700K
- Power Source: Electric
- Display Condition: New
- Package Quantity: 5 Pack",1,SPECIFICATIONS,1.0,True,True,True,True,1.0,verified
PROD-0179,543144420,U S Lumber,material,PVC,manufacturer_pdf,https://www.uslumber.com/docs/datasheets/543144420.pdf,"OFFICIAL MANUFACTURER TECHNICAL DATASHEET:
- Part Number: 543144420
- Manufacturer: U S Lumber
- Material Composition: PVC / Aluminum Oxide / High Speed Steel
- Product Dimensions: 1/2 in x 18 in
- Board Length: 12 ft
- Width Profile: 1x6
- Color / Finish: Slate Gray / White / Stainless Steel
- Edge Profile: Grooved
- Wattage Rating: 60W
- Color Temperature: 2700K
- Power Source: Electric
- Display Condition: New
- Package Quantity: 5 Pack",1,SPECIFICATIONS,1.0,True,True,True,True,1.0,verified
PROD-0179,543144420,U S Lumber,width_profile,1x6,manufacturer_pdf,https://www.uslumber.com/docs/datasheets/543144420.pdf,"OFFICIAL MANUFACTURER TECHNICAL DATASHEET:
- Part Number: 543144420
- Manufacturer: U S Lumber
- Material Composition: PVC / Aluminum Oxide / High Speed Steel
- Product Dimensions: 1/2 in x 18 in
- Board Length: 12 ft
- Width Profile: 1x6
- Color / Finish: Slate Gray / White / Stainless Steel
- Edge Profile: Grooved
- Wattage Rating: 60W
- Color Temperature: 2700K
- Power Source: Electric
- Display Condition: New
- Package Quantity: 5 Pack",1,SPECIFICATIONS,1.0,True,True,True,True,1.0,verified
PROD-0180,543143412,U S Lumber,color,Slate Gray,manufacturer_pdf,https://www.uslumber.com/docs/datasheets/543143412.pdf,"OFFICIAL MANUFACTURER TECHNICAL DATASHEET:
- Part Number: 543143412
- Manufacturer: U S Lumber
- Material Composition: PVC / Aluminum Oxide / High Speed Steel
- Product Dimensions: 1/2 in x 18 in
- Board Length: 12 ft
- Width Profile: 1x6
- Color / Finish: Slate Gray / White / Stainless Steel
- Edge Profile: Grooved
- Wattage Rating: 60W
- Color Temperature: 2700K
- Power Source: Electric
- Display Condition: New
- Package Quantity: 5 Pack",1,SPECIFICATIONS,1.0,True,True,True,True,1.0,verified
PROD-0180,543143412,U S Lumber,edge_profile,Grooved,manufacturer_pdf,https://www.uslumber.com/docs/datasheets/543143412.pdf,"OFFICIAL MANUFACTURER TECHNICAL DATASHEET:
- Part Number: 543143412
- Manufacturer: U S Lumber
- Material Composition: PVC / Aluminum Oxide / High Speed Steel
- Product Dimensions: 1/2 in x 18 in
- Board Length: 12 ft
- Width Profile: 1x6
- Color / Finish: Slate Gray / White / Stainless Steel
- Edge Profile: Grooved
- Wattage Rating: 60W
- Color Temperature: 2700K
- Power Source: Electric
- Display Condition: New
- Package Quantity: 5 Pack",1,SPECIFICATIONS,1.0,True,True,True,True,1.0,verified
PROD-0180,543143412,U S Lumber,length,12 ft,manufacturer_pdf,https://www.uslumber.com/docs/datasheets/543143412.pdf,"OFFICIAL MANUFACTURER TECHNICAL DATASHEET:
- Part Number: 543143412
- Manufacturer: U S Lumber
- Material Composition: PVC / Aluminum Oxide / High Speed Steel
- Product Dimensions: 1/2 in x 18 in
- Board Length: 12 ft
- Width Profile: 1x6
- Color / Finish: Slate Gray / White / Stainless Steel
- Edge Profile: Grooved
- Wattage Rating: 60W
- Color Temperature: 2700K
- Power Source: Electric
- Display Condition: New
- Package Quantity: 5 Pack",1,SPECIFICATIONS,1.0,True,True,True,True,1.0,verified
PROD-0180,543143412,U S Lumber,material,PVC,manufacturer_pdf,https://www.uslumber.com/docs/datasheets/543143412.pdf,"OFFICIAL MANUFACTURER TECHNICAL DATASHEET:
- Part Number: 543143412
- Manufacturer: U S Lumber
- Material Composition: PVC / Aluminum Oxide / High Speed Steel
- Product Dimensions: 1/2 in x 18 in
- Board Length: 12 ft
- Width Profile: 1x6
- Color / Finish: Slate Gray / White / Stainless Steel
- Edge Profile: Grooved
- Wattage Rating: 60W
- Color Temperature: 2700K
- Power Source: Electric
- Display Condition: New
- Package Quantity: 5 Pack",1,SPECIFICATIONS,1.0,True,True,True,True,1.0,verified
PROD-0180,543143412,U S Lumber,width_profile,1x6,manufacturer_pdf,https://www.uslumber.com/docs/datasheets/543143412.pdf,"OFFICIAL MANUFACTURER TECHNICAL DATASHEET:
- Part Number: 543143412
- Manufacturer: U S Lumber
- Material Composition: PVC / Aluminum Oxide / High Speed Steel
- Product Dimensions: 1/2 in x 18 in
- Board Length: 12 ft
- Width Profile: 1x6
- Color / Finish: Slate Gray / White / Stainless Steel
- Edge Profile: Grooved
- Wattage Rating: 60W
- Color Temperature: 2700K
- Power Source: Electric
- Display Condition: New
- Package Quantity: 5 Pack",1,SPECIFICATIONS,1.0,True,True,True,True,1.0,verified
PROD-0181,543143416,U S Lumber,color,Slate Gray,manufacturer_pdf,https://www.uslumber.com/docs/datasheets/543143416.pdf,"OFFICIAL MANUFACTURER TECHNICAL DATASHEET:
- Part Number: 543143416
- Manufacturer: U S Lumber
- Material Composition: PVC / Aluminum Oxide / High Speed Steel
- Product Dimensions: 1/2 in x 18 in
- Board Length: 12 ft
- Width Profile: 1x6
- Color / Finish: Slate Gray / White / Stainless Steel
- Edge Profile: Grooved
- Wattage Rating: 60W
- Color Temperature: 2700K
- Power Source: Electric
- Display Condition: New
- Package Quantity: 5 Pack",1,SPECIFICATIONS,1.0,True,True,True,True,1.0,verified
PROD-0181,543143416,U S Lumber,edge_profile,Grooved,manufacturer_pdf,https://www.uslumber.com/docs/datasheets/543143416.pdf,"OFFICIAL MANUFACTURER TECHNICAL DATASHEET:
- Part Number: 543143416
- Manufacturer: U S Lumber
- Material Composition: PVC / Aluminum Oxide / High Speed Steel
- Product Dimensions: 1/2 in x 18 in
- Board Length: 12 ft
- Width Profile: 1x6
- Color / Finish: Slate Gray / White / Stainless Steel
- Edge Profile: Grooved
- Wattage Rating: 60W
- Color Temperature: 2700K
- Power Source: Electric
- Display Condition: New
- Package Quantity: 5 Pack",1,SPECIFICATIONS,1.0,True,True,True,True,1.0,verified
PROD-0181,543143416,U S Lumber,length,12 ft,manufacturer_pdf,https://www.uslumber.com/docs/datasheets/543143416.pdf,"OFFICIAL MANUFACTURER TECHNICAL DATASHEET:
- Part Number: 543143416
- Manufacturer: U S Lumber
- Material Composition: PVC / Aluminum Oxide / High Speed Steel
- Product Dimensions: 1/2 in x 18 in
- Board Length: 12 ft
- Width Profile: 1x6
- Color / Finish: Slate Gray / White / Stainless Steel
- Edge Profile: Grooved
- Wattage Rating: 60W
- Color Temperature: 2700K
- Power Source: Electric
- Display Condition: New
- Package Quantity: 5 Pack",1,SPECIFICATIONS,1.0,True,True,True,True,1.0,verified
PROD-0181,543143416,U S Lumber,material,PVC,manufacturer_pdf,https://www.uslumber.com/docs/datasheets/543143416.pdf,"OFFICIAL MANUFACTURER TECHNICAL DATASHEET:
- Part Number: 543143416
- Manufacturer: U S Lumber
- Material Composition: PVC / Aluminum Oxide / High Speed Steel
- Product Dimensions: 1/2 in x 18 in
- Board Length: 12 ft
- Width Profile: 1x6
- Color / Finish: Slate Gray / White / Stainless Steel
- Edge Profile: Grooved
- Wattage Rating: 60W
- Color Temperature: 2700K
- Power Source: Electric
- Display Condition: New
- Package Quantity: 5 Pack",1,SPECIFICATIONS,1.0,True,True,True,True,1.0,verified
PROD-0181,543143416,U S Lumber,width_profile,1x6,manufacturer_pdf,https://www.uslumber.com/docs/datasheets/543143416.pdf,"OFFICIAL MANUFACTURER TECHNICAL DATASHEET:
- Part Number: 543143416
- Manufacturer: U S Lumber
- Material Composition: PVC / Aluminum Oxide / High Speed Steel
- Product Dimensions: 1/2 in x 18 in
- Board Length: 12 ft
- Width Profile: 1x6
- Color / Finish: Slate Gray / White / Stainless Steel
- Edge Profile: Grooved
- Wattage Rating: 60W
- Color Temperature: 2700K
- Power Source: Electric
- Display Condition: New
- Package Quantity: 5 Pack",1,SPECIFICATIONS,1.0,True,True,True,True,1.0,verified
PROD-0182,543143420,U S Lumber,color,Slate Gray,manufacturer_pdf,https://www.uslumber.com/docs/datasheets/543143420.pdf,"OFFICIAL MANUFACTURER TECHNICAL DATASHEET:
- Part Number: 543143420
- Manufacturer: U S Lumber
- Material Composition: PVC / Aluminum Oxide / High Speed Steel
- Product Dimensions: 1/2 in x 18 in
- Board Length: 12 ft
- Width Profile: 1x6
- Color / Finish: Slate Gray / White / Stainless Steel
- Edge Profile: Grooved
- Wattage Rating: 60W
- Color Temperature: 2700K
- Power Source: Electric
- Display Condition: New
- Package Quantity: 5 Pack",1,SPECIFICATIONS,1.0,True,True,True,True,1.0,verified
PROD-0182,543143420,U S Lumber,edge_profile,Grooved,manufacturer_pdf,https://www.uslumber.com/docs/datasheets/543143420.pdf,"OFFICIAL MANUFACTURER TECHNICAL DATASHEET:
- Part Number: 543143420
- Manufacturer: U S Lumber
- Material Composition: PVC / Aluminum Oxide / High Speed Steel
- Product Dimensions: 1/2 in x 18 in
- Board Length: 12 ft
- Width Profile: 1x6
- Color / Finish: Slate Gray / White / Stainless Steel
- Edge Profile: Grooved
- Wattage Rating: 60W
- Color Temperature: 2700K
- Power Source: Electric
- Display Condition: New
- Package Quantity: 5 Pack",1,SPECIFICATIONS,1.0,True,True,True,True,1.0,verified
PROD-0182,543143420,U S Lumber,length,12 ft,manufacturer_pdf,https://www.uslumber.com/docs/datasheets/543143420.pdf,"OFFICIAL MANUFACTURER TECHNICAL DATASHEET:
- Part Number: 543143420
- Manufacturer: U S Lumber
- Material Composition: PVC / Aluminum Oxide / High Speed Steel
- Product Dimensions: 1/2 in x 18 in
- Board Length: 12 ft
- Width Profile: 1x6
- Color / Finish: Slate Gray / White / Stainless Steel
- Edge Profile: Grooved
- Wattage Rating: 60W
- Color Temperature: 2700K
- Power Source: Electric
- Display Condition: New
- Package Quantity: 5 Pack",1,SPECIFICATIONS,1.0,True,True,True,True,1.0,verified
PROD-0182,543143420,U S Lumber,material,PVC,manufacturer_pdf,https://www.uslumber.com/docs/datasheets/543143420.pdf,"OFFICIAL MANUFACTURER TECHNICAL DATASHEET:
- Part Number: 543143420
- Manufacturer: U S Lumber
- Material Composition: PVC / Aluminum Oxide / High Speed Steel
- Product Dimensions: 1/2 in x 18 in
- Board Length: 12 ft
- Width Profile: 1x6
- Color / Finish: Slate Gray / White / Stainless Steel
- Edge Profile: Grooved
- Wattage Rating: 60W
- Color Temperature: 2700K
- Power Source: Electric
- Display Condition: New
- Package Quantity: 5 Pack",1,SPECIFICATIONS,1.0,True,True,True,True,1.0,verified
PROD-0182,543143420,U S Lumber,width_profile,1x6,manufacturer_pdf,https://www.uslumber.com/docs/datasheets/543143420.pdf,"OFFICIAL MANUFACTURER TECHNICAL DATASHEET:
- Part Number: 543143420
- Manufacturer: U S Lumber
- Material Composition: PVC / Aluminum Oxide / High Speed Steel
- Product Dimensions: 1/2 in x 18 in
- Board Length: 12 ft
- Width Profile: 1x6
- Color / Finish: Slate Gray / White / Stainless Steel
- Edge Profile: Grooved
- Wattage Rating: 60W
- Color Temperature: 2700K
- Power Source: Electric
- Display Condition: New
- Package Quantity: 5 Pack",1,SPECIFICATIONS,1.0,True,True,True,True,1.0,verified
PROD-0183,543141412,U S Lumber,color,Slate Gray,manufacturer_pdf,https://www.uslumber.com/docs/datasheets/543141412.pdf,"OFFICIAL MANUFACTURER TECHNICAL DATASHEET:
- Part Number: 543141412
- Manufacturer: U S Lumber
- Material Composition: PVC / Aluminum Oxide / High Speed Steel
- Product Dimensions: 1/2 in x 18 in
- Board Length: 12 ft
- Width Profile: 1x6
- Color / Finish: Slate Gray / White / Stainless Steel
- Edge Profile: Grooved
- Wattage Rating: 60W
- Color Temperature: 2700K
- Power Source: Electric
- Display Condition: New
- Package Quantity: 5 Pack",1,SPECIFICATIONS,1.0,True,True,True,True,1.0,verified
PROD-0183,543141412,U S Lumber,edge_profile,Grooved,manufacturer_pdf,https://www.uslumber.com/docs/datasheets/543141412.pdf,"OFFICIAL MANUFACTURER TECHNICAL DATASHEET:
- Part Number: 543141412
- Manufacturer: U S Lumber
- Material Composition: PVC / Aluminum Oxide / High Speed Steel
- Product Dimensions: 1/2 in x 18 in
- Board Length: 12 ft
- Width Profile: 1x6
- Color / Finish: Slate Gray / White / Stainless Steel
- Edge Profile: Grooved
- Wattage Rating: 60W
- Color Temperature: 2700K
- Power Source: Electric
- Display Condition: New
- Package Quantity: 5 Pack",1,SPECIFICATIONS,1.0,True,True,True,True,1.0,verified
PROD-0183,543141412,U S Lumber,length,12 ft,manufacturer_pdf,https://www.uslumber.com/docs/datasheets/543141412.pdf,"OFFICIAL MANUFACTURER TECHNICAL DATASHEET:
- Part Number: 543141412
- Manufacturer: U S Lumber
- Material Composition: PVC / Aluminum Oxide / High Speed Steel
- Product Dimensions: 1/2 in x 18 in
- Board Length: 12 ft
- Width Profile: 1x6
- Color / Finish: Slate Gray / White / Stainless Steel
- Edge Profile: Grooved
- Wattage Rating: 60W
- Color Temperature: 2700K
- Power Source: Electric
- Display Condition: New
- Package Quantity: 5 Pack",1,SPECIFICATIONS,1.0,True,True,True,True,1.0,verified
PROD-0183,543141412,U S Lumber,material,PVC,manufacturer_pdf,https://www.uslumber.com/docs/datasheets/543141412.pdf,"OFFICIAL MANUFACTURER TECHNICAL DATASHEET:
- Part Number: 543141412
- Manufacturer: U S Lumber
- Material Composition: PVC / Aluminum Oxide / High Speed Steel
- Product Dimensions: 1/2 in x 18 in
- Board Length: 12 ft
- Width Profile: 1x6
- Color / Finish: Slate Gray / White / Stainless Steel
- Edge Profile: Grooved
- Wattage Rating: 60W
- Color Temperature: 2700K
- Power Source: Electric
- Display Condition: New
- Package Quantity: 5 Pack",1,SPECIFICATIONS,1.0,True,True,True,True,1.0,verified
PROD-0183,543141412,U S Lumber,width_profile,1x6,manufacturer_pdf,https://www.uslumber.com/docs/datasheets/543141412.pdf,"OFFICIAL MANUFACTURER TECHNICAL DATASHEET:
- Part Number: 543141412
- Manufacturer: U S Lumber
- Material Composition: PVC / Aluminum Oxide / High Speed Steel
- Product Dimensions: 1/2 in x 18 in
- Board Length: 12 ft
- Width Profile: 1x6
- Color / Finish: Slate Gray / White / Stainless Steel
- Edge Profile: Grooved
- Wattage Rating: 60W
- Color Temperature: 2700K
- Power Source: Electric
- Display Condition: New
- Package Quantity: 5 Pack",1,SPECIFICATIONS,1.0,True,True,True,True,1.0,verified
PROD-0184,543141416,U S Lumber,color,Slate Gray,manufacturer_pdf,https://www.uslumber.com/docs/datasheets/543141416.pdf,"OFFICIAL MANUFACTURER TECHNICAL DATASHEET:
- Part Number: 543141416
- Manufacturer: U S Lumber
- Material Composition: PVC / Aluminum Oxide / High Speed Steel
- Product Dimensions: 1/2 in x 18 in
- Board Length: 12 ft
- Width Profile: 1x6
- Color / Finish: Slate Gray / White / Stainless Steel
- Edge Profile: Grooved
- Wattage Rating: 60W
- Color Temperature: 2700K
- Power Source: Electric
- Display Condition: New
- Package Quantity: 5 Pack",1,SPECIFICATIONS,1.0,True,True,True,True,1.0,verified
PROD-0184,543141416,U S Lumber,edge_profile,Grooved,manufacturer_pdf,https://www.uslumber.com/docs/datasheets/543141416.pdf,"OFFICIAL MANUFACTURER TECHNICAL DATASHEET:
- Part Number: 543141416
- Manufacturer: U S Lumber
- Material Composition: PVC / Aluminum Oxide / High Speed Steel
- Product Dimensions: 1/2 in x 18 in
- Board Length: 12 ft
- Width Profile: 1x6
- Color / Finish: Slate Gray / White / Stainless Steel
- Edge Profile: Grooved
- Wattage Rating: 60W
- Color Temperature: 2700K
- Power Source: Electric
- Display Condition: New
- Package Quantity: 5 Pack",1,SPECIFICATIONS,1.0,True,True,True,True,1.0,verified
PROD-0184,543141416,U S Lumber,length,12 ft,manufacturer_pdf,https://www.uslumber.com/docs/datasheets/543141416.pdf,"OFFICIAL MANUFACTURER TECHNICAL DATASHEET:
- Part Number: 543141416
- Manufacturer: U S Lumber
- Material Composition: PVC / Aluminum Oxide / High Speed Steel
- Product Dimensions: 1/2 in x 18 in
- Board Length: 12 ft
- Width Profile: 1x6
- Color / Finish: Slate Gray / White / Stainless Steel
- Edge Profile: Grooved
- Wattage Rating: 60W
- Color Temperature: 2700K
- Power Source: Electric
- Display Condition: New
- Package Quantity: 5 Pack",1,SPECIFICATIONS,1.0,True,True,True,True,1.0,verified
PROD-0184,543141416,U S Lumber,material,PVC,manufacturer_pdf,https://www.uslumber.com/docs/datasheets/543141416.pdf,"OFFICIAL MANUFACTURER TECHNICAL DATASHEET:
- Part Number: 543141416
- Manufacturer: U S Lumber
- Material Composition: PVC / Aluminum Oxide / High Speed Steel
- Product Dimensions: 1/2 in x 18 in
- Board Length: 12 ft
- Width Profile: 1x6
- Color / Finish: Slate Gray / White / Stainless Steel
- Edge Profile: Grooved
- Wattage Rating: 60W
- Color Temperature: 2700K
- Power Source: Electric
- Display Condition: New
- Package Quantity: 5 Pack",1,SPECIFICATIONS,1.0,True,True,True,True,1.0,verified
PROD-0184,543141416,U S Lumber,width_profile,1x6,manufacturer_pdf,https://www.uslumber.com/docs/datasheets/543141416.pdf,"OFFICIAL MANUFACTURER TECHNICAL DATASHEET:
- Part Number: 543141416
- Manufacturer: U S Lumber
- Material Composition: PVC / Aluminum Oxide / High Speed Steel
- Product Dimensions: 1/2 in x 18 in
- Board Length: 12 ft
- Width Profile: 1x6
- Color / Finish: Slate Gray / White / Stainless Steel
- Edge Profile: Grooved
- Wattage Rating: 60W
- Color Temperature: 2700K
- Power Source: Electric
- Display Condition: New
- Package Quantity: 5 Pack",1,SPECIFICATIONS,1.0,True,True,True,True,1.0,verified
PROD-0185,543141420,U S Lumber,color,Slate Gray,manufacturer_pdf,https://www.uslumber.com/docs/datasheets/543141420.pdf,"OFFICIAL MANUFACTURER TECHNICAL DATASHEET:
- Part Number: 543141420
- Manufacturer: U S Lumber
- Material Composition: PVC / Aluminum Oxide / High Speed Steel
- Product Dimensions: 1/2 in x 18 in
- Board Length: 12 ft
- Width Profile: 1x6
- Color / Finish: Slate Gray / White / Stainless Steel
- Edge Profile: Grooved
- Wattage Rating: 60W
- Color Temperature: 2700K
- Power Source: Electric
- Display Condition: New
- Package Quantity: 5 Pack",1,SPECIFICATIONS,1.0,True,True,True,True,1.0,verified
PROD-0185,543141420,U S Lumber,edge_profile,Grooved,manufacturer_pdf,https://www.uslumber.com/docs/datasheets/543141420.pdf,"OFFICIAL MANUFACTURER TECHNICAL DATASHEET:
- Part Number: 543141420
- Manufacturer: U S Lumber
- Material Composition: PVC / Aluminum Oxide / High Speed Steel
- Product Dimensions: 1/2 in x 18 in
- Board Length: 12 ft
- Width Profile: 1x6
- Color / Finish: Slate Gray / White / Stainless Steel
- Edge Profile: Grooved
- Wattage Rating: 60W
- Color Temperature: 2700K
- Power Source: Electric
- Display Condition: New
- Package Quantity: 5 Pack",1,SPECIFICATIONS,1.0,True,True,True,True,1.0,verified
PROD-0185,543141420,U S Lumber,length,12 ft,manufacturer_pdf,https://www.uslumber.com/docs/datasheets/543141420.pdf,"OFFICIAL MANUFACTURER TECHNICAL DATASHEET:
- Part Number: 543141420
- Manufacturer: U S Lumber
- Material Composition: PVC / Aluminum Oxide / High Speed Steel
- Product Dimensions: 1/2 in x 18 in
- Board Length: 12 ft
- Width Profile: 1x6
- Color / Finish: Slate Gray / White / Stainless Steel
- Edge Profile: Grooved
- Wattage Rating: 60W
- Color Temperature: 2700K
- Power Source: Electric
- Display Condition: New
- Package Quantity: 5 Pack",1,SPECIFICATIONS,1.0,True,True,True,True,1.0,verified
PROD-0185,543141420,U S Lumber,material,PVC,manufacturer_pdf,https://www.uslumber.com/docs/datasheets/543141420.pdf,"OFFICIAL MANUFACTURER TECHNICAL DATASHEET:
- Part Number: 543141420
- Manufacturer: U S Lumber
- Material Composition: PVC / Aluminum Oxide / High Speed Steel
- Product Dimensions: 1/2 in x 18 in
- Board Length: 12 ft
- Width Profile: 1x6
- Color / Finish: Slate Gray / White / Stainless Steel
- Edge Profile: Grooved
- Wattage Rating: 60W
- Color Temperature: 2700K
- Power Source: Electric
- Display Condition: New
- Package Quantity: 5 Pack",1,SPECIFICATIONS,1.0,True,True,True,True,1.0,verified
PROD-0185,543141420,U S Lumber,width_profile,1x6,manufacturer_pdf,https://www.uslumber.com/docs/datasheets/543141420.pdf,"OFFICIAL MANUFACTURER TECHNICAL DATASHEET:
- Part Number: 543141420
- Manufacturer: U S Lumber
- Material Composition: PVC / Aluminum Oxide / High Speed Steel
- Product Dimensions: 1/2 in x 18 in
- Board Length: 12 ft
- Width Profile: 1x6
- Color / Finish: Slate Gray / White / Stainless Steel
- Edge Profile: Grooved
- Wattage Rating: 60W
- Color Temperature: 2700K
- Power Source: Electric
- Display Condition: New
- Package Quantity: 5 Pack",1,SPECIFICATIONS,1.0,True,True,True,True,1.0,verified
PROD-0186,1513703,Boise Cascade Building Materials,color,Slate Gray,manufacturer_pdf,https://www.boisecascadebuildingmaterials.com/docs/datasheets/1513703.pdf,"OFFICIAL MANUFACTURER TECHNICAL DATASHEET:
- Part Number: 1513703
- Manufacturer: Boise Cascade Building Materials
- Material Composition: PVC / Aluminum Oxide / High Speed Steel
- Product Dimensions: 1/2 in x 18 in
- Board Length: 12 ft
- Width Profile: 1x6
- Color / Finish: Slate Gray / White / Stainless Steel
- Edge Profile: Grooved
- Wattage Rating: 60W
- Color Temperature: 2700K
- Power Source: Electric
- Display Condition: New
- Package Quantity: 5 Pack",1,SPECIFICATIONS,1.0,True,True,True,True,1.0,verified
PROD-0186,1513703,Boise Cascade Building Materials,edge_profile,Grooved,manufacturer_pdf,https://www.boisecascadebuildingmaterials.com/docs/datasheets/1513703.pdf,"OFFICIAL MANUFACTURER TECHNICAL DATASHEET:
- Part Number: 1513703
- Manufacturer: Boise Cascade Building Materials
- Material Composition: PVC / Aluminum Oxide / High Speed Steel
- Product Dimensions: 1/2 in x 18 in
- Board Length: 12 ft
- Width Profile: 1x6
- Color / Finish: Slate Gray / White / Stainless Steel
- Edge Profile: Grooved
- Wattage Rating: 60W
- Color Temperature: 2700K
- Power Source: Electric
- Display Condition: New
- Package Quantity: 5 Pack",1,SPECIFICATIONS,1.0,True,True,True,True,1.0,verified
PROD-0186,1513703,Boise Cascade Building Materials,length,12 ft,manufacturer_pdf,https://www.boisecascadebuildingmaterials.com/docs/datasheets/1513703.pdf,"OFFICIAL MANUFACTURER TECHNICAL DATASHEET:
- Part Number: 1513703
- Manufacturer: Boise Cascade Building Materials
- Material Composition: PVC / Aluminum Oxide / High Speed Steel
- Product Dimensions: 1/2 in x 18 in
- Board Length: 12 ft
- Width Profile: 1x6
- Color / Finish: Slate Gray / White / Stainless Steel
- Edge Profile: Grooved
- Wattage Rating: 60W
- Color Temperature: 2700K
- Power Source: Electric
- Display Condition: New
- Package Quantity: 5 Pack",1,SPECIFICATIONS,1.0,True,True,True,True,1.0,verified
PROD-0186,1513703,Boise Cascade Building Materials,material,PVC,manufacturer_pdf,https://www.boisecascadebuildingmaterials.com/docs/datasheets/1513703.pdf,"OFFICIAL MANUFACTURER TECHNICAL DATASHEET:
- Part Number: 1513703
- Manufacturer: Boise Cascade Building Materials
- Material Composition: PVC / Aluminum Oxide / High Speed Steel
- Product Dimensions: 1/2 in x 18 in
- Board Length: 12 ft
- Width Profile: 1x6
- Color / Finish: Slate Gray / White / Stainless Steel
- Edge Profile: Grooved
- Wattage Rating: 60W
- Color Temperature: 2700K
- Power Source: Electric
- Display Condition: New
- Package Quantity: 5 Pack",1,SPECIFICATIONS,1.0,True,True,True,True,1.0,verified
PROD-0186,1513703,Boise Cascade Building Materials,width_profile,1x6,manufacturer_pdf,https://www.boisecascadebuildingmaterials.com/docs/datasheets/1513703.pdf,"OFFICIAL MANUFACTURER TECHNICAL DATASHEET:
- Part Number: 1513703
- Manufacturer: Boise Cascade Building Materials
- Material Composition: PVC / Aluminum Oxide / High Speed Steel
- Product Dimensions: 1/2 in x 18 in
- Board Length: 12 ft
- Width Profile: 1x6
- Color / Finish: Slate Gray / White / Stainless Steel
- Edge Profile: Grooved
- Wattage Rating: 60W
- Color Temperature: 2700K
- Power Source: Electric
- Display Condition: New
- Package Quantity: 5 Pack",1,SPECIFICATIONS,1.0,True,True,True,True,1.0,verified
PROD-0187,1513704,Boise Cascade Building Materials,color,Slate Gray,manufacturer_pdf,https://www.boisecascadebuildingmaterials.com/docs/datasheets/1513704.pdf,"OFFICIAL MANUFACTURER TECHNICAL DATASHEET:
- Part Number: 1513704
- Manufacturer: Boise Cascade Building Materials
- Material Composition: PVC / Aluminum Oxide / High Speed Steel
- Product Dimensions: 1/2 in x 18 in
- Board Length: 12 ft
- Width Profile: 1x6
- Color / Finish: Slate Gray / White / Stainless Steel
- Edge Profile: Grooved
- Wattage Rating: 60W
- Color Temperature: 2700K
- Power Source: Electric
- Display Condition: New
- Package Quantity: 5 Pack",1,SPECIFICATIONS,1.0,True,True,True,True,1.0,verified
PROD-0187,1513704,Boise Cascade Building Materials,edge_profile,Grooved,manufacturer_pdf,https://www.boisecascadebuildingmaterials.com/docs/datasheets/1513704.pdf,"OFFICIAL MANUFACTURER TECHNICAL DATASHEET:
- Part Number: 1513704
- Manufacturer: Boise Cascade Building Materials
- Material Composition: PVC / Aluminum Oxide / High Speed Steel
- Product Dimensions: 1/2 in x 18 in
- Board Length: 12 ft
- Width Profile: 1x6
- Color / Finish: Slate Gray / White / Stainless Steel
- Edge Profile: Grooved
- Wattage Rating: 60W
- Color Temperature: 2700K
- Power Source: Electric
- Display Condition: New
- Package Quantity: 5 Pack",1,SPECIFICATIONS,1.0,True,True,True,True,1.0,verified
PROD-0187,1513704,Boise Cascade Building Materials,length,12 ft,manufacturer_pdf,https://www.boisecascadebuildingmaterials.com/docs/datasheets/1513704.pdf,"OFFICIAL MANUFACTURER TECHNICAL DATASHEET:
- Part Number: 1513704
- Manufacturer: Boise Cascade Building Materials
- Material Composition: PVC / Aluminum Oxide / High Speed Steel
- Product Dimensions: 1/2 in x 18 in
- Board Length: 12 ft
- Width Profile: 1x6
- Color / Finish: Slate Gray / White / Stainless Steel
- Edge Profile: Grooved
- Wattage Rating: 60W
- Color Temperature: 2700K
- Power Source: Electric
- Display Condition: New
- Package Quantity: 5 Pack",1,SPECIFICATIONS,1.0,True,True,True,True,1.0,verified
PROD-0187,1513704,Boise Cascade Building Materials,material,PVC,manufacturer_pdf,https://www.boisecascadebuildingmaterials.com/docs/datasheets/1513704.pdf,"OFFICIAL MANUFACTURER TECHNICAL DATASHEET:
- Part Number: 1513704
- Manufacturer: Boise Cascade Building Materials
- Material Composition: PVC / Aluminum Oxide / High Speed Steel
- Product Dimensions: 1/2 in x 18 in
- Board Length: 12 ft
- Width Profile: 1x6
- Color / Finish: Slate Gray / White / Stainless Steel
- Edge Profile: Grooved
- Wattage Rating: 60W
- Color Temperature: 2700K
- Power Source: Electric
- Display Condition: New
- Package Quantity: 5 Pack",1,SPECIFICATIONS,1.0,True,True,True,True,1.0,verified
PROD-0187,1513704,Boise Cascade Building Materials,width_profile,1x6,manufacturer_pdf,https://www.boisecascadebuildingmaterials.com/docs/datasheets/1513704.pdf,"OFFICIAL MANUFACTURER TECHNICAL DATASHEET:
- Part Number: 1513704
- Manufacturer: Boise Cascade Building Materials
- Material Composition: PVC / Aluminum Oxide / High Speed Steel
- Product Dimensions: 1/2 in x 18 in
- Board Length: 12 ft
- Width Profile: 1x6
- Color / Finish: Slate Gray / White / Stainless Steel
- Edge Profile: Grooved
- Wattage Rating: 60W
- Color Temperature: 2700K
- Power Source: Electric
- Display Condition: New
- Package Quantity: 5 Pack",1,SPECIFICATIONS,1.0,True,True,True,True,1.0,verified
PROD-0188,1513705,Boise Cascade Building Materials,color,Slate Gray,manufacturer_pdf,https://www.boisecascadebuildingmaterials.com/docs/datasheets/1513705.pdf,"OFFICIAL MANUFACTURER TECHNICAL DATASHEET:
- Part Number: 1513705
- Manufacturer: Boise Cascade Building Materials
- Material Composition: PVC / Aluminum Oxide / High Speed Steel
- Product Dimensions: 1/2 in x 18 in
- Board Length: 12 ft
- Width Profile: 1x6
- Color / Finish: Slate Gray / White / Stainless Steel
- Edge Profile: Grooved
- Wattage Rating: 60W
- Color Temperature: 2700K
- Power Source: Electric
- Display Condition: New
- Package Quantity: 5 Pack",1,SPECIFICATIONS,1.0,True,True,True,True,1.0,verified
PROD-0188,1513705,Boise Cascade Building Materials,edge_profile,Grooved,manufacturer_pdf,https://www.boisecascadebuildingmaterials.com/docs/datasheets/1513705.pdf,"OFFICIAL MANUFACTURER TECHNICAL DATASHEET:
- Part Number: 1513705
- Manufacturer: Boise Cascade Building Materials
- Material Composition: PVC / Aluminum Oxide / High Speed Steel
- Product Dimensions: 1/2 in x 18 in
- Board Length: 12 ft
- Width Profile: 1x6
- Color / Finish: Slate Gray / White / Stainless Steel
- Edge Profile: Grooved
- Wattage Rating: 60W
- Color Temperature: 2700K
- Power Source: Electric
- Display Condition: New
- Package Quantity: 5 Pack",1,SPECIFICATIONS,1.0,True,True,True,True,1.0,verified
PROD-0188,1513705,Boise Cascade Building Materials,length,12 ft,manufacturer_pdf,https://www.boisecascadebuildingmaterials.com/docs/datasheets/1513705.pdf,"OFFICIAL MANUFACTURER TECHNICAL DATASHEET:
- Part Number: 1513705
- Manufacturer: Boise Cascade Building Materials
- Material Composition: PVC / Aluminum Oxide / High Speed Steel
- Product Dimensions: 1/2 in x 18 in
- Board Length: 12 ft
- Width Profile: 1x6
- Color / Finish: Slate Gray / White / Stainless Steel
- Edge Profile: Grooved
- Wattage Rating: 60W
- Color Temperature: 2700K
- Power Source: Electric
- Display Condition: New
- Package Quantity: 5 Pack",1,SPECIFICATIONS,1.0,True,True,True,True,1.0,verified
PROD-0188,1513705,Boise Cascade Building Materials,material,PVC,manufacturer_pdf,https://www.boisecascadebuildingmaterials.com/docs/datasheets/1513705.pdf,"OFFICIAL MANUFACTURER TECHNICAL DATASHEET:
- Part Number: 1513705
- Manufacturer: Boise Cascade Building Materials
- Material Composition: PVC / Aluminum Oxide / High Speed Steel
- Product Dimensions: 1/2 in x 18 in
- Board Length: 12 ft
- Width Profile: 1x6
- Color / Finish: Slate Gray / White / Stainless Steel
- Edge Profile: Grooved
- Wattage Rating: 60W
- Color Temperature: 2700K
- Power Source: Electric
- Display Condition: New
- Package Quantity: 5 Pack",1,SPECIFICATIONS,1.0,True,True,True,True,1.0,verified
PROD-0188,1513705,Boise Cascade Building Materials,width_profile,1x6,manufacturer_pdf,https://www.boisecascadebuildingmaterials.com/docs/datasheets/1513705.pdf,"OFFICIAL MANUFACTURER TECHNICAL DATASHEET:
- Part Number: 1513705
- Manufacturer: Boise Cascade Building Materials
- Material Composition: PVC / Aluminum Oxide / High Speed Steel
- Product Dimensions: 1/2 in x 18 in
- Board Length: 12 ft
- Width Profile: 1x6
- Color / Finish: Slate Gray / White / Stainless Steel
- Edge Profile: Grooved
- Wattage Rating: 60W
- Color Temperature: 2700K
- Power Source: Electric
- Display Condition: New
- Package Quantity: 5 Pack",1,SPECIFICATIONS,1.0,True,True,True,True,1.0,verified
PROD-0189,1513706,Boise Cascade Building Materials,color,Slate Gray,manufacturer_pdf,https://www.boisecascadebuildingmaterials.com/docs/datasheets/1513706.pdf,"OFFICIAL MANUFACTURER TECHNICAL DATASHEET:
- Part Number: 1513706
- Manufacturer: Boise Cascade Building Materials
- Material Composition: PVC / Aluminum Oxide / High Speed Steel
- Product Dimensions: 1/2 in x 18 in
- Board Length: 12 ft
- Width Profile: 1x6
- Color / Finish: Slate Gray / White / Stainless Steel
- Edge Profile: Grooved
- Wattage Rating: 60W
- Color Temperature: 2700K
- Power Source: Electric
- Display Condition: New
- Package Quantity: 5 Pack",1,SPECIFICATIONS,1.0,True,True,True,True,1.0,verified
PROD-0189,1513706,Boise Cascade Building Materials,edge_profile,Grooved,manufacturer_pdf,https://www.boisecascadebuildingmaterials.com/docs/datasheets/1513706.pdf,"OFFICIAL MANUFACTURER TECHNICAL DATASHEET:
- Part Number: 1513706
- Manufacturer: Boise Cascade Building Materials
- Material Composition: PVC / Aluminum Oxide / High Speed Steel
- Product Dimensions: 1/2 in x 18 in
- Board Length: 12 ft
- Width Profile: 1x6
- Color / Finish: Slate Gray / White / Stainless Steel
- Edge Profile: Grooved
- Wattage Rating: 60W
- Color Temperature: 2700K
- Power Source: Electric
- Display Condition: New
- Package Quantity: 5 Pack",1,SPECIFICATIONS,1.0,True,True,True,True,1.0,verified
PROD-0189,1513706,Boise Cascade Building Materials,length,12 ft,manufacturer_pdf,https://www.boisecascadebuildingmaterials.com/docs/datasheets/1513706.pdf,"OFFICIAL MANUFACTURER TECHNICAL DATASHEET:
- Part Number: 1513706
- Manufacturer: Boise Cascade Building Materials
- Material Composition: PVC / Aluminum Oxide / High Speed Steel
- Product Dimensions: 1/2 in x 18 in
- Board Length: 12 ft
- Width Profile: 1x6
- Color / Finish: Slate Gray / White / Stainless Steel
- Edge Profile: Grooved
- Wattage Rating: 60W
- Color Temperature: 2700K
- Power Source: Electric
- Display Condition: New
- Package Quantity: 5 Pack",1,SPECIFICATIONS,1.0,True,True,True,True,1.0,verified
PROD-0189,1513706,Boise Cascade Building Materials,material,PVC,manufacturer_pdf,https://www.boisecascadebuildingmaterials.com/docs/datasheets/1513706.pdf,"OFFICIAL MANUFACTURER TECHNICAL DATASHEET:
- Part Number: 1513706
- Manufacturer: Boise Cascade Building Materials
- Material Composition: PVC / Aluminum Oxide / High Speed Steel
- Product Dimensions: 1/2 in x 18 in
- Board Length: 12 ft
- Width Profile: 1x6
- Color / Finish: Slate Gray / White / Stainless Steel
- Edge Profile: Grooved
- Wattage Rating: 60W
- Color Temperature: 2700K
- Power Source: Electric
- Display Condition: New
- Package Quantity: 5 Pack",1,SPECIFICATIONS,1.0,True,True,True,True,1.0,verified
PROD-0189,1513706,Boise Cascade Building Materials,width_profile,1x6,manufacturer_pdf,https://www.boisecascadebuildingmaterials.com/docs/datasheets/1513706.pdf,"OFFICIAL MANUFACTURER TECHNICAL DATASHEET:
- Part Number: 1513706
- Manufacturer: Boise Cascade Building Materials
- Material Composition: PVC / Aluminum Oxide / High Speed Steel
- Product Dimensions: 1/2 in x 18 in
- Board Length: 12 ft
- Width Profile: 1x6
- Color / Finish: Slate Gray / White / Stainless Steel
- Edge Profile: Grooved
- Wattage Rating: 60W
- Color Temperature: 2700K
- Power Source: Electric
- Display Condition: New
- Package Quantity: 5 Pack",1,SPECIFICATIONS,1.0,True,True,True,True,1.0,verified
PROD-0190,1513707,Boise Cascade Building Materials,color,Slate Gray,manufacturer_pdf,https://www.boisecascadebuildingmaterials.com/docs/datasheets/1513707.pdf,"OFFICIAL MANUFACTURER TECHNICAL DATASHEET:
- Part Number: 1513707
- Manufacturer: Boise Cascade Building Materials
- Material Composition: PVC / Aluminum Oxide / High Speed Steel
- Product Dimensions: 1/2 in x 18 in
- Board Length: 12 ft
- Width Profile: 1x6
- Color / Finish: Slate Gray / White / Stainless Steel
- Edge Profile: Grooved
- Wattage Rating: 60W
- Color Temperature: 2700K
- Power Source: Electric
- Display Condition: New
- Package Quantity: 5 Pack",1,SPECIFICATIONS,1.0,True,True,True,True,1.0,verified
PROD-0190,1513707,Boise Cascade Building Materials,edge_profile,Grooved,manufacturer_pdf,https://www.boisecascadebuildingmaterials.com/docs/datasheets/1513707.pdf,"OFFICIAL MANUFACTURER TECHNICAL DATASHEET:
- Part Number: 1513707
- Manufacturer: Boise Cascade Building Materials
- Material Composition: PVC / Aluminum Oxide / High Speed Steel
- Product Dimensions: 1/2 in x 18 in
- Board Length: 12 ft
- Width Profile: 1x6
- Color / Finish: Slate Gray / White / Stainless Steel
- Edge Profile: Grooved
- Wattage Rating: 60W
- Color Temperature: 2700K
- Power Source: Electric
- Display Condition: New
- Package Quantity: 5 Pack",1,SPECIFICATIONS,1.0,True,True,True,True,1.0,verified
PROD-0190,1513707,Boise Cascade Building Materials,length,12 ft,manufacturer_pdf,https://www.boisecascadebuildingmaterials.com/docs/datasheets/1513707.pdf,"OFFICIAL MANUFACTURER TECHNICAL DATASHEET:
- Part Number: 1513707
- Manufacturer: Boise Cascade Building Materials
- Material Composition: PVC / Aluminum Oxide / High Speed Steel
- Product Dimensions: 1/2 in x 18 in
- Board Length: 12 ft
- Width Profile: 1x6
- Color / Finish: Slate Gray / White / Stainless Steel
- Edge Profile: Grooved
- Wattage Rating: 60W
- Color Temperature: 2700K
- Power Source: Electric
- Display Condition: New
- Package Quantity: 5 Pack",1,SPECIFICATIONS,1.0,True,True,True,True,1.0,verified
PROD-0190,1513707,Boise Cascade Building Materials,material,PVC,manufacturer_pdf,https://www.boisecascadebuildingmaterials.com/docs/datasheets/1513707.pdf,"OFFICIAL MANUFACTURER TECHNICAL DATASHEET:
- Part Number: 1513707
- Manufacturer: Boise Cascade Building Materials
- Material Composition: PVC / Aluminum Oxide / High Speed Steel
- Product Dimensions: 1/2 in x 18 in
- Board Length: 12 ft
- Width Profile: 1x6
- Color / Finish: Slate Gray / White / Stainless Steel
- Edge Profile: Grooved
- Wattage Rating: 60W
- Color Temperature: 2700K
- Power Source: Electric
- Display Condition: New
- Package Quantity: 5 Pack",1,SPECIFICATIONS,1.0,True,True,True,True,1.0,verified
PROD-0190,1513707,Boise Cascade Building Materials,width_profile,1x6,manufacturer_pdf,https://www.boisecascadebuildingmaterials.com/docs/datasheets/1513707.pdf,"OFFICIAL MANUFACTURER TECHNICAL DATASHEET:
- Part Number: 1513707
- Manufacturer: Boise Cascade Building Materials
- Material Composition: PVC / Aluminum Oxide / High Speed Steel
- Product Dimensions: 1/2 in x 18 in
- Board Length: 12 ft
- Width Profile: 1x6
- Color / Finish: Slate Gray / White / Stainless Steel
- Edge Profile: Grooved
- Wattage Rating: 60W
- Color Temperature: 2700K
- Power Source: Electric
- Display Condition: New
- Package Quantity: 5 Pack",1,SPECIFICATIONS,1.0,True,True,True,True,1.0,verified
PROD-0191,1513708,Boise Cascade Building Materials,color,Slate Gray,manufacturer_pdf,https://www.boisecascadebuildingmaterials.com/docs/datasheets/1513708.pdf,"OFFICIAL MANUFACTURER TECHNICAL DATASHEET:
- Part Number: 1513708
- Manufacturer: Boise Cascade Building Materials
- Material Composition: PVC / Aluminum Oxide / High Speed Steel
- Product Dimensions: 1/2 in x 18 in
- Board Length: 12 ft
- Width Profile: 1x6
- Color / Finish: Slate Gray / White / Stainless Steel
- Edge Profile: Grooved
- Wattage Rating: 60W
- Color Temperature: 2700K
- Power Source: Electric
- Display Condition: New
- Package Quantity: 5 Pack",1,SPECIFICATIONS,1.0,True,True,True,True,1.0,verified
PROD-0191,1513708,Boise Cascade Building Materials,edge_profile,Grooved,manufacturer_pdf,https://www.boisecascadebuildingmaterials.com/docs/datasheets/1513708.pdf,"OFFICIAL MANUFACTURER TECHNICAL DATASHEET:
- Part Number: 1513708
- Manufacturer: Boise Cascade Building Materials
- Material Composition: PVC / Aluminum Oxide / High Speed Steel
- Product Dimensions: 1/2 in x 18 in
- Board Length: 12 ft
- Width Profile: 1x6
- Color / Finish: Slate Gray / White / Stainless Steel
- Edge Profile: Grooved
- Wattage Rating: 60W
- Color Temperature: 2700K
- Power Source: Electric
- Display Condition: New
- Package Quantity: 5 Pack",1,SPECIFICATIONS,1.0,True,True,True,True,1.0,verified
PROD-0191,1513708,Boise Cascade Building Materials,length,12 ft,manufacturer_pdf,https://www.boisecascadebuildingmaterials.com/docs/datasheets/1513708.pdf,"OFFICIAL MANUFACTURER TECHNICAL DATASHEET:
- Part Number: 1513708
- Manufacturer: Boise Cascade Building Materials
- Material Composition: PVC / Aluminum Oxide / High Speed Steel
- Product Dimensions: 1/2 in x 18 in
- Board Length: 12 ft
- Width Profile: 1x6
- Color / Finish: Slate Gray / White / Stainless Steel
- Edge Profile: Grooved
- Wattage Rating: 60W
- Color Temperature: 2700K
- Power Source: Electric
- Display Condition: New
- Package Quantity: 5 Pack",1,SPECIFICATIONS,1.0,True,True,True,True,1.0,verified
PROD-0191,1513708,Boise Cascade Building Materials,material,PVC,manufacturer_pdf,https://www.boisecascadebuildingmaterials.com/docs/datasheets/1513708.pdf,"OFFICIAL MANUFACTURER TECHNICAL DATASHEET:
- Part Number: 1513708
- Manufacturer: Boise Cascade Building Materials
- Material Composition: PVC / Aluminum Oxide / High Speed Steel
- Product Dimensions: 1/2 in x 18 in
- Board Length: 12 ft
- Width Profile: 1x6
- Color / Finish: Slate Gray / White / Stainless Steel
- Edge Profile: Grooved
- Wattage Rating: 60W
- Color Temperature: 2700K
- Power Source: Electric
- Display Condition: New
- Package Quantity: 5 Pack",1,SPECIFICATIONS,1.0,True,True,True,True,1.0,verified
PROD-0191,1513708,Boise Cascade Building Materials,width_profile,1x6,manufacturer_pdf,https://www.boisecascadebuildingmaterials.com/docs/datasheets/1513708.pdf,"OFFICIAL MANUFACTURER TECHNICAL DATASHEET:
- Part Number: 1513708
- Manufacturer: Boise Cascade Building Materials
- Material Composition: PVC / Aluminum Oxide / High Speed Steel
- Product Dimensions: 1/2 in x 18 in
- Board Length: 12 ft
- Width Profile: 1x6
- Color / Finish: Slate Gray / White / Stainless Steel
- Edge Profile: Grooved
- Wattage Rating: 60W
- Color Temperature: 2700K
- Power Source: Electric
- Display Condition: New
- Package Quantity: 5 Pack",1,SPECIFICATIONS,1.0,True,True,True,True,1.0,verified
PROD-0192,1513709,Boise Cascade Building Materials,color,Slate Gray,manufacturer_pdf,https://www.boisecascadebuildingmaterials.com/docs/datasheets/1513709.pdf,"OFFICIAL MANUFACTURER TECHNICAL DATASHEET:
- Part Number: 1513709
- Manufacturer: Boise Cascade Building Materials
- Material Composition: PVC / Aluminum Oxide / High Speed Steel
- Product Dimensions: 1/2 in x 18 in
- Board Length: 12 ft
- Width Profile: 1x6
- Color / Finish: Slate Gray / White / Stainless Steel
- Edge Profile: Grooved
- Wattage Rating: 60W
- Color Temperature: 2700K
- Power Source: Electric
- Display Condition: New
- Package Quantity: 5 Pack",1,SPECIFICATIONS,1.0,True,True,True,True,1.0,verified
PROD-0192,1513709,Boise Cascade Building Materials,edge_profile,Grooved,manufacturer_pdf,https://www.boisecascadebuildingmaterials.com/docs/datasheets/1513709.pdf,"OFFICIAL MANUFACTURER TECHNICAL DATASHEET:
- Part Number: 1513709
- Manufacturer: Boise Cascade Building Materials
- Material Composition: PVC / Aluminum Oxide / High Speed Steel
- Product Dimensions: 1/2 in x 18 in
- Board Length: 12 ft
- Width Profile: 1x6
- Color / Finish: Slate Gray / White / Stainless Steel
- Edge Profile: Grooved
- Wattage Rating: 60W
- Color Temperature: 2700K
- Power Source: Electric
- Display Condition: New
- Package Quantity: 5 Pack",1,SPECIFICATIONS,1.0,True,True,True,True,1.0,verified
PROD-0192,1513709,Boise Cascade Building Materials,length,12 ft,manufacturer_pdf,https://www.boisecascadebuildingmaterials.com/docs/datasheets/1513709.pdf,"OFFICIAL MANUFACTURER TECHNICAL DATASHEET:
- Part Number: 1513709
- Manufacturer: Boise Cascade Building Materials
- Material Composition: PVC / Aluminum Oxide / High Speed Steel
- Product Dimensions: 1/2 in x 18 in
- Board Length: 12 ft
- Width Profile: 1x6
- Color / Finish: Slate Gray / White / Stainless Steel
- Edge Profile: Grooved
- Wattage Rating: 60W
- Color Temperature: 2700K
- Power Source: Electric
- Display Condition: New
- Package Quantity: 5 Pack",1,SPECIFICATIONS,1.0,True,True,True,True,1.0,verified
PROD-0192,1513709,Boise Cascade Building Materials,material,PVC,manufacturer_pdf,https://www.boisecascadebuildingmaterials.com/docs/datasheets/1513709.pdf,"OFFICIAL MANUFACTURER TECHNICAL DATASHEET:
- Part Number: 1513709
- Manufacturer: Boise Cascade Building Materials
- Material Composition: PVC / Aluminum Oxide / High Speed Steel
- Product Dimensions: 1/2 in x 18 in
- Board Length: 12 ft
- Width Profile: 1x6
- Color / Finish: Slate Gray / White / Stainless Steel
- Edge Profile: Grooved
- Wattage Rating: 60W
- Color Temperature: 2700K
- Power Source: Electric
- Display Condition: New
- Package Quantity: 5 Pack",1,SPECIFICATIONS,1.0,True,True,True,True,1.0,verified
PROD-0192,1513709,Boise Cascade Building Materials,width_profile,1x6,manufacturer_pdf,https://www.boisecascadebuildingmaterials.com/docs/datasheets/1513709.pdf,"OFFICIAL MANUFACTURER TECHNICAL DATASHEET:
- Part Number: 1513709
- Manufacturer: Boise Cascade Building Materials
- Material Composition: PVC / Aluminum Oxide / High Speed Steel
- Product Dimensions: 1/2 in x 18 in
- Board Length: 12 ft
- Width Profile: 1x6
- Color / Finish: Slate Gray / White / Stainless Steel
- Edge Profile: Grooved
- Wattage Rating: 60W
- Color Temperature: 2700K
- Power Source: Electric
- Display Condition: New
- Package Quantity: 5 Pack",1,SPECIFICATIONS,1.0,True,True,True,True,1.0,verified
PROD-0193,1513710,Boise Cascade Building Materials,color,Slate Gray,manufacturer_pdf,https://www.boisecascadebuildingmaterials.com/docs/datasheets/1513710.pdf,"OFFICIAL MANUFACTURER TECHNICAL DATASHEET:
- Part Number: 1513710
- Manufacturer: Boise Cascade Building Materials
- Material Composition: PVC / Aluminum Oxide / High Speed Steel
- Product Dimensions: 1/2 in x 18 in
- Board Length: 12 ft
- Width Profile: 1x6
- Color / Finish: Slate Gray / White / Stainless Steel
- Edge Profile: Grooved
- Wattage Rating: 60W
- Color Temperature: 2700K
- Power Source: Electric
- Display Condition: New
- Package Quantity: 5 Pack",1,SPECIFICATIONS,1.0,True,True,True,True,1.0,verified
PROD-0193,1513710,Boise Cascade Building Materials,edge_profile,Grooved,manufacturer_pdf,https://www.boisecascadebuildingmaterials.com/docs/datasheets/1513710.pdf,"OFFICIAL MANUFACTURER TECHNICAL DATASHEET:
- Part Number: 1513710
- Manufacturer: Boise Cascade Building Materials
- Material Composition: PVC / Aluminum Oxide / High Speed Steel
- Product Dimensions: 1/2 in x 18 in
- Board Length: 12 ft
- Width Profile: 1x6
- Color / Finish: Slate Gray / White / Stainless Steel
- Edge Profile: Grooved
- Wattage Rating: 60W
- Color Temperature: 2700K
- Power Source: Electric
- Display Condition: New
- Package Quantity: 5 Pack",1,SPECIFICATIONS,1.0,True,True,True,True,1.0,verified
PROD-0193,1513710,Boise Cascade Building Materials,length,12 ft,manufacturer_pdf,https://www.boisecascadebuildingmaterials.com/docs/datasheets/1513710.pdf,"OFFICIAL MANUFACTURER TECHNICAL DATASHEET:
- Part Number: 1513710
- Manufacturer: Boise Cascade Building Materials
- Material Composition: PVC / Aluminum Oxide / High Speed Steel
- Product Dimensions: 1/2 in x 18 in
- Board Length: 12 ft
- Width Profile: 1x6
- Color / Finish: Slate Gray / White / Stainless Steel
- Edge Profile: Grooved
- Wattage Rating: 60W
- Color Temperature: 2700K
- Power Source: Electric
- Display Condition: New
- Package Quantity: 5 Pack",1,SPECIFICATIONS,1.0,True,True,True,True,1.0,verified
PROD-0193,1513710,Boise Cascade Building Materials,material,PVC,manufacturer_pdf,https://www.boisecascadebuildingmaterials.com/docs/datasheets/1513710.pdf,"OFFICIAL MANUFACTURER TECHNICAL DATASHEET:
- Part Number: 1513710
- Manufacturer: Boise Cascade Building Materials
- Material Composition: PVC / Aluminum Oxide / High Speed Steel
- Product Dimensions: 1/2 in x 18 in
- Board Length: 12 ft
- Width Profile: 1x6
- Color / Finish: Slate Gray / White / Stainless Steel
- Edge Profile: Grooved
- Wattage Rating: 60W
- Color Temperature: 2700K
- Power Source: Electric
- Display Condition: New
- Package Quantity: 5 Pack",1,SPECIFICATIONS,1.0,True,True,True,True,1.0,verified
PROD-0193,1513710,Boise Cascade Building Materials,width_profile,1x6,manufacturer_pdf,https://www.boisecascadebuildingmaterials.com/docs/datasheets/1513710.pdf,"OFFICIAL MANUFACTURER TECHNICAL DATASHEET:
- Part Number: 1513710
- Manufacturer: Boise Cascade Building Materials
- Material Composition: PVC / Aluminum Oxide / High Speed Steel
- Product Dimensions: 1/2 in x 18 in
- Board Length: 12 ft
- Width Profile: 1x6
- Color / Finish: Slate Gray / White / Stainless Steel
- Edge Profile: Grooved
- Wattage Rating: 60W
- Color Temperature: 2700K
- Power Source: Electric
- Display Condition: New
- Package Quantity: 5 Pack",1,SPECIFICATIONS,1.0,True,True,True,True,1.0,verified
PROD-0194,1513711,Boise Cascade Building Materials,color,Slate Gray,manufacturer_pdf,https://www.boisecascadebuildingmaterials.com/docs/datasheets/1513711.pdf,"OFFICIAL MANUFACTURER TECHNICAL DATASHEET:
- Part Number: 1513711
- Manufacturer: Boise Cascade Building Materials
- Material Composition: PVC / Aluminum Oxide / High Speed Steel
- Product Dimensions: 1/2 in x 18 in
- Board Length: 12 ft
- Width Profile: 1x6
- Color / Finish: Slate Gray / White / Stainless Steel
- Edge Profile: Grooved
- Wattage Rating: 60W
- Color Temperature: 2700K
- Power Source: Electric
- Display Condition: New
- Package Quantity: 5 Pack",1,SPECIFICATIONS,1.0,True,True,True,True,1.0,verified
PROD-0194,1513711,Boise Cascade Building Materials,edge_profile,Grooved,manufacturer_pdf,https://www.boisecascadebuildingmaterials.com/docs/datasheets/1513711.pdf,"OFFICIAL MANUFACTURER TECHNICAL DATASHEET:
- Part Number: 1513711
- Manufacturer: Boise Cascade Building Materials
- Material Composition: PVC / Aluminum Oxide / High Speed Steel
- Product Dimensions: 1/2 in x 18 in
- Board Length: 12 ft
- Width Profile: 1x6
- Color / Finish: Slate Gray / White / Stainless Steel
- Edge Profile: Grooved
- Wattage Rating: 60W
- Color Temperature: 2700K
- Power Source: Electric
- Display Condition: New
- Package Quantity: 5 Pack",1,SPECIFICATIONS,1.0,True,True,True,True,1.0,verified
PROD-0194,1513711,Boise Cascade Building Materials,length,12 ft,manufacturer_pdf,https://www.boisecascadebuildingmaterials.com/docs/datasheets/1513711.pdf,"OFFICIAL MANUFACTURER TECHNICAL DATASHEET:
- Part Number: 1513711
- Manufacturer: Boise Cascade Building Materials
- Material Composition: PVC / Aluminum Oxide / High Speed Steel
- Product Dimensions: 1/2 in x 18 in
- Board Length: 12 ft
- Width Profile: 1x6
- Color / Finish: Slate Gray / White / Stainless Steel
- Edge Profile: Grooved
- Wattage Rating: 60W
- Color Temperature: 2700K
- Power Source: Electric
- Display Condition: New
- Package Quantity: 5 Pack",1,SPECIFICATIONS,1.0,True,True,True,True,1.0,verified
PROD-0194,1513711,Boise Cascade Building Materials,material,PVC,manufacturer_pdf,https://www.boisecascadebuildingmaterials.com/docs/datasheets/1513711.pdf,"OFFICIAL MANUFACTURER TECHNICAL DATASHEET:
- Part Number: 1513711
- Manufacturer: Boise Cascade Building Materials
- Material Composition: PVC / Aluminum Oxide / High Speed Steel
- Product Dimensions: 1/2 in x 18 in
- Board Length: 12 ft
- Width Profile: 1x6
- Color / Finish: Slate Gray / White / Stainless Steel
- Edge Profile: Grooved
- Wattage Rating: 60W
- Color Temperature: 2700K
- Power Source: Electric
- Display Condition: New
- Package Quantity: 5 Pack",1,SPECIFICATIONS,1.0,True,True,True,True,1.0,verified
PROD-0194,1513711,Boise Cascade Building Materials,width_profile,1x6,manufacturer_pdf,https://www.boisecascadebuildingmaterials.com/docs/datasheets/1513711.pdf,"OFFICIAL MANUFACTURER TECHNICAL DATASHEET:
- Part Number: 1513711
- Manufacturer: Boise Cascade Building Materials
- Material Composition: PVC / Aluminum Oxide / High Speed Steel
- Product Dimensions: 1/2 in x 18 in
- Board Length: 12 ft
- Width Profile: 1x6
- Color / Finish: Slate Gray / White / Stainless Steel
- Edge Profile: Grooved
- Wattage Rating: 60W
- Color Temperature: 2700K
- Power Source: Electric
- Display Condition: New
- Package Quantity: 5 Pack",1,SPECIFICATIONS,1.0,True,True,True,True,1.0,verified
PROD-0195,1513712,Boise Cascade Building Materials,color,Slate Gray,manufacturer_pdf,https://www.boisecascadebuildingmaterials.com/docs/datasheets/1513712.pdf,"OFFICIAL MANUFACTURER TECHNICAL DATASHEET:
- Part Number: 1513712
- Manufacturer: Boise Cascade Building Materials
- Material Composition: PVC / Aluminum Oxide / High Speed Steel
- Product Dimensions: 1/2 in x 18 in
- Board Length: 12 ft
- Width Profile: 1x6
- Color / Finish: Slate Gray / White / Stainless Steel
- Edge Profile: Grooved
- Wattage Rating: 60W
- Color Temperature: 2700K
- Power Source: Electric
- Display Condition: New
- Package Quantity: 5 Pack",1,SPECIFICATIONS,1.0,True,True,True,True,1.0,verified
PROD-0195,1513712,Boise Cascade Building Materials,edge_profile,Grooved,manufacturer_pdf,https://www.boisecascadebuildingmaterials.com/docs/datasheets/1513712.pdf,"OFFICIAL MANUFACTURER TECHNICAL DATASHEET:
- Part Number: 1513712
- Manufacturer: Boise Cascade Building Materials
- Material Composition: PVC / Aluminum Oxide / High Speed Steel
- Product Dimensions: 1/2 in x 18 in
- Board Length: 12 ft
- Width Profile: 1x6
- Color / Finish: Slate Gray / White / Stainless Steel
- Edge Profile: Grooved
- Wattage Rating: 60W
- Color Temperature: 2700K
- Power Source: Electric
- Display Condition: New
- Package Quantity: 5 Pack",1,SPECIFICATIONS,1.0,True,True,True,True,1.0,verified
PROD-0195,1513712,Boise Cascade Building Materials,length,12 ft,manufacturer_pdf,https://www.boisecascadebuildingmaterials.com/docs/datasheets/1513712.pdf,"OFFICIAL MANUFACTURER TECHNICAL DATASHEET:
- Part Number: 1513712
- Manufacturer: Boise Cascade Building Materials
- Material Composition: PVC / Aluminum Oxide / High Speed Steel
- Product Dimensions: 1/2 in x 18 in
- Board Length: 12 ft
- Width Profile: 1x6
- Color / Finish: Slate Gray / White / Stainless Steel
- Edge Profile: Grooved
- Wattage Rating: 60W
- Color Temperature: 2700K
- Power Source: Electric
- Display Condition: New
- Package Quantity: 5 Pack",1,SPECIFICATIONS,1.0,True,True,True,True,1.0,verified
PROD-0195,1513712,Boise Cascade Building Materials,material,PVC,manufacturer_pdf,https://www.boisecascadebuildingmaterials.com/docs/datasheets/1513712.pdf,"OFFICIAL MANUFACTURER TECHNICAL DATASHEET:
- Part Number: 1513712
- Manufacturer: Boise Cascade Building Materials
- Material Composition: PVC / Aluminum Oxide / High Speed Steel
- Product Dimensions: 1/2 in x 18 in
- Board Length: 12 ft
- Width Profile: 1x6
- Color / Finish: Slate Gray / White / Stainless Steel
- Edge Profile: Grooved
- Wattage Rating: 60W
- Color Temperature: 2700K
- Power Source: Electric
- Display Condition: New
- Package Quantity: 5 Pack",1,SPECIFICATIONS,1.0,True,True,True,True,1.0,verified
PROD-0195,1513712,Boise Cascade Building Materials,width_profile,1x6,manufacturer_pdf,https://www.boisecascadebuildingmaterials.com/docs/datasheets/1513712.pdf,"OFFICIAL MANUFACTURER TECHNICAL DATASHEET:
- Part Number: 1513712
- Manufacturer: Boise Cascade Building Materials
- Material Composition: PVC / Aluminum Oxide / High Speed Steel
- Product Dimensions: 1/2 in x 18 in
- Board Length: 12 ft
- Width Profile: 1x6
- Color / Finish: Slate Gray / White / Stainless Steel
- Edge Profile: Grooved
- Wattage Rating: 60W
- Color Temperature: 2700K
- Power Source: Electric
- Display Condition: New
- Package Quantity: 5 Pack",1,SPECIFICATIONS,1.0,True,True,True,True,1.0,verified
PROD-0196,1513717,Boise Cascade Building Materials,color,Slate Gray,manufacturer_pdf,https://www.boisecascadebuildingmaterials.com/docs/datasheets/1513717.pdf,"OFFICIAL MANUFACTURER TECHNICAL DATASHEET:
- Part Number: 1513717
- Manufacturer: Boise Cascade Building Materials
- Material Composition: PVC / Aluminum Oxide / High Speed Steel
- Product Dimensions: 1/2 in x 18 in
- Board Length: 12 ft
- Width Profile: 1x6
- Color / Finish: Slate Gray / White / Stainless Steel
- Edge Profile: Grooved
- Wattage Rating: 60W
- Color Temperature: 2700K
- Power Source: Electric
- Display Condition: New
- Package Quantity: 5 Pack",1,SPECIFICATIONS,1.0,True,True,True,True,1.0,verified
PROD-0196,1513717,Boise Cascade Building Materials,edge_profile,Grooved,manufacturer_pdf,https://www.boisecascadebuildingmaterials.com/docs/datasheets/1513717.pdf,"OFFICIAL MANUFACTURER TECHNICAL DATASHEET:
- Part Number: 1513717
- Manufacturer: Boise Cascade Building Materials
- Material Composition: PVC / Aluminum Oxide / High Speed Steel
- Product Dimensions: 1/2 in x 18 in
- Board Length: 12 ft
- Width Profile: 1x6
- Color / Finish: Slate Gray / White / Stainless Steel
- Edge Profile: Grooved
- Wattage Rating: 60W
- Color Temperature: 2700K
- Power Source: Electric
- Display Condition: New
- Package Quantity: 5 Pack",1,SPECIFICATIONS,1.0,True,True,True,True,1.0,verified
PROD-0196,1513717,Boise Cascade Building Materials,length,12 ft,manufacturer_pdf,https://www.boisecascadebuildingmaterials.com/docs/datasheets/1513717.pdf,"OFFICIAL MANUFACTURER TECHNICAL DATASHEET:
- Part Number: 1513717
- Manufacturer: Boise Cascade Building Materials
- Material Composition: PVC / Aluminum Oxide / High Speed Steel
- Product Dimensions: 1/2 in x 18 in
- Board Length: 12 ft
- Width Profile: 1x6
- Color / Finish: Slate Gray / White / Stainless Steel
- Edge Profile: Grooved
- Wattage Rating: 60W
- Color Temperature: 2700K
- Power Source: Electric
- Display Condition: New
- Package Quantity: 5 Pack",1,SPECIFICATIONS,1.0,True,True,True,True,1.0,verified
PROD-0196,1513717,Boise Cascade Building Materials,material,PVC,manufacturer_pdf,https://www.boisecascadebuildingmaterials.com/docs/datasheets/1513717.pdf,"OFFICIAL MANUFACTURER TECHNICAL DATASHEET:
- Part Number: 1513717
- Manufacturer: Boise Cascade Building Materials
- Material Composition: PVC / Aluminum Oxide / High Speed Steel
- Product Dimensions: 1/2 in x 18 in
- Board Length: 12 ft
- Width Profile: 1x6
- Color / Finish: Slate Gray / White / Stainless Steel
- Edge Profile: Grooved
- Wattage Rating: 60W
- Color Temperature: 2700K
- Power Source: Electric
- Display Condition: New
- Package Quantity: 5 Pack",1,SPECIFICATIONS,1.0,True,True,True,True,1.0,verified
PROD-0196,1513717,Boise Cascade Building Materials,width_profile,1x6,manufacturer_pdf,https://www.boisecascadebuildingmaterials.com/docs/datasheets/1513717.pdf,"OFFICIAL MANUFACTURER TECHNICAL DATASHEET:
- Part Number: 1513717
- Manufacturer: Boise Cascade Building Materials
- Material Composition: PVC / Aluminum Oxide / High Speed Steel
- Product Dimensions: 1/2 in x 18 in
- Board Length: 12 ft
- Width Profile: 1x6
- Color / Finish: Slate Gray / White / Stainless Steel
- Edge Profile: Grooved
- Wattage Rating: 60W
- Color Temperature: 2700K
- Power Source: Electric
- Display Condition: New
- Package Quantity: 5 Pack",1,SPECIFICATIONS,1.0,True,True,True,True,1.0,verified
PROD-0197,1513718,Boise Cascade Building Materials,color,Slate Gray,manufacturer_pdf,https://www.boisecascadebuildingmaterials.com/docs/datasheets/1513718.pdf,"OFFICIAL MANUFACTURER TECHNICAL DATASHEET:
- Part Number: 1513718
- Manufacturer: Boise Cascade Building Materials
- Material Composition: PVC / Aluminum Oxide / High Speed Steel
- Product Dimensions: 1/2 in x 18 in
- Board Length: 12 ft
- Width Profile: 1x6
- Color / Finish: Slate Gray / White / Stainless Steel
- Edge Profile: Grooved
- Wattage Rating: 60W
- Color Temperature: 2700K
- Power Source: Electric
- Display Condition: New
- Package Quantity: 5 Pack",1,SPECIFICATIONS,1.0,True,True,True,True,1.0,verified
PROD-0197,1513718,Boise Cascade Building Materials,edge_profile,Grooved,manufacturer_pdf,https://www.boisecascadebuildingmaterials.com/docs/datasheets/1513718.pdf,"OFFICIAL MANUFACTURER TECHNICAL DATASHEET:
- Part Number: 1513718
- Manufacturer: Boise Cascade Building Materials
- Material Composition: PVC / Aluminum Oxide / High Speed Steel
- Product Dimensions: 1/2 in x 18 in
- Board Length: 12 ft
- Width Profile: 1x6
- Color / Finish: Slate Gray / White / Stainless Steel
- Edge Profile: Grooved
- Wattage Rating: 60W
- Color Temperature: 2700K
- Power Source: Electric
- Display Condition: New
- Package Quantity: 5 Pack",1,SPECIFICATIONS,1.0,True,True,True,True,1.0,verified
PROD-0197,1513718,Boise Cascade Building Materials,length,12 ft,manufacturer_pdf,https://www.boisecascadebuildingmaterials.com/docs/datasheets/1513718.pdf,"OFFICIAL MANUFACTURER TECHNICAL DATASHEET:
- Part Number: 1513718
- Manufacturer: Boise Cascade Building Materials
- Material Composition: PVC / Aluminum Oxide / High Speed Steel
- Product Dimensions: 1/2 in x 18 in
- Board Length: 12 ft
- Width Profile: 1x6
- Color / Finish: Slate Gray / White / Stainless Steel
- Edge Profile: Grooved
- Wattage Rating: 60W
- Color Temperature: 2700K
- Power Source: Electric
- Display Condition: New
- Package Quantity: 5 Pack",1,SPECIFICATIONS,1.0,True,True,True,True,1.0,verified
PROD-0197,1513718,Boise Cascade Building Materials,material,PVC,manufacturer_pdf,https://www.boisecascadebuildingmaterials.com/docs/datasheets/1513718.pdf,"OFFICIAL MANUFACTURER TECHNICAL DATASHEET:
- Part Number: 1513718
- Manufacturer: Boise Cascade Building Materials
- Material Composition: PVC / Aluminum Oxide / High Speed Steel
- Product Dimensions: 1/2 in x 18 in
- Board Length: 12 ft
- Width Profile: 1x6
- Color / Finish: Slate Gray / White / Stainless Steel
- Edge Profile: Grooved
- Wattage Rating: 60W
- Color Temperature: 2700K
- Power Source: Electric
- Display Condition: New
- Package Quantity: 5 Pack",1,SPECIFICATIONS,1.0,True,True,True,True,1.0,verified
PROD-0197,1513718,Boise Cascade Building Materials,width_profile,1x6,manufacturer_pdf,https://www.boisecascadebuildingmaterials.com/docs/datasheets/1513718.pdf,"OFFICIAL MANUFACTURER TECHNICAL DATASHEET:
- Part Number: 1513718
- Manufacturer: Boise Cascade Building Materials
- Material Composition: PVC / Aluminum Oxide / High Speed Steel
- Product Dimensions: 1/2 in x 18 in
- Board Length: 12 ft
- Width Profile: 1x6
- Color / Finish: Slate Gray / White / Stainless Steel
- Edge Profile: Grooved
- Wattage Rating: 60W
- Color Temperature: 2700K
- Power Source: Electric
- Display Condition: New
- Package Quantity: 5 Pack",1,SPECIFICATIONS,1.0,True,True,True,True,1.0,verified
PROD-0198,1513719,Boise Cascade Building Materials,color,Slate Gray,manufacturer_pdf,https://www.boisecascadebuildingmaterials.com/docs/datasheets/1513719.pdf,"OFFICIAL MANUFACTURER TECHNICAL DATASHEET:
- Part Number: 1513719
- Manufacturer: Boise Cascade Building Materials
- Material Composition: PVC / Aluminum Oxide / High Speed Steel
- Product Dimensions: 1/2 in x 18 in
- Board Length: 12 ft
- Width Profile: 1x6
- Color / Finish: Slate Gray / White / Stainless Steel
- Edge Profile: Grooved
- Wattage Rating: 60W
- Color Temperature: 2700K
- Power Source: Electric
- Display Condition: New
- Package Quantity: 5 Pack",1,SPECIFICATIONS,1.0,True,True,True,True,1.0,verified
PROD-0198,1513719,Boise Cascade Building Materials,edge_profile,Grooved,manufacturer_pdf,https://www.boisecascadebuildingmaterials.com/docs/datasheets/1513719.pdf,"OFFICIAL MANUFACTURER TECHNICAL DATASHEET:
- Part Number: 1513719
- Manufacturer: Boise Cascade Building Materials
- Material Composition: PVC / Aluminum Oxide / High Speed Steel
- Product Dimensions: 1/2 in x 18 in
- Board Length: 12 ft
- Width Profile: 1x6
- Color / Finish: Slate Gray / White / Stainless Steel
- Edge Profile: Grooved
- Wattage Rating: 60W
- Color Temperature: 2700K
- Power Source: Electric
- Display Condition: New
- Package Quantity: 5 Pack",1,SPECIFICATIONS,1.0,True,True,True,True,1.0,verified
PROD-0198,1513719,Boise Cascade Building Materials,length,12 ft,manufacturer_pdf,https://www.boisecascadebuildingmaterials.com/docs/datasheets/1513719.pdf,"OFFICIAL MANUFACTURER TECHNICAL DATASHEET:
- Part Number: 1513719
- Manufacturer: Boise Cascade Building Materials
- Material Composition: PVC / Aluminum Oxide / High Speed Steel
- Product Dimensions: 1/2 in x 18 in
- Board Length: 12 ft
- Width Profile: 1x6
- Color / Finish: Slate Gray / White / Stainless Steel
- Edge Profile: Grooved
- Wattage Rating: 60W
- Color Temperature: 2700K
- Power Source: Electric
- Display Condition: New
- Package Quantity: 5 Pack",1,SPECIFICATIONS,1.0,True,True,True,True,1.0,verified
PROD-0198,1513719,Boise Cascade Building Materials,material,PVC,manufacturer_pdf,https://www.boisecascadebuildingmaterials.com/docs/datasheets/1513719.pdf,"OFFICIAL MANUFACTURER TECHNICAL DATASHEET:
- Part Number: 1513719
- Manufacturer: Boise Cascade Building Materials
- Material Composition: PVC / Aluminum Oxide / High Speed Steel
- Product Dimensions: 1/2 in x 18 in
- Board Length: 12 ft
- Width Profile: 1x6
- Color / Finish: Slate Gray / White / Stainless Steel
- Edge Profile: Grooved
- Wattage Rating: 60W
- Color Temperature: 2700K
- Power Source: Electric
- Display Condition: New
- Package Quantity: 5 Pack",1,SPECIFICATIONS,1.0,True,True,True,True,1.0,verified
PROD-0198,1513719,Boise Cascade Building Materials,width_profile,1x6,manufacturer_pdf,https://www.boisecascadebuildingmaterials.com/docs/datasheets/1513719.pdf,"OFFICIAL MANUFACTURER TECHNICAL DATASHEET:
- Part Number: 1513719
- Manufacturer: Boise Cascade Building Materials
- Material Composition: PVC / Aluminum Oxide / High Speed Steel
- Product Dimensions: 1/2 in x 18 in
- Board Length: 12 ft
- Width Profile: 1x6
- Color / Finish: Slate Gray / White / Stainless Steel
- Edge Profile: Grooved
- Wattage Rating: 60W
- Color Temperature: 2700K
- Power Source: Electric
- Display Condition: New
- Package Quantity: 5 Pack",1,SPECIFICATIONS,1.0,True,True,True,True,1.0,verified
PROD-0199,1513720,Boise Cascade Building Materials,color,Slate Gray,manufacturer_pdf,https://www.boisecascadebuildingmaterials.com/docs/datasheets/1513720.pdf,"OFFICIAL MANUFACTURER TECHNICAL DATASHEET:
- Part Number: 1513720
- Manufacturer: Boise Cascade Building Materials
- Material Composition: PVC / Aluminum Oxide / High Speed Steel
- Product Dimensions: 1/2 in x 18 in
- Board Length: 12 ft
- Width Profile: 1x6
- Color / Finish: Slate Gray / White / Stainless Steel
- Edge Profile: Grooved
- Wattage Rating: 60W
- Color Temperature: 2700K
- Power Source: Electric
- Display Condition: New
- Package Quantity: 5 Pack",1,SPECIFICATIONS,1.0,True,True,True,True,1.0,verified
PROD-0199,1513720,Boise Cascade Building Materials,edge_profile,Grooved,manufacturer_pdf,https://www.boisecascadebuildingmaterials.com/docs/datasheets/1513720.pdf,"OFFICIAL MANUFACTURER TECHNICAL DATASHEET:
- Part Number: 1513720
- Manufacturer: Boise Cascade Building Materials
- Material Composition: PVC / Aluminum Oxide / High Speed Steel
- Product Dimensions: 1/2 in x 18 in
- Board Length: 12 ft
- Width Profile: 1x6
- Color / Finish: Slate Gray / White / Stainless Steel
- Edge Profile: Grooved
- Wattage Rating: 60W
- Color Temperature: 2700K
- Power Source: Electric
- Display Condition: New
- Package Quantity: 5 Pack",1,SPECIFICATIONS,1.0,True,True,True,True,1.0,verified
PROD-0199,1513720,Boise Cascade Building Materials,length,12 ft,manufacturer_pdf,https://www.boisecascadebuildingmaterials.com/docs/datasheets/1513720.pdf,"OFFICIAL MANUFACTURER TECHNICAL DATASHEET:
- Part Number: 1513720
- Manufacturer: Boise Cascade Building Materials
- Material Composition: PVC / Aluminum Oxide / High Speed Steel
- Product Dimensions: 1/2 in x 18 in
- Board Length: 12 ft
- Width Profile: 1x6
- Color / Finish: Slate Gray / White / Stainless Steel
- Edge Profile: Grooved
- Wattage Rating: 60W
- Color Temperature: 2700K
- Power Source: Electric
- Display Condition: New
- Package Quantity: 5 Pack",1,SPECIFICATIONS,1.0,True,True,True,True,1.0,verified
PROD-0199,1513720,Boise Cascade Building Materials,material,PVC,manufacturer_pdf,https://www.boisecascadebuildingmaterials.com/docs/datasheets/1513720.pdf,"OFFICIAL MANUFACTURER TECHNICAL DATASHEET:
- Part Number: 1513720
- Manufacturer: Boise Cascade Building Materials
- Material Composition: PVC / Aluminum Oxide / High Speed Steel
- Product Dimensions: 1/2 in x 18 in
- Board Length: 12 ft
- Width Profile: 1x6
- Color / Finish: Slate Gray / White / Stainless Steel
- Edge Profile: Grooved
- Wattage Rating: 60W
- Color Temperature: 2700K
- Power Source: Electric
- Display Condition: New
- Package Quantity: 5 Pack",1,SPECIFICATIONS,1.0,True,True,True,True,1.0,verified
PROD-0199,1513720,Boise Cascade Building Materials,width_profile,1x6,manufacturer_pdf,https://www.boisecascadebuildingmaterials.com/docs/datasheets/1513720.pdf,"OFFICIAL MANUFACTURER TECHNICAL DATASHEET:
- Part Number: 1513720
- Manufacturer: Boise Cascade Building Materials
- Material Composition: PVC / Aluminum Oxide / High Speed Steel
- Product Dimensions: 1/2 in x 18 in
- Board Length: 12 ft
- Width Profile: 1x6
- Color / Finish: Slate Gray / White / Stainless Steel
- Edge Profile: Grooved
- Wattage Rating: 60W
- Color Temperature: 2700K
- Power Source: Electric
- Display Condition: New
- Package Quantity: 5 Pack",1,SPECIFICATIONS,1.0,True,True,True,True,1.0,verified
PROD-0200,1513721,Boise Cascade Building Materials,color,Slate Gray,manufacturer_pdf,https://www.boisecascadebuildingmaterials.com/docs/datasheets/1513721.pdf,"OFFICIAL MANUFACTURER TECHNICAL DATASHEET:
- Part Number: 1513721
- Manufacturer: Boise Cascade Building Materials
- Material Composition: PVC / Aluminum Oxide / High Speed Steel
- Product Dimensions: 1/2 in x 18 in
- Board Length: 12 ft
- Width Profile: 1x6
- Color / Finish: Slate Gray / White / Stainless Steel
- Edge Profile: Grooved
- Wattage Rating: 60W
- Color Temperature: 2700K
- Power Source: Electric
- Display Condition: New
- Package Quantity: 5 Pack",1,SPECIFICATIONS,1.0,True,True,True,True,1.0,verified
PROD-0200,1513721,Boise Cascade Building Materials,edge_profile,Grooved,manufacturer_pdf,https://www.boisecascadebuildingmaterials.com/docs/datasheets/1513721.pdf,"OFFICIAL MANUFACTURER TECHNICAL DATASHEET:
- Part Number: 1513721
- Manufacturer: Boise Cascade Building Materials
- Material Composition: PVC / Aluminum Oxide / High Speed Steel
- Product Dimensions: 1/2 in x 18 in
- Board Length: 12 ft
- Width Profile: 1x6
- Color / Finish: Slate Gray / White / Stainless Steel
- Edge Profile: Grooved
- Wattage Rating: 60W
- Color Temperature: 2700K
- Power Source: Electric
- Display Condition: New
- Package Quantity: 5 Pack",1,SPECIFICATIONS,1.0,True,True,True,True,1.0,verified
PROD-0200,1513721,Boise Cascade Building Materials,length,12 ft,manufacturer_pdf,https://www.boisecascadebuildingmaterials.com/docs/datasheets/1513721.pdf,"OFFICIAL MANUFACTURER TECHNICAL DATASHEET:
- Part Number: 1513721
- Manufacturer: Boise Cascade Building Materials
- Material Composition: PVC / Aluminum Oxide / High Speed Steel
- Product Dimensions: 1/2 in x 18 in
- Board Length: 12 ft
- Width Profile: 1x6
- Color / Finish: Slate Gray / White / Stainless Steel
- Edge Profile: Grooved
- Wattage Rating: 60W
- Color Temperature: 2700K
- Power Source: Electric
- Display Condition: New
- Package Quantity: 5 Pack",1,SPECIFICATIONS,1.0,True,True,True,True,1.0,verified
PROD-0200,1513721,Boise Cascade Building Materials,material,PVC,manufacturer_pdf,https://www.boisecascadebuildingmaterials.com/docs/datasheets/1513721.pdf,"OFFICIAL MANUFACTURER TECHNICAL DATASHEET:
- Part Number: 1513721
- Manufacturer: Boise Cascade Building Materials
- Material Composition: PVC / Aluminum Oxide / High Speed Steel
- Product Dimensions: 1/2 in x 18 in
- Board Length: 12 ft
- Width Profile: 1x6
- Color / Finish: Slate Gray / White / Stainless Steel
- Edge Profile: Grooved
- Wattage Rating: 60W
- Color Temperature: 2700K
- Power Source: Electric
- Display Condition: New
- Package Quantity: 5 Pack",1,SPECIFICATIONS,1.0,True,True,True,True,1.0,verified
PROD-0200,1513721,Boise Cascade Building Materials,width_profile,1x6,manufacturer_pdf,https://www.boisecascadebuildingmaterials.com/docs/datasheets/1513721.pdf,"OFFICIAL MANUFACTURER TECHNICAL DATASHEET:
- Part Number: 1513721
- Manufacturer: Boise Cascade Building Materials
- Material Composition: PVC / Aluminum Oxide / High Speed Steel
- Product Dimensions: 1/2 in x 18 in
- Board Length: 12 ft
- Width Profile: 1x6
- Color / Finish: Slate Gray / White / Stainless Steel
- Edge Profile: Grooved
- Wattage Rating: 60W
- Color Temperature: 2700K
- Power Source: Electric
- Display Condition: New
- Package Quantity: 5 Pack",1,SPECIFICATIONS,1.0,True,True,True,True,1.0,verified
PROD-0201,1513724,Boise Cascade Building Materials,color,Slate Gray,manufacturer_pdf,https://www.boisecascadebuildingmaterials.com/docs/datasheets/1513724.pdf,"OFFICIAL MANUFACTURER TECHNICAL DATASHEET:
- Part Number: 1513724
- Manufacturer: Boise Cascade Building Materials
- Material Composition: PVC / Aluminum Oxide / High Speed Steel
- Product Dimensions: 1/2 in x 18 in
- Board Length: 12 ft
- Width Profile: 1x6
- Color / Finish: Slate Gray / White / Stainless Steel
- Edge Profile: Grooved
- Wattage Rating: 60W
- Color Temperature: 2700K
- Power Source: Electric
- Display Condition: New
- Package Quantity: 5 Pack",1,SPECIFICATIONS,1.0,True,True,True,True,1.0,verified
PROD-0201,1513724,Boise Cascade Building Materials,edge_profile,Grooved,manufacturer_pdf,https://www.boisecascadebuildingmaterials.com/docs/datasheets/1513724.pdf,"OFFICIAL MANUFACTURER TECHNICAL DATASHEET:
- Part Number: 1513724
- Manufacturer: Boise Cascade Building Materials
- Material Composition: PVC / Aluminum Oxide / High Speed Steel
- Product Dimensions: 1/2 in x 18 in
- Board Length: 12 ft
- Width Profile: 1x6
- Color / Finish: Slate Gray / White / Stainless Steel
- Edge Profile: Grooved
- Wattage Rating: 60W
- Color Temperature: 2700K
- Power Source: Electric
- Display Condition: New
- Package Quantity: 5 Pack",1,SPECIFICATIONS,1.0,True,True,True,True,1.0,verified
PROD-0201,1513724,Boise Cascade Building Materials,length,12 ft,manufacturer_pdf,https://www.boisecascadebuildingmaterials.com/docs/datasheets/1513724.pdf,"OFFICIAL MANUFACTURER TECHNICAL DATASHEET:
- Part Number: 1513724
- Manufacturer: Boise Cascade Building Materials
- Material Composition: PVC / Aluminum Oxide / High Speed Steel
- Product Dimensions: 1/2 in x 18 in
- Board Length: 12 ft
- Width Profile: 1x6
- Color / Finish: Slate Gray / White / Stainless Steel
- Edge Profile: Grooved
- Wattage Rating: 60W
- Color Temperature: 2700K
- Power Source: Electric
- Display Condition: New
- Package Quantity: 5 Pack",1,SPECIFICATIONS,1.0,True,True,True,True,1.0,verified
PROD-0201,1513724,Boise Cascade Building Materials,material,PVC,manufacturer_pdf,https://www.boisecascadebuildingmaterials.com/docs/datasheets/1513724.pdf,"OFFICIAL MANUFACTURER TECHNICAL DATASHEET:
- Part Number: 1513724
- Manufacturer: Boise Cascade Building Materials
- Material Composition: PVC / Aluminum Oxide / High Speed Steel
- Product Dimensions: 1/2 in x 18 in
- Board Length: 12 ft
- Width Profile: 1x6
- Color / Finish: Slate Gray / White / Stainless Steel
- Edge Profile: Grooved
- Wattage Rating: 60W
- Color Temperature: 2700K
- Power Source: Electric
- Display Condition: New
- Package Quantity: 5 Pack",1,SPECIFICATIONS,1.0,True,True,True,True,1.0,verified
PROD-0201,1513724,Boise Cascade Building Materials,width_profile,1x6,manufacturer_pdf,https://www.boisecascadebuildingmaterials.com/docs/datasheets/1513724.pdf,"OFFICIAL MANUFACTURER TECHNICAL DATASHEET:
- Part Number: 1513724
- Manufacturer: Boise Cascade Building Materials
- Material Composition: PVC / Aluminum Oxide / High Speed Steel
- Product Dimensions: 1/2 in x 18 in
- Board Length: 12 ft
- Width Profile: 1x6
- Color / Finish: Slate Gray / White / Stainless Steel
- Edge Profile: Grooved
- Wattage Rating: 60W
- Color Temperature: 2700K
- Power Source: Electric
- Display Condition: New
- Package Quantity: 5 Pack",1,SPECIFICATIONS,1.0,True,True,True,True,1.0,verified
PROD-0202,1513725,Boise Cascade Building Materials,color,Slate Gray,manufacturer_pdf,https://www.boisecascadebuildingmaterials.com/docs/datasheets/1513725.pdf,"OFFICIAL MANUFACTURER TECHNICAL DATASHEET:
- Part Number: 1513725
- Manufacturer: Boise Cascade Building Materials
- Material Composition: PVC / Aluminum Oxide / High Speed Steel
- Product Dimensions: 1/2 in x 18 in
- Board Length: 12 ft
- Width Profile: 1x6
- Color / Finish: Slate Gray / White / Stainless Steel
- Edge Profile: Grooved
- Wattage Rating: 60W
- Color Temperature: 2700K
- Power Source: Electric
- Display Condition: New
- Package Quantity: 5 Pack",1,SPECIFICATIONS,1.0,True,True,True,True,1.0,verified
PROD-0202,1513725,Boise Cascade Building Materials,edge_profile,Grooved,manufacturer_pdf,https://www.boisecascadebuildingmaterials.com/docs/datasheets/1513725.pdf,"OFFICIAL MANUFACTURER TECHNICAL DATASHEET:
- Part Number: 1513725
- Manufacturer: Boise Cascade Building Materials
- Material Composition: PVC / Aluminum Oxide / High Speed Steel
- Product Dimensions: 1/2 in x 18 in
- Board Length: 12 ft
- Width Profile: 1x6
- Color / Finish: Slate Gray / White / Stainless Steel
- Edge Profile: Grooved
- Wattage Rating: 60W
- Color Temperature: 2700K
- Power Source: Electric
- Display Condition: New
- Package Quantity: 5 Pack",1,SPECIFICATIONS,1.0,True,True,True,True,1.0,verified
PROD-0202,1513725,Boise Cascade Building Materials,length,12 ft,manufacturer_pdf,https://www.boisecascadebuildingmaterials.com/docs/datasheets/1513725.pdf,"OFFICIAL MANUFACTURER TECHNICAL DATASHEET:
- Part Number: 1513725
- Manufacturer: Boise Cascade Building Materials
- Material Composition: PVC / Aluminum Oxide / High Speed Steel
- Product Dimensions: 1/2 in x 18 in
- Board Length: 12 ft
- Width Profile: 1x6
- Color / Finish: Slate Gray / White / Stainless Steel
- Edge Profile: Grooved
- Wattage Rating: 60W
- Color Temperature: 2700K
- Power Source: Electric
- Display Condition: New
- Package Quantity: 5 Pack",1,SPECIFICATIONS,1.0,True,True,True,True,1.0,verified
PROD-0202,1513725,Boise Cascade Building Materials,material,PVC,manufacturer_pdf,https://www.boisecascadebuildingmaterials.com/docs/datasheets/1513725.pdf,"OFFICIAL MANUFACTURER TECHNICAL DATASHEET:
- Part Number: 1513725
- Manufacturer: Boise Cascade Building Materials
- Material Composition: PVC / Aluminum Oxide / High Speed Steel
- Product Dimensions: 1/2 in x 18 in
- Board Length: 12 ft
- Width Profile: 1x6
- Color / Finish: Slate Gray / White / Stainless Steel
- Edge Profile: Grooved
- Wattage Rating: 60W
- Color Temperature: 2700K
- Power Source: Electric
- Display Condition: New
- Package Quantity: 5 Pack",1,SPECIFICATIONS,1.0,True,True,True,True,1.0,verified
PROD-0202,1513725,Boise Cascade Building Materials,width_profile,1x6,manufacturer_pdf,https://www.boisecascadebuildingmaterials.com/docs/datasheets/1513725.pdf,"OFFICIAL MANUFACTURER TECHNICAL DATASHEET:
- Part Number: 1513725
- Manufacturer: Boise Cascade Building Materials
- Material Composition: PVC / Aluminum Oxide / High Speed Steel
- Product Dimensions: 1/2 in x 18 in
- Board Length: 12 ft
- Width Profile: 1x6
- Color / Finish: Slate Gray / White / Stainless Steel
- Edge Profile: Grooved
- Wattage Rating: 60W
- Color Temperature: 2700K
- Power Source: Electric
- Display Condition: New
- Package Quantity: 5 Pack",1,SPECIFICATIONS,1.0,True,True,True,True,1.0,verified
PROD-0203,1513726,Boise Cascade Building Materials,color,Slate Gray,manufacturer_pdf,https://www.boisecascadebuildingmaterials.com/docs/datasheets/1513726.pdf,"OFFICIAL MANUFACTURER TECHNICAL DATASHEET:
- Part Number: 1513726
- Manufacturer: Boise Cascade Building Materials
- Material Composition: PVC / Aluminum Oxide / High Speed Steel
- Product Dimensions: 1/2 in x 18 in
- Board Length: 12 ft
- Width Profile: 1x6
- Color / Finish: Slate Gray / White / Stainless Steel
- Edge Profile: Grooved
- Wattage Rating: 60W
- Color Temperature: 2700K
- Power Source: Electric
- Display Condition: New
- Package Quantity: 5 Pack",1,SPECIFICATIONS,1.0,True,True,True,True,1.0,verified
PROD-0203,1513726,Boise Cascade Building Materials,edge_profile,Grooved,manufacturer_pdf,https://www.boisecascadebuildingmaterials.com/docs/datasheets/1513726.pdf,"OFFICIAL MANUFACTURER TECHNICAL DATASHEET:
- Part Number: 1513726
- Manufacturer: Boise Cascade Building Materials
- Material Composition: PVC / Aluminum Oxide / High Speed Steel
- Product Dimensions: 1/2 in x 18 in
- Board Length: 12 ft
- Width Profile: 1x6
- Color / Finish: Slate Gray / White / Stainless Steel
- Edge Profile: Grooved
- Wattage Rating: 60W
- Color Temperature: 2700K
- Power Source: Electric
- Display Condition: New
- Package Quantity: 5 Pack",1,SPECIFICATIONS,1.0,True,True,True,True,1.0,verified
PROD-0203,1513726,Boise Cascade Building Materials,length,12 ft,manufacturer_pdf,https://www.boisecascadebuildingmaterials.com/docs/datasheets/1513726.pdf,"OFFICIAL MANUFACTURER TECHNICAL DATASHEET:
- Part Number: 1513726
- Manufacturer: Boise Cascade Building Materials
- Material Composition: PVC / Aluminum Oxide / High Speed Steel
- Product Dimensions: 1/2 in x 18 in
- Board Length: 12 ft
- Width Profile: 1x6
- Color / Finish: Slate Gray / White / Stainless Steel
- Edge Profile: Grooved
- Wattage Rating: 60W
- Color Temperature: 2700K
- Power Source: Electric
- Display Condition: New
- Package Quantity: 5 Pack",1,SPECIFICATIONS,1.0,True,True,True,True,1.0,verified
PROD-0203,1513726,Boise Cascade Building Materials,material,PVC,manufacturer_pdf,https://www.boisecascadebuildingmaterials.com/docs/datasheets/1513726.pdf,"OFFICIAL MANUFACTURER TECHNICAL DATASHEET:
- Part Number: 1513726
- Manufacturer: Boise Cascade Building Materials
- Material Composition: PVC / Aluminum Oxide / High Speed Steel
- Product Dimensions: 1/2 in x 18 in
- Board Length: 12 ft
- Width Profile: 1x6
- Color / Finish: Slate Gray / White / Stainless Steel
- Edge Profile: Grooved
- Wattage Rating: 60W
- Color Temperature: 2700K
- Power Source: Electric
- Display Condition: New
- Package Quantity: 5 Pack",1,SPECIFICATIONS,1.0,True,True,True,True,1.0,verified
PROD-0203,1513726,Boise Cascade Building Materials,width_profile,1x6,manufacturer_pdf,https://www.boisecascadebuildingmaterials.com/docs/datasheets/1513726.pdf,"OFFICIAL MANUFACTURER TECHNICAL DATASHEET:
- Part Number: 1513726
- Manufacturer: Boise Cascade Building Materials
- Material Composition: PVC / Aluminum Oxide / High Speed Steel
- Product Dimensions: 1/2 in x 18 in
- Board Length: 12 ft
- Width Profile: 1x6
- Color / Finish: Slate Gray / White / Stainless Steel
- Edge Profile: Grooved
- Wattage Rating: 60W
- Color Temperature: 2700K
- Power Source: Electric
- Display Condition: New
- Package Quantity: 5 Pack",1,SPECIFICATIONS,1.0,True,True,True,True,1.0,verified
PROD-0204,1513727,Boise Cascade Building Materials,color,Slate Gray,manufacturer_pdf,https://www.boisecascadebuildingmaterials.com/docs/datasheets/1513727.pdf,"OFFICIAL MANUFACTURER TECHNICAL DATASHEET:
- Part Number: 1513727
- Manufacturer: Boise Cascade Building Materials
- Material Composition: PVC / Aluminum Oxide / High Speed Steel
- Product Dimensions: 1/2 in x 18 in
- Board Length: 12 ft
- Width Profile: 1x6
- Color / Finish: Slate Gray / White / Stainless Steel
- Edge Profile: Grooved
- Wattage Rating: 60W
- Color Temperature: 2700K
- Power Source: Electric
- Display Condition: New
- Package Quantity: 5 Pack",1,SPECIFICATIONS,1.0,True,True,True,True,1.0,verified
PROD-0204,1513727,Boise Cascade Building Materials,edge_profile,Grooved,manufacturer_pdf,https://www.boisecascadebuildingmaterials.com/docs/datasheets/1513727.pdf,"OFFICIAL MANUFACTURER TECHNICAL DATASHEET:
- Part Number: 1513727
- Manufacturer: Boise Cascade Building Materials
- Material Composition: PVC / Aluminum Oxide / High Speed Steel
- Product Dimensions: 1/2 in x 18 in
- Board Length: 12 ft
- Width Profile: 1x6
- Color / Finish: Slate Gray / White / Stainless Steel
- Edge Profile: Grooved
- Wattage Rating: 60W
- Color Temperature: 2700K
- Power Source: Electric
- Display Condition: New
- Package Quantity: 5 Pack",1,SPECIFICATIONS,1.0,True,True,True,True,1.0,verified
PROD-0204,1513727,Boise Cascade Building Materials,length,12 ft,manufacturer_pdf,https://www.boisecascadebuildingmaterials.com/docs/datasheets/1513727.pdf,"OFFICIAL MANUFACTURER TECHNICAL DATASHEET:
- Part Number: 1513727
- Manufacturer: Boise Cascade Building Materials
- Material Composition: PVC / Aluminum Oxide / High Speed Steel
- Product Dimensions: 1/2 in x 18 in
- Board Length: 12 ft
- Width Profile: 1x6
- Color / Finish: Slate Gray / White / Stainless Steel
- Edge Profile: Grooved
- Wattage Rating: 60W
- Color Temperature: 2700K
- Power Source: Electric
- Display Condition: New
- Package Quantity: 5 Pack",1,SPECIFICATIONS,1.0,True,True,True,True,1.0,verified
PROD-0204,1513727,Boise Cascade Building Materials,material,PVC,manufacturer_pdf,https://www.boisecascadebuildingmaterials.com/docs/datasheets/1513727.pdf,"OFFICIAL MANUFACTURER TECHNICAL DATASHEET:
- Part Number: 1513727
- Manufacturer: Boise Cascade Building Materials
- Material Composition: PVC / Aluminum Oxide / High Speed Steel
- Product Dimensions: 1/2 in x 18 in
- Board Length: 12 ft
- Width Profile: 1x6
- Color / Finish: Slate Gray / White / Stainless Steel
- Edge Profile: Grooved
- Wattage Rating: 60W
- Color Temperature: 2700K
- Power Source: Electric
- Display Condition: New
- Package Quantity: 5 Pack",1,SPECIFICATIONS,1.0,True,True,True,True,1.0,verified
PROD-0204,1513727,Boise Cascade Building Materials,width_profile,1x6,manufacturer_pdf,https://www.boisecascadebuildingmaterials.com/docs/datasheets/1513727.pdf,"OFFICIAL MANUFACTURER TECHNICAL DATASHEET:
- Part Number: 1513727
- Manufacturer: Boise Cascade Building Materials
- Material Composition: PVC / Aluminum Oxide / High Speed Steel
- Product Dimensions: 1/2 in x 18 in
- Board Length: 12 ft
- Width Profile: 1x6
- Color / Finish: Slate Gray / White / Stainless Steel
- Edge Profile: Grooved
- Wattage Rating: 60W
- Color Temperature: 2700K
- Power Source: Electric
- Display Condition: New
- Package Quantity: 5 Pack",1,SPECIFICATIONS,1.0,True,True,True,True,1.0,verified
PROD-0205,1513728,Boise Cascade Building Materials,color,Slate Gray,manufacturer_pdf,https://www.boisecascadebuildingmaterials.com/docs/datasheets/1513728.pdf,"OFFICIAL MANUFACTURER TECHNICAL DATASHEET:
- Part Number: 1513728
- Manufacturer: Boise Cascade Building Materials
- Material Composition: PVC / Aluminum Oxide / High Speed Steel
- Product Dimensions: 1/2 in x 18 in
- Board Length: 12 ft
- Width Profile: 1x6
- Color / Finish: Slate Gray / White / Stainless Steel
- Edge Profile: Grooved
- Wattage Rating: 60W
- Color Temperature: 2700K
- Power Source: Electric
- Display Condition: New
- Package Quantity: 5 Pack",1,SPECIFICATIONS,1.0,True,True,True,True,1.0,verified
PROD-0205,1513728,Boise Cascade Building Materials,edge_profile,Grooved,manufacturer_pdf,https://www.boisecascadebuildingmaterials.com/docs/datasheets/1513728.pdf,"OFFICIAL MANUFACTURER TECHNICAL DATASHEET:
- Part Number: 1513728
- Manufacturer: Boise Cascade Building Materials
- Material Composition: PVC / Aluminum Oxide / High Speed Steel
- Product Dimensions: 1/2 in x 18 in
- Board Length: 12 ft
- Width Profile: 1x6
- Color / Finish: Slate Gray / White / Stainless Steel
- Edge Profile: Grooved
- Wattage Rating: 60W
- Color Temperature: 2700K
- Power Source: Electric
- Display Condition: New
- Package Quantity: 5 Pack",1,SPECIFICATIONS,1.0,True,True,True,True,1.0,verified
PROD-0205,1513728,Boise Cascade Building Materials,length,12 ft,manufacturer_pdf,https://www.boisecascadebuildingmaterials.com/docs/datasheets/1513728.pdf,"OFFICIAL MANUFACTURER TECHNICAL DATASHEET:
- Part Number: 1513728
- Manufacturer: Boise Cascade Building Materials
- Material Composition: PVC / Aluminum Oxide / High Speed Steel
- Product Dimensions: 1/2 in x 18 in
- Board Length: 12 ft
- Width Profile: 1x6
- Color / Finish: Slate Gray / White / Stainless Steel
- Edge Profile: Grooved
- Wattage Rating: 60W
- Color Temperature: 2700K
- Power Source: Electric
- Display Condition: New
- Package Quantity: 5 Pack",1,SPECIFICATIONS,1.0,True,True,True,True,1.0,verified
PROD-0205,1513728,Boise Cascade Building Materials,material,PVC,manufacturer_pdf,https://www.boisecascadebuildingmaterials.com/docs/datasheets/1513728.pdf,"OFFICIAL MANUFACTURER TECHNICAL DATASHEET:
- Part Number: 1513728
- Manufacturer: Boise Cascade Building Materials
- Material Composition: PVC / Aluminum Oxide / High Speed Steel
- Product Dimensions: 1/2 in x 18 in
- Board Length: 12 ft
- Width Profile: 1x6
- Color / Finish: Slate Gray / White / Stainless Steel
- Edge Profile: Grooved
- Wattage Rating: 60W
- Color Temperature: 2700K
- Power Source: Electric
- Display Condition: New
- Package Quantity: 5 Pack",1,SPECIFICATIONS,1.0,True,True,True,True,1.0,verified
PROD-0205,1513728,Boise Cascade Building Materials,width_profile,1x6,manufacturer_pdf,https://www.boisecascadebuildingmaterials.com/docs/datasheets/1513728.pdf,"OFFICIAL MANUFACTURER TECHNICAL DATASHEET:
- Part Number: 1513728
- Manufacturer: Boise Cascade Building Materials
- Material Composition: PVC / Aluminum Oxide / High Speed Steel
- Product Dimensions: 1/2 in x 18 in
- Board Length: 12 ft
- Width Profile: 1x6
- Color / Finish: Slate Gray / White / Stainless Steel
- Edge Profile: Grooved
- Wattage Rating: 60W
- Color Temperature: 2700K
- Power Source: Electric
- Display Condition: New
- Package Quantity: 5 Pack",1,SPECIFICATIONS,1.0,True,True,True,True,1.0,verified
PROD-0206,543076016,Boise Cascade Building Materials,color,Slate Gray,manufacturer_pdf,https://www.boisecascadebuildingmaterials.com/docs/datasheets/543076016.pdf,"OFFICIAL MANUFACTURER TECHNICAL DATASHEET:
- Part Number: 543076016
- Manufacturer: Boise Cascade Building Materials
- Material Composition: PVC / Aluminum Oxide / High Speed Steel
- Product Dimensions: 1/2 in x 18 in
- Board Length: 12 ft
- Width Profile: 1x6
- Color / Finish: Slate Gray / White / Stainless Steel
- Edge Profile: Grooved
- Wattage Rating: 60W
- Color Temperature: 2700K
- Power Source: Electric
- Display Condition: New
- Package Quantity: 5 Pack",1,SPECIFICATIONS,1.0,True,True,True,True,1.0,verified
PROD-0206,543076016,Boise Cascade Building Materials,edge_profile,Grooved,manufacturer_pdf,https://www.boisecascadebuildingmaterials.com/docs/datasheets/543076016.pdf,"OFFICIAL MANUFACTURER TECHNICAL DATASHEET:
- Part Number: 543076016
- Manufacturer: Boise Cascade Building Materials
- Material Composition: PVC / Aluminum Oxide / High Speed Steel
- Product Dimensions: 1/2 in x 18 in
- Board Length: 12 ft
- Width Profile: 1x6
- Color / Finish: Slate Gray / White / Stainless Steel
- Edge Profile: Grooved
- Wattage Rating: 60W
- Color Temperature: 2700K
- Power Source: Electric
- Display Condition: New
- Package Quantity: 5 Pack",1,SPECIFICATIONS,1.0,True,True,True,True,1.0,verified
PROD-0206,543076016,Boise Cascade Building Materials,length,12 ft,manufacturer_pdf,https://www.boisecascadebuildingmaterials.com/docs/datasheets/543076016.pdf,"OFFICIAL MANUFACTURER TECHNICAL DATASHEET:
- Part Number: 543076016
- Manufacturer: Boise Cascade Building Materials
- Material Composition: PVC / Aluminum Oxide / High Speed Steel
- Product Dimensions: 1/2 in x 18 in
- Board Length: 12 ft
- Width Profile: 1x6
- Color / Finish: Slate Gray / White / Stainless Steel
- Edge Profile: Grooved
- Wattage Rating: 60W
- Color Temperature: 2700K
- Power Source: Electric
- Display Condition: New
- Package Quantity: 5 Pack",1,SPECIFICATIONS,1.0,True,True,True,True,1.0,verified
PROD-0206,543076016,Boise Cascade Building Materials,material,PVC,manufacturer_pdf,https://www.boisecascadebuildingmaterials.com/docs/datasheets/543076016.pdf,"OFFICIAL MANUFACTURER TECHNICAL DATASHEET:
- Part Number: 543076016
- Manufacturer: Boise Cascade Building Materials
- Material Composition: PVC / Aluminum Oxide / High Speed Steel
- Product Dimensions: 1/2 in x 18 in
- Board Length: 12 ft
- Width Profile: 1x6
- Color / Finish: Slate Gray / White / Stainless Steel
- Edge Profile: Grooved
- Wattage Rating: 60W
- Color Temperature: 2700K
- Power Source: Electric
- Display Condition: New
- Package Quantity: 5 Pack",1,SPECIFICATIONS,1.0,True,True,True,True,1.0,verified
PROD-0206,543076016,Boise Cascade Building Materials,width_profile,1x6,manufacturer_pdf,https://www.boisecascadebuildingmaterials.com/docs/datasheets/543076016.pdf,"OFFICIAL MANUFACTURER TECHNICAL DATASHEET:
- Part Number: 543076016
- Manufacturer: Boise Cascade Building Materials
- Material Composition: PVC / Aluminum Oxide / High Speed Steel
- Product Dimensions: 1/2 in x 18 in
- Board Length: 12 ft
- Width Profile: 1x6
- Color / Finish: Slate Gray / White / Stainless Steel
- Edge Profile: Grooved
- Wattage Rating: 60W
- Color Temperature: 2700K
- Power Source: Electric
- Display Condition: New
- Package Quantity: 5 Pack",1,SPECIFICATIONS,1.0,True,True,True,True,1.0,verified
PROD-0207,543076020,Boise Cascade Building Materials,color,Slate Gray,manufacturer_pdf,https://www.boisecascadebuildingmaterials.com/docs/datasheets/543076020.pdf,"OFFICIAL MANUFACTURER TECHNICAL DATASHEET:
- Part Number: 543076020
- Manufacturer: Boise Cascade Building Materials
- Material Composition: PVC / Aluminum Oxide / High Speed Steel
- Product Dimensions: 1/2 in x 18 in
- Board Length: 12 ft
- Width Profile: 1x6
- Color / Finish: Slate Gray / White / Stainless Steel
- Edge Profile: Grooved
- Wattage Rating: 60W
- Color Temperature: 2700K
- Power Source: Electric
- Display Condition: New
- Package Quantity: 5 Pack",1,SPECIFICATIONS,1.0,True,True,True,True,1.0,verified
PROD-0207,543076020,Boise Cascade Building Materials,edge_profile,Grooved,manufacturer_pdf,https://www.boisecascadebuildingmaterials.com/docs/datasheets/543076020.pdf,"OFFICIAL MANUFACTURER TECHNICAL DATASHEET:
- Part Number: 543076020
- Manufacturer: Boise Cascade Building Materials
- Material Composition: PVC / Aluminum Oxide / High Speed Steel
- Product Dimensions: 1/2 in x 18 in
- Board Length: 12 ft
- Width Profile: 1x6
- Color / Finish: Slate Gray / White / Stainless Steel
- Edge Profile: Grooved
- Wattage Rating: 60W
- Color Temperature: 2700K
- Power Source: Electric
- Display Condition: New
- Package Quantity: 5 Pack",1,SPECIFICATIONS,1.0,True,True,True,True,1.0,verified
PROD-0207,543076020,Boise Cascade Building Materials,length,12 ft,manufacturer_pdf,https://www.boisecascadebuildingmaterials.com/docs/datasheets/543076020.pdf,"OFFICIAL MANUFACTURER TECHNICAL DATASHEET:
- Part Number: 543076020
- Manufacturer: Boise Cascade Building Materials
- Material Composition: PVC / Aluminum Oxide / High Speed Steel
- Product Dimensions: 1/2 in x 18 in
- Board Length: 12 ft
- Width Profile: 1x6
- Color / Finish: Slate Gray / White / Stainless Steel
- Edge Profile: Grooved
- Wattage Rating: 60W
- Color Temperature: 2700K
- Power Source: Electric
- Display Condition: New
- Package Quantity: 5 Pack",1,SPECIFICATIONS,1.0,True,True,True,True,1.0,verified
PROD-0207,543076020,Boise Cascade Building Materials,material,PVC,manufacturer_pdf,https://www.boisecascadebuildingmaterials.com/docs/datasheets/543076020.pdf,"OFFICIAL MANUFACTURER TECHNICAL DATASHEET:
- Part Number: 543076020
- Manufacturer: Boise Cascade Building Materials
- Material Composition: PVC / Aluminum Oxide / High Speed Steel
- Product Dimensions: 1/2 in x 18 in
- Board Length: 12 ft
- Width Profile: 1x6
- Color / Finish: Slate Gray / White / Stainless Steel
- Edge Profile: Grooved
- Wattage Rating: 60W
- Color Temperature: 2700K
- Power Source: Electric
- Display Condition: New
- Package Quantity: 5 Pack",1,SPECIFICATIONS,1.0,True,True,True,True,1.0,verified
PROD-0207,543076020,Boise Cascade Building Materials,width_profile,1x6,manufacturer_pdf,https://www.boisecascadebuildingmaterials.com/docs/datasheets/543076020.pdf,"OFFICIAL MANUFACTURER TECHNICAL DATASHEET:
- Part Number: 543076020
- Manufacturer: Boise Cascade Building Materials
- Material Composition: PVC / Aluminum Oxide / High Speed Steel
- Product Dimensions: 1/2 in x 18 in
- Board Length: 12 ft
- Width Profile: 1x6
- Color / Finish: Slate Gray / White / Stainless Steel
- Edge Profile: Grooved
- Wattage Rating: 60W
- Color Temperature: 2700K
- Power Source: Electric
- Display Condition: New
- Package Quantity: 5 Pack",1,SPECIFICATIONS,1.0,True,True,True,True,1.0,verified
PROD-0208,543076412,Boise Cascade Building Materials,color,Slate Gray,manufacturer_pdf,https://www.boisecascadebuildingmaterials.com/docs/datasheets/543076412.pdf,"OFFICIAL MANUFACTURER TECHNICAL DATASHEET:
- Part Number: 543076412
- Manufacturer: Boise Cascade Building Materials
- Material Composition: PVC / Aluminum Oxide / High Speed Steel
- Product Dimensions: 1/2 in x 18 in
- Board Length: 12 ft
- Width Profile: 1x6
- Color / Finish: Slate Gray / White / Stainless Steel
- Edge Profile: Grooved
- Wattage Rating: 60W
- Color Temperature: 2700K
- Power Source: Electric
- Display Condition: New
- Package Quantity: 5 Pack",1,SPECIFICATIONS,1.0,True,True,True,True,1.0,verified
PROD-0208,543076412,Boise Cascade Building Materials,edge_profile,Grooved,manufacturer_pdf,https://www.boisecascadebuildingmaterials.com/docs/datasheets/543076412.pdf,"OFFICIAL MANUFACTURER TECHNICAL DATASHEET:
- Part Number: 543076412
- Manufacturer: Boise Cascade Building Materials
- Material Composition: PVC / Aluminum Oxide / High Speed Steel
- Product Dimensions: 1/2 in x 18 in
- Board Length: 12 ft
- Width Profile: 1x6
- Color / Finish: Slate Gray / White / Stainless Steel
- Edge Profile: Grooved
- Wattage Rating: 60W
- Color Temperature: 2700K
- Power Source: Electric
- Display Condition: New
- Package Quantity: 5 Pack",1,SPECIFICATIONS,1.0,True,True,True,True,1.0,verified
PROD-0208,543076412,Boise Cascade Building Materials,length,12 ft,manufacturer_pdf,https://www.boisecascadebuildingmaterials.com/docs/datasheets/543076412.pdf,"OFFICIAL MANUFACTURER TECHNICAL DATASHEET:
- Part Number: 543076412
- Manufacturer: Boise Cascade Building Materials
- Material Composition: PVC / Aluminum Oxide / High Speed Steel
- Product Dimensions: 1/2 in x 18 in
- Board Length: 12 ft
- Width Profile: 1x6
- Color / Finish: Slate Gray / White / Stainless Steel
- Edge Profile: Grooved
- Wattage Rating: 60W
- Color Temperature: 2700K
- Power Source: Electric
- Display Condition: New
- Package Quantity: 5 Pack",1,SPECIFICATIONS,1.0,True,True,True,True,1.0,verified
PROD-0208,543076412,Boise Cascade Building Materials,material,PVC,manufacturer_pdf,https://www.boisecascadebuildingmaterials.com/docs/datasheets/543076412.pdf,"OFFICIAL MANUFACTURER TECHNICAL DATASHEET:
- Part Number: 543076412
- Manufacturer: Boise Cascade Building Materials
- Material Composition: PVC / Aluminum Oxide / High Speed Steel
- Product Dimensions: 1/2 in x 18 in
- Board Length: 12 ft
- Width Profile: 1x6
- Color / Finish: Slate Gray / White / Stainless Steel
- Edge Profile: Grooved
- Wattage Rating: 60W
- Color Temperature: 2700K
- Power Source: Electric
- Display Condition: New
- Package Quantity: 5 Pack",1,SPECIFICATIONS,1.0,True,True,True,True,1.0,verified
PROD-0208,543076412,Boise Cascade Building Materials,width_profile,1x6,manufacturer_pdf,https://www.boisecascadebuildingmaterials.com/docs/datasheets/543076412.pdf,"OFFICIAL MANUFACTURER TECHNICAL DATASHEET:
- Part Number: 543076412
- Manufacturer: Boise Cascade Building Materials
- Material Composition: PVC / Aluminum Oxide / High Speed Steel
- Product Dimensions: 1/2 in x 18 in
- Board Length: 12 ft
- Width Profile: 1x6
- Color / Finish: Slate Gray / White / Stainless Steel
- Edge Profile: Grooved
- Wattage Rating: 60W
- Color Temperature: 2700K
- Power Source: Electric
- Display Condition: New
- Package Quantity: 5 Pack",1,SPECIFICATIONS,1.0,True,True,True,True,1.0,verified
PROD-0209,543076416,Boise Cascade Building Materials,color,Slate Gray,manufacturer_pdf,https://www.boisecascadebuildingmaterials.com/docs/datasheets/543076416.pdf,"OFFICIAL MANUFACTURER TECHNICAL DATASHEET:
- Part Number: 543076416
- Manufacturer: Boise Cascade Building Materials
- Material Composition: PVC / Aluminum Oxide / High Speed Steel
- Product Dimensions: 1/2 in x 18 in
- Board Length: 12 ft
- Width Profile: 1x6
- Color / Finish: Slate Gray / White / Stainless Steel
- Edge Profile: Grooved
- Wattage Rating: 60W
- Color Temperature: 2700K
- Power Source: Electric
- Display Condition: New
- Package Quantity: 5 Pack",1,SPECIFICATIONS,1.0,True,True,True,True,1.0,verified
PROD-0209,543076416,Boise Cascade Building Materials,edge_profile,Grooved,manufacturer_pdf,https://www.boisecascadebuildingmaterials.com/docs/datasheets/543076416.pdf,"OFFICIAL MANUFACTURER TECHNICAL DATASHEET:
- Part Number: 543076416
- Manufacturer: Boise Cascade Building Materials
- Material Composition: PVC / Aluminum Oxide / High Speed Steel
- Product Dimensions: 1/2 in x 18 in
- Board Length: 12 ft
- Width Profile: 1x6
- Color / Finish: Slate Gray / White / Stainless Steel
- Edge Profile: Grooved
- Wattage Rating: 60W
- Color Temperature: 2700K
- Power Source: Electric
- Display Condition: New
- Package Quantity: 5 Pack",1,SPECIFICATIONS,1.0,True,True,True,True,1.0,verified
PROD-0209,543076416,Boise Cascade Building Materials,length,12 ft,manufacturer_pdf,https://www.boisecascadebuildingmaterials.com/docs/datasheets/543076416.pdf,"OFFICIAL MANUFACTURER TECHNICAL DATASHEET:
- Part Number: 543076416
- Manufacturer: Boise Cascade Building Materials
- Material Composition: PVC / Aluminum Oxide / High Speed Steel
- Product Dimensions: 1/2 in x 18 in
- Board Length: 12 ft
- Width Profile: 1x6
- Color / Finish: Slate Gray / White / Stainless Steel
- Edge Profile: Grooved
- Wattage Rating: 60W
- Color Temperature: 2700K
- Power Source: Electric
- Display Condition: New
- Package Quantity: 5 Pack",1,SPECIFICATIONS,1.0,True,True,True,True,1.0,verified
PROD-0209,543076416,Boise Cascade Building Materials,material,PVC,manufacturer_pdf,https://www.boisecascadebuildingmaterials.com/docs/datasheets/543076416.pdf,"OFFICIAL MANUFACTURER TECHNICAL DATASHEET:
- Part Number: 543076416
- Manufacturer: Boise Cascade Building Materials
- Material Composition: PVC / Aluminum Oxide / High Speed Steel
- Product Dimensions: 1/2 in x 18 in
- Board Length: 12 ft
- Width Profile: 1x6
- Color / Finish: Slate Gray / White / Stainless Steel
- Edge Profile: Grooved
- Wattage Rating: 60W
- Color Temperature: 2700K
- Power Source: Electric
- Display Condition: New
- Package Quantity: 5 Pack",1,SPECIFICATIONS,1.0,True,True,True,True,1.0,verified
PROD-0209,543076416,Boise Cascade Building Materials,width_profile,1x6,manufacturer_pdf,https://www.boisecascadebuildingmaterials.com/docs/datasheets/543076416.pdf,"OFFICIAL MANUFACTURER TECHNICAL DATASHEET:
- Part Number: 543076416
- Manufacturer: Boise Cascade Building Materials
- Material Composition: PVC / Aluminum Oxide / High Speed Steel
- Product Dimensions: 1/2 in x 18 in
- Board Length: 12 ft
- Width Profile: 1x6
- Color / Finish: Slate Gray / White / Stainless Steel
- Edge Profile: Grooved
- Wattage Rating: 60W
- Color Temperature: 2700K
- Power Source: Electric
- Display Condition: New
- Package Quantity: 5 Pack",1,SPECIFICATIONS,1.0,True,True,True,True,1.0,verified
PROD-0210,543076420,Boise Cascade Building Materials,color,Slate Gray,manufacturer_pdf,https://www.boisecascadebuildingmaterials.com/docs/datasheets/543076420.pdf,"OFFICIAL MANUFACTURER TECHNICAL DATASHEET:
- Part Number: 543076420
- Manufacturer: Boise Cascade Building Materials
- Material Composition: PVC / Aluminum Oxide / High Speed Steel
- Product Dimensions: 1/2 in x 18 in
- Board Length: 12 ft
- Width Profile: 1x6
- Color / Finish: Slate Gray / White / Stainless Steel
- Edge Profile: Grooved
- Wattage Rating: 60W
- Color Temperature: 2700K
- Power Source: Electric
- Display Condition: New
- Package Quantity: 5 Pack",1,SPECIFICATIONS,1.0,True,True,True,True,1.0,verified
PROD-0210,543076420,Boise Cascade Building Materials,edge_profile,Grooved,manufacturer_pdf,https://www.boisecascadebuildingmaterials.com/docs/datasheets/543076420.pdf,"OFFICIAL MANUFACTURER TECHNICAL DATASHEET:
- Part Number: 543076420
- Manufacturer: Boise Cascade Building Materials
- Material Composition: PVC / Aluminum Oxide / High Speed Steel
- Product Dimensions: 1/2 in x 18 in
- Board Length: 12 ft
- Width Profile: 1x6
- Color / Finish: Slate Gray / White / Stainless Steel
- Edge Profile: Grooved
- Wattage Rating: 60W
- Color Temperature: 2700K
- Power Source: Electric
- Display Condition: New
- Package Quantity: 5 Pack",1,SPECIFICATIONS,1.0,True,True,True,True,1.0,verified
PROD-0210,543076420,Boise Cascade Building Materials,length,12 ft,manufacturer_pdf,https://www.boisecascadebuildingmaterials.com/docs/datasheets/543076420.pdf,"OFFICIAL MANUFACTURER TECHNICAL DATASHEET:
- Part Number: 543076420
- Manufacturer: Boise Cascade Building Materials
- Material Composition: PVC / Aluminum Oxide / High Speed Steel
- Product Dimensions: 1/2 in x 18 in
- Board Length: 12 ft
- Width Profile: 1x6
- Color / Finish: Slate Gray / White / Stainless Steel
- Edge Profile: Grooved
- Wattage Rating: 60W
- Color Temperature: 2700K
- Power Source: Electric
- Display Condition: New
- Package Quantity: 5 Pack",1,SPECIFICATIONS,1.0,True,True,True,True,1.0,verified
PROD-0210,543076420,Boise Cascade Building Materials,material,PVC,manufacturer_pdf,https://www.boisecascadebuildingmaterials.com/docs/datasheets/543076420.pdf,"OFFICIAL MANUFACTURER TECHNICAL DATASHEET:
- Part Number: 543076420
- Manufacturer: Boise Cascade Building Materials
- Material Composition: PVC / Aluminum Oxide / High Speed Steel
- Product Dimensions: 1/2 in x 18 in
- Board Length: 12 ft
- Width Profile: 1x6
- Color / Finish: Slate Gray / White / Stainless Steel
- Edge Profile: Grooved
- Wattage Rating: 60W
- Color Temperature: 2700K
- Power Source: Electric
- Display Condition: New
- Package Quantity: 5 Pack",1,SPECIFICATIONS,1.0,True,True,True,True,1.0,verified
PROD-0210,543076420,Boise Cascade Building Materials,width_profile,1x6,manufacturer_pdf,https://www.boisecascadebuildingmaterials.com/docs/datasheets/543076420.pdf,"OFFICIAL MANUFACTURER TECHNICAL DATASHEET:
- Part Number: 543076420
- Manufacturer: Boise Cascade Building Materials
- Material Composition: PVC / Aluminum Oxide / High Speed Steel
- Product Dimensions: 1/2 in x 18 in
- Board Length: 12 ft
- Width Profile: 1x6
- Color / Finish: Slate Gray / White / Stainless Steel
- Edge Profile: Grooved
- Wattage Rating: 60W
- Color Temperature: 2700K
- Power Source: Electric
- Display Condition: New
- Package Quantity: 5 Pack",1,SPECIFICATIONS,1.0,True,True,True,True,1.0,verified
PROD-0211,1516870,Boise Cascade Building Materials,color,Slate Gray,manufacturer_pdf,https://www.boisecascadebuildingmaterials.com/docs/datasheets/1516870.pdf,"OFFICIAL MANUFACTURER TECHNICAL DATASHEET:
- Part Number: 1516870
- Manufacturer: Boise Cascade Building Materials
- Material Composition: PVC / Aluminum Oxide / High Speed Steel
- Product Dimensions: 1/2 in x 18 in
- Board Length: 12 ft
- Width Profile: 1x6
- Color / Finish: Slate Gray / White / Stainless Steel
- Edge Profile: Grooved
- Wattage Rating: 60W
- Color Temperature: 2700K
- Power Source: Electric
- Display Condition: New
- Package Quantity: 5 Pack",1,SPECIFICATIONS,1.0,True,True,True,True,1.0,verified
PROD-0211,1516870,Boise Cascade Building Materials,edge_profile,Grooved,manufacturer_pdf,https://www.boisecascadebuildingmaterials.com/docs/datasheets/1516870.pdf,"OFFICIAL MANUFACTURER TECHNICAL DATASHEET:
- Part Number: 1516870
- Manufacturer: Boise Cascade Building Materials
- Material Composition: PVC / Aluminum Oxide / High Speed Steel
- Product Dimensions: 1/2 in x 18 in
- Board Length: 12 ft
- Width Profile: 1x6
- Color / Finish: Slate Gray / White / Stainless Steel
- Edge Profile: Grooved
- Wattage Rating: 60W
- Color Temperature: 2700K
- Power Source: Electric
- Display Condition: New
- Package Quantity: 5 Pack",1,SPECIFICATIONS,1.0,True,True,True,True,1.0,verified
PROD-0211,1516870,Boise Cascade Building Materials,length,12 ft,manufacturer_pdf,https://www.boisecascadebuildingmaterials.com/docs/datasheets/1516870.pdf,"OFFICIAL MANUFACTURER TECHNICAL DATASHEET:
- Part Number: 1516870
- Manufacturer: Boise Cascade Building Materials
- Material Composition: PVC / Aluminum Oxide / High Speed Steel
- Product Dimensions: 1/2 in x 18 in
- Board Length: 12 ft
- Width Profile: 1x6
- Color / Finish: Slate Gray / White / Stainless Steel
- Edge Profile: Grooved
- Wattage Rating: 60W
- Color Temperature: 2700K
- Power Source: Electric
- Display Condition: New
- Package Quantity: 5 Pack",1,SPECIFICATIONS,1.0,True,True,True,True,1.0,verified
PROD-0211,1516870,Boise Cascade Building Materials,material,PVC,manufacturer_pdf,https://www.boisecascadebuildingmaterials.com/docs/datasheets/1516870.pdf,"OFFICIAL MANUFACTURER TECHNICAL DATASHEET:
- Part Number: 1516870
- Manufacturer: Boise Cascade Building Materials
- Material Composition: PVC / Aluminum Oxide / High Speed Steel
- Product Dimensions: 1/2 in x 18 in
- Board Length: 12 ft
- Width Profile: 1x6
- Color / Finish: Slate Gray / White / Stainless Steel
- Edge Profile: Grooved
- Wattage Rating: 60W
- Color Temperature: 2700K
- Power Source: Electric
- Display Condition: New
- Package Quantity: 5 Pack",1,SPECIFICATIONS,1.0,True,True,True,True,1.0,verified
PROD-0211,1516870,Boise Cascade Building Materials,width_profile,1x6,manufacturer_pdf,https://www.boisecascadebuildingmaterials.com/docs/datasheets/1516870.pdf,"OFFICIAL MANUFACTURER TECHNICAL DATASHEET:
- Part Number: 1516870
- Manufacturer: Boise Cascade Building Materials
- Material Composition: PVC / Aluminum Oxide / High Speed Steel
- Product Dimensions: 1/2 in x 18 in
- Board Length: 12 ft
- Width Profile: 1x6
- Color / Finish: Slate Gray / White / Stainless Steel
- Edge Profile: Grooved
- Wattage Rating: 60W
- Color Temperature: 2700K
- Power Source: Electric
- Display Condition: New
- Package Quantity: 5 Pack",1,SPECIFICATIONS,1.0,True,True,True,True,1.0,verified
PROD-0212,1516871,Boise Cascade Building Materials,color,Slate Gray,manufacturer_pdf,https://www.boisecascadebuildingmaterials.com/docs/datasheets/1516871.pdf,"OFFICIAL MANUFACTURER TECHNICAL DATASHEET:
- Part Number: 1516871
- Manufacturer: Boise Cascade Building Materials
- Material Composition: PVC / Aluminum Oxide / High Speed Steel
- Product Dimensions: 1/2 in x 18 in
- Board Length: 12 ft
- Width Profile: 1x6
- Color / Finish: Slate Gray / White / Stainless Steel
- Edge Profile: Grooved
- Wattage Rating: 60W
- Color Temperature: 2700K
- Power Source: Electric
- Display Condition: New
- Package Quantity: 5 Pack",1,SPECIFICATIONS,1.0,True,True,True,True,1.0,verified
PROD-0212,1516871,Boise Cascade Building Materials,edge_profile,Grooved,manufacturer_pdf,https://www.boisecascadebuildingmaterials.com/docs/datasheets/1516871.pdf,"OFFICIAL MANUFACTURER TECHNICAL DATASHEET:
- Part Number: 1516871
- Manufacturer: Boise Cascade Building Materials
- Material Composition: PVC / Aluminum Oxide / High Speed Steel
- Product Dimensions: 1/2 in x 18 in
- Board Length: 12 ft
- Width Profile: 1x6
- Color / Finish: Slate Gray / White / Stainless Steel
- Edge Profile: Grooved
- Wattage Rating: 60W
- Color Temperature: 2700K
- Power Source: Electric
- Display Condition: New
- Package Quantity: 5 Pack",1,SPECIFICATIONS,1.0,True,True,True,True,1.0,verified
PROD-0212,1516871,Boise Cascade Building Materials,length,12 ft,manufacturer_pdf,https://www.boisecascadebuildingmaterials.com/docs/datasheets/1516871.pdf,"OFFICIAL MANUFACTURER TECHNICAL DATASHEET:
- Part Number: 1516871
- Manufacturer: Boise Cascade Building Materials
- Material Composition: PVC / Aluminum Oxide / High Speed Steel
- Product Dimensions: 1/2 in x 18 in
- Board Length: 12 ft
- Width Profile: 1x6
- Color / Finish: Slate Gray / White / Stainless Steel
- Edge Profile: Grooved
- Wattage Rating: 60W
- Color Temperature: 2700K
- Power Source: Electric
- Display Condition: New
- Package Quantity: 5 Pack",1,SPECIFICATIONS,1.0,True,True,True,True,1.0,verified
PROD-0212,1516871,Boise Cascade Building Materials,material,PVC,manufacturer_pdf,https://www.boisecascadebuildingmaterials.com/docs/datasheets/1516871.pdf,"OFFICIAL MANUFACTURER TECHNICAL DATASHEET:
- Part Number: 1516871
- Manufacturer: Boise Cascade Building Materials
- Material Composition: PVC / Aluminum Oxide / High Speed Steel
- Product Dimensions: 1/2 in x 18 in
- Board Length: 12 ft
- Width Profile: 1x6
- Color / Finish: Slate Gray / White / Stainless Steel
- Edge Profile: Grooved
- Wattage Rating: 60W
- Color Temperature: 2700K
- Power Source: Electric
- Display Condition: New
- Package Quantity: 5 Pack",1,SPECIFICATIONS,1.0,True,True,True,True,1.0,verified
PROD-0212,1516871,Boise Cascade Building Materials,width_profile,1x6,manufacturer_pdf,https://www.boisecascadebuildingmaterials.com/docs/datasheets/1516871.pdf,"OFFICIAL MANUFACTURER TECHNICAL DATASHEET:
- Part Number: 1516871
- Manufacturer: Boise Cascade Building Materials
- Material Composition: PVC / Aluminum Oxide / High Speed Steel
- Product Dimensions: 1/2 in x 18 in
- Board Length: 12 ft
- Width Profile: 1x6
- Color / Finish: Slate Gray / White / Stainless Steel
- Edge Profile: Grooved
- Wattage Rating: 60W
- Color Temperature: 2700K
- Power Source: Electric
- Display Condition: New
- Package Quantity: 5 Pack",1,SPECIFICATIONS,1.0,True,True,True,True,1.0,verified
PROD-0213,1516872,Boise Cascade Building Materials,color,Slate Gray,manufacturer_pdf,https://www.boisecascadebuildingmaterials.com/docs/datasheets/1516872.pdf,"OFFICIAL MANUFACTURER TECHNICAL DATASHEET:
- Part Number: 1516872
- Manufacturer: Boise Cascade Building Materials
- Material Composition: PVC / Aluminum Oxide / High Speed Steel
- Product Dimensions: 1/2 in x 18 in
- Board Length: 12 ft
- Width Profile: 1x6
- Color / Finish: Slate Gray / White / Stainless Steel
- Edge Profile: Grooved
- Wattage Rating: 60W
- Color Temperature: 2700K
- Power Source: Electric
- Display Condition: New
- Package Quantity: 5 Pack",1,SPECIFICATIONS,1.0,True,True,True,True,1.0,verified
PROD-0213,1516872,Boise Cascade Building Materials,edge_profile,Grooved,manufacturer_pdf,https://www.boisecascadebuildingmaterials.com/docs/datasheets/1516872.pdf,"OFFICIAL MANUFACTURER TECHNICAL DATASHEET:
- Part Number: 1516872
- Manufacturer: Boise Cascade Building Materials
- Material Composition: PVC / Aluminum Oxide / High Speed Steel
- Product Dimensions: 1/2 in x 18 in
- Board Length: 12 ft
- Width Profile: 1x6
- Color / Finish: Slate Gray / White / Stainless Steel
- Edge Profile: Grooved
- Wattage Rating: 60W
- Color Temperature: 2700K
- Power Source: Electric
- Display Condition: New
- Package Quantity: 5 Pack",1,SPECIFICATIONS,1.0,True,True,True,True,1.0,verified
PROD-0213,1516872,Boise Cascade Building Materials,length,12 ft,manufacturer_pdf,https://www.boisecascadebuildingmaterials.com/docs/datasheets/1516872.pdf,"OFFICIAL MANUFACTURER TECHNICAL DATASHEET:
- Part Number: 1516872
- Manufacturer: Boise Cascade Building Materials
- Material Composition: PVC / Aluminum Oxide / High Speed Steel
- Product Dimensions: 1/2 in x 18 in
- Board Length: 12 ft
- Width Profile: 1x6
- Color / Finish: Slate Gray / White / Stainless Steel
- Edge Profile: Grooved
- Wattage Rating: 60W
- Color Temperature: 2700K
- Power Source: Electric
- Display Condition: New
- Package Quantity: 5 Pack",1,SPECIFICATIONS,1.0,True,True,True,True,1.0,verified
PROD-0213,1516872,Boise Cascade Building Materials,material,PVC,manufacturer_pdf,https://www.boisecascadebuildingmaterials.com/docs/datasheets/1516872.pdf,"OFFICIAL MANUFACTURER TECHNICAL DATASHEET:
- Part Number: 1516872
- Manufacturer: Boise Cascade Building Materials
- Material Composition: PVC / Aluminum Oxide / High Speed Steel
- Product Dimensions: 1/2 in x 18 in
- Board Length: 12 ft
- Width Profile: 1x6
- Color / Finish: Slate Gray / White / Stainless Steel
- Edge Profile: Grooved
- Wattage Rating: 60W
- Color Temperature: 2700K
- Power Source: Electric
- Display Condition: New
- Package Quantity: 5 Pack",1,SPECIFICATIONS,1.0,True,True,True,True,1.0,verified
PROD-0213,1516872,Boise Cascade Building Materials,width_profile,1x6,manufacturer_pdf,https://www.boisecascadebuildingmaterials.com/docs/datasheets/1516872.pdf,"OFFICIAL MANUFACTURER TECHNICAL DATASHEET:
- Part Number: 1516872
- Manufacturer: Boise Cascade Building Materials
- Material Composition: PVC / Aluminum Oxide / High Speed Steel
- Product Dimensions: 1/2 in x 18 in
- Board Length: 12 ft
- Width Profile: 1x6
- Color / Finish: Slate Gray / White / Stainless Steel
- Edge Profile: Grooved
- Wattage Rating: 60W
- Color Temperature: 2700K
- Power Source: Electric
- Display Condition: New
- Package Quantity: 5 Pack",1,SPECIFICATIONS,1.0,True,True,True,True,1.0,verified
PROD-0214,1516873,Boise Cascade Building Materials,color,Slate Gray,manufacturer_pdf,https://www.boisecascadebuildingmaterials.com/docs/datasheets/1516873.pdf,"OFFICIAL MANUFACTURER TECHNICAL DATASHEET:
- Part Number: 1516873
- Manufacturer: Boise Cascade Building Materials
- Material Composition: PVC / Aluminum Oxide / High Speed Steel
- Product Dimensions: 1/2 in x 18 in
- Board Length: 12 ft
- Width Profile: 1x6
- Color / Finish: Slate Gray / White / Stainless Steel
- Edge Profile: Grooved
- Wattage Rating: 60W
- Color Temperature: 2700K
- Power Source: Electric
- Display Condition: New
- Package Quantity: 5 Pack",1,SPECIFICATIONS,1.0,True,True,True,True,1.0,verified
PROD-0214,1516873,Boise Cascade Building Materials,edge_profile,Grooved,manufacturer_pdf,https://www.boisecascadebuildingmaterials.com/docs/datasheets/1516873.pdf,"OFFICIAL MANUFACTURER TECHNICAL DATASHEET:
- Part Number: 1516873
- Manufacturer: Boise Cascade Building Materials
- Material Composition: PVC / Aluminum Oxide / High Speed Steel
- Product Dimensions: 1/2 in x 18 in
- Board Length: 12 ft
- Width Profile: 1x6
- Color / Finish: Slate Gray / White / Stainless Steel
- Edge Profile: Grooved
- Wattage Rating: 60W
- Color Temperature: 2700K
- Power Source: Electric
- Display Condition: New
- Package Quantity: 5 Pack",1,SPECIFICATIONS,1.0,True,True,True,True,1.0,verified
PROD-0214,1516873,Boise Cascade Building Materials,length,12 ft,manufacturer_pdf,https://www.boisecascadebuildingmaterials.com/docs/datasheets/1516873.pdf,"OFFICIAL MANUFACTURER TECHNICAL DATASHEET:
- Part Number: 1516873
- Manufacturer: Boise Cascade Building Materials
- Material Composition: PVC / Aluminum Oxide / High Speed Steel
- Product Dimensions: 1/2 in x 18 in
- Board Length: 12 ft
- Width Profile: 1x6
- Color / Finish: Slate Gray / White / Stainless Steel
- Edge Profile: Grooved
- Wattage Rating: 60W
- Color Temperature: 2700K
- Power Source: Electric
- Display Condition: New
- Package Quantity: 5 Pack",1,SPECIFICATIONS,1.0,True,True,True,True,1.0,verified
PROD-0214,1516873,Boise Cascade Building Materials,material,PVC,manufacturer_pdf,https://www.boisecascadebuildingmaterials.com/docs/datasheets/1516873.pdf,"OFFICIAL MANUFACTURER TECHNICAL DATASHEET:
- Part Number: 1516873
- Manufacturer: Boise Cascade Building Materials
- Material Composition: PVC / Aluminum Oxide / High Speed Steel
- Product Dimensions: 1/2 in x 18 in
- Board Length: 12 ft
- Width Profile: 1x6
- Color / Finish: Slate Gray / White / Stainless Steel
- Edge Profile: Grooved
- Wattage Rating: 60W
- Color Temperature: 2700K
- Power Source: Electric
- Display Condition: New
- Package Quantity: 5 Pack",1,SPECIFICATIONS,1.0,True,True,True,True,1.0,verified
PROD-0214,1516873,Boise Cascade Building Materials,width_profile,1x6,manufacturer_pdf,https://www.boisecascadebuildingmaterials.com/docs/datasheets/1516873.pdf,"OFFICIAL MANUFACTURER TECHNICAL DATASHEET:
- Part Number: 1516873
- Manufacturer: Boise Cascade Building Materials
- Material Composition: PVC / Aluminum Oxide / High Speed Steel
- Product Dimensions: 1/2 in x 18 in
- Board Length: 12 ft
- Width Profile: 1x6
- Color / Finish: Slate Gray / White / Stainless Steel
- Edge Profile: Grooved
- Wattage Rating: 60W
- Color Temperature: 2700K
- Power Source: Electric
- Display Condition: New
- Package Quantity: 5 Pack",1,SPECIFICATIONS,1.0,True,True,True,True,1.0,verified
PROD-0215,1516874,Boise Cascade Building Materials,color,Slate Gray,manufacturer_pdf,https://www.boisecascadebuildingmaterials.com/docs/datasheets/1516874.pdf,"OFFICIAL MANUFACTURER TECHNICAL DATASHEET:
- Part Number: 1516874
- Manufacturer: Boise Cascade Building Materials
- Material Composition: PVC / Aluminum Oxide / High Speed Steel
- Product Dimensions: 1/2 in x 18 in
- Board Length: 12 ft
- Width Profile: 1x6
- Color / Finish: Slate Gray / White / Stainless Steel
- Edge Profile: Grooved
- Wattage Rating: 60W
- Color Temperature: 2700K
- Power Source: Electric
- Display Condition: New
- Package Quantity: 5 Pack",1,SPECIFICATIONS,1.0,True,True,True,True,1.0,verified
PROD-0215,1516874,Boise Cascade Building Materials,edge_profile,Grooved,manufacturer_pdf,https://www.boisecascadebuildingmaterials.com/docs/datasheets/1516874.pdf,"OFFICIAL MANUFACTURER TECHNICAL DATASHEET:
- Part Number: 1516874
- Manufacturer: Boise Cascade Building Materials
- Material Composition: PVC / Aluminum Oxide / High Speed Steel
- Product Dimensions: 1/2 in x 18 in
- Board Length: 12 ft
- Width Profile: 1x6
- Color / Finish: Slate Gray / White / Stainless Steel
- Edge Profile: Grooved
- Wattage Rating: 60W
- Color Temperature: 2700K
- Power Source: Electric
- Display Condition: New
- Package Quantity: 5 Pack",1,SPECIFICATIONS,1.0,True,True,True,True,1.0,verified
PROD-0215,1516874,Boise Cascade Building Materials,length,12 ft,manufacturer_pdf,https://www.boisecascadebuildingmaterials.com/docs/datasheets/1516874.pdf,"OFFICIAL MANUFACTURER TECHNICAL DATASHEET:
- Part Number: 1516874
- Manufacturer: Boise Cascade Building Materials
- Material Composition: PVC / Aluminum Oxide / High Speed Steel
- Product Dimensions: 1/2 in x 18 in
- Board Length: 12 ft
- Width Profile: 1x6
- Color / Finish: Slate Gray / White / Stainless Steel
- Edge Profile: Grooved
- Wattage Rating: 60W
- Color Temperature: 2700K
- Power Source: Electric
- Display Condition: New
- Package Quantity: 5 Pack",1,SPECIFICATIONS,1.0,True,True,True,True,1.0,verified
PROD-0215,1516874,Boise Cascade Building Materials,material,PVC,manufacturer_pdf,https://www.boisecascadebuildingmaterials.com/docs/datasheets/1516874.pdf,"OFFICIAL MANUFACTURER TECHNICAL DATASHEET:
- Part Number: 1516874
- Manufacturer: Boise Cascade Building Materials
- Material Composition: PVC / Aluminum Oxide / High Speed Steel
- Product Dimensions: 1/2 in x 18 in
- Board Length: 12 ft
- Width Profile: 1x6
- Color / Finish: Slate Gray / White / Stainless Steel
- Edge Profile: Grooved
- Wattage Rating: 60W
- Color Temperature: 2700K
- Power Source: Electric
- Display Condition: New
- Package Quantity: 5 Pack",1,SPECIFICATIONS,1.0,True,True,True,True,1.0,verified
PROD-0215,1516874,Boise Cascade Building Materials,width_profile,1x6,manufacturer_pdf,https://www.boisecascadebuildingmaterials.com/docs/datasheets/1516874.pdf,"OFFICIAL MANUFACTURER TECHNICAL DATASHEET:
- Part Number: 1516874
- Manufacturer: Boise Cascade Building Materials
- Material Composition: PVC / Aluminum Oxide / High Speed Steel
- Product Dimensions: 1/2 in x 18 in
- Board Length: 12 ft
- Width Profile: 1x6
- Color / Finish: Slate Gray / White / Stainless Steel
- Edge Profile: Grooved
- Wattage Rating: 60W
- Color Temperature: 2700K
- Power Source: Electric
- Display Condition: New
- Package Quantity: 5 Pack",1,SPECIFICATIONS,1.0,True,True,True,True,1.0,verified
PROD-0216,1516879,Boise Cascade Building Materials,color,Slate Gray,manufacturer_pdf,https://www.boisecascadebuildingmaterials.com/docs/datasheets/1516879.pdf,"OFFICIAL MANUFACTURER TECHNICAL DATASHEET:
- Part Number: 1516879
- Manufacturer: Boise Cascade Building Materials
- Material Composition: PVC / Aluminum Oxide / High Speed Steel
- Product Dimensions: 1/2 in x 18 in
- Board Length: 12 ft
- Width Profile: 1x6
- Color / Finish: Slate Gray / White / Stainless Steel
- Edge Profile: Grooved
- Wattage Rating: 60W
- Color Temperature: 2700K
- Power Source: Electric
- Display Condition: New
- Package Quantity: 5 Pack",1,SPECIFICATIONS,1.0,True,True,True,True,1.0,verified
PROD-0216,1516879,Boise Cascade Building Materials,edge_profile,Grooved,manufacturer_pdf,https://www.boisecascadebuildingmaterials.com/docs/datasheets/1516879.pdf,"OFFICIAL MANUFACTURER TECHNICAL DATASHEET:
- Part Number: 1516879
- Manufacturer: Boise Cascade Building Materials
- Material Composition: PVC / Aluminum Oxide / High Speed Steel
- Product Dimensions: 1/2 in x 18 in
- Board Length: 12 ft
- Width Profile: 1x6
- Color / Finish: Slate Gray / White / Stainless Steel
- Edge Profile: Grooved
- Wattage Rating: 60W
- Color Temperature: 2700K
- Power Source: Electric
- Display Condition: New
- Package Quantity: 5 Pack",1,SPECIFICATIONS,1.0,True,True,True,True,1.0,verified
PROD-0216,1516879,Boise Cascade Building Materials,length,12 ft,manufacturer_pdf,https://www.boisecascadebuildingmaterials.com/docs/datasheets/1516879.pdf,"OFFICIAL MANUFACTURER TECHNICAL DATASHEET:
- Part Number: 1516879
- Manufacturer: Boise Cascade Building Materials
- Material Composition: PVC / Aluminum Oxide / High Speed Steel
- Product Dimensions: 1/2 in x 18 in
- Board Length: 12 ft
- Width Profile: 1x6
- Color / Finish: Slate Gray / White / Stainless Steel
- Edge Profile: Grooved
- Wattage Rating: 60W
- Color Temperature: 2700K
- Power Source: Electric
- Display Condition: New
- Package Quantity: 5 Pack",1,SPECIFICATIONS,1.0,True,True,True,True,1.0,verified
PROD-0216,1516879,Boise Cascade Building Materials,material,PVC,manufacturer_pdf,https://www.boisecascadebuildingmaterials.com/docs/datasheets/1516879.pdf,"OFFICIAL MANUFACTURER TECHNICAL DATASHEET:
- Part Number: 1516879
- Manufacturer: Boise Cascade Building Materials
- Material Composition: PVC / Aluminum Oxide / High Speed Steel
- Product Dimensions: 1/2 in x 18 in
- Board Length: 12 ft
- Width Profile: 1x6
- Color / Finish: Slate Gray / White / Stainless Steel
- Edge Profile: Grooved
- Wattage Rating: 60W
- Color Temperature: 2700K
- Power Source: Electric
- Display Condition: New
- Package Quantity: 5 Pack",1,SPECIFICATIONS,1.0,True,True,True,True,1.0,verified
PROD-0216,1516879,Boise Cascade Building Materials,width_profile,1x6,manufacturer_pdf,https://www.boisecascadebuildingmaterials.com/docs/datasheets/1516879.pdf,"OFFICIAL MANUFACTURER TECHNICAL DATASHEET:
- Part Number: 1516879
- Manufacturer: Boise Cascade Building Materials
- Material Composition: PVC / Aluminum Oxide / High Speed Steel
- Product Dimensions: 1/2 in x 18 in
- Board Length: 12 ft
- Width Profile: 1x6
- Color / Finish: Slate Gray / White / Stainless Steel
- Edge Profile: Grooved
- Wattage Rating: 60W
- Color Temperature: 2700K
- Power Source: Electric
- Display Condition: New
- Package Quantity: 5 Pack",1,SPECIFICATIONS,1.0,True,True,True,True,1.0,verified
PROD-0217,1516880,Boise Cascade Building Materials,color,Slate Gray,manufacturer_pdf,https://www.boisecascadebuildingmaterials.com/docs/datasheets/1516880.pdf,"OFFICIAL MANUFACTURER TECHNICAL DATASHEET:
- Part Number: 1516880
- Manufacturer: Boise Cascade Building Materials
- Material Composition: PVC / Aluminum Oxide / High Speed Steel
- Product Dimensions: 1/2 in x 18 in
- Board Length: 12 ft
- Width Profile: 1x6
- Color / Finish: Slate Gray / White / Stainless Steel
- Edge Profile: Grooved
- Wattage Rating: 60W
- Color Temperature: 2700K
- Power Source: Electric
- Display Condition: New
- Package Quantity: 5 Pack",1,SPECIFICATIONS,1.0,True,True,True,True,1.0,verified
PROD-0217,1516880,Boise Cascade Building Materials,edge_profile,Grooved,manufacturer_pdf,https://www.boisecascadebuildingmaterials.com/docs/datasheets/1516880.pdf,"OFFICIAL MANUFACTURER TECHNICAL DATASHEET:
- Part Number: 1516880
- Manufacturer: Boise Cascade Building Materials
- Material Composition: PVC / Aluminum Oxide / High Speed Steel
- Product Dimensions: 1/2 in x 18 in
- Board Length: 12 ft
- Width Profile: 1x6
- Color / Finish: Slate Gray / White / Stainless Steel
- Edge Profile: Grooved
- Wattage Rating: 60W
- Color Temperature: 2700K
- Power Source: Electric
- Display Condition: New
- Package Quantity: 5 Pack",1,SPECIFICATIONS,1.0,True,True,True,True,1.0,verified
PROD-0217,1516880,Boise Cascade Building Materials,length,12 ft,manufacturer_pdf,https://www.boisecascadebuildingmaterials.com/docs/datasheets/1516880.pdf,"OFFICIAL MANUFACTURER TECHNICAL DATASHEET:
- Part Number: 1516880
- Manufacturer: Boise Cascade Building Materials
- Material Composition: PVC / Aluminum Oxide / High Speed Steel
- Product Dimensions: 1/2 in x 18 in
- Board Length: 12 ft
- Width Profile: 1x6
- Color / Finish: Slate Gray / White / Stainless Steel
- Edge Profile: Grooved
- Wattage Rating: 60W
- Color Temperature: 2700K
- Power Source: Electric
- Display Condition: New
- Package Quantity: 5 Pack",1,SPECIFICATIONS,1.0,True,True,True,True,1.0,verified
PROD-0217,1516880,Boise Cascade Building Materials,material,PVC,manufacturer_pdf,https://www.boisecascadebuildingmaterials.com/docs/datasheets/1516880.pdf,"OFFICIAL MANUFACTURER TECHNICAL DATASHEET:
- Part Number: 1516880
- Manufacturer: Boise Cascade Building Materials
- Material Composition: PVC / Aluminum Oxide / High Speed Steel
- Product Dimensions: 1/2 in x 18 in
- Board Length: 12 ft
- Width Profile: 1x6
- Color / Finish: Slate Gray / White / Stainless Steel
- Edge Profile: Grooved
- Wattage Rating: 60W
- Color Temperature: 2700K
- Power Source: Electric
- Display Condition: New
- Package Quantity: 5 Pack",1,SPECIFICATIONS,1.0,True,True,True,True,1.0,verified
PROD-0217,1516880,Boise Cascade Building Materials,width_profile,1x6,manufacturer_pdf,https://www.boisecascadebuildingmaterials.com/docs/datasheets/1516880.pdf,"OFFICIAL MANUFACTURER TECHNICAL DATASHEET:
- Part Number: 1516880
- Manufacturer: Boise Cascade Building Materials
- Material Composition: PVC / Aluminum Oxide / High Speed Steel
- Product Dimensions: 1/2 in x 18 in
- Board Length: 12 ft
- Width Profile: 1x6
- Color / Finish: Slate Gray / White / Stainless Steel
- Edge Profile: Grooved
- Wattage Rating: 60W
- Color Temperature: 2700K
- Power Source: Electric
- Display Condition: New
- Package Quantity: 5 Pack",1,SPECIFICATIONS,1.0,True,True,True,True,1.0,verified
PROD-0218,1516881,Boise Cascade Building Materials,color,Slate Gray,manufacturer_pdf,https://www.boisecascadebuildingmaterials.com/docs/datasheets/1516881.pdf,"OFFICIAL MANUFACTURER TECHNICAL DATASHEET:
- Part Number: 1516881
- Manufacturer: Boise Cascade Building Materials
- Material Composition: PVC / Aluminum Oxide / High Speed Steel
- Product Dimensions: 1/2 in x 18 in
- Board Length: 12 ft
- Width Profile: 1x6
- Color / Finish: Slate Gray / White / Stainless Steel
- Edge Profile: Grooved
- Wattage Rating: 60W
- Color Temperature: 2700K
- Power Source: Electric
- Display Condition: New
- Package Quantity: 5 Pack",1,SPECIFICATIONS,1.0,True,True,True,True,1.0,verified
PROD-0218,1516881,Boise Cascade Building Materials,edge_profile,Grooved,manufacturer_pdf,https://www.boisecascadebuildingmaterials.com/docs/datasheets/1516881.pdf,"OFFICIAL MANUFACTURER TECHNICAL DATASHEET:
- Part Number: 1516881
- Manufacturer: Boise Cascade Building Materials
- Material Composition: PVC / Aluminum Oxide / High Speed Steel
- Product Dimensions: 1/2 in x 18 in
- Board Length: 12 ft
- Width Profile: 1x6
- Color / Finish: Slate Gray / White / Stainless Steel
- Edge Profile: Grooved
- Wattage Rating: 60W
- Color Temperature: 2700K
- Power Source: Electric
- Display Condition: New
- Package Quantity: 5 Pack",1,SPECIFICATIONS,1.0,True,True,True,True,1.0,verified
PROD-0218,1516881,Boise Cascade Building Materials,length,12 ft,manufacturer_pdf,https://www.boisecascadebuildingmaterials.com/docs/datasheets/1516881.pdf,"OFFICIAL MANUFACTURER TECHNICAL DATASHEET:
- Part Number: 1516881
- Manufacturer: Boise Cascade Building Materials
- Material Composition: PVC / Aluminum Oxide / High Speed Steel
- Product Dimensions: 1/2 in x 18 in
- Board Length: 12 ft
- Width Profile: 1x6
- Color / Finish: Slate Gray / White / Stainless Steel
- Edge Profile: Grooved
- Wattage Rating: 60W
- Color Temperature: 2700K
- Power Source: Electric
- Display Condition: New
- Package Quantity: 5 Pack",1,SPECIFICATIONS,1.0,True,True,True,True,1.0,verified
PROD-0218,1516881,Boise Cascade Building Materials,material,PVC,manufacturer_pdf,https://www.boisecascadebuildingmaterials.com/docs/datasheets/1516881.pdf,"OFFICIAL MANUFACTURER TECHNICAL DATASHEET:
- Part Number: 1516881
- Manufacturer: Boise Cascade Building Materials
- Material Composition: PVC / Aluminum Oxide / High Speed Steel
- Product Dimensions: 1/2 in x 18 in
- Board Length: 12 ft
- Width Profile: 1x6
- Color / Finish: Slate Gray / White / Stainless Steel
- Edge Profile: Grooved
- Wattage Rating: 60W
- Color Temperature: 2700K
- Power Source: Electric
- Display Condition: New
- Package Quantity: 5 Pack",1,SPECIFICATIONS,1.0,True,True,True,True,1.0,verified
PROD-0218,1516881,Boise Cascade Building Materials,width_profile,1x6,manufacturer_pdf,https://www.boisecascadebuildingmaterials.com/docs/datasheets/1516881.pdf,"OFFICIAL MANUFACTURER TECHNICAL DATASHEET:
- Part Number: 1516881
- Manufacturer: Boise Cascade Building Materials
- Material Composition: PVC / Aluminum Oxide / High Speed Steel
- Product Dimensions: 1/2 in x 18 in
- Board Length: 12 ft
- Width Profile: 1x6
- Color / Finish: Slate Gray / White / Stainless Steel
- Edge Profile: Grooved
- Wattage Rating: 60W
- Color Temperature: 2700K
- Power Source: Electric
- Display Condition: New
- Package Quantity: 5 Pack",1,SPECIFICATIONS,1.0,True,True,True,True,1.0,verified
PROD-0219,1516882,Boise Cascade Building Materials,color,Slate Gray,manufacturer_pdf,https://www.boisecascadebuildingmaterials.com/docs/datasheets/1516882.pdf,"OFFICIAL MANUFACTURER TECHNICAL DATASHEET:
- Part Number: 1516882
- Manufacturer: Boise Cascade Building Materials
- Material Composition: PVC / Aluminum Oxide / High Speed Steel
- Product Dimensions: 1/2 in x 18 in
- Board Length: 12 ft
- Width Profile: 1x6
- Color / Finish: Slate Gray / White / Stainless Steel
- Edge Profile: Grooved
- Wattage Rating: 60W
- Color Temperature: 2700K
- Power Source: Electric
- Display Condition: New
- Package Quantity: 5 Pack",1,SPECIFICATIONS,1.0,True,True,True,True,1.0,verified
PROD-0219,1516882,Boise Cascade Building Materials,edge_profile,Grooved,manufacturer_pdf,https://www.boisecascadebuildingmaterials.com/docs/datasheets/1516882.pdf,"OFFICIAL MANUFACTURER TECHNICAL DATASHEET:
- Part Number: 1516882
- Manufacturer: Boise Cascade Building Materials
- Material Composition: PVC / Aluminum Oxide / High Speed Steel
- Product Dimensions: 1/2 in x 18 in
- Board Length: 12 ft
- Width Profile: 1x6
- Color / Finish: Slate Gray / White / Stainless Steel
- Edge Profile: Grooved
- Wattage Rating: 60W
- Color Temperature: 2700K
- Power Source: Electric
- Display Condition: New
- Package Quantity: 5 Pack",1,SPECIFICATIONS,1.0,True,True,True,True,1.0,verified
PROD-0219,1516882,Boise Cascade Building Materials,length,12 ft,manufacturer_pdf,https://www.boisecascadebuildingmaterials.com/docs/datasheets/1516882.pdf,"OFFICIAL MANUFACTURER TECHNICAL DATASHEET:
- Part Number: 1516882
- Manufacturer: Boise Cascade Building Materials
- Material Composition: PVC / Aluminum Oxide / High Speed Steel
- Product Dimensions: 1/2 in x 18 in
- Board Length: 12 ft
- Width Profile: 1x6
- Color / Finish: Slate Gray / White / Stainless Steel
- Edge Profile: Grooved
- Wattage Rating: 60W
- Color Temperature: 2700K
- Power Source: Electric
- Display Condition: New
- Package Quantity: 5 Pack",1,SPECIFICATIONS,1.0,True,True,True,True,1.0,verified
PROD-0219,1516882,Boise Cascade Building Materials,material,PVC,manufacturer_pdf,https://www.boisecascadebuildingmaterials.com/docs/datasheets/1516882.pdf,"OFFICIAL MANUFACTURER TECHNICAL DATASHEET:
- Part Number: 1516882
- Manufacturer: Boise Cascade Building Materials
- Material Composition: PVC / Aluminum Oxide / High Speed Steel
- Product Dimensions: 1/2 in x 18 in
- Board Length: 12 ft
- Width Profile: 1x6
- Color / Finish: Slate Gray / White / Stainless Steel
- Edge Profile: Grooved
- Wattage Rating: 60W
- Color Temperature: 2700K
- Power Source: Electric
- Display Condition: New
- Package Quantity: 5 Pack",1,SPECIFICATIONS,1.0,True,True,True,True,1.0,verified
PROD-0219,1516882,Boise Cascade Building Materials,width_profile,1x6,manufacturer_pdf,https://www.boisecascadebuildingmaterials.com/docs/datasheets/1516882.pdf,"OFFICIAL MANUFACTURER TECHNICAL DATASHEET:
- Part Number: 1516882
- Manufacturer: Boise Cascade Building Materials
- Material Composition: PVC / Aluminum Oxide / High Speed Steel
- Product Dimensions: 1/2 in x 18 in
- Board Length: 12 ft
- Width Profile: 1x6
- Color / Finish: Slate Gray / White / Stainless Steel
- Edge Profile: Grooved
- Wattage Rating: 60W
- Color Temperature: 2700K
- Power Source: Electric
- Display Condition: New
- Package Quantity: 5 Pack",1,SPECIFICATIONS,1.0,True,True,True,True,1.0,verified
PROD-0220,1516883,Boise Cascade Building Materials,color,Slate Gray,manufacturer_pdf,https://www.boisecascadebuildingmaterials.com/docs/datasheets/1516883.pdf,"OFFICIAL MANUFACTURER TECHNICAL DATASHEET:
- Part Number: 1516883
- Manufacturer: Boise Cascade Building Materials
- Material Composition: PVC / Aluminum Oxide / High Speed Steel
- Product Dimensions: 1/2 in x 18 in
- Board Length: 12 ft
- Width Profile: 1x6
- Color / Finish: Slate Gray / White / Stainless Steel
- Edge Profile: Grooved
- Wattage Rating: 60W
- Color Temperature: 2700K
- Power Source: Electric
- Display Condition: New
- Package Quantity: 5 Pack",1,SPECIFICATIONS,1.0,True,True,True,True,1.0,verified
PROD-0220,1516883,Boise Cascade Building Materials,edge_profile,Grooved,manufacturer_pdf,https://www.boisecascadebuildingmaterials.com/docs/datasheets/1516883.pdf,"OFFICIAL MANUFACTURER TECHNICAL DATASHEET:
- Part Number: 1516883
- Manufacturer: Boise Cascade Building Materials
- Material Composition: PVC / Aluminum Oxide / High Speed Steel
- Product Dimensions: 1/2 in x 18 in
- Board Length: 12 ft
- Width Profile: 1x6
- Color / Finish: Slate Gray / White / Stainless Steel
- Edge Profile: Grooved
- Wattage Rating: 60W
- Color Temperature: 2700K
- Power Source: Electric
- Display Condition: New
- Package Quantity: 5 Pack",1,SPECIFICATIONS,1.0,True,True,True,True,1.0,verified
PROD-0220,1516883,Boise Cascade Building Materials,length,12 ft,manufacturer_pdf,https://www.boisecascadebuildingmaterials.com/docs/datasheets/1516883.pdf,"OFFICIAL MANUFACTURER TECHNICAL DATASHEET:
- Part Number: 1516883
- Manufacturer: Boise Cascade Building Materials
- Material Composition: PVC / Aluminum Oxide / High Speed Steel
- Product Dimensions: 1/2 in x 18 in
- Board Length: 12 ft
- Width Profile: 1x6
- Color / Finish: Slate Gray / White / Stainless Steel
- Edge Profile: Grooved
- Wattage Rating: 60W
- Color Temperature: 2700K
- Power Source: Electric
- Display Condition: New
- Package Quantity: 5 Pack",1,SPECIFICATIONS,1.0,True,True,True,True,1.0,verified
PROD-0220,1516883,Boise Cascade Building Materials,material,PVC,manufacturer_pdf,https://www.boisecascadebuildingmaterials.com/docs/datasheets/1516883.pdf,"OFFICIAL MANUFACTURER TECHNICAL DATASHEET:
- Part Number: 1516883
- Manufacturer: Boise Cascade Building Materials
- Material Composition: PVC / Aluminum Oxide / High Speed Steel
- Product Dimensions: 1/2 in x 18 in
- Board Length: 12 ft
- Width Profile: 1x6
- Color / Finish: Slate Gray / White / Stainless Steel
- Edge Profile: Grooved
- Wattage Rating: 60W
- Color Temperature: 2700K
- Power Source: Electric
- Display Condition: New
- Package Quantity: 5 Pack",1,SPECIFICATIONS,1.0,True,True,True,True,1.0,verified
PROD-0220,1516883,Boise Cascade Building Materials,width_profile,1x6,manufacturer_pdf,https://www.boisecascadebuildingmaterials.com/docs/datasheets/1516883.pdf,"OFFICIAL MANUFACTURER TECHNICAL DATASHEET:
- Part Number: 1516883
- Manufacturer: Boise Cascade Building Materials
- Material Composition: PVC / Aluminum Oxide / High Speed Steel
- Product Dimensions: 1/2 in x 18 in
- Board Length: 12 ft
- Width Profile: 1x6
- Color / Finish: Slate Gray / White / Stainless Steel
- Edge Profile: Grooved
- Wattage Rating: 60W
- Color Temperature: 2700K
- Power Source: Electric
- Display Condition: New
- Package Quantity: 5 Pack",1,SPECIFICATIONS,1.0,True,True,True,True,1.0,verified
PROD-0221,543005016,Boise Cascade Building Materials,color,Slate Gray,manufacturer_pdf,https://www.boisecascadebuildingmaterials.com/docs/datasheets/543005016.pdf,"OFFICIAL MANUFACTURER TECHNICAL DATASHEET:
- Part Number: 543005016
- Manufacturer: Boise Cascade Building Materials
- Material Composition: PVC / Aluminum Oxide / High Speed Steel
- Product Dimensions: 1/2 in x 18 in
- Board Length: 12 ft
- Width Profile: 1x6
- Color / Finish: Slate Gray / White / Stainless Steel
- Edge Profile: Grooved
- Wattage Rating: 60W
- Color Temperature: 2700K
- Power Source: Electric
- Display Condition: New
- Package Quantity: 5 Pack",1,SPECIFICATIONS,1.0,True,True,True,True,1.0,verified
PROD-0221,543005016,Boise Cascade Building Materials,edge_profile,Grooved,manufacturer_pdf,https://www.boisecascadebuildingmaterials.com/docs/datasheets/543005016.pdf,"OFFICIAL MANUFACTURER TECHNICAL DATASHEET:
- Part Number: 543005016
- Manufacturer: Boise Cascade Building Materials
- Material Composition: PVC / Aluminum Oxide / High Speed Steel
- Product Dimensions: 1/2 in x 18 in
- Board Length: 12 ft
- Width Profile: 1x6
- Color / Finish: Slate Gray / White / Stainless Steel
- Edge Profile: Grooved
- Wattage Rating: 60W
- Color Temperature: 2700K
- Power Source: Electric
- Display Condition: New
- Package Quantity: 5 Pack",1,SPECIFICATIONS,1.0,True,True,True,True,1.0,verified
PROD-0221,543005016,Boise Cascade Building Materials,length,12 ft,manufacturer_pdf,https://www.boisecascadebuildingmaterials.com/docs/datasheets/543005016.pdf,"OFFICIAL MANUFACTURER TECHNICAL DATASHEET:
- Part Number: 543005016
- Manufacturer: Boise Cascade Building Materials
- Material Composition: PVC / Aluminum Oxide / High Speed Steel
- Product Dimensions: 1/2 in x 18 in
- Board Length: 12 ft
- Width Profile: 1x6
- Color / Finish: Slate Gray / White / Stainless Steel
- Edge Profile: Grooved
- Wattage Rating: 60W
- Color Temperature: 2700K
- Power Source: Electric
- Display Condition: New
- Package Quantity: 5 Pack",1,SPECIFICATIONS,1.0,True,True,True,True,1.0,verified
PROD-0221,543005016,Boise Cascade Building Materials,material,PVC,manufacturer_pdf,https://www.boisecascadebuildingmaterials.com/docs/datasheets/543005016.pdf,"OFFICIAL MANUFACTURER TECHNICAL DATASHEET:
- Part Number: 543005016
- Manufacturer: Boise Cascade Building Materials
- Material Composition: PVC / Aluminum Oxide / High Speed Steel
- Product Dimensions: 1/2 in x 18 in
- Board Length: 12 ft
- Width Profile: 1x6
- Color / Finish: Slate Gray / White / Stainless Steel
- Edge Profile: Grooved
- Wattage Rating: 60W
- Color Temperature: 2700K
- Power Source: Electric
- Display Condition: New
- Package Quantity: 5 Pack",1,SPECIFICATIONS,1.0,True,True,True,True,1.0,verified
PROD-0221,543005016,Boise Cascade Building Materials,width_profile,1x6,manufacturer_pdf,https://www.boisecascadebuildingmaterials.com/docs/datasheets/543005016.pdf,"OFFICIAL MANUFACTURER TECHNICAL DATASHEET:
- Part Number: 543005016
- Manufacturer: Boise Cascade Building Materials
- Material Composition: PVC / Aluminum Oxide / High Speed Steel
- Product Dimensions: 1/2 in x 18 in
- Board Length: 12 ft
- Width Profile: 1x6
- Color / Finish: Slate Gray / White / Stainless Steel
- Edge Profile: Grooved
- Wattage Rating: 60W
- Color Temperature: 2700K
- Power Source: Electric
- Display Condition: New
- Package Quantity: 5 Pack",1,SPECIFICATIONS,1.0,True,True,True,True,1.0,verified
PROD-0222,543005020,Boise Cascade Building Materials,color,Slate Gray,manufacturer_pdf,https://www.boisecascadebuildingmaterials.com/docs/datasheets/543005020.pdf,"OFFICIAL MANUFACTURER TECHNICAL DATASHEET:
- Part Number: 543005020
- Manufacturer: Boise Cascade Building Materials
- Material Composition: PVC / Aluminum Oxide / High Speed Steel
- Product Dimensions: 1/2 in x 18 in
- Board Length: 12 ft
- Width Profile: 1x6
- Color / Finish: Slate Gray / White / Stainless Steel
- Edge Profile: Grooved
- Wattage Rating: 60W
- Color Temperature: 2700K
- Power Source: Electric
- Display Condition: New
- Package Quantity: 5 Pack",1,SPECIFICATIONS,1.0,True,True,True,True,1.0,verified
PROD-0222,543005020,Boise Cascade Building Materials,edge_profile,Grooved,manufacturer_pdf,https://www.boisecascadebuildingmaterials.com/docs/datasheets/543005020.pdf,"OFFICIAL MANUFACTURER TECHNICAL DATASHEET:
- Part Number: 543005020
- Manufacturer: Boise Cascade Building Materials
- Material Composition: PVC / Aluminum Oxide / High Speed Steel
- Product Dimensions: 1/2 in x 18 in
- Board Length: 12 ft
- Width Profile: 1x6
- Color / Finish: Slate Gray / White / Stainless Steel
- Edge Profile: Grooved
- Wattage Rating: 60W
- Color Temperature: 2700K
- Power Source: Electric
- Display Condition: New
- Package Quantity: 5 Pack",1,SPECIFICATIONS,1.0,True,True,True,True,1.0,verified
PROD-0222,543005020,Boise Cascade Building Materials,length,12 ft,manufacturer_pdf,https://www.boisecascadebuildingmaterials.com/docs/datasheets/543005020.pdf,"OFFICIAL MANUFACTURER TECHNICAL DATASHEET:
- Part Number: 543005020
- Manufacturer: Boise Cascade Building Materials
- Material Composition: PVC / Aluminum Oxide / High Speed Steel
- Product Dimensions: 1/2 in x 18 in
- Board Length: 12 ft
- Width Profile: 1x6
- Color / Finish: Slate Gray / White / Stainless Steel
- Edge Profile: Grooved
- Wattage Rating: 60W
- Color Temperature: 2700K
- Power Source: Electric
- Display Condition: New
- Package Quantity: 5 Pack",1,SPECIFICATIONS,1.0,True,True,True,True,1.0,verified
PROD-0222,543005020,Boise Cascade Building Materials,material,PVC,manufacturer_pdf,https://www.boisecascadebuildingmaterials.com/docs/datasheets/543005020.pdf,"OFFICIAL MANUFACTURER TECHNICAL DATASHEET:
- Part Number: 543005020
- Manufacturer: Boise Cascade Building Materials
- Material Composition: PVC / Aluminum Oxide / High Speed Steel
- Product Dimensions: 1/2 in x 18 in
- Board Length: 12 ft
- Width Profile: 1x6
- Color / Finish: Slate Gray / White / Stainless Steel
- Edge Profile: Grooved
- Wattage Rating: 60W
- Color Temperature: 2700K
- Power Source: Electric
- Display Condition: New
- Package Quantity: 5 Pack",1,SPECIFICATIONS,1.0,True,True,True,True,1.0,verified
PROD-0222,543005020,Boise Cascade Building Materials,width_profile,1x6,manufacturer_pdf,https://www.boisecascadebuildingmaterials.com/docs/datasheets/543005020.pdf,"OFFICIAL MANUFACTURER TECHNICAL DATASHEET:
- Part Number: 543005020
- Manufacturer: Boise Cascade Building Materials
- Material Composition: PVC / Aluminum Oxide / High Speed Steel
- Product Dimensions: 1/2 in x 18 in
- Board Length: 12 ft
- Width Profile: 1x6
- Color / Finish: Slate Gray / White / Stainless Steel
- Edge Profile: Grooved
- Wattage Rating: 60W
- Color Temperature: 2700K
- Power Source: Electric
- Display Condition: New
- Package Quantity: 5 Pack",1,SPECIFICATIONS,1.0,True,True,True,True,1.0,verified
PROD-0223,543005412,Boise Cascade Building Materials,color,Slate Gray,manufacturer_pdf,https://www.boisecascadebuildingmaterials.com/docs/datasheets/543005412.pdf,"OFFICIAL MANUFACTURER TECHNICAL DATASHEET:
- Part Number: 543005412
- Manufacturer: Boise Cascade Building Materials
- Material Composition: PVC / Aluminum Oxide / High Speed Steel
- Product Dimensions: 1/2 in x 18 in
- Board Length: 12 ft
- Width Profile: 1x6
- Color / Finish: Slate Gray / White / Stainless Steel
- Edge Profile: Grooved
- Wattage Rating: 60W
- Color Temperature: 2700K
- Power Source: Electric
- Display Condition: New
- Package Quantity: 5 Pack",1,SPECIFICATIONS,1.0,True,True,True,True,1.0,verified
PROD-0223,543005412,Boise Cascade Building Materials,edge_profile,Grooved,manufacturer_pdf,https://www.boisecascadebuildingmaterials.com/docs/datasheets/543005412.pdf,"OFFICIAL MANUFACTURER TECHNICAL DATASHEET:
- Part Number: 543005412
- Manufacturer: Boise Cascade Building Materials
- Material Composition: PVC / Aluminum Oxide / High Speed Steel
- Product Dimensions: 1/2 in x 18 in
- Board Length: 12 ft
- Width Profile: 1x6
- Color / Finish: Slate Gray / White / Stainless Steel
- Edge Profile: Grooved
- Wattage Rating: 60W
- Color Temperature: 2700K
- Power Source: Electric
- Display Condition: New
- Package Quantity: 5 Pack",1,SPECIFICATIONS,1.0,True,True,True,True,1.0,verified
PROD-0223,543005412,Boise Cascade Building Materials,length,12 ft,manufacturer_pdf,https://www.boisecascadebuildingmaterials.com/docs/datasheets/543005412.pdf,"OFFICIAL MANUFACTURER TECHNICAL DATASHEET:
- Part Number: 543005412
- Manufacturer: Boise Cascade Building Materials
- Material Composition: PVC / Aluminum Oxide / High Speed Steel
- Product Dimensions: 1/2 in x 18 in
- Board Length: 12 ft
- Width Profile: 1x6
- Color / Finish: Slate Gray / White / Stainless Steel
- Edge Profile: Grooved
- Wattage Rating: 60W
- Color Temperature: 2700K
- Power Source: Electric
- Display Condition: New
- Package Quantity: 5 Pack",1,SPECIFICATIONS,1.0,True,True,True,True,1.0,verified
PROD-0223,543005412,Boise Cascade Building Materials,material,PVC,manufacturer_pdf,https://www.boisecascadebuildingmaterials.com/docs/datasheets/543005412.pdf,"OFFICIAL MANUFACTURER TECHNICAL DATASHEET:
- Part Number: 543005412
- Manufacturer: Boise Cascade Building Materials
- Material Composition: PVC / Aluminum Oxide / High Speed Steel
- Product Dimensions: 1/2 in x 18 in
- Board Length: 12 ft
- Width Profile: 1x6
- Color / Finish: Slate Gray / White / Stainless Steel
- Edge Profile: Grooved
- Wattage Rating: 60W
- Color Temperature: 2700K
- Power Source: Electric
- Display Condition: New
- Package Quantity: 5 Pack",1,SPECIFICATIONS,1.0,True,True,True,True,1.0,verified
PROD-0223,543005412,Boise Cascade Building Materials,width_profile,1x6,manufacturer_pdf,https://www.boisecascadebuildingmaterials.com/docs/datasheets/543005412.pdf,"OFFICIAL MANUFACTURER TECHNICAL DATASHEET:
- Part Number: 543005412
- Manufacturer: Boise Cascade Building Materials
- Material Composition: PVC / Aluminum Oxide / High Speed Steel
- Product Dimensions: 1/2 in x 18 in
- Board Length: 12 ft
- Width Profile: 1x6
- Color / Finish: Slate Gray / White / Stainless Steel
- Edge Profile: Grooved
- Wattage Rating: 60W
- Color Temperature: 2700K
- Power Source: Electric
- Display Condition: New
- Package Quantity: 5 Pack",1,SPECIFICATIONS,1.0,True,True,True,True,1.0,verified
PROD-0224,543005416,Boise Cascade Building Materials,color,Slate Gray,manufacturer_pdf,https://www.boisecascadebuildingmaterials.com/docs/datasheets/543005416.pdf,"OFFICIAL MANUFACTURER TECHNICAL DATASHEET:
- Part Number: 543005416
- Manufacturer: Boise Cascade Building Materials
- Material Composition: PVC / Aluminum Oxide / High Speed Steel
- Product Dimensions: 1/2 in x 18 in
- Board Length: 12 ft
- Width Profile: 1x6
- Color / Finish: Slate Gray / White / Stainless Steel
- Edge Profile: Grooved
- Wattage Rating: 60W
- Color Temperature: 2700K
- Power Source: Electric
- Display Condition: New
- Package Quantity: 5 Pack",1,SPECIFICATIONS,1.0,True,True,True,True,1.0,verified
PROD-0224,543005416,Boise Cascade Building Materials,edge_profile,Grooved,manufacturer_pdf,https://www.boisecascadebuildingmaterials.com/docs/datasheets/543005416.pdf,"OFFICIAL MANUFACTURER TECHNICAL DATASHEET:
- Part Number: 543005416
- Manufacturer: Boise Cascade Building Materials
- Material Composition: PVC / Aluminum Oxide / High Speed Steel
- Product Dimensions: 1/2 in x 18 in
- Board Length: 12 ft
- Width Profile: 1x6
- Color / Finish: Slate Gray / White / Stainless Steel
- Edge Profile: Grooved
- Wattage Rating: 60W
- Color Temperature: 2700K
- Power Source: Electric
- Display Condition: New
- Package Quantity: 5 Pack",1,SPECIFICATIONS,1.0,True,True,True,True,1.0,verified
PROD-0224,543005416,Boise Cascade Building Materials,length,12 ft,manufacturer_pdf,https://www.boisecascadebuildingmaterials.com/docs/datasheets/543005416.pdf,"OFFICIAL MANUFACTURER TECHNICAL DATASHEET:
- Part Number: 543005416
- Manufacturer: Boise Cascade Building Materials
- Material Composition: PVC / Aluminum Oxide / High Speed Steel
- Product Dimensions: 1/2 in x 18 in
- Board Length: 12 ft
- Width Profile: 1x6
- Color / Finish: Slate Gray / White / Stainless Steel
- Edge Profile: Grooved
- Wattage Rating: 60W
- Color Temperature: 2700K
- Power Source: Electric
- Display Condition: New
- Package Quantity: 5 Pack",1,SPECIFICATIONS,1.0,True,True,True,True,1.0,verified
PROD-0224,543005416,Boise Cascade Building Materials,material,PVC,manufacturer_pdf,https://www.boisecascadebuildingmaterials.com/docs/datasheets/543005416.pdf,"OFFICIAL MANUFACTURER TECHNICAL DATASHEET:
- Part Number: 543005416
- Manufacturer: Boise Cascade Building Materials
- Material Composition: PVC / Aluminum Oxide / High Speed Steel
- Product Dimensions: 1/2 in x 18 in
- Board Length: 12 ft
- Width Profile: 1x6
- Color / Finish: Slate Gray / White / Stainless Steel
- Edge Profile: Grooved
- Wattage Rating: 60W
- Color Temperature: 2700K
- Power Source: Electric
- Display Condition: New
- Package Quantity: 5 Pack",1,SPECIFICATIONS,1.0,True,True,True,True,1.0,verified
PROD-0224,543005416,Boise Cascade Building Materials,width_profile,1x6,manufacturer_pdf,https://www.boisecascadebuildingmaterials.com/docs/datasheets/543005416.pdf,"OFFICIAL MANUFACTURER TECHNICAL DATASHEET:
- Part Number: 543005416
- Manufacturer: Boise Cascade Building Materials
- Material Composition: PVC / Aluminum Oxide / High Speed Steel
- Product Dimensions: 1/2 in x 18 in
- Board Length: 12 ft
- Width Profile: 1x6
- Color / Finish: Slate Gray / White / Stainless Steel
- Edge Profile: Grooved
- Wattage Rating: 60W
- Color Temperature: 2700K
- Power Source: Electric
- Display Condition: New
- Package Quantity: 5 Pack",1,SPECIFICATIONS,1.0,True,True,True,True,1.0,verified
PROD-0225,543005420,Boise Cascade Building Materials,color,Slate Gray,manufacturer_pdf,https://www.boisecascadebuildingmaterials.com/docs/datasheets/543005420.pdf,"OFFICIAL MANUFACTURER TECHNICAL DATASHEET:
- Part Number: 543005420
- Manufacturer: Boise Cascade Building Materials
- Material Composition: PVC / Aluminum Oxide / High Speed Steel
- Product Dimensions: 1/2 in x 18 in
- Board Length: 12 ft
- Width Profile: 1x6
- Color / Finish: Slate Gray / White / Stainless Steel
- Edge Profile: Grooved
- Wattage Rating: 60W
- Color Temperature: 2700K
- Power Source: Electric
- Display Condition: New
- Package Quantity: 5 Pack",1,SPECIFICATIONS,1.0,True,True,True,True,1.0,verified
PROD-0225,543005420,Boise Cascade Building Materials,edge_profile,Grooved,manufacturer_pdf,https://www.boisecascadebuildingmaterials.com/docs/datasheets/543005420.pdf,"OFFICIAL MANUFACTURER TECHNICAL DATASHEET:
- Part Number: 543005420
- Manufacturer: Boise Cascade Building Materials
- Material Composition: PVC / Aluminum Oxide / High Speed Steel
- Product Dimensions: 1/2 in x 18 in
- Board Length: 12 ft
- Width Profile: 1x6
- Color / Finish: Slate Gray / White / Stainless Steel
- Edge Profile: Grooved
- Wattage Rating: 60W
- Color Temperature: 2700K
- Power Source: Electric
- Display Condition: New
- Package Quantity: 5 Pack",1,SPECIFICATIONS,1.0,True,True,True,True,1.0,verified
PROD-0225,543005420,Boise Cascade Building Materials,length,12 ft,manufacturer_pdf,https://www.boisecascadebuildingmaterials.com/docs/datasheets/543005420.pdf,"OFFICIAL MANUFACTURER TECHNICAL DATASHEET:
- Part Number: 543005420
- Manufacturer: Boise Cascade Building Materials
- Material Composition: PVC / Aluminum Oxide / High Speed Steel
- Product Dimensions: 1/2 in x 18 in
- Board Length: 12 ft
- Width Profile: 1x6
- Color / Finish: Slate Gray / White / Stainless Steel
- Edge Profile: Grooved
- Wattage Rating: 60W
- Color Temperature: 2700K
- Power Source: Electric
- Display Condition: New
- Package Quantity: 5 Pack",1,SPECIFICATIONS,1.0,True,True,True,True,1.0,verified
PROD-0225,543005420,Boise Cascade Building Materials,material,PVC,manufacturer_pdf,https://www.boisecascadebuildingmaterials.com/docs/datasheets/543005420.pdf,"OFFICIAL MANUFACTURER TECHNICAL DATASHEET:
- Part Number: 543005420
- Manufacturer: Boise Cascade Building Materials
- Material Composition: PVC / Aluminum Oxide / High Speed Steel
- Product Dimensions: 1/2 in x 18 in
- Board Length: 12 ft
- Width Profile: 1x6
- Color / Finish: Slate Gray / White / Stainless Steel
- Edge Profile: Grooved
- Wattage Rating: 60W
- Color Temperature: 2700K
- Power Source: Electric
- Display Condition: New
- Package Quantity: 5 Pack",1,SPECIFICATIONS,1.0,True,True,True,True,1.0,verified
PROD-0225,543005420,Boise Cascade Building Materials,width_profile,1x6,manufacturer_pdf,https://www.boisecascadebuildingmaterials.com/docs/datasheets/543005420.pdf,"OFFICIAL MANUFACTURER TECHNICAL DATASHEET:
- Part Number: 543005420
- Manufacturer: Boise Cascade Building Materials
- Material Composition: PVC / Aluminum Oxide / High Speed Steel
- Product Dimensions: 1/2 in x 18 in
- Board Length: 12 ft
- Width Profile: 1x6
- Color / Finish: Slate Gray / White / Stainless Steel
- Edge Profile: Grooved
- Wattage Rating: 60W
- Color Temperature: 2700K
- Power Source: Electric
- Display Condition: New
- Package Quantity: 5 Pack",1,SPECIFICATIONS,1.0,True,True,True,True,1.0,verified
PROD-0226,1516891,Boise Cascade Building Materials,color,Slate Gray,manufacturer_pdf,https://www.boisecascadebuildingmaterials.com/docs/datasheets/1516891.pdf,"OFFICIAL MANUFACTURER TECHNICAL DATASHEET:
- Part Number: 1516891
- Manufacturer: Boise Cascade Building Materials
- Material Composition: PVC / Aluminum Oxide / High Speed Steel
- Product Dimensions: 1/2 in x 18 in
- Board Length: 12 ft
- Width Profile: 1x6
- Color / Finish: Slate Gray / White / Stainless Steel
- Edge Profile: Grooved
- Wattage Rating: 60W
- Color Temperature: 2700K
- Power Source: Electric
- Display Condition: New
- Package Quantity: 5 Pack",1,SPECIFICATIONS,1.0,True,True,True,True,1.0,verified
PROD-0226,1516891,Boise Cascade Building Materials,edge_profile,Grooved,manufacturer_pdf,https://www.boisecascadebuildingmaterials.com/docs/datasheets/1516891.pdf,"OFFICIAL MANUFACTURER TECHNICAL DATASHEET:
- Part Number: 1516891
- Manufacturer: Boise Cascade Building Materials
- Material Composition: PVC / Aluminum Oxide / High Speed Steel
- Product Dimensions: 1/2 in x 18 in
- Board Length: 12 ft
- Width Profile: 1x6
- Color / Finish: Slate Gray / White / Stainless Steel
- Edge Profile: Grooved
- Wattage Rating: 60W
- Color Temperature: 2700K
- Power Source: Electric
- Display Condition: New
- Package Quantity: 5 Pack",1,SPECIFICATIONS,1.0,True,True,True,True,1.0,verified
PROD-0226,1516891,Boise Cascade Building Materials,length,12 ft,manufacturer_pdf,https://www.boisecascadebuildingmaterials.com/docs/datasheets/1516891.pdf,"OFFICIAL MANUFACTURER TECHNICAL DATASHEET:
- Part Number: 1516891
- Manufacturer: Boise Cascade Building Materials
- Material Composition: PVC / Aluminum Oxide / High Speed Steel
- Product Dimensions: 1/2 in x 18 in
- Board Length: 12 ft
- Width Profile: 1x6
- Color / Finish: Slate Gray / White / Stainless Steel
- Edge Profile: Grooved
- Wattage Rating: 60W
- Color Temperature: 2700K
- Power Source: Electric
- Display Condition: New
- Package Quantity: 5 Pack",1,SPECIFICATIONS,1.0,True,True,True,True,1.0,verified
PROD-0226,1516891,Boise Cascade Building Materials,material,PVC,manufacturer_pdf,https://www.boisecascadebuildingmaterials.com/docs/datasheets/1516891.pdf,"OFFICIAL MANUFACTURER TECHNICAL DATASHEET:
- Part Number: 1516891
- Manufacturer: Boise Cascade Building Materials
- Material Composition: PVC / Aluminum Oxide / High Speed Steel
- Product Dimensions: 1/2 in x 18 in
- Board Length: 12 ft
- Width Profile: 1x6
- Color / Finish: Slate Gray / White / Stainless Steel
- Edge Profile: Grooved
- Wattage Rating: 60W
- Color Temperature: 2700K
- Power Source: Electric
- Display Condition: New
- Package Quantity: 5 Pack",1,SPECIFICATIONS,1.0,True,True,True,True,1.0,verified
PROD-0226,1516891,Boise Cascade Building Materials,width_profile,1x6,manufacturer_pdf,https://www.boisecascadebuildingmaterials.com/docs/datasheets/1516891.pdf,"OFFICIAL MANUFACTURER TECHNICAL DATASHEET:
- Part Number: 1516891
- Manufacturer: Boise Cascade Building Materials
- Material Composition: PVC / Aluminum Oxide / High Speed Steel
- Product Dimensions: 1/2 in x 18 in
- Board Length: 12 ft
- Width Profile: 1x6
- Color / Finish: Slate Gray / White / Stainless Steel
- Edge Profile: Grooved
- Wattage Rating: 60W
- Color Temperature: 2700K
- Power Source: Electric
- Display Condition: New
- Package Quantity: 5 Pack",1,SPECIFICATIONS,1.0,True,True,True,True,1.0,verified
PROD-0227,1516892,Boise Cascade Building Materials,color,Slate Gray,manufacturer_pdf,https://www.boisecascadebuildingmaterials.com/docs/datasheets/1516892.pdf,"OFFICIAL MANUFACTURER TECHNICAL DATASHEET:
- Part Number: 1516892
- Manufacturer: Boise Cascade Building Materials
- Material Composition: PVC / Aluminum Oxide / High Speed Steel
- Product Dimensions: 1/2 in x 18 in
- Board Length: 12 ft
- Width Profile: 1x6
- Color / Finish: Slate Gray / White / Stainless Steel
- Edge Profile: Grooved
- Wattage Rating: 60W
- Color Temperature: 2700K
- Power Source: Electric
- Display Condition: New
- Package Quantity: 5 Pack",1,SPECIFICATIONS,1.0,True,True,True,True,1.0,verified
PROD-0227,1516892,Boise Cascade Building Materials,edge_profile,Grooved,manufacturer_pdf,https://www.boisecascadebuildingmaterials.com/docs/datasheets/1516892.pdf,"OFFICIAL MANUFACTURER TECHNICAL DATASHEET:
- Part Number: 1516892
- Manufacturer: Boise Cascade Building Materials
- Material Composition: PVC / Aluminum Oxide / High Speed Steel
- Product Dimensions: 1/2 in x 18 in
- Board Length: 12 ft
- Width Profile: 1x6
- Color / Finish: Slate Gray / White / Stainless Steel
- Edge Profile: Grooved
- Wattage Rating: 60W
- Color Temperature: 2700K
- Power Source: Electric
- Display Condition: New
- Package Quantity: 5 Pack",1,SPECIFICATIONS,1.0,True,True,True,True,1.0,verified
PROD-0227,1516892,Boise Cascade Building Materials,length,12 ft,manufacturer_pdf,https://www.boisecascadebuildingmaterials.com/docs/datasheets/1516892.pdf,"OFFICIAL MANUFACTURER TECHNICAL DATASHEET:
- Part Number: 1516892
- Manufacturer: Boise Cascade Building Materials
- Material Composition: PVC / Aluminum Oxide / High Speed Steel
- Product Dimensions: 1/2 in x 18 in
- Board Length: 12 ft
- Width Profile: 1x6
- Color / Finish: Slate Gray / White / Stainless Steel
- Edge Profile: Grooved
- Wattage Rating: 60W
- Color Temperature: 2700K
- Power Source: Electric
- Display Condition: New
- Package Quantity: 5 Pack",1,SPECIFICATIONS,1.0,True,True,True,True,1.0,verified
PROD-0227,1516892,Boise Cascade Building Materials,material,PVC,manufacturer_pdf,https://www.boisecascadebuildingmaterials.com/docs/datasheets/1516892.pdf,"OFFICIAL MANUFACTURER TECHNICAL DATASHEET:
- Part Number: 1516892
- Manufacturer: Boise Cascade Building Materials
- Material Composition: PVC / Aluminum Oxide / High Speed Steel
- Product Dimensions: 1/2 in x 18 in
- Board Length: 12 ft
- Width Profile: 1x6
- Color / Finish: Slate Gray / White / Stainless Steel
- Edge Profile: Grooved
- Wattage Rating: 60W
- Color Temperature: 2700K
- Power Source: Electric
- Display Condition: New
- Package Quantity: 5 Pack",1,SPECIFICATIONS,1.0,True,True,True,True,1.0,verified
PROD-0227,1516892,Boise Cascade Building Materials,width_profile,1x6,manufacturer_pdf,https://www.boisecascadebuildingmaterials.com/docs/datasheets/1516892.pdf,"OFFICIAL MANUFACTURER TECHNICAL DATASHEET:
- Part Number: 1516892
- Manufacturer: Boise Cascade Building Materials
- Material Composition: PVC / Aluminum Oxide / High Speed Steel
- Product Dimensions: 1/2 in x 18 in
- Board Length: 12 ft
- Width Profile: 1x6
- Color / Finish: Slate Gray / White / Stainless Steel
- Edge Profile: Grooved
- Wattage Rating: 60W
- Color Temperature: 2700K
- Power Source: Electric
- Display Condition: New
- Package Quantity: 5 Pack",1,SPECIFICATIONS,1.0,True,True,True,True,1.0,verified
PROD-0228,1516893,Boise Cascade Building Materials,color,Slate Gray,manufacturer_pdf,https://www.boisecascadebuildingmaterials.com/docs/datasheets/1516893.pdf,"OFFICIAL MANUFACTURER TECHNICAL DATASHEET:
- Part Number: 1516893
- Manufacturer: Boise Cascade Building Materials
- Material Composition: PVC / Aluminum Oxide / High Speed Steel
- Product Dimensions: 1/2 in x 18 in
- Board Length: 12 ft
- Width Profile: 1x6
- Color / Finish: Slate Gray / White / Stainless Steel
- Edge Profile: Grooved
- Wattage Rating: 60W
- Color Temperature: 2700K
- Power Source: Electric
- Display Condition: New
- Package Quantity: 5 Pack",1,SPECIFICATIONS,1.0,True,True,True,True,1.0,verified
PROD-0228,1516893,Boise Cascade Building Materials,edge_profile,Grooved,manufacturer_pdf,https://www.boisecascadebuildingmaterials.com/docs/datasheets/1516893.pdf,"OFFICIAL MANUFACTURER TECHNICAL DATASHEET:
- Part Number: 1516893
- Manufacturer: Boise Cascade Building Materials
- Material Composition: PVC / Aluminum Oxide / High Speed Steel
- Product Dimensions: 1/2 in x 18 in
- Board Length: 12 ft
- Width Profile: 1x6
- Color / Finish: Slate Gray / White / Stainless Steel
- Edge Profile: Grooved
- Wattage Rating: 60W
- Color Temperature: 2700K
- Power Source: Electric
- Display Condition: New
- Package Quantity: 5 Pack",1,SPECIFICATIONS,1.0,True,True,True,True,1.0,verified
PROD-0228,1516893,Boise Cascade Building Materials,length,12 ft,manufacturer_pdf,https://www.boisecascadebuildingmaterials.com/docs/datasheets/1516893.pdf,"OFFICIAL MANUFACTURER TECHNICAL DATASHEET:
- Part Number: 1516893
- Manufacturer: Boise Cascade Building Materials
- Material Composition: PVC / Aluminum Oxide / High Speed Steel
- Product Dimensions: 1/2 in x 18 in
- Board Length: 12 ft
- Width Profile: 1x6
- Color / Finish: Slate Gray / White / Stainless Steel
- Edge Profile: Grooved
- Wattage Rating: 60W
- Color Temperature: 2700K
- Power Source: Electric
- Display Condition: New
- Package Quantity: 5 Pack",1,SPECIFICATIONS,1.0,True,True,True,True,1.0,verified
PROD-0228,1516893,Boise Cascade Building Materials,material,PVC,manufacturer_pdf,https://www.boisecascadebuildingmaterials.com/docs/datasheets/1516893.pdf,"OFFICIAL MANUFACTURER TECHNICAL DATASHEET:
- Part Number: 1516893
- Manufacturer: Boise Cascade Building Materials
- Material Composition: PVC / Aluminum Oxide / High Speed Steel
- Product Dimensions: 1/2 in x 18 in
- Board Length: 12 ft
- Width Profile: 1x6
- Color / Finish: Slate Gray / White / Stainless Steel
- Edge Profile: Grooved
- Wattage Rating: 60W
- Color Temperature: 2700K
- Power Source: Electric
- Display Condition: New
- Package Quantity: 5 Pack",1,SPECIFICATIONS,1.0,True,True,True,True,1.0,verified
PROD-0228,1516893,Boise Cascade Building Materials,width_profile,1x6,manufacturer_pdf,https://www.boisecascadebuildingmaterials.com/docs/datasheets/1516893.pdf,"OFFICIAL MANUFACTURER TECHNICAL DATASHEET:
- Part Number: 1516893
- Manufacturer: Boise Cascade Building Materials
- Material Composition: PVC / Aluminum Oxide / High Speed Steel
- Product Dimensions: 1/2 in x 18 in
- Board Length: 12 ft
- Width Profile: 1x6
- Color / Finish: Slate Gray / White / Stainless Steel
- Edge Profile: Grooved
- Wattage Rating: 60W
- Color Temperature: 2700K
- Power Source: Electric
- Display Condition: New
- Package Quantity: 5 Pack",1,SPECIFICATIONS,1.0,True,True,True,True,1.0,verified
PROD-0229,1516894,Boise Cascade Building Materials,color,Slate Gray,manufacturer_pdf,https://www.boisecascadebuildingmaterials.com/docs/datasheets/1516894.pdf,"OFFICIAL MANUFACTURER TECHNICAL DATASHEET:
- Part Number: 1516894
- Manufacturer: Boise Cascade Building Materials
- Material Composition: PVC / Aluminum Oxide / High Speed Steel
- Product Dimensions: 1/2 in x 18 in
- Board Length: 12 ft
- Width Profile: 1x6
- Color / Finish: Slate Gray / White / Stainless Steel
- Edge Profile: Grooved
- Wattage Rating: 60W
- Color Temperature: 2700K
- Power Source: Electric
- Display Condition: New
- Package Quantity: 5 Pack",1,SPECIFICATIONS,1.0,True,True,True,True,1.0,verified
PROD-0229,1516894,Boise Cascade Building Materials,edge_profile,Grooved,manufacturer_pdf,https://www.boisecascadebuildingmaterials.com/docs/datasheets/1516894.pdf,"OFFICIAL MANUFACTURER TECHNICAL DATASHEET:
- Part Number: 1516894
- Manufacturer: Boise Cascade Building Materials
- Material Composition: PVC / Aluminum Oxide / High Speed Steel
- Product Dimensions: 1/2 in x 18 in
- Board Length: 12 ft
- Width Profile: 1x6
- Color / Finish: Slate Gray / White / Stainless Steel
- Edge Profile: Grooved
- Wattage Rating: 60W
- Color Temperature: 2700K
- Power Source: Electric
- Display Condition: New
- Package Quantity: 5 Pack",1,SPECIFICATIONS,1.0,True,True,True,True,1.0,verified
PROD-0229,1516894,Boise Cascade Building Materials,length,12 ft,manufacturer_pdf,https://www.boisecascadebuildingmaterials.com/docs/datasheets/1516894.pdf,"OFFICIAL MANUFACTURER TECHNICAL DATASHEET:
- Part Number: 1516894
- Manufacturer: Boise Cascade Building Materials
- Material Composition: PVC / Aluminum Oxide / High Speed Steel
- Product Dimensions: 1/2 in x 18 in
- Board Length: 12 ft
- Width Profile: 1x6
- Color / Finish: Slate Gray / White / Stainless Steel
- Edge Profile: Grooved
- Wattage Rating: 60W
- Color Temperature: 2700K
- Power Source: Electric
- Display Condition: New
- Package Quantity: 5 Pack",1,SPECIFICATIONS,1.0,True,True,True,True,1.0,verified
PROD-0229,1516894,Boise Cascade Building Materials,material,PVC,manufacturer_pdf,https://www.boisecascadebuildingmaterials.com/docs/datasheets/1516894.pdf,"OFFICIAL MANUFACTURER TECHNICAL DATASHEET:
- Part Number: 1516894
- Manufacturer: Boise Cascade Building Materials
- Material Composition: PVC / Aluminum Oxide / High Speed Steel
- Product Dimensions: 1/2 in x 18 in
- Board Length: 12 ft
- Width Profile: 1x6
- Color / Finish: Slate Gray / White / Stainless Steel
- Edge Profile: Grooved
- Wattage Rating: 60W
- Color Temperature: 2700K
- Power Source: Electric
- Display Condition: New
- Package Quantity: 5 Pack",1,SPECIFICATIONS,1.0,True,True,True,True,1.0,verified
PROD-0229,1516894,Boise Cascade Building Materials,width_profile,1x6,manufacturer_pdf,https://www.boisecascadebuildingmaterials.com/docs/datasheets/1516894.pdf,"OFFICIAL MANUFACTURER TECHNICAL DATASHEET:
- Part Number: 1516894
- Manufacturer: Boise Cascade Building Materials
- Material Composition: PVC / Aluminum Oxide / High Speed Steel
- Product Dimensions: 1/2 in x 18 in
- Board Length: 12 ft
- Width Profile: 1x6
- Color / Finish: Slate Gray / White / Stainless Steel
- Edge Profile: Grooved
- Wattage Rating: 60W
- Color Temperature: 2700K
- Power Source: Electric
- Display Condition: New
- Package Quantity: 5 Pack",1,SPECIFICATIONS,1.0,True,True,True,True,1.0,verified
PROD-0230,1516895,Boise Cascade Building Materials,color,Slate Gray,manufacturer_pdf,https://www.boisecascadebuildingmaterials.com/docs/datasheets/1516895.pdf,"OFFICIAL MANUFACTURER TECHNICAL DATASHEET:
- Part Number: 1516895
- Manufacturer: Boise Cascade Building Materials
- Material Composition: PVC / Aluminum Oxide / High Speed Steel
- Product Dimensions: 1/2 in x 18 in
- Board Length: 12 ft
- Width Profile: 1x6
- Color / Finish: Slate Gray / White / Stainless Steel
- Edge Profile: Grooved
- Wattage Rating: 60W
- Color Temperature: 2700K
- Power Source: Electric
- Display Condition: New
- Package Quantity: 5 Pack",1,SPECIFICATIONS,1.0,True,True,True,True,1.0,verified
PROD-0230,1516895,Boise Cascade Building Materials,edge_profile,Grooved,manufacturer_pdf,https://www.boisecascadebuildingmaterials.com/docs/datasheets/1516895.pdf,"OFFICIAL MANUFACTURER TECHNICAL DATASHEET:
- Part Number: 1516895
- Manufacturer: Boise Cascade Building Materials
- Material Composition: PVC / Aluminum Oxide / High Speed Steel
- Product Dimensions: 1/2 in x 18 in
- Board Length: 12 ft
- Width Profile: 1x6
- Color / Finish: Slate Gray / White / Stainless Steel
- Edge Profile: Grooved
- Wattage Rating: 60W
- Color Temperature: 2700K
- Power Source: Electric
- Display Condition: New
- Package Quantity: 5 Pack",1,SPECIFICATIONS,1.0,True,True,True,True,1.0,verified
PROD-0230,1516895,Boise Cascade Building Materials,length,12 ft,manufacturer_pdf,https://www.boisecascadebuildingmaterials.com/docs/datasheets/1516895.pdf,"OFFICIAL MANUFACTURER TECHNICAL DATASHEET:
- Part Number: 1516895
- Manufacturer: Boise Cascade Building Materials
- Material Composition: PVC / Aluminum Oxide / High Speed Steel
- Product Dimensions: 1/2 in x 18 in
- Board Length: 12 ft
- Width Profile: 1x6
- Color / Finish: Slate Gray / White / Stainless Steel
- Edge Profile: Grooved
- Wattage Rating: 60W
- Color Temperature: 2700K
- Power Source: Electric
- Display Condition: New
- Package Quantity: 5 Pack",1,SPECIFICATIONS,1.0,True,True,True,True,1.0,verified
PROD-0230,1516895,Boise Cascade Building Materials,material,PVC,manufacturer_pdf,https://www.boisecascadebuildingmaterials.com/docs/datasheets/1516895.pdf,"OFFICIAL MANUFACTURER TECHNICAL DATASHEET:
- Part Number: 1516895
- Manufacturer: Boise Cascade Building Materials
- Material Composition: PVC / Aluminum Oxide / High Speed Steel
- Product Dimensions: 1/2 in x 18 in
- Board Length: 12 ft
- Width Profile: 1x6
- Color / Finish: Slate Gray / White / Stainless Steel
- Edge Profile: Grooved
- Wattage Rating: 60W
- Color Temperature: 2700K
- Power Source: Electric
- Display Condition: New
- Package Quantity: 5 Pack",1,SPECIFICATIONS,1.0,True,True,True,True,1.0,verified
PROD-0230,1516895,Boise Cascade Building Materials,width_profile,1x6,manufacturer_pdf,https://www.boisecascadebuildingmaterials.com/docs/datasheets/1516895.pdf,"OFFICIAL MANUFACTURER TECHNICAL DATASHEET:
- Part Number: 1516895
- Manufacturer: Boise Cascade Building Materials
- Material Composition: PVC / Aluminum Oxide / High Speed Steel
- Product Dimensions: 1/2 in x 18 in
- Board Length: 12 ft
- Width Profile: 1x6
- Color / Finish: Slate Gray / White / Stainless Steel
- Edge Profile: Grooved
- Wattage Rating: 60W
- Color Temperature: 2700K
- Power Source: Electric
- Display Condition: New
- Package Quantity: 5 Pack",1,SPECIFICATIONS,1.0,True,True,True,True,1.0,verified
PROD-0231,543007016,Boise Cascade Building Materials,color,Slate Gray,manufacturer_pdf,https://www.boisecascadebuildingmaterials.com/docs/datasheets/543007016.pdf,"OFFICIAL MANUFACTURER TECHNICAL DATASHEET:
- Part Number: 543007016
- Manufacturer: Boise Cascade Building Materials
- Material Composition: PVC / Aluminum Oxide / High Speed Steel
- Product Dimensions: 1/2 in x 18 in
- Board Length: 12 ft
- Width Profile: 1x6
- Color / Finish: Slate Gray / White / Stainless Steel
- Edge Profile: Grooved
- Wattage Rating: 60W
- Color Temperature: 2700K
- Power Source: Electric
- Display Condition: New
- Package Quantity: 5 Pack",1,SPECIFICATIONS,1.0,True,True,True,True,1.0,verified
PROD-0231,543007016,Boise Cascade Building Materials,edge_profile,Grooved,manufacturer_pdf,https://www.boisecascadebuildingmaterials.com/docs/datasheets/543007016.pdf,"OFFICIAL MANUFACTURER TECHNICAL DATASHEET:
- Part Number: 543007016
- Manufacturer: Boise Cascade Building Materials
- Material Composition: PVC / Aluminum Oxide / High Speed Steel
- Product Dimensions: 1/2 in x 18 in
- Board Length: 12 ft
- Width Profile: 1x6
- Color / Finish: Slate Gray / White / Stainless Steel
- Edge Profile: Grooved
- Wattage Rating: 60W
- Color Temperature: 2700K
- Power Source: Electric
- Display Condition: New
- Package Quantity: 5 Pack",1,SPECIFICATIONS,1.0,True,True,True,True,1.0,verified
PROD-0231,543007016,Boise Cascade Building Materials,length,12 ft,manufacturer_pdf,https://www.boisecascadebuildingmaterials.com/docs/datasheets/543007016.pdf,"OFFICIAL MANUFACTURER TECHNICAL DATASHEET:
- Part Number: 543007016
- Manufacturer: Boise Cascade Building Materials
- Material Composition: PVC / Aluminum Oxide / High Speed Steel
- Product Dimensions: 1/2 in x 18 in
- Board Length: 12 ft
- Width Profile: 1x6
- Color / Finish: Slate Gray / White / Stainless Steel
- Edge Profile: Grooved
- Wattage Rating: 60W
- Color Temperature: 2700K
- Power Source: Electric
- Display Condition: New
- Package Quantity: 5 Pack",1,SPECIFICATIONS,1.0,True,True,True,True,1.0,verified
PROD-0231,543007016,Boise Cascade Building Materials,material,PVC,manufacturer_pdf,https://www.boisecascadebuildingmaterials.com/docs/datasheets/543007016.pdf,"OFFICIAL MANUFACTURER TECHNICAL DATASHEET:
- Part Number: 543007016
- Manufacturer: Boise Cascade Building Materials
- Material Composition: PVC / Aluminum Oxide / High Speed Steel
- Product Dimensions: 1/2 in x 18 in
- Board Length: 12 ft
- Width Profile: 1x6
- Color / Finish: Slate Gray / White / Stainless Steel
- Edge Profile: Grooved
- Wattage Rating: 60W
- Color Temperature: 2700K
- Power Source: Electric
- Display Condition: New
- Package Quantity: 5 Pack",1,SPECIFICATIONS,1.0,True,True,True,True,1.0,verified
PROD-0231,543007016,Boise Cascade Building Materials,width_profile,1x6,manufacturer_pdf,https://www.boisecascadebuildingmaterials.com/docs/datasheets/543007016.pdf,"OFFICIAL MANUFACTURER TECHNICAL DATASHEET:
- Part Number: 543007016
- Manufacturer: Boise Cascade Building Materials
- Material Composition: PVC / Aluminum Oxide / High Speed Steel
- Product Dimensions: 1/2 in x 18 in
- Board Length: 12 ft
- Width Profile: 1x6
- Color / Finish: Slate Gray / White / Stainless Steel
- Edge Profile: Grooved
- Wattage Rating: 60W
- Color Temperature: 2700K
- Power Source: Electric
- Display Condition: New
- Package Quantity: 5 Pack",1,SPECIFICATIONS,1.0,True,True,True,True,1.0,verified
PROD-0232,543007020,Boise Cascade Building Materials,color,Slate Gray,manufacturer_pdf,https://www.boisecascadebuildingmaterials.com/docs/datasheets/543007020.pdf,"OFFICIAL MANUFACTURER TECHNICAL DATASHEET:
- Part Number: 543007020
- Manufacturer: Boise Cascade Building Materials
- Material Composition: PVC / Aluminum Oxide / High Speed Steel
- Product Dimensions: 1/2 in x 18 in
- Board Length: 12 ft
- Width Profile: 1x6
- Color / Finish: Slate Gray / White / Stainless Steel
- Edge Profile: Grooved
- Wattage Rating: 60W
- Color Temperature: 2700K
- Power Source: Electric
- Display Condition: New
- Package Quantity: 5 Pack",1,SPECIFICATIONS,1.0,True,True,True,True,1.0,verified
PROD-0232,543007020,Boise Cascade Building Materials,edge_profile,Grooved,manufacturer_pdf,https://www.boisecascadebuildingmaterials.com/docs/datasheets/543007020.pdf,"OFFICIAL MANUFACTURER TECHNICAL DATASHEET:
- Part Number: 543007020
- Manufacturer: Boise Cascade Building Materials
- Material Composition: PVC / Aluminum Oxide / High Speed Steel
- Product Dimensions: 1/2 in x 18 in
- Board Length: 12 ft
- Width Profile: 1x6
- Color / Finish: Slate Gray / White / Stainless Steel
- Edge Profile: Grooved
- Wattage Rating: 60W
- Color Temperature: 2700K
- Power Source: Electric
- Display Condition: New
- Package Quantity: 5 Pack",1,SPECIFICATIONS,1.0,True,True,True,True,1.0,verified
PROD-0232,543007020,Boise Cascade Building Materials,length,12 ft,manufacturer_pdf,https://www.boisecascadebuildingmaterials.com/docs/datasheets/543007020.pdf,"OFFICIAL MANUFACTURER TECHNICAL DATASHEET:
- Part Number: 543007020
- Manufacturer: Boise Cascade Building Materials
- Material Composition: PVC / Aluminum Oxide / High Speed Steel
- Product Dimensions: 1/2 in x 18 in
- Board Length: 12 ft
- Width Profile: 1x6
- Color / Finish: Slate Gray / White / Stainless Steel
- Edge Profile: Grooved
- Wattage Rating: 60W
- Color Temperature: 2700K
- Power Source: Electric
- Display Condition: New
- Package Quantity: 5 Pack",1,SPECIFICATIONS,1.0,True,True,True,True,1.0,verified
PROD-0232,543007020,Boise Cascade Building Materials,material,PVC,manufacturer_pdf,https://www.boisecascadebuildingmaterials.com/docs/datasheets/543007020.pdf,"OFFICIAL MANUFACTURER TECHNICAL DATASHEET:
- Part Number: 543007020
- Manufacturer: Boise Cascade Building Materials
- Material Composition: PVC / Aluminum Oxide / High Speed Steel
- Product Dimensions: 1/2 in x 18 in
- Board Length: 12 ft
- Width Profile: 1x6
- Color / Finish: Slate Gray / White / Stainless Steel
- Edge Profile: Grooved
- Wattage Rating: 60W
- Color Temperature: 2700K
- Power Source: Electric
- Display Condition: New
- Package Quantity: 5 Pack",1,SPECIFICATIONS,1.0,True,True,True,True,1.0,verified
PROD-0232,543007020,Boise Cascade Building Materials,width_profile,1x6,manufacturer_pdf,https://www.boisecascadebuildingmaterials.com/docs/datasheets/543007020.pdf,"OFFICIAL MANUFACTURER TECHNICAL DATASHEET:
- Part Number: 543007020
- Manufacturer: Boise Cascade Building Materials
- Material Composition: PVC / Aluminum Oxide / High Speed Steel
- Product Dimensions: 1/2 in x 18 in
- Board Length: 12 ft
- Width Profile: 1x6
- Color / Finish: Slate Gray / White / Stainless Steel
- Edge Profile: Grooved
- Wattage Rating: 60W
- Color Temperature: 2700K
- Power Source: Electric
- Display Condition: New
- Package Quantity: 5 Pack",1,SPECIFICATIONS,1.0,True,True,True,True,1.0,verified
PROD-0233,543007412,Boise Cascade Building Materials,color,Slate Gray,manufacturer_pdf,https://www.boisecascadebuildingmaterials.com/docs/datasheets/543007412.pdf,"OFFICIAL MANUFACTURER TECHNICAL DATASHEET:
- Part Number: 543007412
- Manufacturer: Boise Cascade Building Materials
- Material Composition: PVC / Aluminum Oxide / High Speed Steel
- Product Dimensions: 1/2 in x 18 in
- Board Length: 12 ft
- Width Profile: 1x6
- Color / Finish: Slate Gray / White / Stainless Steel
- Edge Profile: Grooved
- Wattage Rating: 60W
- Color Temperature: 2700K
- Power Source: Electric
- Display Condition: New
- Package Quantity: 5 Pack",1,SPECIFICATIONS,1.0,True,True,True,True,1.0,verified
PROD-0233,543007412,Boise Cascade Building Materials,edge_profile,Grooved,manufacturer_pdf,https://www.boisecascadebuildingmaterials.com/docs/datasheets/543007412.pdf,"OFFICIAL MANUFACTURER TECHNICAL DATASHEET:
- Part Number: 543007412
- Manufacturer: Boise Cascade Building Materials
- Material Composition: PVC / Aluminum Oxide / High Speed Steel
- Product Dimensions: 1/2 in x 18 in
- Board Length: 12 ft
- Width Profile: 1x6
- Color / Finish: Slate Gray / White / Stainless Steel
- Edge Profile: Grooved
- Wattage Rating: 60W
- Color Temperature: 2700K
- Power Source: Electric
- Display Condition: New
- Package Quantity: 5 Pack",1,SPECIFICATIONS,1.0,True,True,True,True,1.0,verified
PROD-0233,543007412,Boise Cascade Building Materials,length,12 ft,manufacturer_pdf,https://www.boisecascadebuildingmaterials.com/docs/datasheets/543007412.pdf,"OFFICIAL MANUFACTURER TECHNICAL DATASHEET:
- Part Number: 543007412
- Manufacturer: Boise Cascade Building Materials
- Material Composition: PVC / Aluminum Oxide / High Speed Steel
- Product Dimensions: 1/2 in x 18 in
- Board Length: 12 ft
- Width Profile: 1x6
- Color / Finish: Slate Gray / White / Stainless Steel
- Edge Profile: Grooved
- Wattage Rating: 60W
- Color Temperature: 2700K
- Power Source: Electric
- Display Condition: New
- Package Quantity: 5 Pack",1,SPECIFICATIONS,1.0,True,True,True,True,1.0,verified
PROD-0233,543007412,Boise Cascade Building Materials,material,PVC,manufacturer_pdf,https://www.boisecascadebuildingmaterials.com/docs/datasheets/543007412.pdf,"OFFICIAL MANUFACTURER TECHNICAL DATASHEET:
- Part Number: 543007412
- Manufacturer: Boise Cascade Building Materials
- Material Composition: PVC / Aluminum Oxide / High Speed Steel
- Product Dimensions: 1/2 in x 18 in
- Board Length: 12 ft
- Width Profile: 1x6
- Color / Finish: Slate Gray / White / Stainless Steel
- Edge Profile: Grooved
- Wattage Rating: 60W
- Color Temperature: 2700K
- Power Source: Electric
- Display Condition: New
- Package Quantity: 5 Pack",1,SPECIFICATIONS,1.0,True,True,True,True,1.0,verified
PROD-0233,543007412,Boise Cascade Building Materials,width_profile,1x6,manufacturer_pdf,https://www.boisecascadebuildingmaterials.com/docs/datasheets/543007412.pdf,"OFFICIAL MANUFACTURER TECHNICAL DATASHEET:
- Part Number: 543007412
- Manufacturer: Boise Cascade Building Materials
- Material Composition: PVC / Aluminum Oxide / High Speed Steel
- Product Dimensions: 1/2 in x 18 in
- Board Length: 12 ft
- Width Profile: 1x6
- Color / Finish: Slate Gray / White / Stainless Steel
- Edge Profile: Grooved
- Wattage Rating: 60W
- Color Temperature: 2700K
- Power Source: Electric
- Display Condition: New
- Package Quantity: 5 Pack",1,SPECIFICATIONS,1.0,True,True,True,True,1.0,verified
PROD-0234,543007416,Boise Cascade Building Materials,color,Slate Gray,manufacturer_pdf,https://www.boisecascadebuildingmaterials.com/docs/datasheets/543007416.pdf,"OFFICIAL MANUFACTURER TECHNICAL DATASHEET:
- Part Number: 543007416
- Manufacturer: Boise Cascade Building Materials
- Material Composition: PVC / Aluminum Oxide / High Speed Steel
- Product Dimensions: 1/2 in x 18 in
- Board Length: 12 ft
- Width Profile: 1x6
- Color / Finish: Slate Gray / White / Stainless Steel
- Edge Profile: Grooved
- Wattage Rating: 60W
- Color Temperature: 2700K
- Power Source: Electric
- Display Condition: New
- Package Quantity: 5 Pack",1,SPECIFICATIONS,1.0,True,True,True,True,1.0,verified
PROD-0234,543007416,Boise Cascade Building Materials,edge_profile,Grooved,manufacturer_pdf,https://www.boisecascadebuildingmaterials.com/docs/datasheets/543007416.pdf,"OFFICIAL MANUFACTURER TECHNICAL DATASHEET:
- Part Number: 543007416
- Manufacturer: Boise Cascade Building Materials
- Material Composition: PVC / Aluminum Oxide / High Speed Steel
- Product Dimensions: 1/2 in x 18 in
- Board Length: 12 ft
- Width Profile: 1x6
- Color / Finish: Slate Gray / White / Stainless Steel
- Edge Profile: Grooved
- Wattage Rating: 60W
- Color Temperature: 2700K
- Power Source: Electric
- Display Condition: New
- Package Quantity: 5 Pack",1,SPECIFICATIONS,1.0,True,True,True,True,1.0,verified
PROD-0234,543007416,Boise Cascade Building Materials,length,12 ft,manufacturer_pdf,https://www.boisecascadebuildingmaterials.com/docs/datasheets/543007416.pdf,"OFFICIAL MANUFACTURER TECHNICAL DATASHEET:
- Part Number: 543007416
- Manufacturer: Boise Cascade Building Materials
- Material Composition: PVC / Aluminum Oxide / High Speed Steel
- Product Dimensions: 1/2 in x 18 in
- Board Length: 12 ft
- Width Profile: 1x6
- Color / Finish: Slate Gray / White / Stainless Steel
- Edge Profile: Grooved
- Wattage Rating: 60W
- Color Temperature: 2700K
- Power Source: Electric
- Display Condition: New
- Package Quantity: 5 Pack",1,SPECIFICATIONS,1.0,True,True,True,True,1.0,verified
PROD-0234,543007416,Boise Cascade Building Materials,material,PVC,manufacturer_pdf,https://www.boisecascadebuildingmaterials.com/docs/datasheets/543007416.pdf,"OFFICIAL MANUFACTURER TECHNICAL DATASHEET:
- Part Number: 543007416
- Manufacturer: Boise Cascade Building Materials
- Material Composition: PVC / Aluminum Oxide / High Speed Steel
- Product Dimensions: 1/2 in x 18 in
- Board Length: 12 ft
- Width Profile: 1x6
- Color / Finish: Slate Gray / White / Stainless Steel
- Edge Profile: Grooved
- Wattage Rating: 60W
- Color Temperature: 2700K
- Power Source: Electric
- Display Condition: New
- Package Quantity: 5 Pack",1,SPECIFICATIONS,1.0,True,True,True,True,1.0,verified
PROD-0234,543007416,Boise Cascade Building Materials,width_profile,1x6,manufacturer_pdf,https://www.boisecascadebuildingmaterials.com/docs/datasheets/543007416.pdf,"OFFICIAL MANUFACTURER TECHNICAL DATASHEET:
- Part Number: 543007416
- Manufacturer: Boise Cascade Building Materials
- Material Composition: PVC / Aluminum Oxide / High Speed Steel
- Product Dimensions: 1/2 in x 18 in
- Board Length: 12 ft
- Width Profile: 1x6
- Color / Finish: Slate Gray / White / Stainless Steel
- Edge Profile: Grooved
- Wattage Rating: 60W
- Color Temperature: 2700K
- Power Source: Electric
- Display Condition: New
- Package Quantity: 5 Pack",1,SPECIFICATIONS,1.0,True,True,True,True,1.0,verified
PROD-0235,543007420,Boise Cascade Building Materials,color,Slate Gray,manufacturer_pdf,https://www.boisecascadebuildingmaterials.com/docs/datasheets/543007420.pdf,"OFFICIAL MANUFACTURER TECHNICAL DATASHEET:
- Part Number: 543007420
- Manufacturer: Boise Cascade Building Materials
- Material Composition: PVC / Aluminum Oxide / High Speed Steel
- Product Dimensions: 1/2 in x 18 in
- Board Length: 12 ft
- Width Profile: 1x6
- Color / Finish: Slate Gray / White / Stainless Steel
- Edge Profile: Grooved
- Wattage Rating: 60W
- Color Temperature: 2700K
- Power Source: Electric
- Display Condition: New
- Package Quantity: 5 Pack",1,SPECIFICATIONS,1.0,True,True,True,True,1.0,verified
PROD-0235,543007420,Boise Cascade Building Materials,edge_profile,Grooved,manufacturer_pdf,https://www.boisecascadebuildingmaterials.com/docs/datasheets/543007420.pdf,"OFFICIAL MANUFACTURER TECHNICAL DATASHEET:
- Part Number: 543007420
- Manufacturer: Boise Cascade Building Materials
- Material Composition: PVC / Aluminum Oxide / High Speed Steel
- Product Dimensions: 1/2 in x 18 in
- Board Length: 12 ft
- Width Profile: 1x6
- Color / Finish: Slate Gray / White / Stainless Steel
- Edge Profile: Grooved
- Wattage Rating: 60W
- Color Temperature: 2700K
- Power Source: Electric
- Display Condition: New
- Package Quantity: 5 Pack",1,SPECIFICATIONS,1.0,True,True,True,True,1.0,verified
PROD-0235,543007420,Boise Cascade Building Materials,length,12 ft,manufacturer_pdf,https://www.boisecascadebuildingmaterials.com/docs/datasheets/543007420.pdf,"OFFICIAL MANUFACTURER TECHNICAL DATASHEET:
- Part Number: 543007420
- Manufacturer: Boise Cascade Building Materials
- Material Composition: PVC / Aluminum Oxide / High Speed Steel
- Product Dimensions: 1/2 in x 18 in
- Board Length: 12 ft
- Width Profile: 1x6
- Color / Finish: Slate Gray / White / Stainless Steel
- Edge Profile: Grooved
- Wattage Rating: 60W
- Color Temperature: 2700K
- Power Source: Electric
- Display Condition: New
- Package Quantity: 5 Pack",1,SPECIFICATIONS,1.0,True,True,True,True,1.0,verified
PROD-0235,543007420,Boise Cascade Building Materials,material,PVC,manufacturer_pdf,https://www.boisecascadebuildingmaterials.com/docs/datasheets/543007420.pdf,"OFFICIAL MANUFACTURER TECHNICAL DATASHEET:
- Part Number: 543007420
- Manufacturer: Boise Cascade Building Materials
- Material Composition: PVC / Aluminum Oxide / High Speed Steel
- Product Dimensions: 1/2 in x 18 in
- Board Length: 12 ft
- Width Profile: 1x6
- Color / Finish: Slate Gray / White / Stainless Steel
- Edge Profile: Grooved
- Wattage Rating: 60W
- Color Temperature: 2700K
- Power Source: Electric
- Display Condition: New
- Package Quantity: 5 Pack",1,SPECIFICATIONS,1.0,True,True,True,True,1.0,verified
PROD-0235,543007420,Boise Cascade Building Materials,width_profile,1x6,manufacturer_pdf,https://www.boisecascadebuildingmaterials.com/docs/datasheets/543007420.pdf,"OFFICIAL MANUFACTURER TECHNICAL DATASHEET:
- Part Number: 543007420
- Manufacturer: Boise Cascade Building Materials
- Material Composition: PVC / Aluminum Oxide / High Speed Steel
- Product Dimensions: 1/2 in x 18 in
- Board Length: 12 ft
- Width Profile: 1x6
- Color / Finish: Slate Gray / White / Stainless Steel
- Edge Profile: Grooved
- Wattage Rating: 60W
- Color Temperature: 2700K
- Power Source: Electric
- Display Condition: New
- Package Quantity: 5 Pack",1,SPECIFICATIONS,1.0,True,True,True,True,1.0,verified
PROD-0236,ADR5117512CS,Parksite,color,Slate Gray,manufacturer_pdf,https://www.parksite.com/docs/datasheets/adr5117512cs.pdf,"OFFICIAL MANUFACTURER TECHNICAL DATASHEET:
- Part Number: ADR5117512CS
- Manufacturer: Parksite
- Material Composition: PVC / Aluminum Oxide / High Speed Steel
- Product Dimensions: 1/2 in x 18 in
- Board Length: 12 ft
- Width Profile: 1x6
- Color / Finish: Slate Gray / White / Stainless Steel
- Edge Profile: Grooved
- Wattage Rating: 60W
- Color Temperature: 2700K
- Power Source: Electric
- Display Condition: New
- Package Quantity: 5 Pack",1,SPECIFICATIONS,1.0,True,True,True,True,1.0,verified
PROD-0236,ADR5117512CS,Parksite,edge_profile,Grooved,manufacturer_pdf,https://www.parksite.com/docs/datasheets/adr5117512cs.pdf,"OFFICIAL MANUFACTURER TECHNICAL DATASHEET:
- Part Number: ADR5117512CS
- Manufacturer: Parksite
- Material Composition: PVC / Aluminum Oxide / High Speed Steel
- Product Dimensions: 1/2 in x 18 in
- Board Length: 12 ft
- Width Profile: 1x6
- Color / Finish: Slate Gray / White / Stainless Steel
- Edge Profile: Grooved
- Wattage Rating: 60W
- Color Temperature: 2700K
- Power Source: Electric
- Display Condition: New
- Package Quantity: 5 Pack",1,SPECIFICATIONS,1.0,True,True,True,True,1.0,verified
PROD-0236,ADR5117512CS,Parksite,length,12 ft,manufacturer_pdf,https://www.parksite.com/docs/datasheets/adr5117512cs.pdf,"OFFICIAL MANUFACTURER TECHNICAL DATASHEET:
- Part Number: ADR5117512CS
- Manufacturer: Parksite
- Material Composition: PVC / Aluminum Oxide / High Speed Steel
- Product Dimensions: 1/2 in x 18 in
- Board Length: 12 ft
- Width Profile: 1x6
- Color / Finish: Slate Gray / White / Stainless Steel
- Edge Profile: Grooved
- Wattage Rating: 60W
- Color Temperature: 2700K
- Power Source: Electric
- Display Condition: New
- Package Quantity: 5 Pack",1,SPECIFICATIONS,1.0,True,True,True,True,1.0,verified
PROD-0236,ADR5117512CS,Parksite,width_profile,1x6,manufacturer_pdf,https://www.parksite.com/docs/datasheets/adr5117512cs.pdf,"OFFICIAL MANUFACTURER TECHNICAL DATASHEET:
- Part Number: ADR5117512CS
- Manufacturer: Parksite
- Material Composition: PVC / Aluminum Oxide / High Speed Steel
- Product Dimensions: 1/2 in x 18 in
- Board Length: 12 ft
- Width Profile: 1x6
- Color / Finish: Slate Gray / White / Stainless Steel
- Edge Profile: Grooved
- Wattage Rating: 60W
- Color Temperature: 2700K
- Power Source: Electric
- Display Condition: New
- Package Quantity: 5 Pack",1,SPECIFICATIONS,1.0,True,True,True,True,1.0,verified
PROD-0237,ADR5117512MH,Parksite,color,Slate Gray,manufacturer_pdf,https://www.parksite.com/docs/datasheets/adr5117512mh.pdf,"OFFICIAL MANUFACTURER TECHNICAL DATASHEET:
- Part Number: ADR5117512MH
- Manufacturer: Parksite
- Material Composition: PVC / Aluminum Oxide / High Speed Steel
- Product Dimensions: 1/2 in x 18 in
- Board Length: 12 ft
- Width Profile: 1x6
- Color / Finish: Slate Gray / White / Stainless Steel
- Edge Profile: Grooved
- Wattage Rating: 60W
- Color Temperature: 2700K
- Power Source: Electric
- Display Condition: New
- Package Quantity: 5 Pack",1,SPECIFICATIONS,1.0,True,True,True,True,1.0,verified
PROD-0237,ADR5117512MH,Parksite,edge_profile,Grooved,manufacturer_pdf,https://www.parksite.com/docs/datasheets/adr5117512mh.pdf,"OFFICIAL MANUFACTURER TECHNICAL DATASHEET:
- Part Number: ADR5117512MH
- Manufacturer: Parksite
- Material Composition: PVC / Aluminum Oxide / High Speed Steel
- Product Dimensions: 1/2 in x 18 in
- Board Length: 12 ft
- Width Profile: 1x6
- Color / Finish: Slate Gray / White / Stainless Steel
- Edge Profile: Grooved
- Wattage Rating: 60W
- Color Temperature: 2700K
- Power Source: Electric
- Display Condition: New
- Package Quantity: 5 Pack",1,SPECIFICATIONS,1.0,True,True,True,True,1.0,verified
PROD-0237,ADR5117512MH,Parksite,length,12 ft,manufacturer_pdf,https://www.parksite.com/docs/datasheets/adr5117512mh.pdf,"OFFICIAL MANUFACTURER TECHNICAL DATASHEET:
- Part Number: ADR5117512MH
- Manufacturer: Parksite
- Material Composition: PVC / Aluminum Oxide / High Speed Steel
- Product Dimensions: 1/2 in x 18 in
- Board Length: 12 ft
- Width Profile: 1x6
- Color / Finish: Slate Gray / White / Stainless Steel
- Edge Profile: Grooved
- Wattage Rating: 60W
- Color Temperature: 2700K
- Power Source: Electric
- Display Condition: New
- Package Quantity: 5 Pack",1,SPECIFICATIONS,1.0,True,True,True,True,1.0,verified
PROD-0237,ADR5117512MH,Parksite,width_profile,1x6,manufacturer_pdf,https://www.parksite.com/docs/datasheets/adr5117512mh.pdf,"OFFICIAL MANUFACTURER TECHNICAL DATASHEET:
- Part Number: ADR5117512MH
- Manufacturer: Parksite
- Material Composition: PVC / Aluminum Oxide / High Speed Steel
- Product Dimensions: 1/2 in x 18 in
- Board Length: 12 ft
- Width Profile: 1x6
- Color / Finish: Slate Gray / White / Stainless Steel
- Edge Profile: Grooved
- Wattage Rating: 60W
- Color Temperature: 2700K
- Power Source: Electric
- Display Condition: New
- Package Quantity: 5 Pack",1,SPECIFICATIONS,1.0,True,True,True,True,1.0,verified
PROD-0238,ADR5117512WT,Parksite,color,Slate Gray,manufacturer_pdf,https://www.parksite.com/docs/datasheets/adr5117512wt.pdf,"OFFICIAL MANUFACTURER TECHNICAL DATASHEET:
- Part Number: ADR5117512WT
- Manufacturer: Parksite
- Material Composition: PVC / Aluminum Oxide / High Speed Steel
- Product Dimensions: 1/2 in x 18 in
- Board Length: 12 ft
- Width Profile: 1x6
- Color / Finish: Slate Gray / White / Stainless Steel
- Edge Profile: Grooved
- Wattage Rating: 60W
- Color Temperature: 2700K
- Power Source: Electric
- Display Condition: New
- Package Quantity: 5 Pack",1,SPECIFICATIONS,1.0,True,True,True,True,1.0,verified
PROD-0238,ADR5117512WT,Parksite,edge_profile,Grooved,manufacturer_pdf,https://www.parksite.com/docs/datasheets/adr5117512wt.pdf,"OFFICIAL MANUFACTURER TECHNICAL DATASHEET:
- Part Number: ADR5117512WT
- Manufacturer: Parksite
- Material Composition: PVC / Aluminum Oxide / High Speed Steel
- Product Dimensions: 1/2 in x 18 in
- Board Length: 12 ft
- Width Profile: 1x6
- Color / Finish: Slate Gray / White / Stainless Steel
- Edge Profile: Grooved
- Wattage Rating: 60W
- Color Temperature: 2700K
- Power Source: Electric
- Display Condition: New
- Package Quantity: 5 Pack",1,SPECIFICATIONS,1.0,True,True,True,True,1.0,verified
PROD-0238,ADR5117512WT,Parksite,length,12 ft,manufacturer_pdf,https://www.parksite.com/docs/datasheets/adr5117512wt.pdf,"OFFICIAL MANUFACTURER TECHNICAL DATASHEET:
- Part Number: ADR5117512WT
- Manufacturer: Parksite
- Material Composition: PVC / Aluminum Oxide / High Speed Steel
- Product Dimensions: 1/2 in x 18 in
- Board Length: 12 ft
- Width Profile: 1x6
- Color / Finish: Slate Gray / White / Stainless Steel
- Edge Profile: Grooved
- Wattage Rating: 60W
- Color Temperature: 2700K
- Power Source: Electric
- Display Condition: New
- Package Quantity: 5 Pack",1,SPECIFICATIONS,1.0,True,True,True,True,1.0,verified
PROD-0238,ADR5117512WT,Parksite,width_profile,1x6,manufacturer_pdf,https://www.parksite.com/docs/datasheets/adr5117512wt.pdf,"OFFICIAL MANUFACTURER TECHNICAL DATASHEET:
- Part Number: ADR5117512WT
- Manufacturer: Parksite
- Material Composition: PVC / Aluminum Oxide / High Speed Steel
- Product Dimensions: 1/2 in x 18 in
- Board Length: 12 ft
- Width Profile: 1x6
- Color / Finish: Slate Gray / White / Stainless Steel
- Edge Profile: Grooved
- Wattage Rating: 60W
- Color Temperature: 2700K
- Power Source: Electric
- Display Condition: New
- Package Quantity: 5 Pack",1,SPECIFICATIONS,1.0,True,True,True,True,1.0,verified
PROD-0239,ADR5117512AW,Parksite,color,Slate Gray,manufacturer_pdf,https://www.parksite.com/docs/datasheets/adr5117512aw.pdf,"OFFICIAL MANUFACTURER TECHNICAL DATASHEET:
- Part Number: ADR5117512AW
- Manufacturer: Parksite
- Material Composition: PVC / Aluminum Oxide / High Speed Steel
- Product Dimensions: 1/2 in x 18 in
- Board Length: 12 ft
- Width Profile: 1x6
- Color / Finish: Slate Gray / White / Stainless Steel
- Edge Profile: Grooved
- Wattage Rating: 60W
- Color Temperature: 2700K
- Power Source: Electric
- Display Condition: New
- Package Quantity: 5 Pack",1,SPECIFICATIONS,1.0,True,True,True,True,1.0,verified
PROD-0239,ADR5117512AW,Parksite,edge_profile,Grooved,manufacturer_pdf,https://www.parksite.com/docs/datasheets/adr5117512aw.pdf,"OFFICIAL MANUFACTURER TECHNICAL DATASHEET:
- Part Number: ADR5117512AW
- Manufacturer: Parksite
- Material Composition: PVC / Aluminum Oxide / High Speed Steel
- Product Dimensions: 1/2 in x 18 in
- Board Length: 12 ft
- Width Profile: 1x6
- Color / Finish: Slate Gray / White / Stainless Steel
- Edge Profile: Grooved
- Wattage Rating: 60W
- Color Temperature: 2700K
- Power Source: Electric
- Display Condition: New
- Package Quantity: 5 Pack",1,SPECIFICATIONS,1.0,True,True,True,True,1.0,verified
PROD-0239,ADR5117512AW,Parksite,length,12 ft,manufacturer_pdf,https://www.parksite.com/docs/datasheets/adr5117512aw.pdf,"OFFICIAL MANUFACTURER TECHNICAL DATASHEET:
- Part Number: ADR5117512AW
- Manufacturer: Parksite
- Material Composition: PVC / Aluminum Oxide / High Speed Steel
- Product Dimensions: 1/2 in x 18 in
- Board Length: 12 ft
- Width Profile: 1x6
- Color / Finish: Slate Gray / White / Stainless Steel
- Edge Profile: Grooved
- Wattage Rating: 60W
- Color Temperature: 2700K
- Power Source: Electric
- Display Condition: New
- Package Quantity: 5 Pack",1,SPECIFICATIONS,1.0,True,True,True,True,1.0,verified
PROD-0239,ADR5117512AW,Parksite,width_profile,1x6,manufacturer_pdf,https://www.parksite.com/docs/datasheets/adr5117512aw.pdf,"OFFICIAL MANUFACTURER TECHNICAL DATASHEET:
- Part Number: ADR5117512AW
- Manufacturer: Parksite
- Material Composition: PVC / Aluminum Oxide / High Speed Steel
- Product Dimensions: 1/2 in x 18 in
- Board Length: 12 ft
- Width Profile: 1x6
- Color / Finish: Slate Gray / White / Stainless Steel
- Edge Profile: Grooved
- Wattage Rating: 60W
- Color Temperature: 2700K
- Power Source: Electric
- Display Condition: New
- Package Quantity: 5 Pack",1,SPECIFICATIONS,1.0,True,True,True,True,1.0,verified
PROD-0240,ADR5117512CG,Parksite,color,Slate Gray,manufacturer_pdf,https://www.parksite.com/docs/datasheets/adr5117512cg.pdf,"OFFICIAL MANUFACTURER TECHNICAL DATASHEET:
- Part Number: ADR5117512CG
- Manufacturer: Parksite
- Material Composition: PVC / Aluminum Oxide / High Speed Steel
- Product Dimensions: 1/2 in x 18 in
- Board Length: 12 ft
- Width Profile: 1x6
- Color / Finish: Slate Gray / White / Stainless Steel
- Edge Profile: Grooved
- Wattage Rating: 60W
- Color Temperature: 2700K
- Power Source: Electric
- Display Condition: New
- Package Quantity: 5 Pack",1,SPECIFICATIONS,1.0,True,True,True,True,1.0,verified
PROD-0240,ADR5117512CG,Parksite,edge_profile,Grooved,manufacturer_pdf,https://www.parksite.com/docs/datasheets/adr5117512cg.pdf,"OFFICIAL MANUFACTURER TECHNICAL DATASHEET:
- Part Number: ADR5117512CG
- Manufacturer: Parksite
- Material Composition: PVC / Aluminum Oxide / High Speed Steel
- Product Dimensions: 1/2 in x 18 in
- Board Length: 12 ft
- Width Profile: 1x6
- Color / Finish: Slate Gray / White / Stainless Steel
- Edge Profile: Grooved
- Wattage Rating: 60W
- Color Temperature: 2700K
- Power Source: Electric
- Display Condition: New
- Package Quantity: 5 Pack",1,SPECIFICATIONS,1.0,True,True,True,True,1.0,verified
PROD-0240,ADR5117512CG,Parksite,length,12 ft,manufacturer_pdf,https://www.parksite.com/docs/datasheets/adr5117512cg.pdf,"OFFICIAL MANUFACTURER TECHNICAL DATASHEET:
- Part Number: ADR5117512CG
- Manufacturer: Parksite
- Material Composition: PVC / Aluminum Oxide / High Speed Steel
- Product Dimensions: 1/2 in x 18 in
- Board Length: 12 ft
- Width Profile: 1x6
- Color / Finish: Slate Gray / White / Stainless Steel
- Edge Profile: Grooved
- Wattage Rating: 60W
- Color Temperature: 2700K
- Power Source: Electric
- Display Condition: New
- Package Quantity: 5 Pack",1,SPECIFICATIONS,1.0,True,True,True,True,1.0,verified
PROD-0240,ADR5117512CG,Parksite,width_profile,1x6,manufacturer_pdf,https://www.parksite.com/docs/datasheets/adr5117512cg.pdf,"OFFICIAL MANUFACTURER TECHNICAL DATASHEET:
- Part Number: ADR5117512CG
- Manufacturer: Parksite
- Material Composition: PVC / Aluminum Oxide / High Speed Steel
- Product Dimensions: 1/2 in x 18 in
- Board Length: 12 ft
- Width Profile: 1x6
- Color / Finish: Slate Gray / White / Stainless Steel
- Edge Profile: Grooved
- Wattage Rating: 60W
- Color Temperature: 2700K
- Power Source: Electric
- Display Condition: New
- Package Quantity: 5 Pack",1,SPECIFICATIONS,1.0,True,True,True,True,1.0,verified
PROD-0242,1508395,Parksite,color,Slate Gray,manufacturer_pdf,https://www.parksite.com/docs/datasheets/1508395.pdf,"OFFICIAL MANUFACTURER TECHNICAL DATASHEET:
- Part Number: 1508395
- Manufacturer: Parksite
- Material Composition: PVC / Aluminum Oxide / High Speed Steel
- Product Dimensions: 1/2 in x 18 in
- Board Length: 12 ft
- Width Profile: 1x6
- Color / Finish: Slate Gray / White / Stainless Steel
- Edge Profile: Grooved
- Wattage Rating: 60W
- Color Temperature: 2700K
- Power Source: Electric
- Display Condition: New
- Package Quantity: 5 Pack",1,SPECIFICATIONS,1.0,True,True,True,True,1.0,verified
PROD-0242,1508395,Parksite,edge_profile,Grooved,manufacturer_pdf,https://www.parksite.com/docs/datasheets/1508395.pdf,"OFFICIAL MANUFACTURER TECHNICAL DATASHEET:
- Part Number: 1508395
- Manufacturer: Parksite
- Material Composition: PVC / Aluminum Oxide / High Speed Steel
- Product Dimensions: 1/2 in x 18 in
- Board Length: 12 ft
- Width Profile: 1x6
- Color / Finish: Slate Gray / White / Stainless Steel
- Edge Profile: Grooved
- Wattage Rating: 60W
- Color Temperature: 2700K
- Power Source: Electric
- Display Condition: New
- Package Quantity: 5 Pack",1,SPECIFICATIONS,1.0,True,True,True,True,1.0,verified
PROD-0242,1508395,Parksite,length,12 ft,manufacturer_pdf,https://www.parksite.com/docs/datasheets/1508395.pdf,"OFFICIAL MANUFACTURER TECHNICAL DATASHEET:
- Part Number: 1508395
- Manufacturer: Parksite
- Material Composition: PVC / Aluminum Oxide / High Speed Steel
- Product Dimensions: 1/2 in x 18 in
- Board Length: 12 ft
- Width Profile: 1x6
- Color / Finish: Slate Gray / White / Stainless Steel
- Edge Profile: Grooved
- Wattage Rating: 60W
- Color Temperature: 2700K
- Power Source: Electric
- Display Condition: New
- Package Quantity: 5 Pack",1,SPECIFICATIONS,1.0,True,True,True,True,1.0,verified
PROD-0242,1508395,Parksite,width_profile,1x6,manufacturer_pdf,https://www.parksite.com/docs/datasheets/1508395.pdf,"OFFICIAL MANUFACTURER TECHNICAL DATASHEET:
- Part Number: 1508395
- Manufacturer: Parksite
- Material Composition: PVC / Aluminum Oxide / High Speed Steel
- Product Dimensions: 1/2 in x 18 in
- Board Length: 12 ft
- Width Profile: 1x6
- Color / Finish: Slate Gray / White / Stainless Steel
- Edge Profile: Grooved
- Wattage Rating: 60W
- Color Temperature: 2700K
- Power Source: Electric
- Display Condition: New
- Package Quantity: 5 Pack",1,SPECIFICATIONS,1.0,True,True,True,True,1.0,verified
PROD-0244,ADCR5117512BS,Parksite,color,Slate Gray,manufacturer_pdf,https://www.parksite.com/docs/datasheets/adcr5117512bs.pdf,"OFFICIAL MANUFACTURER TECHNICAL DATASHEET:
- Part Number: ADCR5117512BS
- Manufacturer: Parksite
- Material Composition: PVC / Aluminum Oxide / High Speed Steel
- Product Dimensions: 1/2 in x 18 in
- Board Length: 12 ft
- Width Profile: 1x6
- Color / Finish: Slate Gray / White / Stainless Steel
- Edge Profile: Grooved
- Wattage Rating: 60W
- Color Temperature: 2700K
- Power Source: Electric
- Display Condition: New
- Package Quantity: 5 Pack",1,SPECIFICATIONS,1.0,True,True,True,True,1.0,verified
PROD-0244,ADCR5117512BS,Parksite,edge_profile,Grooved,manufacturer_pdf,https://www.parksite.com/docs/datasheets/adcr5117512bs.pdf,"OFFICIAL MANUFACTURER TECHNICAL DATASHEET:
- Part Number: ADCR5117512BS
- Manufacturer: Parksite
- Material Composition: PVC / Aluminum Oxide / High Speed Steel
- Product Dimensions: 1/2 in x 18 in
- Board Length: 12 ft
- Width Profile: 1x6
- Color / Finish: Slate Gray / White / Stainless Steel
- Edge Profile: Grooved
- Wattage Rating: 60W
- Color Temperature: 2700K
- Power Source: Electric
- Display Condition: New
- Package Quantity: 5 Pack",1,SPECIFICATIONS,1.0,True,True,True,True,1.0,verified
PROD-0244,ADCR5117512BS,Parksite,length,12 ft,manufacturer_pdf,https://www.parksite.com/docs/datasheets/adcr5117512bs.pdf,"OFFICIAL MANUFACTURER TECHNICAL DATASHEET:
- Part Number: ADCR5117512BS
- Manufacturer: Parksite
- Material Composition: PVC / Aluminum Oxide / High Speed Steel
- Product Dimensions: 1/2 in x 18 in
- Board Length: 12 ft
- Width Profile: 1x6
- Color / Finish: Slate Gray / White / Stainless Steel
- Edge Profile: Grooved
- Wattage Rating: 60W
- Color Temperature: 2700K
- Power Source: Electric
- Display Condition: New
- Package Quantity: 5 Pack",1,SPECIFICATIONS,1.0,True,True,True,True,1.0,verified
PROD-0244,ADCR5117512BS,Parksite,width_profile,1x6,manufacturer_pdf,https://www.parksite.com/docs/datasheets/adcr5117512bs.pdf,"OFFICIAL MANUFACTURER TECHNICAL DATASHEET:
- Part Number: ADCR5117512BS
- Manufacturer: Parksite
- Material Composition: PVC / Aluminum Oxide / High Speed Steel
- Product Dimensions: 1/2 in x 18 in
- Board Length: 12 ft
- Width Profile: 1x6
- Color / Finish: Slate Gray / White / Stainless Steel
- Edge Profile: Grooved
- Wattage Rating: 60W
- Color Temperature: 2700K
- Power Source: Electric
- Display Condition: New
- Package Quantity: 5 Pack",1,SPECIFICATIONS,1.0,True,True,True,True,1.0,verified
PROD-0246,543140908,U S Lumber,color,Slate Gray,manufacturer_pdf,https://www.uslumber.com/docs/datasheets/543140908.pdf,"OFFICIAL MANUFACTURER TECHNICAL DATASHEET:
- Part Number: 543140908
- Manufacturer: U S Lumber
- Material Composition: PVC / Aluminum Oxide / High Speed Steel
- Product Dimensions: 1/2 in x 18 in
- Board Length: 12 ft
- Width Profile: 1x6
- Color / Finish: Slate Gray / White / Stainless Steel
- Edge Profile: Grooved
- Wattage Rating: 60W
- Color Temperature: 2700K
- Power Source: Electric
- Display Condition: New
- Package Quantity: 5 Pack",1,SPECIFICATIONS,1.0,True,True,True,True,1.0,verified
PROD-0246,543140908,U S Lumber,edge_profile,Grooved,manufacturer_pdf,https://www.uslumber.com/docs/datasheets/543140908.pdf,"OFFICIAL MANUFACTURER TECHNICAL DATASHEET:
- Part Number: 543140908
- Manufacturer: U S Lumber
- Material Composition: PVC / Aluminum Oxide / High Speed Steel
- Product Dimensions: 1/2 in x 18 in
- Board Length: 12 ft
- Width Profile: 1x6
- Color / Finish: Slate Gray / White / Stainless Steel
- Edge Profile: Grooved
- Wattage Rating: 60W
- Color Temperature: 2700K
- Power Source: Electric
- Display Condition: New
- Package Quantity: 5 Pack",1,SPECIFICATIONS,1.0,True,True,True,True,1.0,verified
PROD-0246,543140908,U S Lumber,length,12 ft,manufacturer_pdf,https://www.uslumber.com/docs/datasheets/543140908.pdf,"OFFICIAL MANUFACTURER TECHNICAL DATASHEET:
- Part Number: 543140908
- Manufacturer: U S Lumber
- Material Composition: PVC / Aluminum Oxide / High Speed Steel
- Product Dimensions: 1/2 in x 18 in
- Board Length: 12 ft
- Width Profile: 1x6
- Color / Finish: Slate Gray / White / Stainless Steel
- Edge Profile: Grooved
- Wattage Rating: 60W
- Color Temperature: 2700K
- Power Source: Electric
- Display Condition: New
- Package Quantity: 5 Pack",1,SPECIFICATIONS,1.0,True,True,True,True,1.0,verified
PROD-0246,543140908,U S Lumber,material,PVC,manufacturer_pdf,https://www.uslumber.com/docs/datasheets/543140908.pdf,"OFFICIAL MANUFACTURER TECHNICAL DATASHEET:
- Part Number: 543140908
- Manufacturer: U S Lumber
- Material Composition: PVC / Aluminum Oxide / High Speed Steel
- Product Dimensions: 1/2 in x 18 in
- Board Length: 12 ft
- Width Profile: 1x6
- Color / Finish: Slate Gray / White / Stainless Steel
- Edge Profile: Grooved
- Wattage Rating: 60W
- Color Temperature: 2700K
- Power Source: Electric
- Display Condition: New
- Package Quantity: 5 Pack",1,SPECIFICATIONS,1.0,True,True,True,True,1.0,verified
PROD-0246,543140908,U S Lumber,width_profile,1x6,manufacturer_pdf,https://www.uslumber.com/docs/datasheets/543140908.pdf,"OFFICIAL MANUFACTURER TECHNICAL DATASHEET:
- Part Number: 543140908
- Manufacturer: U S Lumber
- Material Composition: PVC / Aluminum Oxide / High Speed Steel
- Product Dimensions: 1/2 in x 18 in
- Board Length: 12 ft
- Width Profile: 1x6
- Color / Finish: Slate Gray / White / Stainless Steel
- Edge Profile: Grooved
- Wattage Rating: 60W
- Color Temperature: 2700K
- Power Source: Electric
- Display Condition: New
- Package Quantity: 5 Pack",1,SPECIFICATIONS,1.0,True,True,True,True,1.0,verified
PROD-0247,543142908,U S Lumber,color,Slate Gray,manufacturer_pdf,https://www.uslumber.com/docs/datasheets/543142908.pdf,"OFFICIAL MANUFACTURER TECHNICAL DATASHEET:
- Part Number: 543142908
- Manufacturer: U S Lumber
- Material Composition: PVC / Aluminum Oxide / High Speed Steel
- Product Dimensions: 1/2 in x 18 in
- Board Length: 12 ft
- Width Profile: 1x6
- Color / Finish: Slate Gray / White / Stainless Steel
- Edge Profile: Grooved
- Wattage Rating: 60W
- Color Temperature: 2700K
- Power Source: Electric
- Display Condition: New
- Package Quantity: 5 Pack",1,SPECIFICATIONS,1.0,True,True,True,True,1.0,verified
PROD-0247,543142908,U S Lumber,edge_profile,Grooved,manufacturer_pdf,https://www.uslumber.com/docs/datasheets/543142908.pdf,"OFFICIAL MANUFACTURER TECHNICAL DATASHEET:
- Part Number: 543142908
- Manufacturer: U S Lumber
- Material Composition: PVC / Aluminum Oxide / High Speed Steel
- Product Dimensions: 1/2 in x 18 in
- Board Length: 12 ft
- Width Profile: 1x6
- Color / Finish: Slate Gray / White / Stainless Steel
- Edge Profile: Grooved
- Wattage Rating: 60W
- Color Temperature: 2700K
- Power Source: Electric
- Display Condition: New
- Package Quantity: 5 Pack",1,SPECIFICATIONS,1.0,True,True,True,True,1.0,verified
PROD-0247,543142908,U S Lumber,length,12 ft,manufacturer_pdf,https://www.uslumber.com/docs/datasheets/543142908.pdf,"OFFICIAL MANUFACTURER TECHNICAL DATASHEET:
- Part Number: 543142908
- Manufacturer: U S Lumber
- Material Composition: PVC / Aluminum Oxide / High Speed Steel
- Product Dimensions: 1/2 in x 18 in
- Board Length: 12 ft
- Width Profile: 1x6
- Color / Finish: Slate Gray / White / Stainless Steel
- Edge Profile: Grooved
- Wattage Rating: 60W
- Color Temperature: 2700K
- Power Source: Electric
- Display Condition: New
- Package Quantity: 5 Pack",1,SPECIFICATIONS,1.0,True,True,True,True,1.0,verified
PROD-0247,543142908,U S Lumber,material,PVC,manufacturer_pdf,https://www.uslumber.com/docs/datasheets/543142908.pdf,"OFFICIAL MANUFACTURER TECHNICAL DATASHEET:
- Part Number: 543142908
- Manufacturer: U S Lumber
- Material Composition: PVC / Aluminum Oxide / High Speed Steel
- Product Dimensions: 1/2 in x 18 in
- Board Length: 12 ft
- Width Profile: 1x6
- Color / Finish: Slate Gray / White / Stainless Steel
- Edge Profile: Grooved
- Wattage Rating: 60W
- Color Temperature: 2700K
- Power Source: Electric
- Display Condition: New
- Package Quantity: 5 Pack",1,SPECIFICATIONS,1.0,True,True,True,True,1.0,verified
PROD-0247,543142908,U S Lumber,width_profile,1x6,manufacturer_pdf,https://www.uslumber.com/docs/datasheets/543142908.pdf,"OFFICIAL MANUFACTURER TECHNICAL DATASHEET:
- Part Number: 543142908
- Manufacturer: U S Lumber
- Material Composition: PVC / Aluminum Oxide / High Speed Steel
- Product Dimensions: 1/2 in x 18 in
- Board Length: 12 ft
- Width Profile: 1x6
- Color / Finish: Slate Gray / White / Stainless Steel
- Edge Profile: Grooved
- Wattage Rating: 60W
- Color Temperature: 2700K
- Power Source: Electric
- Display Condition: New
- Package Quantity: 5 Pack",1,SPECIFICATIONS,1.0,True,True,True,True,1.0,verified
PROD-0248,543143908,U S Lumber,color,Slate Gray,manufacturer_pdf,https://www.uslumber.com/docs/datasheets/543143908.pdf,"OFFICIAL MANUFACTURER TECHNICAL DATASHEET:
- Part Number: 543143908
- Manufacturer: U S Lumber
- Material Composition: PVC / Aluminum Oxide / High Speed Steel
- Product Dimensions: 1/2 in x 18 in
- Board Length: 12 ft
- Width Profile: 1x6
- Color / Finish: Slate Gray / White / Stainless Steel
- Edge Profile: Grooved
- Wattage Rating: 60W
- Color Temperature: 2700K
- Power Source: Electric
- Display Condition: New
- Package Quantity: 5 Pack",1,SPECIFICATIONS,1.0,True,True,True,True,1.0,verified
PROD-0248,543143908,U S Lumber,edge_profile,Grooved,manufacturer_pdf,https://www.uslumber.com/docs/datasheets/543143908.pdf,"OFFICIAL MANUFACTURER TECHNICAL DATASHEET:
- Part Number: 543143908
- Manufacturer: U S Lumber
- Material Composition: PVC / Aluminum Oxide / High Speed Steel
- Product Dimensions: 1/2 in x 18 in
- Board Length: 12 ft
- Width Profile: 1x6
- Color / Finish: Slate Gray / White / Stainless Steel
- Edge Profile: Grooved
- Wattage Rating: 60W
- Color Temperature: 2700K
- Power Source: Electric
- Display Condition: New
- Package Quantity: 5 Pack",1,SPECIFICATIONS,1.0,True,True,True,True,1.0,verified
PROD-0248,543143908,U S Lumber,length,12 ft,manufacturer_pdf,https://www.uslumber.com/docs/datasheets/543143908.pdf,"OFFICIAL MANUFACTURER TECHNICAL DATASHEET:
- Part Number: 543143908
- Manufacturer: U S Lumber
- Material Composition: PVC / Aluminum Oxide / High Speed Steel
- Product Dimensions: 1/2 in x 18 in
- Board Length: 12 ft
- Width Profile: 1x6
- Color / Finish: Slate Gray / White / Stainless Steel
- Edge Profile: Grooved
- Wattage Rating: 60W
- Color Temperature: 2700K
- Power Source: Electric
- Display Condition: New
- Package Quantity: 5 Pack",1,SPECIFICATIONS,1.0,True,True,True,True,1.0,verified
PROD-0248,543143908,U S Lumber,material,PVC,manufacturer_pdf,https://www.uslumber.com/docs/datasheets/543143908.pdf,"OFFICIAL MANUFACTURER TECHNICAL DATASHEET:
- Part Number: 543143908
- Manufacturer: U S Lumber
- Material Composition: PVC / Aluminum Oxide / High Speed Steel
- Product Dimensions: 1/2 in x 18 in
- Board Length: 12 ft
- Width Profile: 1x6
- Color / Finish: Slate Gray / White / Stainless Steel
- Edge Profile: Grooved
- Wattage Rating: 60W
- Color Temperature: 2700K
- Power Source: Electric
- Display Condition: New
- Package Quantity: 5 Pack",1,SPECIFICATIONS,1.0,True,True,True,True,1.0,verified
PROD-0248,543143908,U S Lumber,width_profile,1x6,manufacturer_pdf,https://www.uslumber.com/docs/datasheets/543143908.pdf,"OFFICIAL MANUFACTURER TECHNICAL DATASHEET:
- Part Number: 543143908
- Manufacturer: U S Lumber
- Material Composition: PVC / Aluminum Oxide / High Speed Steel
- Product Dimensions: 1/2 in x 18 in
- Board Length: 12 ft
- Width Profile: 1x6
- Color / Finish: Slate Gray / White / Stainless Steel
- Edge Profile: Grooved
- Wattage Rating: 60W
- Color Temperature: 2700K
- Power Source: Electric
- Display Condition: New
- Package Quantity: 5 Pack",1,SPECIFICATIONS,1.0,True,True,True,True,1.0,verified
PROD-0249,543140912,U S Lumber,color,Slate Gray,manufacturer_pdf,https://www.uslumber.com/docs/datasheets/543140912.pdf,"OFFICIAL MANUFACTURER TECHNICAL DATASHEET:
- Part Number: 543140912
- Manufacturer: U S Lumber
- Material Composition: PVC / Aluminum Oxide / High Speed Steel
- Product Dimensions: 1/2 in x 18 in
- Board Length: 12 ft
- Width Profile: 1x6
- Color / Finish: Slate Gray / White / Stainless Steel
- Edge Profile: Grooved
- Wattage Rating: 60W
- Color Temperature: 2700K
- Power Source: Electric
- Display Condition: New
- Package Quantity: 5 Pack",1,SPECIFICATIONS,1.0,True,True,True,True,1.0,verified
PROD-0249,543140912,U S Lumber,edge_profile,Grooved,manufacturer_pdf,https://www.uslumber.com/docs/datasheets/543140912.pdf,"OFFICIAL MANUFACTURER TECHNICAL DATASHEET:
- Part Number: 543140912
- Manufacturer: U S Lumber
- Material Composition: PVC / Aluminum Oxide / High Speed Steel
- Product Dimensions: 1/2 in x 18 in
- Board Length: 12 ft
- Width Profile: 1x6
- Color / Finish: Slate Gray / White / Stainless Steel
- Edge Profile: Grooved
- Wattage Rating: 60W
- Color Temperature: 2700K
- Power Source: Electric
- Display Condition: New
- Package Quantity: 5 Pack",1,SPECIFICATIONS,1.0,True,True,True,True,1.0,verified
PROD-0249,543140912,U S Lumber,length,12 ft,manufacturer_pdf,https://www.uslumber.com/docs/datasheets/543140912.pdf,"OFFICIAL MANUFACTURER TECHNICAL DATASHEET:
- Part Number: 543140912
- Manufacturer: U S Lumber
- Material Composition: PVC / Aluminum Oxide / High Speed Steel
- Product Dimensions: 1/2 in x 18 in
- Board Length: 12 ft
- Width Profile: 1x6
- Color / Finish: Slate Gray / White / Stainless Steel
- Edge Profile: Grooved
- Wattage Rating: 60W
- Color Temperature: 2700K
- Power Source: Electric
- Display Condition: New
- Package Quantity: 5 Pack",1,SPECIFICATIONS,1.0,True,True,True,True,1.0,verified
PROD-0249,543140912,U S Lumber,material,PVC,manufacturer_pdf,https://www.uslumber.com/docs/datasheets/543140912.pdf,"OFFICIAL MANUFACTURER TECHNICAL DATASHEET:
- Part Number: 543140912
- Manufacturer: U S Lumber
- Material Composition: PVC / Aluminum Oxide / High Speed Steel
- Product Dimensions: 1/2 in x 18 in
- Board Length: 12 ft
- Width Profile: 1x6
- Color / Finish: Slate Gray / White / Stainless Steel
- Edge Profile: Grooved
- Wattage Rating: 60W
- Color Temperature: 2700K
- Power Source: Electric
- Display Condition: New
- Package Quantity: 5 Pack",1,SPECIFICATIONS,1.0,True,True,True,True,1.0,verified
PROD-0249,543140912,U S Lumber,width_profile,1x6,manufacturer_pdf,https://www.uslumber.com/docs/datasheets/543140912.pdf,"OFFICIAL MANUFACTURER TECHNICAL DATASHEET:
- Part Number: 543140912
- Manufacturer: U S Lumber
- Material Composition: PVC / Aluminum Oxide / High Speed Steel
- Product Dimensions: 1/2 in x 18 in
- Board Length: 12 ft
- Width Profile: 1x6
- Color / Finish: Slate Gray / White / Stainless Steel
- Edge Profile: Grooved
- Wattage Rating: 60W
- Color Temperature: 2700K
- Power Source: Electric
- Display Condition: New
- Package Quantity: 5 Pack",1,SPECIFICATIONS,1.0,True,True,True,True,1.0,verified
PROD-0250,543142912,U S Lumber,color,Slate Gray,manufacturer_pdf,https://www.uslumber.com/docs/datasheets/543142912.pdf,"OFFICIAL MANUFACTURER TECHNICAL DATASHEET:
- Part Number: 543142912
- Manufacturer: U S Lumber
- Material Composition: PVC / Aluminum Oxide / High Speed Steel
- Product Dimensions: 1/2 in x 18 in
- Board Length: 12 ft
- Width Profile: 1x6
- Color / Finish: Slate Gray / White / Stainless Steel
- Edge Profile: Grooved
- Wattage Rating: 60W
- Color Temperature: 2700K
- Power Source: Electric
- Display Condition: New
- Package Quantity: 5 Pack",1,SPECIFICATIONS,1.0,True,True,True,True,1.0,verified
PROD-0250,543142912,U S Lumber,edge_profile,Grooved,manufacturer_pdf,https://www.uslumber.com/docs/datasheets/543142912.pdf,"OFFICIAL MANUFACTURER TECHNICAL DATASHEET:
- Part Number: 543142912
- Manufacturer: U S Lumber
- Material Composition: PVC / Aluminum Oxide / High Speed Steel
- Product Dimensions: 1/2 in x 18 in
- Board Length: 12 ft
- Width Profile: 1x6
- Color / Finish: Slate Gray / White / Stainless Steel
- Edge Profile: Grooved
- Wattage Rating: 60W
- Color Temperature: 2700K
- Power Source: Electric
- Display Condition: New
- Package Quantity: 5 Pack",1,SPECIFICATIONS,1.0,True,True,True,True,1.0,verified
PROD-0250,543142912,U S Lumber,length,12 ft,manufacturer_pdf,https://www.uslumber.com/docs/datasheets/543142912.pdf,"OFFICIAL MANUFACTURER TECHNICAL DATASHEET:
- Part Number: 543142912
- Manufacturer: U S Lumber
- Material Composition: PVC / Aluminum Oxide / High Speed Steel
- Product Dimensions: 1/2 in x 18 in
- Board Length: 12 ft
- Width Profile: 1x6
- Color / Finish: Slate Gray / White / Stainless Steel
- Edge Profile: Grooved
- Wattage Rating: 60W
- Color Temperature: 2700K
- Power Source: Electric
- Display Condition: New
- Package Quantity: 5 Pack",1,SPECIFICATIONS,1.0,True,True,True,True,1.0,verified
PROD-0250,543142912,U S Lumber,material,PVC,manufacturer_pdf,https://www.uslumber.com/docs/datasheets/543142912.pdf,"OFFICIAL MANUFACTURER TECHNICAL DATASHEET:
- Part Number: 543142912
- Manufacturer: U S Lumber
- Material Composition: PVC / Aluminum Oxide / High Speed Steel
- Product Dimensions: 1/2 in x 18 in
- Board Length: 12 ft
- Width Profile: 1x6
- Color / Finish: Slate Gray / White / Stainless Steel
- Edge Profile: Grooved
- Wattage Rating: 60W
- Color Temperature: 2700K
- Power Source: Electric
- Display Condition: New
- Package Quantity: 5 Pack",1,SPECIFICATIONS,1.0,True,True,True,True,1.0,verified
PROD-0250,543142912,U S Lumber,width_profile,1x6,manufacturer_pdf,https://www.uslumber.com/docs/datasheets/543142912.pdf,"OFFICIAL MANUFACTURER TECHNICAL DATASHEET:
- Part Number: 543142912
- Manufacturer: U S Lumber
- Material Composition: PVC / Aluminum Oxide / High Speed Steel
- Product Dimensions: 1/2 in x 18 in
- Board Length: 12 ft
- Width Profile: 1x6
- Color / Finish: Slate Gray / White / Stainless Steel
- Edge Profile: Grooved
- Wattage Rating: 60W
- Color Temperature: 2700K
- Power Source: Electric
- Display Condition: New
- Package Quantity: 5 Pack",1,SPECIFICATIONS,1.0,True,True,True,True,1.0,verified
PROD-0251,543143912,U S Lumber,color,Slate Gray,manufacturer_pdf,https://www.uslumber.com/docs/datasheets/543143912.pdf,"OFFICIAL MANUFACTURER TECHNICAL DATASHEET:
- Part Number: 543143912
- Manufacturer: U S Lumber
- Material Composition: PVC / Aluminum Oxide / High Speed Steel
- Product Dimensions: 1/2 in x 18 in
- Board Length: 12 ft
- Width Profile: 1x6
- Color / Finish: Slate Gray / White / Stainless Steel
- Edge Profile: Grooved
- Wattage Rating: 60W
- Color Temperature: 2700K
- Power Source: Electric
- Display Condition: New
- Package Quantity: 5 Pack",1,SPECIFICATIONS,1.0,True,True,True,True,1.0,verified
PROD-0251,543143912,U S Lumber,edge_profile,Grooved,manufacturer_pdf,https://www.uslumber.com/docs/datasheets/543143912.pdf,"OFFICIAL MANUFACTURER TECHNICAL DATASHEET:
- Part Number: 543143912
- Manufacturer: U S Lumber
- Material Composition: PVC / Aluminum Oxide / High Speed Steel
- Product Dimensions: 1/2 in x 18 in
- Board Length: 12 ft
- Width Profile: 1x6
- Color / Finish: Slate Gray / White / Stainless Steel
- Edge Profile: Grooved
- Wattage Rating: 60W
- Color Temperature: 2700K
- Power Source: Electric
- Display Condition: New
- Package Quantity: 5 Pack",1,SPECIFICATIONS,1.0,True,True,True,True,1.0,verified
PROD-0251,543143912,U S Lumber,length,12 ft,manufacturer_pdf,https://www.uslumber.com/docs/datasheets/543143912.pdf,"OFFICIAL MANUFACTURER TECHNICAL DATASHEET:
- Part Number: 543143912
- Manufacturer: U S Lumber
- Material Composition: PVC / Aluminum Oxide / High Speed Steel
- Product Dimensions: 1/2 in x 18 in
- Board Length: 12 ft
- Width Profile: 1x6
- Color / Finish: Slate Gray / White / Stainless Steel
- Edge Profile: Grooved
- Wattage Rating: 60W
- Color Temperature: 2700K
- Power Source: Electric
- Display Condition: New
- Package Quantity: 5 Pack",1,SPECIFICATIONS,1.0,True,True,True,True,1.0,verified
PROD-0251,543143912,U S Lumber,material,PVC,manufacturer_pdf,https://www.uslumber.com/docs/datasheets/543143912.pdf,"OFFICIAL MANUFACTURER TECHNICAL DATASHEET:
- Part Number: 543143912
- Manufacturer: U S Lumber
- Material Composition: PVC / Aluminum Oxide / High Speed Steel
- Product Dimensions: 1/2 in x 18 in
- Board Length: 12 ft
- Width Profile: 1x6
- Color / Finish: Slate Gray / White / Stainless Steel
- Edge Profile: Grooved
- Wattage Rating: 60W
- Color Temperature: 2700K
- Power Source: Electric
- Display Condition: New
- Package Quantity: 5 Pack",1,SPECIFICATIONS,1.0,True,True,True,True,1.0,verified
PROD-0251,543143912,U S Lumber,width_profile,1x6,manufacturer_pdf,https://www.uslumber.com/docs/datasheets/543143912.pdf,"OFFICIAL MANUFACTURER TECHNICAL DATASHEET:
- Part Number: 543143912
- Manufacturer: U S Lumber
- Material Composition: PVC / Aluminum Oxide / High Speed Steel
- Product Dimensions: 1/2 in x 18 in
- Board Length: 12 ft
- Width Profile: 1x6
- Color / Finish: Slate Gray / White / Stainless Steel
- Edge Profile: Grooved
- Wattage Rating: 60W
- Color Temperature: 2700K
- Power Source: Electric
- Display Condition: New
- Package Quantity: 5 Pack",1,SPECIFICATIONS,1.0,True,True,True,True,1.0,verified
PROD-0252,1513715,Boise Cascade Building Materials,color,Slate Gray,manufacturer_pdf,https://www.boisecascadebuildingmaterials.com/docs/datasheets/1513715.pdf,"OFFICIAL MANUFACTURER TECHNICAL DATASHEET:
- Part Number: 1513715
- Manufacturer: Boise Cascade Building Materials
- Material Composition: PVC / Aluminum Oxide / High Speed Steel
- Product Dimensions: 1/2 in x 18 in
- Board Length: 12 ft
- Width Profile: 1x6
- Color / Finish: Slate Gray / White / Stainless Steel
- Edge Profile: Grooved
- Wattage Rating: 60W
- Color Temperature: 2700K
- Power Source: Electric
- Display Condition: New
- Package Quantity: 5 Pack",1,SPECIFICATIONS,1.0,True,True,True,True,1.0,verified
PROD-0252,1513715,Boise Cascade Building Materials,edge_profile,Grooved,manufacturer_pdf,https://www.boisecascadebuildingmaterials.com/docs/datasheets/1513715.pdf,"OFFICIAL MANUFACTURER TECHNICAL DATASHEET:
- Part Number: 1513715
- Manufacturer: Boise Cascade Building Materials
- Material Composition: PVC / Aluminum Oxide / High Speed Steel
- Product Dimensions: 1/2 in x 18 in
- Board Length: 12 ft
- Width Profile: 1x6
- Color / Finish: Slate Gray / White / Stainless Steel
- Edge Profile: Grooved
- Wattage Rating: 60W
- Color Temperature: 2700K
- Power Source: Electric
- Display Condition: New
- Package Quantity: 5 Pack",1,SPECIFICATIONS,1.0,True,True,True,True,1.0,verified
PROD-0252,1513715,Boise Cascade Building Materials,length,12 ft,manufacturer_pdf,https://www.boisecascadebuildingmaterials.com/docs/datasheets/1513715.pdf,"OFFICIAL MANUFACTURER TECHNICAL DATASHEET:
- Part Number: 1513715
- Manufacturer: Boise Cascade Building Materials
- Material Composition: PVC / Aluminum Oxide / High Speed Steel
- Product Dimensions: 1/2 in x 18 in
- Board Length: 12 ft
- Width Profile: 1x6
- Color / Finish: Slate Gray / White / Stainless Steel
- Edge Profile: Grooved
- Wattage Rating: 60W
- Color Temperature: 2700K
- Power Source: Electric
- Display Condition: New
- Package Quantity: 5 Pack",1,SPECIFICATIONS,1.0,True,True,True,True,1.0,verified
PROD-0252,1513715,Boise Cascade Building Materials,material,PVC,manufacturer_pdf,https://www.boisecascadebuildingmaterials.com/docs/datasheets/1513715.pdf,"OFFICIAL MANUFACTURER TECHNICAL DATASHEET:
- Part Number: 1513715
- Manufacturer: Boise Cascade Building Materials
- Material Composition: PVC / Aluminum Oxide / High Speed Steel
- Product Dimensions: 1/2 in x 18 in
- Board Length: 12 ft
- Width Profile: 1x6
- Color / Finish: Slate Gray / White / Stainless Steel
- Edge Profile: Grooved
- Wattage Rating: 60W
- Color Temperature: 2700K
- Power Source: Electric
- Display Condition: New
- Package Quantity: 5 Pack",1,SPECIFICATIONS,1.0,True,True,True,True,1.0,verified
PROD-0252,1513715,Boise Cascade Building Materials,width_profile,1x6,manufacturer_pdf,https://www.boisecascadebuildingmaterials.com/docs/datasheets/1513715.pdf,"OFFICIAL MANUFACTURER TECHNICAL DATASHEET:
- Part Number: 1513715
- Manufacturer: Boise Cascade Building Materials
- Material Composition: PVC / Aluminum Oxide / High Speed Steel
- Product Dimensions: 1/2 in x 18 in
- Board Length: 12 ft
- Width Profile: 1x6
- Color / Finish: Slate Gray / White / Stainless Steel
- Edge Profile: Grooved
- Wattage Rating: 60W
- Color Temperature: 2700K
- Power Source: Electric
- Display Condition: New
- Package Quantity: 5 Pack",1,SPECIFICATIONS,1.0,True,True,True,True,1.0,verified
PROD-0253,1513716,Boise Cascade Building Materials,color,Slate Gray,manufacturer_pdf,https://www.boisecascadebuildingmaterials.com/docs/datasheets/1513716.pdf,"OFFICIAL MANUFACTURER TECHNICAL DATASHEET:
- Part Number: 1513716
- Manufacturer: Boise Cascade Building Materials
- Material Composition: PVC / Aluminum Oxide / High Speed Steel
- Product Dimensions: 1/2 in x 18 in
- Board Length: 12 ft
- Width Profile: 1x6
- Color / Finish: Slate Gray / White / Stainless Steel
- Edge Profile: Grooved
- Wattage Rating: 60W
- Color Temperature: 2700K
- Power Source: Electric
- Display Condition: New
- Package Quantity: 5 Pack",1,SPECIFICATIONS,1.0,True,True,True,True,1.0,verified
PROD-0253,1513716,Boise Cascade Building Materials,edge_profile,Grooved,manufacturer_pdf,https://www.boisecascadebuildingmaterials.com/docs/datasheets/1513716.pdf,"OFFICIAL MANUFACTURER TECHNICAL DATASHEET:
- Part Number: 1513716
- Manufacturer: Boise Cascade Building Materials
- Material Composition: PVC / Aluminum Oxide / High Speed Steel
- Product Dimensions: 1/2 in x 18 in
- Board Length: 12 ft
- Width Profile: 1x6
- Color / Finish: Slate Gray / White / Stainless Steel
- Edge Profile: Grooved
- Wattage Rating: 60W
- Color Temperature: 2700K
- Power Source: Electric
- Display Condition: New
- Package Quantity: 5 Pack",1,SPECIFICATIONS,1.0,True,True,True,True,1.0,verified
PROD-0253,1513716,Boise Cascade Building Materials,length,12 ft,manufacturer_pdf,https://www.boisecascadebuildingmaterials.com/docs/datasheets/1513716.pdf,"OFFICIAL MANUFACTURER TECHNICAL DATASHEET:
- Part Number: 1513716
- Manufacturer: Boise Cascade Building Materials
- Material Composition: PVC / Aluminum Oxide / High Speed Steel
- Product Dimensions: 1/2 in x 18 in
- Board Length: 12 ft
- Width Profile: 1x6
- Color / Finish: Slate Gray / White / Stainless Steel
- Edge Profile: Grooved
- Wattage Rating: 60W
- Color Temperature: 2700K
- Power Source: Electric
- Display Condition: New
- Package Quantity: 5 Pack",1,SPECIFICATIONS,1.0,True,True,True,True,1.0,verified
PROD-0253,1513716,Boise Cascade Building Materials,material,PVC,manufacturer_pdf,https://www.boisecascadebuildingmaterials.com/docs/datasheets/1513716.pdf,"OFFICIAL MANUFACTURER TECHNICAL DATASHEET:
- Part Number: 1513716
- Manufacturer: Boise Cascade Building Materials
- Material Composition: PVC / Aluminum Oxide / High Speed Steel
- Product Dimensions: 1/2 in x 18 in
- Board Length: 12 ft
- Width Profile: 1x6
- Color / Finish: Slate Gray / White / Stainless Steel
- Edge Profile: Grooved
- Wattage Rating: 60W
- Color Temperature: 2700K
- Power Source: Electric
- Display Condition: New
- Package Quantity: 5 Pack",1,SPECIFICATIONS,1.0,True,True,True,True,1.0,verified
PROD-0253,1513716,Boise Cascade Building Materials,width_profile,1x6,manufacturer_pdf,https://www.boisecascadebuildingmaterials.com/docs/datasheets/1513716.pdf,"OFFICIAL MANUFACTURER TECHNICAL DATASHEET:
- Part Number: 1513716
- Manufacturer: Boise Cascade Building Materials
- Material Composition: PVC / Aluminum Oxide / High Speed Steel
- Product Dimensions: 1/2 in x 18 in
- Board Length: 12 ft
- Width Profile: 1x6
- Color / Finish: Slate Gray / White / Stainless Steel
- Edge Profile: Grooved
- Wattage Rating: 60W
- Color Temperature: 2700K
- Power Source: Electric
- Display Condition: New
- Package Quantity: 5 Pack",1,SPECIFICATIONS,1.0,True,True,True,True,1.0,verified
PROD-0254,1513722,Boise Cascade Building Materials,color,Slate Gray,manufacturer_pdf,https://www.boisecascadebuildingmaterials.com/docs/datasheets/1513722.pdf,"OFFICIAL MANUFACTURER TECHNICAL DATASHEET:
- Part Number: 1513722
- Manufacturer: Boise Cascade Building Materials
- Material Composition: PVC / Aluminum Oxide / High Speed Steel
- Product Dimensions: 1/2 in x 18 in
- Board Length: 12 ft
- Width Profile: 1x6
- Color / Finish: Slate Gray / White / Stainless Steel
- Edge Profile: Grooved
- Wattage Rating: 60W
- Color Temperature: 2700K
- Power Source: Electric
- Display Condition: New
- Package Quantity: 5 Pack",1,SPECIFICATIONS,1.0,True,True,True,True,1.0,verified
PROD-0254,1513722,Boise Cascade Building Materials,edge_profile,Grooved,manufacturer_pdf,https://www.boisecascadebuildingmaterials.com/docs/datasheets/1513722.pdf,"OFFICIAL MANUFACTURER TECHNICAL DATASHEET:
- Part Number: 1513722
- Manufacturer: Boise Cascade Building Materials
- Material Composition: PVC / Aluminum Oxide / High Speed Steel
- Product Dimensions: 1/2 in x 18 in
- Board Length: 12 ft
- Width Profile: 1x6
- Color / Finish: Slate Gray / White / Stainless Steel
- Edge Profile: Grooved
- Wattage Rating: 60W
- Color Temperature: 2700K
- Power Source: Electric
- Display Condition: New
- Package Quantity: 5 Pack",1,SPECIFICATIONS,1.0,True,True,True,True,1.0,verified
PROD-0254,1513722,Boise Cascade Building Materials,length,12 ft,manufacturer_pdf,https://www.boisecascadebuildingmaterials.com/docs/datasheets/1513722.pdf,"OFFICIAL MANUFACTURER TECHNICAL DATASHEET:
- Part Number: 1513722
- Manufacturer: Boise Cascade Building Materials
- Material Composition: PVC / Aluminum Oxide / High Speed Steel
- Product Dimensions: 1/2 in x 18 in
- Board Length: 12 ft
- Width Profile: 1x6
- Color / Finish: Slate Gray / White / Stainless Steel
- Edge Profile: Grooved
- Wattage Rating: 60W
- Color Temperature: 2700K
- Power Source: Electric
- Display Condition: New
- Package Quantity: 5 Pack",1,SPECIFICATIONS,1.0,True,True,True,True,1.0,verified
PROD-0254,1513722,Boise Cascade Building Materials,material,PVC,manufacturer_pdf,https://www.boisecascadebuildingmaterials.com/docs/datasheets/1513722.pdf,"OFFICIAL MANUFACTURER TECHNICAL DATASHEET:
- Part Number: 1513722
- Manufacturer: Boise Cascade Building Materials
- Material Composition: PVC / Aluminum Oxide / High Speed Steel
- Product Dimensions: 1/2 in x 18 in
- Board Length: 12 ft
- Width Profile: 1x6
- Color / Finish: Slate Gray / White / Stainless Steel
- Edge Profile: Grooved
- Wattage Rating: 60W
- Color Temperature: 2700K
- Power Source: Electric
- Display Condition: New
- Package Quantity: 5 Pack",1,SPECIFICATIONS,1.0,True,True,True,True,1.0,verified
PROD-0254,1513722,Boise Cascade Building Materials,width_profile,1x6,manufacturer_pdf,https://www.boisecascadebuildingmaterials.com/docs/datasheets/1513722.pdf,"OFFICIAL MANUFACTURER TECHNICAL DATASHEET:
- Part Number: 1513722
- Manufacturer: Boise Cascade Building Materials
- Material Composition: PVC / Aluminum Oxide / High Speed Steel
- Product Dimensions: 1/2 in x 18 in
- Board Length: 12 ft
- Width Profile: 1x6
- Color / Finish: Slate Gray / White / Stainless Steel
- Edge Profile: Grooved
- Wattage Rating: 60W
- Color Temperature: 2700K
- Power Source: Electric
- Display Condition: New
- Package Quantity: 5 Pack",1,SPECIFICATIONS,1.0,True,True,True,True,1.0,verified
PROD-0255,1513723,Boise Cascade Building Materials,color,Slate Gray,manufacturer_pdf,https://www.boisecascadebuildingmaterials.com/docs/datasheets/1513723.pdf,"OFFICIAL MANUFACTURER TECHNICAL DATASHEET:
- Part Number: 1513723
- Manufacturer: Boise Cascade Building Materials
- Material Composition: PVC / Aluminum Oxide / High Speed Steel
- Product Dimensions: 1/2 in x 18 in
- Board Length: 12 ft
- Width Profile: 1x6
- Color / Finish: Slate Gray / White / Stainless Steel
- Edge Profile: Grooved
- Wattage Rating: 60W
- Color Temperature: 2700K
- Power Source: Electric
- Display Condition: New
- Package Quantity: 5 Pack",1,SPECIFICATIONS,1.0,True,True,True,True,1.0,verified
PROD-0255,1513723,Boise Cascade Building Materials,edge_profile,Grooved,manufacturer_pdf,https://www.boisecascadebuildingmaterials.com/docs/datasheets/1513723.pdf,"OFFICIAL MANUFACTURER TECHNICAL DATASHEET:
- Part Number: 1513723
- Manufacturer: Boise Cascade Building Materials
- Material Composition: PVC / Aluminum Oxide / High Speed Steel
- Product Dimensions: 1/2 in x 18 in
- Board Length: 12 ft
- Width Profile: 1x6
- Color / Finish: Slate Gray / White / Stainless Steel
- Edge Profile: Grooved
- Wattage Rating: 60W
- Color Temperature: 2700K
- Power Source: Electric
- Display Condition: New
- Package Quantity: 5 Pack",1,SPECIFICATIONS,1.0,True,True,True,True,1.0,verified
PROD-0255,1513723,Boise Cascade Building Materials,length,12 ft,manufacturer_pdf,https://www.boisecascadebuildingmaterials.com/docs/datasheets/1513723.pdf,"OFFICIAL MANUFACTURER TECHNICAL DATASHEET:
- Part Number: 1513723
- Manufacturer: Boise Cascade Building Materials
- Material Composition: PVC / Aluminum Oxide / High Speed Steel
- Product Dimensions: 1/2 in x 18 in
- Board Length: 12 ft
- Width Profile: 1x6
- Color / Finish: Slate Gray / White / Stainless Steel
- Edge Profile: Grooved
- Wattage Rating: 60W
- Color Temperature: 2700K
- Power Source: Electric
- Display Condition: New
- Package Quantity: 5 Pack",1,SPECIFICATIONS,1.0,True,True,True,True,1.0,verified
PROD-0255,1513723,Boise Cascade Building Materials,material,PVC,manufacturer_pdf,https://www.boisecascadebuildingmaterials.com/docs/datasheets/1513723.pdf,"OFFICIAL MANUFACTURER TECHNICAL DATASHEET:
- Part Number: 1513723
- Manufacturer: Boise Cascade Building Materials
- Material Composition: PVC / Aluminum Oxide / High Speed Steel
- Product Dimensions: 1/2 in x 18 in
- Board Length: 12 ft
- Width Profile: 1x6
- Color / Finish: Slate Gray / White / Stainless Steel
- Edge Profile: Grooved
- Wattage Rating: 60W
- Color Temperature: 2700K
- Power Source: Electric
- Display Condition: New
- Package Quantity: 5 Pack",1,SPECIFICATIONS,1.0,True,True,True,True,1.0,verified
PROD-0255,1513723,Boise Cascade Building Materials,width_profile,1x6,manufacturer_pdf,https://www.boisecascadebuildingmaterials.com/docs/datasheets/1513723.pdf,"OFFICIAL MANUFACTURER TECHNICAL DATASHEET:
- Part Number: 1513723
- Manufacturer: Boise Cascade Building Materials
- Material Composition: PVC / Aluminum Oxide / High Speed Steel
- Product Dimensions: 1/2 in x 18 in
- Board Length: 12 ft
- Width Profile: 1x6
- Color / Finish: Slate Gray / White / Stainless Steel
- Edge Profile: Grooved
- Wattage Rating: 60W
- Color Temperature: 2700K
- Power Source: Electric
- Display Condition: New
- Package Quantity: 5 Pack",1,SPECIFICATIONS,1.0,True,True,True,True,1.0,verified
PROD-0256,1513729,Boise Cascade Building Materials,color,Slate Gray,manufacturer_pdf,https://www.boisecascadebuildingmaterials.com/docs/datasheets/1513729.pdf,"OFFICIAL MANUFACTURER TECHNICAL DATASHEET:
- Part Number: 1513729
- Manufacturer: Boise Cascade Building Materials
- Material Composition: PVC / Aluminum Oxide / High Speed Steel
- Product Dimensions: 1/2 in x 18 in
- Board Length: 12 ft
- Width Profile: 1x6
- Color / Finish: Slate Gray / White / Stainless Steel
- Edge Profile: Grooved
- Wattage Rating: 60W
- Color Temperature: 2700K
- Power Source: Electric
- Display Condition: New
- Package Quantity: 5 Pack",1,SPECIFICATIONS,1.0,True,True,True,True,1.0,verified
PROD-0256,1513729,Boise Cascade Building Materials,edge_profile,Grooved,manufacturer_pdf,https://www.boisecascadebuildingmaterials.com/docs/datasheets/1513729.pdf,"OFFICIAL MANUFACTURER TECHNICAL DATASHEET:
- Part Number: 1513729
- Manufacturer: Boise Cascade Building Materials
- Material Composition: PVC / Aluminum Oxide / High Speed Steel
- Product Dimensions: 1/2 in x 18 in
- Board Length: 12 ft
- Width Profile: 1x6
- Color / Finish: Slate Gray / White / Stainless Steel
- Edge Profile: Grooved
- Wattage Rating: 60W
- Color Temperature: 2700K
- Power Source: Electric
- Display Condition: New
- Package Quantity: 5 Pack",1,SPECIFICATIONS,1.0,True,True,True,True,1.0,verified
PROD-0256,1513729,Boise Cascade Building Materials,length,12 ft,manufacturer_pdf,https://www.boisecascadebuildingmaterials.com/docs/datasheets/1513729.pdf,"OFFICIAL MANUFACTURER TECHNICAL DATASHEET:
- Part Number: 1513729
- Manufacturer: Boise Cascade Building Materials
- Material Composition: PVC / Aluminum Oxide / High Speed Steel
- Product Dimensions: 1/2 in x 18 in
- Board Length: 12 ft
- Width Profile: 1x6
- Color / Finish: Slate Gray / White / Stainless Steel
- Edge Profile: Grooved
- Wattage Rating: 60W
- Color Temperature: 2700K
- Power Source: Electric
- Display Condition: New
- Package Quantity: 5 Pack",1,SPECIFICATIONS,1.0,True,True,True,True,1.0,verified
PROD-0256,1513729,Boise Cascade Building Materials,material,PVC,manufacturer_pdf,https://www.boisecascadebuildingmaterials.com/docs/datasheets/1513729.pdf,"OFFICIAL MANUFACTURER TECHNICAL DATASHEET:
- Part Number: 1513729
- Manufacturer: Boise Cascade Building Materials
- Material Composition: PVC / Aluminum Oxide / High Speed Steel
- Product Dimensions: 1/2 in x 18 in
- Board Length: 12 ft
- Width Profile: 1x6
- Color / Finish: Slate Gray / White / Stainless Steel
- Edge Profile: Grooved
- Wattage Rating: 60W
- Color Temperature: 2700K
- Power Source: Electric
- Display Condition: New
- Package Quantity: 5 Pack",1,SPECIFICATIONS,1.0,True,True,True,True,1.0,verified
PROD-0256,1513729,Boise Cascade Building Materials,width_profile,1x6,manufacturer_pdf,https://www.boisecascadebuildingmaterials.com/docs/datasheets/1513729.pdf,"OFFICIAL MANUFACTURER TECHNICAL DATASHEET:
- Part Number: 1513729
- Manufacturer: Boise Cascade Building Materials
- Material Composition: PVC / Aluminum Oxide / High Speed Steel
- Product Dimensions: 1/2 in x 18 in
- Board Length: 12 ft
- Width Profile: 1x6
- Color / Finish: Slate Gray / White / Stainless Steel
- Edge Profile: Grooved
- Wattage Rating: 60W
- Color Temperature: 2700K
- Power Source: Electric
- Display Condition: New
- Package Quantity: 5 Pack",1,SPECIFICATIONS,1.0,True,True,True,True,1.0,verified
PROD-0257,1513730,Boise Cascade Building Materials,color,Slate Gray,manufacturer_pdf,https://www.boisecascadebuildingmaterials.com/docs/datasheets/1513730.pdf,"OFFICIAL MANUFACTURER TECHNICAL DATASHEET:
- Part Number: 1513730
- Manufacturer: Boise Cascade Building Materials
- Material Composition: PVC / Aluminum Oxide / High Speed Steel
- Product Dimensions: 1/2 in x 18 in
- Board Length: 12 ft
- Width Profile: 1x6
- Color / Finish: Slate Gray / White / Stainless Steel
- Edge Profile: Grooved
- Wattage Rating: 60W
- Color Temperature: 2700K
- Power Source: Electric
- Display Condition: New
- Package Quantity: 5 Pack",1,SPECIFICATIONS,1.0,True,True,True,True,1.0,verified
PROD-0257,1513730,Boise Cascade Building Materials,edge_profile,Grooved,manufacturer_pdf,https://www.boisecascadebuildingmaterials.com/docs/datasheets/1513730.pdf,"OFFICIAL MANUFACTURER TECHNICAL DATASHEET:
- Part Number: 1513730
- Manufacturer: Boise Cascade Building Materials
- Material Composition: PVC / Aluminum Oxide / High Speed Steel
- Product Dimensions: 1/2 in x 18 in
- Board Length: 12 ft
- Width Profile: 1x6
- Color / Finish: Slate Gray / White / Stainless Steel
- Edge Profile: Grooved
- Wattage Rating: 60W
- Color Temperature: 2700K
- Power Source: Electric
- Display Condition: New
- Package Quantity: 5 Pack",1,SPECIFICATIONS,1.0,True,True,True,True,1.0,verified
PROD-0257,1513730,Boise Cascade Building Materials,length,12 ft,manufacturer_pdf,https://www.boisecascadebuildingmaterials.com/docs/datasheets/1513730.pdf,"OFFICIAL MANUFACTURER TECHNICAL DATASHEET:
- Part Number: 1513730
- Manufacturer: Boise Cascade Building Materials
- Material Composition: PVC / Aluminum Oxide / High Speed Steel
- Product Dimensions: 1/2 in x 18 in
- Board Length: 12 ft
- Width Profile: 1x6
- Color / Finish: Slate Gray / White / Stainless Steel
- Edge Profile: Grooved
- Wattage Rating: 60W
- Color Temperature: 2700K
- Power Source: Electric
- Display Condition: New
- Package Quantity: 5 Pack",1,SPECIFICATIONS,1.0,True,True,True,True,1.0,verified
PROD-0257,1513730,Boise Cascade Building Materials,material,PVC,manufacturer_pdf,https://www.boisecascadebuildingmaterials.com/docs/datasheets/1513730.pdf,"OFFICIAL MANUFACTURER TECHNICAL DATASHEET:
- Part Number: 1513730
- Manufacturer: Boise Cascade Building Materials
- Material Composition: PVC / Aluminum Oxide / High Speed Steel
- Product Dimensions: 1/2 in x 18 in
- Board Length: 12 ft
- Width Profile: 1x6
- Color / Finish: Slate Gray / White / Stainless Steel
- Edge Profile: Grooved
- Wattage Rating: 60W
- Color Temperature: 2700K
- Power Source: Electric
- Display Condition: New
- Package Quantity: 5 Pack",1,SPECIFICATIONS,1.0,True,True,True,True,1.0,verified
PROD-0257,1513730,Boise Cascade Building Materials,width_profile,1x6,manufacturer_pdf,https://www.boisecascadebuildingmaterials.com/docs/datasheets/1513730.pdf,"OFFICIAL MANUFACTURER TECHNICAL DATASHEET:
- Part Number: 1513730
- Manufacturer: Boise Cascade Building Materials
- Material Composition: PVC / Aluminum Oxide / High Speed Steel
- Product Dimensions: 1/2 in x 18 in
- Board Length: 12 ft
- Width Profile: 1x6
- Color / Finish: Slate Gray / White / Stainless Steel
- Edge Profile: Grooved
- Wattage Rating: 60W
- Color Temperature: 2700K
- Power Source: Electric
- Display Condition: New
- Package Quantity: 5 Pack",1,SPECIFICATIONS,1.0,True,True,True,True,1.0,verified
PROD-0258,543076916,Boise Cascade Building Materials,color,Slate Gray,manufacturer_pdf,https://www.boisecascadebuildingmaterials.com/docs/datasheets/543076916.pdf,"OFFICIAL MANUFACTURER TECHNICAL DATASHEET:
- Part Number: 543076916
- Manufacturer: Boise Cascade Building Materials
- Material Composition: PVC / Aluminum Oxide / High Speed Steel
- Product Dimensions: 1/2 in x 18 in
- Board Length: 12 ft
- Width Profile: 1x6
- Color / Finish: Slate Gray / White / Stainless Steel
- Edge Profile: Grooved
- Wattage Rating: 60W
- Color Temperature: 2700K
- Power Source: Electric
- Display Condition: New
- Package Quantity: 5 Pack",1,SPECIFICATIONS,1.0,True,True,True,True,1.0,verified
PROD-0258,543076916,Boise Cascade Building Materials,edge_profile,Grooved,manufacturer_pdf,https://www.boisecascadebuildingmaterials.com/docs/datasheets/543076916.pdf,"OFFICIAL MANUFACTURER TECHNICAL DATASHEET:
- Part Number: 543076916
- Manufacturer: Boise Cascade Building Materials
- Material Composition: PVC / Aluminum Oxide / High Speed Steel
- Product Dimensions: 1/2 in x 18 in
- Board Length: 12 ft
- Width Profile: 1x6
- Color / Finish: Slate Gray / White / Stainless Steel
- Edge Profile: Grooved
- Wattage Rating: 60W
- Color Temperature: 2700K
- Power Source: Electric
- Display Condition: New
- Package Quantity: 5 Pack",1,SPECIFICATIONS,1.0,True,True,True,True,1.0,verified
PROD-0258,543076916,Boise Cascade Building Materials,length,12 ft,manufacturer_pdf,https://www.boisecascadebuildingmaterials.com/docs/datasheets/543076916.pdf,"OFFICIAL MANUFACTURER TECHNICAL DATASHEET:
- Part Number: 543076916
- Manufacturer: Boise Cascade Building Materials
- Material Composition: PVC / Aluminum Oxide / High Speed Steel
- Product Dimensions: 1/2 in x 18 in
- Board Length: 12 ft
- Width Profile: 1x6
- Color / Finish: Slate Gray / White / Stainless Steel
- Edge Profile: Grooved
- Wattage Rating: 60W
- Color Temperature: 2700K
- Power Source: Electric
- Display Condition: New
- Package Quantity: 5 Pack",1,SPECIFICATIONS,1.0,True,True,True,True,1.0,verified
PROD-0258,543076916,Boise Cascade Building Materials,material,PVC,manufacturer_pdf,https://www.boisecascadebuildingmaterials.com/docs/datasheets/543076916.pdf,"OFFICIAL MANUFACTURER TECHNICAL DATASHEET:
- Part Number: 543076916
- Manufacturer: Boise Cascade Building Materials
- Material Composition: PVC / Aluminum Oxide / High Speed Steel
- Product Dimensions: 1/2 in x 18 in
- Board Length: 12 ft
- Width Profile: 1x6
- Color / Finish: Slate Gray / White / Stainless Steel
- Edge Profile: Grooved
- Wattage Rating: 60W
- Color Temperature: 2700K
- Power Source: Electric
- Display Condition: New
- Package Quantity: 5 Pack",1,SPECIFICATIONS,1.0,True,True,True,True,1.0,verified
PROD-0258,543076916,Boise Cascade Building Materials,width_profile,1x6,manufacturer_pdf,https://www.boisecascadebuildingmaterials.com/docs/datasheets/543076916.pdf,"OFFICIAL MANUFACTURER TECHNICAL DATASHEET:
- Part Number: 543076916
- Manufacturer: Boise Cascade Building Materials
- Material Composition: PVC / Aluminum Oxide / High Speed Steel
- Product Dimensions: 1/2 in x 18 in
- Board Length: 12 ft
- Width Profile: 1x6
- Color / Finish: Slate Gray / White / Stainless Steel
- Edge Profile: Grooved
- Wattage Rating: 60W
- Color Temperature: 2700K
- Power Source: Electric
- Display Condition: New
- Package Quantity: 5 Pack",1,SPECIFICATIONS,1.0,True,True,True,True,1.0,verified
PROD-0259,1516876,Boise Cascade Building Materials,color,Slate Gray,manufacturer_pdf,https://www.boisecascadebuildingmaterials.com/docs/datasheets/1516876.pdf,"OFFICIAL MANUFACTURER TECHNICAL DATASHEET:
- Part Number: 1516876
- Manufacturer: Boise Cascade Building Materials
- Material Composition: PVC / Aluminum Oxide / High Speed Steel
- Product Dimensions: 1/2 in x 18 in
- Board Length: 12 ft
- Width Profile: 1x6
- Color / Finish: Slate Gray / White / Stainless Steel
- Edge Profile: Grooved
- Wattage Rating: 60W
- Color Temperature: 2700K
- Power Source: Electric
- Display Condition: New
- Package Quantity: 5 Pack",1,SPECIFICATIONS,1.0,True,True,True,True,1.0,verified
PROD-0259,1516876,Boise Cascade Building Materials,edge_profile,Grooved,manufacturer_pdf,https://www.boisecascadebuildingmaterials.com/docs/datasheets/1516876.pdf,"OFFICIAL MANUFACTURER TECHNICAL DATASHEET:
- Part Number: 1516876
- Manufacturer: Boise Cascade Building Materials
- Material Composition: PVC / Aluminum Oxide / High Speed Steel
- Product Dimensions: 1/2 in x 18 in
- Board Length: 12 ft
- Width Profile: 1x6
- Color / Finish: Slate Gray / White / Stainless Steel
- Edge Profile: Grooved
- Wattage Rating: 60W
- Color Temperature: 2700K
- Power Source: Electric
- Display Condition: New
- Package Quantity: 5 Pack",1,SPECIFICATIONS,1.0,True,True,True,True,1.0,verified
PROD-0259,1516876,Boise Cascade Building Materials,length,12 ft,manufacturer_pdf,https://www.boisecascadebuildingmaterials.com/docs/datasheets/1516876.pdf,"OFFICIAL MANUFACTURER TECHNICAL DATASHEET:
- Part Number: 1516876
- Manufacturer: Boise Cascade Building Materials
- Material Composition: PVC / Aluminum Oxide / High Speed Steel
- Product Dimensions: 1/2 in x 18 in
- Board Length: 12 ft
- Width Profile: 1x6
- Color / Finish: Slate Gray / White / Stainless Steel
- Edge Profile: Grooved
- Wattage Rating: 60W
- Color Temperature: 2700K
- Power Source: Electric
- Display Condition: New
- Package Quantity: 5 Pack",1,SPECIFICATIONS,1.0,True,True,True,True,1.0,verified
PROD-0259,1516876,Boise Cascade Building Materials,material,PVC,manufacturer_pdf,https://www.boisecascadebuildingmaterials.com/docs/datasheets/1516876.pdf,"OFFICIAL MANUFACTURER TECHNICAL DATASHEET:
- Part Number: 1516876
- Manufacturer: Boise Cascade Building Materials
- Material Composition: PVC / Aluminum Oxide / High Speed Steel
- Product Dimensions: 1/2 in x 18 in
- Board Length: 12 ft
- Width Profile: 1x6
- Color / Finish: Slate Gray / White / Stainless Steel
- Edge Profile: Grooved
- Wattage Rating: 60W
- Color Temperature: 2700K
- Power Source: Electric
- Display Condition: New
- Package Quantity: 5 Pack",1,SPECIFICATIONS,1.0,True,True,True,True,1.0,verified
PROD-0259,1516876,Boise Cascade Building Materials,width_profile,1x6,manufacturer_pdf,https://www.boisecascadebuildingmaterials.com/docs/datasheets/1516876.pdf,"OFFICIAL MANUFACTURER TECHNICAL DATASHEET:
- Part Number: 1516876
- Manufacturer: Boise Cascade Building Materials
- Material Composition: PVC / Aluminum Oxide / High Speed Steel
- Product Dimensions: 1/2 in x 18 in
- Board Length: 12 ft
- Width Profile: 1x6
- Color / Finish: Slate Gray / White / Stainless Steel
- Edge Profile: Grooved
- Wattage Rating: 60W
- Color Temperature: 2700K
- Power Source: Electric
- Display Condition: New
- Package Quantity: 5 Pack",1,SPECIFICATIONS,1.0,True,True,True,True,1.0,verified
PROD-0260,543076936,Boise Cascade Building Materials,color,Slate Gray,manufacturer_pdf,https://www.boisecascadebuildingmaterials.com/docs/datasheets/543076936.pdf,"OFFICIAL MANUFACTURER TECHNICAL DATASHEET:
- Part Number: 543076936
- Manufacturer: Boise Cascade Building Materials
- Material Composition: PVC / Aluminum Oxide / High Speed Steel
- Product Dimensions: 1/2 in x 18 in
- Board Length: 12 ft
- Width Profile: 1x6
- Color / Finish: Slate Gray / White / Stainless Steel
- Edge Profile: Grooved
- Wattage Rating: 60W
- Color Temperature: 2700K
- Power Source: Electric
- Display Condition: New
- Package Quantity: 5 Pack",1,SPECIFICATIONS,1.0,True,True,True,True,1.0,verified
PROD-0260,543076936,Boise Cascade Building Materials,edge_profile,Grooved,manufacturer_pdf,https://www.boisecascadebuildingmaterials.com/docs/datasheets/543076936.pdf,"OFFICIAL MANUFACTURER TECHNICAL DATASHEET:
- Part Number: 543076936
- Manufacturer: Boise Cascade Building Materials
- Material Composition: PVC / Aluminum Oxide / High Speed Steel
- Product Dimensions: 1/2 in x 18 in
- Board Length: 12 ft
- Width Profile: 1x6
- Color / Finish: Slate Gray / White / Stainless Steel
- Edge Profile: Grooved
- Wattage Rating: 60W
- Color Temperature: 2700K
- Power Source: Electric
- Display Condition: New
- Package Quantity: 5 Pack",1,SPECIFICATIONS,1.0,True,True,True,True,1.0,verified
PROD-0260,543076936,Boise Cascade Building Materials,length,12 ft,manufacturer_pdf,https://www.boisecascadebuildingmaterials.com/docs/datasheets/543076936.pdf,"OFFICIAL MANUFACTURER TECHNICAL DATASHEET:
- Part Number: 543076936
- Manufacturer: Boise Cascade Building Materials
- Material Composition: PVC / Aluminum Oxide / High Speed Steel
- Product Dimensions: 1/2 in x 18 in
- Board Length: 12 ft
- Width Profile: 1x6
- Color / Finish: Slate Gray / White / Stainless Steel
- Edge Profile: Grooved
- Wattage Rating: 60W
- Color Temperature: 2700K
- Power Source: Electric
- Display Condition: New
- Package Quantity: 5 Pack",1,SPECIFICATIONS,1.0,True,True,True,True,1.0,verified
PROD-0260,543076936,Boise Cascade Building Materials,material,PVC,manufacturer_pdf,https://www.boisecascadebuildingmaterials.com/docs/datasheets/543076936.pdf,"OFFICIAL MANUFACTURER TECHNICAL DATASHEET:
- Part Number: 543076936
- Manufacturer: Boise Cascade Building Materials
- Material Composition: PVC / Aluminum Oxide / High Speed Steel
- Product Dimensions: 1/2 in x 18 in
- Board Length: 12 ft
- Width Profile: 1x6
- Color / Finish: Slate Gray / White / Stainless Steel
- Edge Profile: Grooved
- Wattage Rating: 60W
- Color Temperature: 2700K
- Power Source: Electric
- Display Condition: New
- Package Quantity: 5 Pack",1,SPECIFICATIONS,1.0,True,True,True,True,1.0,verified
PROD-0260,543076936,Boise Cascade Building Materials,width_profile,1x6,manufacturer_pdf,https://www.boisecascadebuildingmaterials.com/docs/datasheets/543076936.pdf,"OFFICIAL MANUFACTURER TECHNICAL DATASHEET:
- Part Number: 543076936
- Manufacturer: Boise Cascade Building Materials
- Material Composition: PVC / Aluminum Oxide / High Speed Steel
- Product Dimensions: 1/2 in x 18 in
- Board Length: 12 ft
- Width Profile: 1x6
- Color / Finish: Slate Gray / White / Stainless Steel
- Edge Profile: Grooved
- Wattage Rating: 60W
- Color Temperature: 2700K
- Power Source: Electric
- Display Condition: New
- Package Quantity: 5 Pack",1,SPECIFICATIONS,1.0,True,True,True,True,1.0,verified
PROD-0261,1516878,Boise Cascade Building Materials,color,Slate Gray,manufacturer_pdf,https://www.boisecascadebuildingmaterials.com/docs/datasheets/1516878.pdf,"OFFICIAL MANUFACTURER TECHNICAL DATASHEET:
- Part Number: 1516878
- Manufacturer: Boise Cascade Building Materials
- Material Composition: PVC / Aluminum Oxide / High Speed Steel
- Product Dimensions: 1/2 in x 18 in
- Board Length: 12 ft
- Width Profile: 1x6
- Color / Finish: Slate Gray / White / Stainless Steel
- Edge Profile: Grooved
- Wattage Rating: 60W
- Color Temperature: 2700K
- Power Source: Electric
- Display Condition: New
- Package Quantity: 5 Pack",1,SPECIFICATIONS,1.0,True,True,True,True,1.0,verified
PROD-0261,1516878,Boise Cascade Building Materials,edge_profile,Grooved,manufacturer_pdf,https://www.boisecascadebuildingmaterials.com/docs/datasheets/1516878.pdf,"OFFICIAL MANUFACTURER TECHNICAL DATASHEET:
- Part Number: 1516878
- Manufacturer: Boise Cascade Building Materials
- Material Composition: PVC / Aluminum Oxide / High Speed Steel
- Product Dimensions: 1/2 in x 18 in
- Board Length: 12 ft
- Width Profile: 1x6
- Color / Finish: Slate Gray / White / Stainless Steel
- Edge Profile: Grooved
- Wattage Rating: 60W
- Color Temperature: 2700K
- Power Source: Electric
- Display Condition: New
- Package Quantity: 5 Pack",1,SPECIFICATIONS,1.0,True,True,True,True,1.0,verified
PROD-0261,1516878,Boise Cascade Building Materials,length,12 ft,manufacturer_pdf,https://www.boisecascadebuildingmaterials.com/docs/datasheets/1516878.pdf,"OFFICIAL MANUFACTURER TECHNICAL DATASHEET:
- Part Number: 1516878
- Manufacturer: Boise Cascade Building Materials
- Material Composition: PVC / Aluminum Oxide / High Speed Steel
- Product Dimensions: 1/2 in x 18 in
- Board Length: 12 ft
- Width Profile: 1x6
- Color / Finish: Slate Gray / White / Stainless Steel
- Edge Profile: Grooved
- Wattage Rating: 60W
- Color Temperature: 2700K
- Power Source: Electric
- Display Condition: New
- Package Quantity: 5 Pack",1,SPECIFICATIONS,1.0,True,True,True,True,1.0,verified
PROD-0261,1516878,Boise Cascade Building Materials,material,PVC,manufacturer_pdf,https://www.boisecascadebuildingmaterials.com/docs/datasheets/1516878.pdf,"OFFICIAL MANUFACTURER TECHNICAL DATASHEET:
- Part Number: 1516878
- Manufacturer: Boise Cascade Building Materials
- Material Composition: PVC / Aluminum Oxide / High Speed Steel
- Product Dimensions: 1/2 in x 18 in
- Board Length: 12 ft
- Width Profile: 1x6
- Color / Finish: Slate Gray / White / Stainless Steel
- Edge Profile: Grooved
- Wattage Rating: 60W
- Color Temperature: 2700K
- Power Source: Electric
- Display Condition: New
- Package Quantity: 5 Pack",1,SPECIFICATIONS,1.0,True,True,True,True,1.0,verified
PROD-0261,1516878,Boise Cascade Building Materials,width_profile,1x6,manufacturer_pdf,https://www.boisecascadebuildingmaterials.com/docs/datasheets/1516878.pdf,"OFFICIAL MANUFACTURER TECHNICAL DATASHEET:
- Part Number: 1516878
- Manufacturer: Boise Cascade Building Materials
- Material Composition: PVC / Aluminum Oxide / High Speed Steel
- Product Dimensions: 1/2 in x 18 in
- Board Length: 12 ft
- Width Profile: 1x6
- Color / Finish: Slate Gray / White / Stainless Steel
- Edge Profile: Grooved
- Wattage Rating: 60W
- Color Temperature: 2700K
- Power Source: Electric
- Display Condition: New
- Package Quantity: 5 Pack",1,SPECIFICATIONS,1.0,True,True,True,True,1.0,verified
PROD-0262,1516884,Boise Cascade Building Materials,color,Slate Gray,manufacturer_pdf,https://www.boisecascadebuildingmaterials.com/docs/datasheets/1516884.pdf,"OFFICIAL MANUFACTURER TECHNICAL DATASHEET:
- Part Number: 1516884
- Manufacturer: Boise Cascade Building Materials
- Material Composition: PVC / Aluminum Oxide / High Speed Steel
- Product Dimensions: 1/2 in x 18 in
- Board Length: 12 ft
- Width Profile: 1x6
- Color / Finish: Slate Gray / White / Stainless Steel
- Edge Profile: Grooved
- Wattage Rating: 60W
- Color Temperature: 2700K
- Power Source: Electric
- Display Condition: New
- Package Quantity: 5 Pack",1,SPECIFICATIONS,1.0,True,True,True,True,1.0,verified
PROD-0262,1516884,Boise Cascade Building Materials,edge_profile,Grooved,manufacturer_pdf,https://www.boisecascadebuildingmaterials.com/docs/datasheets/1516884.pdf,"OFFICIAL MANUFACTURER TECHNICAL DATASHEET:
- Part Number: 1516884
- Manufacturer: Boise Cascade Building Materials
- Material Composition: PVC / Aluminum Oxide / High Speed Steel
- Product Dimensions: 1/2 in x 18 in
- Board Length: 12 ft
- Width Profile: 1x6
- Color / Finish: Slate Gray / White / Stainless Steel
- Edge Profile: Grooved
- Wattage Rating: 60W
- Color Temperature: 2700K
- Power Source: Electric
- Display Condition: New
- Package Quantity: 5 Pack",1,SPECIFICATIONS,1.0,True,True,True,True,1.0,verified
PROD-0262,1516884,Boise Cascade Building Materials,length,12 ft,manufacturer_pdf,https://www.boisecascadebuildingmaterials.com/docs/datasheets/1516884.pdf,"OFFICIAL MANUFACTURER TECHNICAL DATASHEET:
- Part Number: 1516884
- Manufacturer: Boise Cascade Building Materials
- Material Composition: PVC / Aluminum Oxide / High Speed Steel
- Product Dimensions: 1/2 in x 18 in
- Board Length: 12 ft
- Width Profile: 1x6
- Color / Finish: Slate Gray / White / Stainless Steel
- Edge Profile: Grooved
- Wattage Rating: 60W
- Color Temperature: 2700K
- Power Source: Electric
- Display Condition: New
- Package Quantity: 5 Pack",1,SPECIFICATIONS,1.0,True,True,True,True,1.0,verified
PROD-0262,1516884,Boise Cascade Building Materials,material,PVC,manufacturer_pdf,https://www.boisecascadebuildingmaterials.com/docs/datasheets/1516884.pdf,"OFFICIAL MANUFACTURER TECHNICAL DATASHEET:
- Part Number: 1516884
- Manufacturer: Boise Cascade Building Materials
- Material Composition: PVC / Aluminum Oxide / High Speed Steel
- Product Dimensions: 1/2 in x 18 in
- Board Length: 12 ft
- Width Profile: 1x6
- Color / Finish: Slate Gray / White / Stainless Steel
- Edge Profile: Grooved
- Wattage Rating: 60W
- Color Temperature: 2700K
- Power Source: Electric
- Display Condition: New
- Package Quantity: 5 Pack",1,SPECIFICATIONS,1.0,True,True,True,True,1.0,verified
PROD-0262,1516884,Boise Cascade Building Materials,width_profile,1x6,manufacturer_pdf,https://www.boisecascadebuildingmaterials.com/docs/datasheets/1516884.pdf,"OFFICIAL MANUFACTURER TECHNICAL DATASHEET:
- Part Number: 1516884
- Manufacturer: Boise Cascade Building Materials
- Material Composition: PVC / Aluminum Oxide / High Speed Steel
- Product Dimensions: 1/2 in x 18 in
- Board Length: 12 ft
- Width Profile: 1x6
- Color / Finish: Slate Gray / White / Stainless Steel
- Edge Profile: Grooved
- Wattage Rating: 60W
- Color Temperature: 2700K
- Power Source: Electric
- Display Condition: New
- Package Quantity: 5 Pack",1,SPECIFICATIONS,1.0,True,True,True,True,1.0,verified
PROD-0263,1516885,Boise Cascade Building Materials,color,Slate Gray,manufacturer_pdf,https://www.boisecascadebuildingmaterials.com/docs/datasheets/1516885.pdf,"OFFICIAL MANUFACTURER TECHNICAL DATASHEET:
- Part Number: 1516885
- Manufacturer: Boise Cascade Building Materials
- Material Composition: PVC / Aluminum Oxide / High Speed Steel
- Product Dimensions: 1/2 in x 18 in
- Board Length: 12 ft
- Width Profile: 1x6
- Color / Finish: Slate Gray / White / Stainless Steel
- Edge Profile: Grooved
- Wattage Rating: 60W
- Color Temperature: 2700K
- Power Source: Electric
- Display Condition: New
- Package Quantity: 5 Pack",1,SPECIFICATIONS,1.0,True,True,True,True,1.0,verified
PROD-0263,1516885,Boise Cascade Building Materials,edge_profile,Grooved,manufacturer_pdf,https://www.boisecascadebuildingmaterials.com/docs/datasheets/1516885.pdf,"OFFICIAL MANUFACTURER TECHNICAL DATASHEET:
- Part Number: 1516885
- Manufacturer: Boise Cascade Building Materials
- Material Composition: PVC / Aluminum Oxide / High Speed Steel
- Product Dimensions: 1/2 in x 18 in
- Board Length: 12 ft
- Width Profile: 1x6
- Color / Finish: Slate Gray / White / Stainless Steel
- Edge Profile: Grooved
- Wattage Rating: 60W
- Color Temperature: 2700K
- Power Source: Electric
- Display Condition: New
- Package Quantity: 5 Pack",1,SPECIFICATIONS,1.0,True,True,True,True,1.0,verified
PROD-0263,1516885,Boise Cascade Building Materials,length,12 ft,manufacturer_pdf,https://www.boisecascadebuildingmaterials.com/docs/datasheets/1516885.pdf,"OFFICIAL MANUFACTURER TECHNICAL DATASHEET:
- Part Number: 1516885
- Manufacturer: Boise Cascade Building Materials
- Material Composition: PVC / Aluminum Oxide / High Speed Steel
- Product Dimensions: 1/2 in x 18 in
- Board Length: 12 ft
- Width Profile: 1x6
- Color / Finish: Slate Gray / White / Stainless Steel
- Edge Profile: Grooved
- Wattage Rating: 60W
- Color Temperature: 2700K
- Power Source: Electric
- Display Condition: New
- Package Quantity: 5 Pack",1,SPECIFICATIONS,1.0,True,True,True,True,1.0,verified
PROD-0263,1516885,Boise Cascade Building Materials,material,PVC,manufacturer_pdf,https://www.boisecascadebuildingmaterials.com/docs/datasheets/1516885.pdf,"OFFICIAL MANUFACTURER TECHNICAL DATASHEET:
- Part Number: 1516885
- Manufacturer: Boise Cascade Building Materials
- Material Composition: PVC / Aluminum Oxide / High Speed Steel
- Product Dimensions: 1/2 in x 18 in
- Board Length: 12 ft
- Width Profile: 1x6
- Color / Finish: Slate Gray / White / Stainless Steel
- Edge Profile: Grooved
- Wattage Rating: 60W
- Color Temperature: 2700K
- Power Source: Electric
- Display Condition: New
- Package Quantity: 5 Pack",1,SPECIFICATIONS,1.0,True,True,True,True,1.0,verified
PROD-0263,1516885,Boise Cascade Building Materials,width_profile,1x6,manufacturer_pdf,https://www.boisecascadebuildingmaterials.com/docs/datasheets/1516885.pdf,"OFFICIAL MANUFACTURER TECHNICAL DATASHEET:
- Part Number: 1516885
- Manufacturer: Boise Cascade Building Materials
- Material Composition: PVC / Aluminum Oxide / High Speed Steel
- Product Dimensions: 1/2 in x 18 in
- Board Length: 12 ft
- Width Profile: 1x6
- Color / Finish: Slate Gray / White / Stainless Steel
- Edge Profile: Grooved
- Wattage Rating: 60W
- Color Temperature: 2700K
- Power Source: Electric
- Display Condition: New
- Package Quantity: 5 Pack",1,SPECIFICATIONS,1.0,True,True,True,True,1.0,verified
PROD-0264,543005916,Boise Cascade Building Materials,color,Slate Gray,manufacturer_pdf,https://www.boisecascadebuildingmaterials.com/docs/datasheets/543005916.pdf,"OFFICIAL MANUFACTURER TECHNICAL DATASHEET:
- Part Number: 543005916
- Manufacturer: Boise Cascade Building Materials
- Material Composition: PVC / Aluminum Oxide / High Speed Steel
- Product Dimensions: 1/2 in x 18 in
- Board Length: 12 ft
- Width Profile: 1x6
- Color / Finish: Slate Gray / White / Stainless Steel
- Edge Profile: Grooved
- Wattage Rating: 60W
- Color Temperature: 2700K
- Power Source: Electric
- Display Condition: New
- Package Quantity: 5 Pack",1,SPECIFICATIONS,1.0,True,True,True,True,1.0,verified
PROD-0264,543005916,Boise Cascade Building Materials,edge_profile,Grooved,manufacturer_pdf,https://www.boisecascadebuildingmaterials.com/docs/datasheets/543005916.pdf,"OFFICIAL MANUFACTURER TECHNICAL DATASHEET:
- Part Number: 543005916
- Manufacturer: Boise Cascade Building Materials
- Material Composition: PVC / Aluminum Oxide / High Speed Steel
- Product Dimensions: 1/2 in x 18 in
- Board Length: 12 ft
- Width Profile: 1x6
- Color / Finish: Slate Gray / White / Stainless Steel
- Edge Profile: Grooved
- Wattage Rating: 60W
- Color Temperature: 2700K
- Power Source: Electric
- Display Condition: New
- Package Quantity: 5 Pack",1,SPECIFICATIONS,1.0,True,True,True,True,1.0,verified
PROD-0264,543005916,Boise Cascade Building Materials,length,12 ft,manufacturer_pdf,https://www.boisecascadebuildingmaterials.com/docs/datasheets/543005916.pdf,"OFFICIAL MANUFACTURER TECHNICAL DATASHEET:
- Part Number: 543005916
- Manufacturer: Boise Cascade Building Materials
- Material Composition: PVC / Aluminum Oxide / High Speed Steel
- Product Dimensions: 1/2 in x 18 in
- Board Length: 12 ft
- Width Profile: 1x6
- Color / Finish: Slate Gray / White / Stainless Steel
- Edge Profile: Grooved
- Wattage Rating: 60W
- Color Temperature: 2700K
- Power Source: Electric
- Display Condition: New
- Package Quantity: 5 Pack",1,SPECIFICATIONS,1.0,True,True,True,True,1.0,verified
PROD-0264,543005916,Boise Cascade Building Materials,material,PVC,manufacturer_pdf,https://www.boisecascadebuildingmaterials.com/docs/datasheets/543005916.pdf,"OFFICIAL MANUFACTURER TECHNICAL DATASHEET:
- Part Number: 543005916
- Manufacturer: Boise Cascade Building Materials
- Material Composition: PVC / Aluminum Oxide / High Speed Steel
- Product Dimensions: 1/2 in x 18 in
- Board Length: 12 ft
- Width Profile: 1x6
- Color / Finish: Slate Gray / White / Stainless Steel
- Edge Profile: Grooved
- Wattage Rating: 60W
- Color Temperature: 2700K
- Power Source: Electric
- Display Condition: New
- Package Quantity: 5 Pack",1,SPECIFICATIONS,1.0,True,True,True,True,1.0,verified
PROD-0264,543005916,Boise Cascade Building Materials,width_profile,1x6,manufacturer_pdf,https://www.boisecascadebuildingmaterials.com/docs/datasheets/543005916.pdf,"OFFICIAL MANUFACTURER TECHNICAL DATASHEET:
- Part Number: 543005916
- Manufacturer: Boise Cascade Building Materials
- Material Composition: PVC / Aluminum Oxide / High Speed Steel
- Product Dimensions: 1/2 in x 18 in
- Board Length: 12 ft
- Width Profile: 1x6
- Color / Finish: Slate Gray / White / Stainless Steel
- Edge Profile: Grooved
- Wattage Rating: 60W
- Color Temperature: 2700K
- Power Source: Electric
- Display Condition: New
- Package Quantity: 5 Pack",1,SPECIFICATIONS,1.0,True,True,True,True,1.0,verified
PROD-0265,1516902,Boise Cascade Building Materials,color,Slate Gray,manufacturer_pdf,https://www.boisecascadebuildingmaterials.com/docs/datasheets/1516902.pdf,"OFFICIAL MANUFACTURER TECHNICAL DATASHEET:
- Part Number: 1516902
- Manufacturer: Boise Cascade Building Materials
- Material Composition: PVC / Aluminum Oxide / High Speed Steel
- Product Dimensions: 1/2 in x 18 in
- Board Length: 12 ft
- Width Profile: 1x6
- Color / Finish: Slate Gray / White / Stainless Steel
- Edge Profile: Grooved
- Wattage Rating: 60W
- Color Temperature: 2700K
- Power Source: Electric
- Display Condition: New
- Package Quantity: 5 Pack",1,SPECIFICATIONS,1.0,True,True,True,True,1.0,verified
PROD-0265,1516902,Boise Cascade Building Materials,edge_profile,Grooved,manufacturer_pdf,https://www.boisecascadebuildingmaterials.com/docs/datasheets/1516902.pdf,"OFFICIAL MANUFACTURER TECHNICAL DATASHEET:
- Part Number: 1516902
- Manufacturer: Boise Cascade Building Materials
- Material Composition: PVC / Aluminum Oxide / High Speed Steel
- Product Dimensions: 1/2 in x 18 in
- Board Length: 12 ft
- Width Profile: 1x6
- Color / Finish: Slate Gray / White / Stainless Steel
- Edge Profile: Grooved
- Wattage Rating: 60W
- Color Temperature: 2700K
- Power Source: Electric
- Display Condition: New
- Package Quantity: 5 Pack",1,SPECIFICATIONS,1.0,True,True,True,True,1.0,verified
PROD-0265,1516902,Boise Cascade Building Materials,length,12 ft,manufacturer_pdf,https://www.boisecascadebuildingmaterials.com/docs/datasheets/1516902.pdf,"OFFICIAL MANUFACTURER TECHNICAL DATASHEET:
- Part Number: 1516902
- Manufacturer: Boise Cascade Building Materials
- Material Composition: PVC / Aluminum Oxide / High Speed Steel
- Product Dimensions: 1/2 in x 18 in
- Board Length: 12 ft
- Width Profile: 1x6
- Color / Finish: Slate Gray / White / Stainless Steel
- Edge Profile: Grooved
- Wattage Rating: 60W
- Color Temperature: 2700K
- Power Source: Electric
- Display Condition: New
- Package Quantity: 5 Pack",1,SPECIFICATIONS,1.0,True,True,True,True,1.0,verified
PROD-0265,1516902,Boise Cascade Building Materials,material,PVC,manufacturer_pdf,https://www.boisecascadebuildingmaterials.com/docs/datasheets/1516902.pdf,"OFFICIAL MANUFACTURER TECHNICAL DATASHEET:
- Part Number: 1516902
- Manufacturer: Boise Cascade Building Materials
- Material Composition: PVC / Aluminum Oxide / High Speed Steel
- Product Dimensions: 1/2 in x 18 in
- Board Length: 12 ft
- Width Profile: 1x6
- Color / Finish: Slate Gray / White / Stainless Steel
- Edge Profile: Grooved
- Wattage Rating: 60W
- Color Temperature: 2700K
- Power Source: Electric
- Display Condition: New
- Package Quantity: 5 Pack",1,SPECIFICATIONS,1.0,True,True,True,True,1.0,verified
PROD-0265,1516902,Boise Cascade Building Materials,width_profile,1x6,manufacturer_pdf,https://www.boisecascadebuildingmaterials.com/docs/datasheets/1516902.pdf,"OFFICIAL MANUFACTURER TECHNICAL DATASHEET:
- Part Number: 1516902
- Manufacturer: Boise Cascade Building Materials
- Material Composition: PVC / Aluminum Oxide / High Speed Steel
- Product Dimensions: 1/2 in x 18 in
- Board Length: 12 ft
- Width Profile: 1x6
- Color / Finish: Slate Gray / White / Stainless Steel
- Edge Profile: Grooved
- Wattage Rating: 60W
- Color Temperature: 2700K
- Power Source: Electric
- Display Condition: New
- Package Quantity: 5 Pack",1,SPECIFICATIONS,1.0,True,True,True,True,1.0,verified
PROD-0266,543007916,Boise Cascade Building Materials,color,Slate Gray,manufacturer_pdf,https://www.boisecascadebuildingmaterials.com/docs/datasheets/543007916.pdf,"OFFICIAL MANUFACTURER TECHNICAL DATASHEET:
- Part Number: 543007916
- Manufacturer: Boise Cascade Building Materials
- Material Composition: PVC / Aluminum Oxide / High Speed Steel
- Product Dimensions: 1/2 in x 18 in
- Board Length: 12 ft
- Width Profile: 1x6
- Color / Finish: Slate Gray / White / Stainless Steel
- Edge Profile: Grooved
- Wattage Rating: 60W
- Color Temperature: 2700K
- Power Source: Electric
- Display Condition: New
- Package Quantity: 5 Pack",1,SPECIFICATIONS,1.0,True,True,True,True,1.0,verified
PROD-0266,543007916,Boise Cascade Building Materials,edge_profile,Grooved,manufacturer_pdf,https://www.boisecascadebuildingmaterials.com/docs/datasheets/543007916.pdf,"OFFICIAL MANUFACTURER TECHNICAL DATASHEET:
- Part Number: 543007916
- Manufacturer: Boise Cascade Building Materials
- Material Composition: PVC / Aluminum Oxide / High Speed Steel
- Product Dimensions: 1/2 in x 18 in
- Board Length: 12 ft
- Width Profile: 1x6
- Color / Finish: Slate Gray / White / Stainless Steel
- Edge Profile: Grooved
- Wattage Rating: 60W
- Color Temperature: 2700K
- Power Source: Electric
- Display Condition: New
- Package Quantity: 5 Pack",1,SPECIFICATIONS,1.0,True,True,True,True,1.0,verified
PROD-0266,543007916,Boise Cascade Building Materials,length,12 ft,manufacturer_pdf,https://www.boisecascadebuildingmaterials.com/docs/datasheets/543007916.pdf,"OFFICIAL MANUFACTURER TECHNICAL DATASHEET:
- Part Number: 543007916
- Manufacturer: Boise Cascade Building Materials
- Material Composition: PVC / Aluminum Oxide / High Speed Steel
- Product Dimensions: 1/2 in x 18 in
- Board Length: 12 ft
- Width Profile: 1x6
- Color / Finish: Slate Gray / White / Stainless Steel
- Edge Profile: Grooved
- Wattage Rating: 60W
- Color Temperature: 2700K
- Power Source: Electric
- Display Condition: New
- Package Quantity: 5 Pack",1,SPECIFICATIONS,1.0,True,True,True,True,1.0,verified
PROD-0266,543007916,Boise Cascade Building Materials,material,PVC,manufacturer_pdf,https://www.boisecascadebuildingmaterials.com/docs/datasheets/543007916.pdf,"OFFICIAL MANUFACTURER TECHNICAL DATASHEET:
- Part Number: 543007916
- Manufacturer: Boise Cascade Building Materials
- Material Composition: PVC / Aluminum Oxide / High Speed Steel
- Product Dimensions: 1/2 in x 18 in
- Board Length: 12 ft
- Width Profile: 1x6
- Color / Finish: Slate Gray / White / Stainless Steel
- Edge Profile: Grooved
- Wattage Rating: 60W
- Color Temperature: 2700K
- Power Source: Electric
- Display Condition: New
- Package Quantity: 5 Pack",1,SPECIFICATIONS,1.0,True,True,True,True,1.0,verified
PROD-0266,543007916,Boise Cascade Building Materials,width_profile,1x6,manufacturer_pdf,https://www.boisecascadebuildingmaterials.com/docs/datasheets/543007916.pdf,"OFFICIAL MANUFACTURER TECHNICAL DATASHEET:
- Part Number: 543007916
- Manufacturer: Boise Cascade Building Materials
- Material Composition: PVC / Aluminum Oxide / High Speed Steel
- Product Dimensions: 1/2 in x 18 in
- Board Length: 12 ft
- Width Profile: 1x6
- Color / Finish: Slate Gray / White / Stainless Steel
- Edge Profile: Grooved
- Wattage Rating: 60W
- Color Temperature: 2700K
- Power Source: Electric
- Display Condition: New
- Package Quantity: 5 Pack",1,SPECIFICATIONS,1.0,True,True,True,True,1.0,verified
PROD-0267,543005936,Boise Cascade Building Materials,color,Slate Gray,manufacturer_pdf,https://www.boisecascadebuildingmaterials.com/docs/datasheets/543005936.pdf,"OFFICIAL MANUFACTURER TECHNICAL DATASHEET:
- Part Number: 543005936
- Manufacturer: Boise Cascade Building Materials
- Material Composition: PVC / Aluminum Oxide / High Speed Steel
- Product Dimensions: 1/2 in x 18 in
- Board Length: 12 ft
- Width Profile: 1x6
- Color / Finish: Slate Gray / White / Stainless Steel
- Edge Profile: Grooved
- Wattage Rating: 60W
- Color Temperature: 2700K
- Power Source: Electric
- Display Condition: New
- Package Quantity: 5 Pack",1,SPECIFICATIONS,1.0,True,True,True,True,1.0,verified
PROD-0267,543005936,Boise Cascade Building Materials,edge_profile,Grooved,manufacturer_pdf,https://www.boisecascadebuildingmaterials.com/docs/datasheets/543005936.pdf,"OFFICIAL MANUFACTURER TECHNICAL DATASHEET:
- Part Number: 543005936
- Manufacturer: Boise Cascade Building Materials
- Material Composition: PVC / Aluminum Oxide / High Speed Steel
- Product Dimensions: 1/2 in x 18 in
- Board Length: 12 ft
- Width Profile: 1x6
- Color / Finish: Slate Gray / White / Stainless Steel
- Edge Profile: Grooved
- Wattage Rating: 60W
- Color Temperature: 2700K
- Power Source: Electric
- Display Condition: New
- Package Quantity: 5 Pack",1,SPECIFICATIONS,1.0,True,True,True,True,1.0,verified
PROD-0267,543005936,Boise Cascade Building Materials,length,12 ft,manufacturer_pdf,https://www.boisecascadebuildingmaterials.com/docs/datasheets/543005936.pdf,"OFFICIAL MANUFACTURER TECHNICAL DATASHEET:
- Part Number: 543005936
- Manufacturer: Boise Cascade Building Materials
- Material Composition: PVC / Aluminum Oxide / High Speed Steel
- Product Dimensions: 1/2 in x 18 in
- Board Length: 12 ft
- Width Profile: 1x6
- Color / Finish: Slate Gray / White / Stainless Steel
- Edge Profile: Grooved
- Wattage Rating: 60W
- Color Temperature: 2700K
- Power Source: Electric
- Display Condition: New
- Package Quantity: 5 Pack",1,SPECIFICATIONS,1.0,True,True,True,True,1.0,verified
PROD-0267,543005936,Boise Cascade Building Materials,material,PVC,manufacturer_pdf,https://www.boisecascadebuildingmaterials.com/docs/datasheets/543005936.pdf,"OFFICIAL MANUFACTURER TECHNICAL DATASHEET:
- Part Number: 543005936
- Manufacturer: Boise Cascade Building Materials
- Material Composition: PVC / Aluminum Oxide / High Speed Steel
- Product Dimensions: 1/2 in x 18 in
- Board Length: 12 ft
- Width Profile: 1x6
- Color / Finish: Slate Gray / White / Stainless Steel
- Edge Profile: Grooved
- Wattage Rating: 60W
- Color Temperature: 2700K
- Power Source: Electric
- Display Condition: New
- Package Quantity: 5 Pack",1,SPECIFICATIONS,1.0,True,True,True,True,1.0,verified
PROD-0267,543005936,Boise Cascade Building Materials,width_profile,1x6,manufacturer_pdf,https://www.boisecascadebuildingmaterials.com/docs/datasheets/543005936.pdf,"OFFICIAL MANUFACTURER TECHNICAL DATASHEET:
- Part Number: 543005936
- Manufacturer: Boise Cascade Building Materials
- Material Composition: PVC / Aluminum Oxide / High Speed Steel
- Product Dimensions: 1/2 in x 18 in
- Board Length: 12 ft
- Width Profile: 1x6
- Color / Finish: Slate Gray / White / Stainless Steel
- Edge Profile: Grooved
- Wattage Rating: 60W
- Color Temperature: 2700K
- Power Source: Electric
- Display Condition: New
- Package Quantity: 5 Pack",1,SPECIFICATIONS,1.0,True,True,True,True,1.0,verified
PROD-0268,1516905,Boise Cascade Building Materials,color,Slate Gray,manufacturer_pdf,https://www.boisecascadebuildingmaterials.com/docs/datasheets/1516905.pdf,"OFFICIAL MANUFACTURER TECHNICAL DATASHEET:
- Part Number: 1516905
- Manufacturer: Boise Cascade Building Materials
- Material Composition: PVC / Aluminum Oxide / High Speed Steel
- Product Dimensions: 1/2 in x 18 in
- Board Length: 12 ft
- Width Profile: 1x6
- Color / Finish: Slate Gray / White / Stainless Steel
- Edge Profile: Grooved
- Wattage Rating: 60W
- Color Temperature: 2700K
- Power Source: Electric
- Display Condition: New
- Package Quantity: 5 Pack",1,SPECIFICATIONS,1.0,True,True,True,True,1.0,verified
PROD-0268,1516905,Boise Cascade Building Materials,edge_profile,Grooved,manufacturer_pdf,https://www.boisecascadebuildingmaterials.com/docs/datasheets/1516905.pdf,"OFFICIAL MANUFACTURER TECHNICAL DATASHEET:
- Part Number: 1516905
- Manufacturer: Boise Cascade Building Materials
- Material Composition: PVC / Aluminum Oxide / High Speed Steel
- Product Dimensions: 1/2 in x 18 in
- Board Length: 12 ft
- Width Profile: 1x6
- Color / Finish: Slate Gray / White / Stainless Steel
- Edge Profile: Grooved
- Wattage Rating: 60W
- Color Temperature: 2700K
- Power Source: Electric
- Display Condition: New
- Package Quantity: 5 Pack",1,SPECIFICATIONS,1.0,True,True,True,True,1.0,verified
PROD-0268,1516905,Boise Cascade Building Materials,length,12 ft,manufacturer_pdf,https://www.boisecascadebuildingmaterials.com/docs/datasheets/1516905.pdf,"OFFICIAL MANUFACTURER TECHNICAL DATASHEET:
- Part Number: 1516905
- Manufacturer: Boise Cascade Building Materials
- Material Composition: PVC / Aluminum Oxide / High Speed Steel
- Product Dimensions: 1/2 in x 18 in
- Board Length: 12 ft
- Width Profile: 1x6
- Color / Finish: Slate Gray / White / Stainless Steel
- Edge Profile: Grooved
- Wattage Rating: 60W
- Color Temperature: 2700K
- Power Source: Electric
- Display Condition: New
- Package Quantity: 5 Pack",1,SPECIFICATIONS,1.0,True,True,True,True,1.0,verified
PROD-0268,1516905,Boise Cascade Building Materials,material,PVC,manufacturer_pdf,https://www.boisecascadebuildingmaterials.com/docs/datasheets/1516905.pdf,"OFFICIAL MANUFACTURER TECHNICAL DATASHEET:
- Part Number: 1516905
- Manufacturer: Boise Cascade Building Materials
- Material Composition: PVC / Aluminum Oxide / High Speed Steel
- Product Dimensions: 1/2 in x 18 in
- Board Length: 12 ft
- Width Profile: 1x6
- Color / Finish: Slate Gray / White / Stainless Steel
- Edge Profile: Grooved
- Wattage Rating: 60W
- Color Temperature: 2700K
- Power Source: Electric
- Display Condition: New
- Package Quantity: 5 Pack",1,SPECIFICATIONS,1.0,True,True,True,True,1.0,verified
PROD-0268,1516905,Boise Cascade Building Materials,width_profile,1x6,manufacturer_pdf,https://www.boisecascadebuildingmaterials.com/docs/datasheets/1516905.pdf,"OFFICIAL MANUFACTURER TECHNICAL DATASHEET:
- Part Number: 1516905
- Manufacturer: Boise Cascade Building Materials
- Material Composition: PVC / Aluminum Oxide / High Speed Steel
- Product Dimensions: 1/2 in x 18 in
- Board Length: 12 ft
- Width Profile: 1x6
- Color / Finish: Slate Gray / White / Stainless Steel
- Edge Profile: Grooved
- Wattage Rating: 60W
- Color Temperature: 2700K
- Power Source: Electric
- Display Condition: New
- Package Quantity: 5 Pack",1,SPECIFICATIONS,1.0,True,True,True,True,1.0,verified
PROD-0269,543007936,Boise Cascade Building Materials,color,Slate Gray,manufacturer_pdf,https://www.boisecascadebuildingmaterials.com/docs/datasheets/543007936.pdf,"OFFICIAL MANUFACTURER TECHNICAL DATASHEET:
- Part Number: 543007936
- Manufacturer: Boise Cascade Building Materials
- Material Composition: PVC / Aluminum Oxide / High Speed Steel
- Product Dimensions: 1/2 in x 18 in
- Board Length: 12 ft
- Width Profile: 1x6
- Color / Finish: Slate Gray / White / Stainless Steel
- Edge Profile: Grooved
- Wattage Rating: 60W
- Color Temperature: 2700K
- Power Source: Electric
- Display Condition: New
- Package Quantity: 5 Pack",1,SPECIFICATIONS,1.0,True,True,True,True,1.0,verified
PROD-0269,543007936,Boise Cascade Building Materials,edge_profile,Grooved,manufacturer_pdf,https://www.boisecascadebuildingmaterials.com/docs/datasheets/543007936.pdf,"OFFICIAL MANUFACTURER TECHNICAL DATASHEET:
- Part Number: 543007936
- Manufacturer: Boise Cascade Building Materials
- Material Composition: PVC / Aluminum Oxide / High Speed Steel
- Product Dimensions: 1/2 in x 18 in
- Board Length: 12 ft
- Width Profile: 1x6
- Color / Finish: Slate Gray / White / Stainless Steel
- Edge Profile: Grooved
- Wattage Rating: 60W
- Color Temperature: 2700K
- Power Source: Electric
- Display Condition: New
- Package Quantity: 5 Pack",1,SPECIFICATIONS,1.0,True,True,True,True,1.0,verified
PROD-0269,543007936,Boise Cascade Building Materials,length,12 ft,manufacturer_pdf,https://www.boisecascadebuildingmaterials.com/docs/datasheets/543007936.pdf,"OFFICIAL MANUFACTURER TECHNICAL DATASHEET:
- Part Number: 543007936
- Manufacturer: Boise Cascade Building Materials
- Material Composition: PVC / Aluminum Oxide / High Speed Steel
- Product Dimensions: 1/2 in x 18 in
- Board Length: 12 ft
- Width Profile: 1x6
- Color / Finish: Slate Gray / White / Stainless Steel
- Edge Profile: Grooved
- Wattage Rating: 60W
- Color Temperature: 2700K
- Power Source: Electric
- Display Condition: New
- Package Quantity: 5 Pack",1,SPECIFICATIONS,1.0,True,True,True,True,1.0,verified
PROD-0269,543007936,Boise Cascade Building Materials,material,PVC,manufacturer_pdf,https://www.boisecascadebuildingmaterials.com/docs/datasheets/543007936.pdf,"OFFICIAL MANUFACTURER TECHNICAL DATASHEET:
- Part Number: 543007936
- Manufacturer: Boise Cascade Building Materials
- Material Composition: PVC / Aluminum Oxide / High Speed Steel
- Product Dimensions: 1/2 in x 18 in
- Board Length: 12 ft
- Width Profile: 1x6
- Color / Finish: Slate Gray / White / Stainless Steel
- Edge Profile: Grooved
- Wattage Rating: 60W
- Color Temperature: 2700K
- Power Source: Electric
- Display Condition: New
- Package Quantity: 5 Pack",1,SPECIFICATIONS,1.0,True,True,True,True,1.0,verified
PROD-0269,543007936,Boise Cascade Building Materials,width_profile,1x6,manufacturer_pdf,https://www.boisecascadebuildingmaterials.com/docs/datasheets/543007936.pdf,"OFFICIAL MANUFACTURER TECHNICAL DATASHEET:
- Part Number: 543007936
- Manufacturer: Boise Cascade Building Materials
- Material Composition: PVC / Aluminum Oxide / High Speed Steel
- Product Dimensions: 1/2 in x 18 in
- Board Length: 12 ft
- Width Profile: 1x6
- Color / Finish: Slate Gray / White / Stainless Steel
- Edge Profile: Grooved
- Wattage Rating: 60W
- Color Temperature: 2700K
- Power Source: Electric
- Display Condition: New
- Package Quantity: 5 Pack",1,SPECIFICATIONS,1.0,True,True,True,True,1.0,verified
PROD-0270,543144908,U S Lumber,color,Slate Gray,manufacturer_pdf,https://www.uslumber.com/docs/datasheets/543144908.pdf,"OFFICIAL MANUFACTURER TECHNICAL DATASHEET:
- Part Number: 543144908
- Manufacturer: U S Lumber
- Material Composition: PVC / Aluminum Oxide / High Speed Steel
- Product Dimensions: 1/2 in x 18 in
- Board Length: 12 ft
- Width Profile: 1x6
- Color / Finish: Slate Gray / White / Stainless Steel
- Edge Profile: Grooved
- Wattage Rating: 60W
- Color Temperature: 2700K
- Power Source: Electric
- Display Condition: New
- Package Quantity: 5 Pack",1,SPECIFICATIONS,1.0,True,True,True,True,1.0,verified
PROD-0270,543144908,U S Lumber,edge_profile,Grooved,manufacturer_pdf,https://www.uslumber.com/docs/datasheets/543144908.pdf,"OFFICIAL MANUFACTURER TECHNICAL DATASHEET:
- Part Number: 543144908
- Manufacturer: U S Lumber
- Material Composition: PVC / Aluminum Oxide / High Speed Steel
- Product Dimensions: 1/2 in x 18 in
- Board Length: 12 ft
- Width Profile: 1x6
- Color / Finish: Slate Gray / White / Stainless Steel
- Edge Profile: Grooved
- Wattage Rating: 60W
- Color Temperature: 2700K
- Power Source: Electric
- Display Condition: New
- Package Quantity: 5 Pack",1,SPECIFICATIONS,1.0,True,True,True,True,1.0,verified
PROD-0270,543144908,U S Lumber,length,12 ft,manufacturer_pdf,https://www.uslumber.com/docs/datasheets/543144908.pdf,"OFFICIAL MANUFACTURER TECHNICAL DATASHEET:
- Part Number: 543144908
- Manufacturer: U S Lumber
- Material Composition: PVC / Aluminum Oxide / High Speed Steel
- Product Dimensions: 1/2 in x 18 in
- Board Length: 12 ft
- Width Profile: 1x6
- Color / Finish: Slate Gray / White / Stainless Steel
- Edge Profile: Grooved
- Wattage Rating: 60W
- Color Temperature: 2700K
- Power Source: Electric
- Display Condition: New
- Package Quantity: 5 Pack",1,SPECIFICATIONS,1.0,True,True,True,True,1.0,verified
PROD-0270,543144908,U S Lumber,material,PVC,manufacturer_pdf,https://www.uslumber.com/docs/datasheets/543144908.pdf,"OFFICIAL MANUFACTURER TECHNICAL DATASHEET:
- Part Number: 543144908
- Manufacturer: U S Lumber
- Material Composition: PVC / Aluminum Oxide / High Speed Steel
- Product Dimensions: 1/2 in x 18 in
- Board Length: 12 ft
- Width Profile: 1x6
- Color / Finish: Slate Gray / White / Stainless Steel
- Edge Profile: Grooved
- Wattage Rating: 60W
- Color Temperature: 2700K
- Power Source: Electric
- Display Condition: New
- Package Quantity: 5 Pack",1,SPECIFICATIONS,1.0,True,True,True,True,1.0,verified
PROD-0270,543144908,U S Lumber,width_profile,1x6,manufacturer_pdf,https://www.uslumber.com/docs/datasheets/543144908.pdf,"OFFICIAL MANUFACTURER TECHNICAL DATASHEET:
- Part Number: 543144908
- Manufacturer: U S Lumber
- Material Composition: PVC / Aluminum Oxide / High Speed Steel
- Product Dimensions: 1/2 in x 18 in
- Board Length: 12 ft
- Width Profile: 1x6
- Color / Finish: Slate Gray / White / Stainless Steel
- Edge Profile: Grooved
- Wattage Rating: 60W
- Color Temperature: 2700K
- Power Source: Electric
- Display Condition: New
- Package Quantity: 5 Pack",1,SPECIFICATIONS,1.0,True,True,True,True,1.0,verified
PROD-0271,543141908,U S Lumber,color,Slate Gray,manufacturer_pdf,https://www.uslumber.com/docs/datasheets/543141908.pdf,"OFFICIAL MANUFACTURER TECHNICAL DATASHEET:
- Part Number: 543141908
- Manufacturer: U S Lumber
- Material Composition: PVC / Aluminum Oxide / High Speed Steel
- Product Dimensions: 1/2 in x 18 in
- Board Length: 12 ft
- Width Profile: 1x6
- Color / Finish: Slate Gray / White / Stainless Steel
- Edge Profile: Grooved
- Wattage Rating: 60W
- Color Temperature: 2700K
- Power Source: Electric
- Display Condition: New
- Package Quantity: 5 Pack",1,SPECIFICATIONS,1.0,True,True,True,True,1.0,verified
PROD-0271,543141908,U S Lumber,edge_profile,Grooved,manufacturer_pdf,https://www.uslumber.com/docs/datasheets/543141908.pdf,"OFFICIAL MANUFACTURER TECHNICAL DATASHEET:
- Part Number: 543141908
- Manufacturer: U S Lumber
- Material Composition: PVC / Aluminum Oxide / High Speed Steel
- Product Dimensions: 1/2 in x 18 in
- Board Length: 12 ft
- Width Profile: 1x6
- Color / Finish: Slate Gray / White / Stainless Steel
- Edge Profile: Grooved
- Wattage Rating: 60W
- Color Temperature: 2700K
- Power Source: Electric
- Display Condition: New
- Package Quantity: 5 Pack",1,SPECIFICATIONS,1.0,True,True,True,True,1.0,verified
PROD-0271,543141908,U S Lumber,length,12 ft,manufacturer_pdf,https://www.uslumber.com/docs/datasheets/543141908.pdf,"OFFICIAL MANUFACTURER TECHNICAL DATASHEET:
- Part Number: 543141908
- Manufacturer: U S Lumber
- Material Composition: PVC / Aluminum Oxide / High Speed Steel
- Product Dimensions: 1/2 in x 18 in
- Board Length: 12 ft
- Width Profile: 1x6
- Color / Finish: Slate Gray / White / Stainless Steel
- Edge Profile: Grooved
- Wattage Rating: 60W
- Color Temperature: 2700K
- Power Source: Electric
- Display Condition: New
- Package Quantity: 5 Pack",1,SPECIFICATIONS,1.0,True,True,True,True,1.0,verified
PROD-0271,543141908,U S Lumber,material,PVC,manufacturer_pdf,https://www.uslumber.com/docs/datasheets/543141908.pdf,"OFFICIAL MANUFACTURER TECHNICAL DATASHEET:
- Part Number: 543141908
- Manufacturer: U S Lumber
- Material Composition: PVC / Aluminum Oxide / High Speed Steel
- Product Dimensions: 1/2 in x 18 in
- Board Length: 12 ft
- Width Profile: 1x6
- Color / Finish: Slate Gray / White / Stainless Steel
- Edge Profile: Grooved
- Wattage Rating: 60W
- Color Temperature: 2700K
- Power Source: Electric
- Display Condition: New
- Package Quantity: 5 Pack",1,SPECIFICATIONS,1.0,True,True,True,True,1.0,verified
PROD-0271,543141908,U S Lumber,width_profile,1x6,manufacturer_pdf,https://www.uslumber.com/docs/datasheets/543141908.pdf,"OFFICIAL MANUFACTURER TECHNICAL DATASHEET:
- Part Number: 543141908
- Manufacturer: U S Lumber
- Material Composition: PVC / Aluminum Oxide / High Speed Steel
- Product Dimensions: 1/2 in x 18 in
- Board Length: 12 ft
- Width Profile: 1x6
- Color / Finish: Slate Gray / White / Stainless Steel
- Edge Profile: Grooved
- Wattage Rating: 60W
- Color Temperature: 2700K
- Power Source: Electric
- Display Condition: New
- Package Quantity: 5 Pack",1,SPECIFICATIONS,1.0,True,True,True,True,1.0,verified
PROD-0272,543144912,U S Lumber,color,Slate Gray,manufacturer_pdf,https://www.uslumber.com/docs/datasheets/543144912.pdf,"OFFICIAL MANUFACTURER TECHNICAL DATASHEET:
- Part Number: 543144912
- Manufacturer: U S Lumber
- Material Composition: PVC / Aluminum Oxide / High Speed Steel
- Product Dimensions: 1/2 in x 18 in
- Board Length: 12 ft
- Width Profile: 1x6
- Color / Finish: Slate Gray / White / Stainless Steel
- Edge Profile: Grooved
- Wattage Rating: 60W
- Color Temperature: 2700K
- Power Source: Electric
- Display Condition: New
- Package Quantity: 5 Pack",1,SPECIFICATIONS,1.0,True,True,True,True,1.0,verified
PROD-0272,543144912,U S Lumber,edge_profile,Grooved,manufacturer_pdf,https://www.uslumber.com/docs/datasheets/543144912.pdf,"OFFICIAL MANUFACTURER TECHNICAL DATASHEET:
- Part Number: 543144912
- Manufacturer: U S Lumber
- Material Composition: PVC / Aluminum Oxide / High Speed Steel
- Product Dimensions: 1/2 in x 18 in
- Board Length: 12 ft
- Width Profile: 1x6
- Color / Finish: Slate Gray / White / Stainless Steel
- Edge Profile: Grooved
- Wattage Rating: 60W
- Color Temperature: 2700K
- Power Source: Electric
- Display Condition: New
- Package Quantity: 5 Pack",1,SPECIFICATIONS,1.0,True,True,True,True,1.0,verified
PROD-0272,543144912,U S Lumber,length,12 ft,manufacturer_pdf,https://www.uslumber.com/docs/datasheets/543144912.pdf,"OFFICIAL MANUFACTURER TECHNICAL DATASHEET:
- Part Number: 543144912
- Manufacturer: U S Lumber
- Material Composition: PVC / Aluminum Oxide / High Speed Steel
- Product Dimensions: 1/2 in x 18 in
- Board Length: 12 ft
- Width Profile: 1x6
- Color / Finish: Slate Gray / White / Stainless Steel
- Edge Profile: Grooved
- Wattage Rating: 60W
- Color Temperature: 2700K
- Power Source: Electric
- Display Condition: New
- Package Quantity: 5 Pack",1,SPECIFICATIONS,1.0,True,True,True,True,1.0,verified
PROD-0272,543144912,U S Lumber,material,PVC,manufacturer_pdf,https://www.uslumber.com/docs/datasheets/543144912.pdf,"OFFICIAL MANUFACTURER TECHNICAL DATASHEET:
- Part Number: 543144912
- Manufacturer: U S Lumber
- Material Composition: PVC / Aluminum Oxide / High Speed Steel
- Product Dimensions: 1/2 in x 18 in
- Board Length: 12 ft
- Width Profile: 1x6
- Color / Finish: Slate Gray / White / Stainless Steel
- Edge Profile: Grooved
- Wattage Rating: 60W
- Color Temperature: 2700K
- Power Source: Electric
- Display Condition: New
- Package Quantity: 5 Pack",1,SPECIFICATIONS,1.0,True,True,True,True,1.0,verified
PROD-0272,543144912,U S Lumber,width_profile,1x6,manufacturer_pdf,https://www.uslumber.com/docs/datasheets/543144912.pdf,"OFFICIAL MANUFACTURER TECHNICAL DATASHEET:
- Part Number: 543144912
- Manufacturer: U S Lumber
- Material Composition: PVC / Aluminum Oxide / High Speed Steel
- Product Dimensions: 1/2 in x 18 in
- Board Length: 12 ft
- Width Profile: 1x6
- Color / Finish: Slate Gray / White / Stainless Steel
- Edge Profile: Grooved
- Wattage Rating: 60W
- Color Temperature: 2700K
- Power Source: Electric
- Display Condition: New
- Package Quantity: 5 Pack",1,SPECIFICATIONS,1.0,True,True,True,True,1.0,verified
PROD-0273,543141912,U S Lumber,color,Slate Gray,manufacturer_pdf,https://www.uslumber.com/docs/datasheets/543141912.pdf,"OFFICIAL MANUFACTURER TECHNICAL DATASHEET:
- Part Number: 543141912
- Manufacturer: U S Lumber
- Material Composition: PVC / Aluminum Oxide / High Speed Steel
- Product Dimensions: 1/2 in x 18 in
- Board Length: 12 ft
- Width Profile: 1x6
- Color / Finish: Slate Gray / White / Stainless Steel
- Edge Profile: Grooved
- Wattage Rating: 60W
- Color Temperature: 2700K
- Power Source: Electric
- Display Condition: New
- Package Quantity: 5 Pack",1,SPECIFICATIONS,1.0,True,True,True,True,1.0,verified
PROD-0273,543141912,U S Lumber,edge_profile,Grooved,manufacturer_pdf,https://www.uslumber.com/docs/datasheets/543141912.pdf,"OFFICIAL MANUFACTURER TECHNICAL DATASHEET:
- Part Number: 543141912
- Manufacturer: U S Lumber
- Material Composition: PVC / Aluminum Oxide / High Speed Steel
- Product Dimensions: 1/2 in x 18 in
- Board Length: 12 ft
- Width Profile: 1x6
- Color / Finish: Slate Gray / White / Stainless Steel
- Edge Profile: Grooved
- Wattage Rating: 60W
- Color Temperature: 2700K
- Power Source: Electric
- Display Condition: New
- Package Quantity: 5 Pack",1,SPECIFICATIONS,1.0,True,True,True,True,1.0,verified
PROD-0273,543141912,U S Lumber,length,12 ft,manufacturer_pdf,https://www.uslumber.com/docs/datasheets/543141912.pdf,"OFFICIAL MANUFACTURER TECHNICAL DATASHEET:
- Part Number: 543141912
- Manufacturer: U S Lumber
- Material Composition: PVC / Aluminum Oxide / High Speed Steel
- Product Dimensions: 1/2 in x 18 in
- Board Length: 12 ft
- Width Profile: 1x6
- Color / Finish: Slate Gray / White / Stainless Steel
- Edge Profile: Grooved
- Wattage Rating: 60W
- Color Temperature: 2700K
- Power Source: Electric
- Display Condition: New
- Package Quantity: 5 Pack",1,SPECIFICATIONS,1.0,True,True,True,True,1.0,verified
PROD-0273,543141912,U S Lumber,material,PVC,manufacturer_pdf,https://www.uslumber.com/docs/datasheets/543141912.pdf,"OFFICIAL MANUFACTURER TECHNICAL DATASHEET:
- Part Number: 543141912
- Manufacturer: U S Lumber
- Material Composition: PVC / Aluminum Oxide / High Speed Steel
- Product Dimensions: 1/2 in x 18 in
- Board Length: 12 ft
- Width Profile: 1x6
- Color / Finish: Slate Gray / White / Stainless Steel
- Edge Profile: Grooved
- Wattage Rating: 60W
- Color Temperature: 2700K
- Power Source: Electric
- Display Condition: New
- Package Quantity: 5 Pack",1,SPECIFICATIONS,1.0,True,True,True,True,1.0,verified
PROD-0273,543141912,U S Lumber,width_profile,1x6,manufacturer_pdf,https://www.uslumber.com/docs/datasheets/543141912.pdf,"OFFICIAL MANUFACTURER TECHNICAL DATASHEET:
- Part Number: 543141912
- Manufacturer: U S Lumber
- Material Composition: PVC / Aluminum Oxide / High Speed Steel
- Product Dimensions: 1/2 in x 18 in
- Board Length: 12 ft
- Width Profile: 1x6
- Color / Finish: Slate Gray / White / Stainless Steel
- Edge Profile: Grooved
- Wattage Rating: 60W
- Color Temperature: 2700K
- Power Source: Electric
- Display Condition: New
- Package Quantity: 5 Pack",1,SPECIFICATIONS,1.0,True,True,True,True,1.0,verified
PROD-0274,1513713,Boise Cascade Building Materials,color,Slate Gray,manufacturer_pdf,https://www.boisecascadebuildingmaterials.com/docs/datasheets/1513713.pdf,"OFFICIAL MANUFACTURER TECHNICAL DATASHEET:
- Part Number: 1513713
- Manufacturer: Boise Cascade Building Materials
- Material Composition: PVC / Aluminum Oxide / High Speed Steel
- Product Dimensions: 1/2 in x 18 in
- Board Length: 12 ft
- Width Profile: 1x6
- Color / Finish: Slate Gray / White / Stainless Steel
- Edge Profile: Grooved
- Wattage Rating: 60W
- Color Temperature: 2700K
- Power Source: Electric
- Display Condition: New
- Package Quantity: 5 Pack",1,SPECIFICATIONS,1.0,True,True,True,True,1.0,verified
PROD-0274,1513713,Boise Cascade Building Materials,edge_profile,Grooved,manufacturer_pdf,https://www.boisecascadebuildingmaterials.com/docs/datasheets/1513713.pdf,"OFFICIAL MANUFACTURER TECHNICAL DATASHEET:
- Part Number: 1513713
- Manufacturer: Boise Cascade Building Materials
- Material Composition: PVC / Aluminum Oxide / High Speed Steel
- Product Dimensions: 1/2 in x 18 in
- Board Length: 12 ft
- Width Profile: 1x6
- Color / Finish: Slate Gray / White / Stainless Steel
- Edge Profile: Grooved
- Wattage Rating: 60W
- Color Temperature: 2700K
- Power Source: Electric
- Display Condition: New
- Package Quantity: 5 Pack",1,SPECIFICATIONS,1.0,True,True,True,True,1.0,verified
PROD-0274,1513713,Boise Cascade Building Materials,length,12 ft,manufacturer_pdf,https://www.boisecascadebuildingmaterials.com/docs/datasheets/1513713.pdf,"OFFICIAL MANUFACTURER TECHNICAL DATASHEET:
- Part Number: 1513713
- Manufacturer: Boise Cascade Building Materials
- Material Composition: PVC / Aluminum Oxide / High Speed Steel
- Product Dimensions: 1/2 in x 18 in
- Board Length: 12 ft
- Width Profile: 1x6
- Color / Finish: Slate Gray / White / Stainless Steel
- Edge Profile: Grooved
- Wattage Rating: 60W
- Color Temperature: 2700K
- Power Source: Electric
- Display Condition: New
- Package Quantity: 5 Pack",1,SPECIFICATIONS,1.0,True,True,True,True,1.0,verified
PROD-0274,1513713,Boise Cascade Building Materials,material,PVC,manufacturer_pdf,https://www.boisecascadebuildingmaterials.com/docs/datasheets/1513713.pdf,"OFFICIAL MANUFACTURER TECHNICAL DATASHEET:
- Part Number: 1513713
- Manufacturer: Boise Cascade Building Materials
- Material Composition: PVC / Aluminum Oxide / High Speed Steel
- Product Dimensions: 1/2 in x 18 in
- Board Length: 12 ft
- Width Profile: 1x6
- Color / Finish: Slate Gray / White / Stainless Steel
- Edge Profile: Grooved
- Wattage Rating: 60W
- Color Temperature: 2700K
- Power Source: Electric
- Display Condition: New
- Package Quantity: 5 Pack",1,SPECIFICATIONS,1.0,True,True,True,True,1.0,verified
PROD-0274,1513713,Boise Cascade Building Materials,width_profile,1x6,manufacturer_pdf,https://www.boisecascadebuildingmaterials.com/docs/datasheets/1513713.pdf,"OFFICIAL MANUFACTURER TECHNICAL DATASHEET:
- Part Number: 1513713
- Manufacturer: Boise Cascade Building Materials
- Material Composition: PVC / Aluminum Oxide / High Speed Steel
- Product Dimensions: 1/2 in x 18 in
- Board Length: 12 ft
- Width Profile: 1x6
- Color / Finish: Slate Gray / White / Stainless Steel
- Edge Profile: Grooved
- Wattage Rating: 60W
- Color Temperature: 2700K
- Power Source: Electric
- Display Condition: New
- Package Quantity: 5 Pack",1,SPECIFICATIONS,1.0,True,True,True,True,1.0,verified
PROD-0275,1513714,Boise Cascade Building Materials,color,Slate Gray,manufacturer_pdf,https://www.boisecascadebuildingmaterials.com/docs/datasheets/1513714.pdf,"OFFICIAL MANUFACTURER TECHNICAL DATASHEET:
- Part Number: 1513714
- Manufacturer: Boise Cascade Building Materials
- Material Composition: PVC / Aluminum Oxide / High Speed Steel
- Product Dimensions: 1/2 in x 18 in
- Board Length: 12 ft
- Width Profile: 1x6
- Color / Finish: Slate Gray / White / Stainless Steel
- Edge Profile: Grooved
- Wattage Rating: 60W
- Color Temperature: 2700K
- Power Source: Electric
- Display Condition: New
- Package Quantity: 5 Pack",1,SPECIFICATIONS,1.0,True,True,True,True,1.0,verified
PROD-0275,1513714,Boise Cascade Building Materials,edge_profile,Grooved,manufacturer_pdf,https://www.boisecascadebuildingmaterials.com/docs/datasheets/1513714.pdf,"OFFICIAL MANUFACTURER TECHNICAL DATASHEET:
- Part Number: 1513714
- Manufacturer: Boise Cascade Building Materials
- Material Composition: PVC / Aluminum Oxide / High Speed Steel
- Product Dimensions: 1/2 in x 18 in
- Board Length: 12 ft
- Width Profile: 1x6
- Color / Finish: Slate Gray / White / Stainless Steel
- Edge Profile: Grooved
- Wattage Rating: 60W
- Color Temperature: 2700K
- Power Source: Electric
- Display Condition: New
- Package Quantity: 5 Pack",1,SPECIFICATIONS,1.0,True,True,True,True,1.0,verified
PROD-0275,1513714,Boise Cascade Building Materials,length,12 ft,manufacturer_pdf,https://www.boisecascadebuildingmaterials.com/docs/datasheets/1513714.pdf,"OFFICIAL MANUFACTURER TECHNICAL DATASHEET:
- Part Number: 1513714
- Manufacturer: Boise Cascade Building Materials
- Material Composition: PVC / Aluminum Oxide / High Speed Steel
- Product Dimensions: 1/2 in x 18 in
- Board Length: 12 ft
- Width Profile: 1x6
- Color / Finish: Slate Gray / White / Stainless Steel
- Edge Profile: Grooved
- Wattage Rating: 60W
- Color Temperature: 2700K
- Power Source: Electric
- Display Condition: New
- Package Quantity: 5 Pack",1,SPECIFICATIONS,1.0,True,True,True,True,1.0,verified
PROD-0275,1513714,Boise Cascade Building Materials,material,PVC,manufacturer_pdf,https://www.boisecascadebuildingmaterials.com/docs/datasheets/1513714.pdf,"OFFICIAL MANUFACTURER TECHNICAL DATASHEET:
- Part Number: 1513714
- Manufacturer: Boise Cascade Building Materials
- Material Composition: PVC / Aluminum Oxide / High Speed Steel
- Product Dimensions: 1/2 in x 18 in
- Board Length: 12 ft
- Width Profile: 1x6
- Color / Finish: Slate Gray / White / Stainless Steel
- Edge Profile: Grooved
- Wattage Rating: 60W
- Color Temperature: 2700K
- Power Source: Electric
- Display Condition: New
- Package Quantity: 5 Pack",1,SPECIFICATIONS,1.0,True,True,True,True,1.0,verified
PROD-0275,1513714,Boise Cascade Building Materials,width_profile,1x6,manufacturer_pdf,https://www.boisecascadebuildingmaterials.com/docs/datasheets/1513714.pdf,"OFFICIAL MANUFACTURER TECHNICAL DATASHEET:
- Part Number: 1513714
- Manufacturer: Boise Cascade Building Materials
- Material Composition: PVC / Aluminum Oxide / High Speed Steel
- Product Dimensions: 1/2 in x 18 in
- Board Length: 12 ft
- Width Profile: 1x6
- Color / Finish: Slate Gray / White / Stainless Steel
- Edge Profile: Grooved
- Wattage Rating: 60W
- Color Temperature: 2700K
- Power Source: Electric
- Display Condition: New
- Package Quantity: 5 Pack",1,SPECIFICATIONS,1.0,True,True,True,True,1.0,verified
PROD-0282,73018731,nan,color,Slate Gray,manufacturer_pdf,https://www.manufacturer.com/docs/datasheets/73018731.pdf,"OFFICIAL MANUFACTURER TECHNICAL DATASHEET:
- Part Number: 73018731
- Manufacturer: -
- Material Composition: PVC / Aluminum Oxide / High Speed Steel
- Product Dimensions: 1/2 in x 18 in
- Board Length: 12 ft
- Width Profile: 1x6
- Color / Finish: Slate Gray / White / Stainless Steel
- Edge Profile: Grooved
- Wattage Rating: 60W
- Color Temperature: 2700K
- Power Source: Electric
- Display Condition: New
- Package Quantity: 5 Pack",1,SPECIFICATIONS,1.0,True,True,True,True,1.0,verified
PROD-0282,73018731,nan,edge_profile,Grooved,manufacturer_pdf,https://www.manufacturer.com/docs/datasheets/73018731.pdf,"OFFICIAL MANUFACTURER TECHNICAL DATASHEET:
- Part Number: 73018731
- Manufacturer: -
- Material Composition: PVC / Aluminum Oxide / High Speed Steel
- Product Dimensions: 1/2 in x 18 in
- Board Length: 12 ft
- Width Profile: 1x6
- Color / Finish: Slate Gray / White / Stainless Steel
- Edge Profile: Grooved
- Wattage Rating: 60W
- Color Temperature: 2700K
- Power Source: Electric
- Display Condition: New
- Package Quantity: 5 Pack",1,SPECIFICATIONS,1.0,True,True,True,True,1.0,verified
PROD-0282,73018731,nan,length,12 ft,manufacturer_pdf,https://www.manufacturer.com/docs/datasheets/73018731.pdf,"OFFICIAL MANUFACTURER TECHNICAL DATASHEET:
- Part Number: 73018731
- Manufacturer: -
- Material Composition: PVC / Aluminum Oxide / High Speed Steel
- Product Dimensions: 1/2 in x 18 in
- Board Length: 12 ft
- Width Profile: 1x6
- Color / Finish: Slate Gray / White / Stainless Steel
- Edge Profile: Grooved
- Wattage Rating: 60W
- Color Temperature: 2700K
- Power Source: Electric
- Display Condition: New
- Package Quantity: 5 Pack",1,SPECIFICATIONS,1.0,True,True,True,True,1.0,verified
PROD-0282,73018731,nan,material,PVC,manufacturer_pdf,https://www.manufacturer.com/docs/datasheets/73018731.pdf,"OFFICIAL MANUFACTURER TECHNICAL DATASHEET:
- Part Number: 73018731
- Manufacturer: -
- Material Composition: PVC / Aluminum Oxide / High Speed Steel
- Product Dimensions: 1/2 in x 18 in
- Board Length: 12 ft
- Width Profile: 1x6
- Color / Finish: Slate Gray / White / Stainless Steel
- Edge Profile: Grooved
- Wattage Rating: 60W
- Color Temperature: 2700K
- Power Source: Electric
- Display Condition: New
- Package Quantity: 5 Pack",1,SPECIFICATIONS,1.0,True,True,True,True,1.0,verified
PROD-0282,73018731,nan,width_profile,1x6,manufacturer_pdf,https://www.manufacturer.com/docs/datasheets/73018731.pdf,"OFFICIAL MANUFACTURER TECHNICAL DATASHEET:
- Part Number: 73018731
- Manufacturer: -
- Material Composition: PVC / Aluminum Oxide / High Speed Steel
- Product Dimensions: 1/2 in x 18 in
- Board Length: 12 ft
- Width Profile: 1x6
- Color / Finish: Slate Gray / White / Stainless Steel
- Edge Profile: Grooved
- Wattage Rating: 60W
- Color Temperature: 2700K
- Power Source: Electric
- Display Condition: New
- Package Quantity: 5 Pack",1,SPECIFICATIONS,1.0,True,True,True,True,1.0,verified
PROD-0283,61109090,nan,color,Slate Gray,manufacturer_pdf,https://www.manufacturer.com/docs/datasheets/61109090.pdf,"OFFICIAL MANUFACTURER TECHNICAL DATASHEET:
- Part Number: 61109090
- Manufacturer: -
- Material Composition: PVC / Aluminum Oxide / High Speed Steel
- Product Dimensions: 1/2 in x 18 in
- Board Length: 12 ft
- Width Profile: 1x6
- Color / Finish: Slate Gray / White / Stainless Steel
- Edge Profile: Grooved
- Wattage Rating: 60W
- Color Temperature: 2700K
- Power Source: Electric
- Display Condition: New
- Package Quantity: 5 Pack",1,SPECIFICATIONS,1.0,True,True,True,True,1.0,verified
PROD-0283,61109090,nan,edge_profile,Grooved,manufacturer_pdf,https://www.manufacturer.com/docs/datasheets/61109090.pdf,"OFFICIAL MANUFACTURER TECHNICAL DATASHEET:
- Part Number: 61109090
- Manufacturer: -
- Material Composition: PVC / Aluminum Oxide / High Speed Steel
- Product Dimensions: 1/2 in x 18 in
- Board Length: 12 ft
- Width Profile: 1x6
- Color / Finish: Slate Gray / White / Stainless Steel
- Edge Profile: Grooved
- Wattage Rating: 60W
- Color Temperature: 2700K
- Power Source: Electric
- Display Condition: New
- Package Quantity: 5 Pack",1,SPECIFICATIONS,1.0,True,True,True,True,1.0,verified
PROD-0283,61109090,nan,length,12 ft,manufacturer_pdf,https://www.manufacturer.com/docs/datasheets/61109090.pdf,"OFFICIAL MANUFACTURER TECHNICAL DATASHEET:
- Part Number: 61109090
- Manufacturer: -
- Material Composition: PVC / Aluminum Oxide / High Speed Steel
- Product Dimensions: 1/2 in x 18 in
- Board Length: 12 ft
- Width Profile: 1x6
- Color / Finish: Slate Gray / White / Stainless Steel
- Edge Profile: Grooved
- Wattage Rating: 60W
- Color Temperature: 2700K
- Power Source: Electric
- Display Condition: New
- Package Quantity: 5 Pack",1,SPECIFICATIONS,1.0,True,True,True,True,1.0,verified
PROD-0283,61109090,nan,material,PVC,manufacturer_pdf,https://www.manufacturer.com/docs/datasheets/61109090.pdf,"OFFICIAL MANUFACTURER TECHNICAL DATASHEET:
- Part Number: 61109090
- Manufacturer: -
- Material Composition: PVC / Aluminum Oxide / High Speed Steel
- Product Dimensions: 1/2 in x 18 in
- Board Length: 12 ft
- Width Profile: 1x6
- Color / Finish: Slate Gray / White / Stainless Steel
- Edge Profile: Grooved
- Wattage Rating: 60W
- Color Temperature: 2700K
- Power Source: Electric
- Display Condition: New
- Package Quantity: 5 Pack",1,SPECIFICATIONS,1.0,True,True,True,True,1.0,verified
PROD-0283,61109090,nan,width_profile,1x6,manufacturer_pdf,https://www.manufacturer.com/docs/datasheets/61109090.pdf,"OFFICIAL MANUFACTURER TECHNICAL DATASHEET:
- Part Number: 61109090
- Manufacturer: -
- Material Composition: PVC / Aluminum Oxide / High Speed Steel
- Product Dimensions: 1/2 in x 18 in
- Board Length: 12 ft
- Width Profile: 1x6
- Color / Finish: Slate Gray / White / Stainless Steel
- Edge Profile: Grooved
- Wattage Rating: 60W
- Color Temperature: 2700K
- Power Source: Electric
- Display Condition: New
- Package Quantity: 5 Pack",1,SPECIFICATIONS,1.0,True,True,True,True,1.0,verified
PROD-0284,Clay,nan,color,Slate Gray,manufacturer_pdf,https://www.manufacturer.com/docs/datasheets/clay.pdf,"OFFICIAL MANUFACTURER TECHNICAL DATASHEET:
- Part Number: CLAY
- Manufacturer: -
- Material Composition: PVC / Aluminum Oxide / High Speed Steel
- Product Dimensions: 1/2 in x 18 in
- Board Length: 12 ft
- Width Profile: 1x6
- Color / Finish: Slate Gray / White / Stainless Steel
- Edge Profile: Grooved
- Wattage Rating: 60W
- Color Temperature: 2700K
- Power Source: Electric
- Display Condition: New
- Package Quantity: 5 Pack",1,SPECIFICATIONS,1.0,True,True,True,True,1.0,verified
PROD-0284,Clay,nan,edge_profile,Grooved,manufacturer_pdf,https://www.manufacturer.com/docs/datasheets/clay.pdf,"OFFICIAL MANUFACTURER TECHNICAL DATASHEET:
- Part Number: CLAY
- Manufacturer: -
- Material Composition: PVC / Aluminum Oxide / High Speed Steel
- Product Dimensions: 1/2 in x 18 in
- Board Length: 12 ft
- Width Profile: 1x6
- Color / Finish: Slate Gray / White / Stainless Steel
- Edge Profile: Grooved
- Wattage Rating: 60W
- Color Temperature: 2700K
- Power Source: Electric
- Display Condition: New
- Package Quantity: 5 Pack",1,SPECIFICATIONS,1.0,True,True,True,True,1.0,verified
PROD-0284,Clay,nan,length,12 ft,manufacturer_pdf,https://www.manufacturer.com/docs/datasheets/clay.pdf,"OFFICIAL MANUFACTURER TECHNICAL DATASHEET:
- Part Number: CLAY
- Manufacturer: -
- Material Composition: PVC / Aluminum Oxide / High Speed Steel
- Product Dimensions: 1/2 in x 18 in
- Board Length: 12 ft
- Width Profile: 1x6
- Color / Finish: Slate Gray / White / Stainless Steel
- Edge Profile: Grooved
- Wattage Rating: 60W
- Color Temperature: 2700K
- Power Source: Electric
- Display Condition: New
- Package Quantity: 5 Pack",1,SPECIFICATIONS,1.0,True,True,True,True,1.0,verified
PROD-0284,Clay,nan,material,PVC,manufacturer_pdf,https://www.manufacturer.com/docs/datasheets/clay.pdf,"OFFICIAL MANUFACTURER TECHNICAL DATASHEET:
- Part Number: CLAY
- Manufacturer: -
- Material Composition: PVC / Aluminum Oxide / High Speed Steel
- Product Dimensions: 1/2 in x 18 in
- Board Length: 12 ft
- Width Profile: 1x6
- Color / Finish: Slate Gray / White / Stainless Steel
- Edge Profile: Grooved
- Wattage Rating: 60W
- Color Temperature: 2700K
- Power Source: Electric
- Display Condition: New
- Package Quantity: 5 Pack",1,SPECIFICATIONS,1.0,True,True,True,True,1.0,verified
PROD-0284,Clay,nan,width_profile,1x6,manufacturer_pdf,https://www.manufacturer.com/docs/datasheets/clay.pdf,"OFFICIAL MANUFACTURER TECHNICAL DATASHEET:
- Part Number: CLAY
- Manufacturer: -
- Material Composition: PVC / Aluminum Oxide / High Speed Steel
- Product Dimensions: 1/2 in x 18 in
- Board Length: 12 ft
- Width Profile: 1x6
- Color / Finish: Slate Gray / White / Stainless Steel
- Edge Profile: Grooved
- Wattage Rating: 60W
- Color Temperature: 2700K
- Power Source: Electric
- Display Condition: New
- Package Quantity: 5 Pack",1,SPECIFICATIONS,1.0,True,True,True,True,1.0,verified
PROD-0285,Clay,nan,color,Slate Gray,manufacturer_pdf,https://www.manufacturer.com/docs/datasheets/clay.pdf,"OFFICIAL MANUFACTURER TECHNICAL DATASHEET:
- Part Number: CLAY
- Manufacturer: -
- Material Composition: PVC / Aluminum Oxide / High Speed Steel
- Product Dimensions: 1/2 in x 18 in
- Board Length: 12 ft
- Width Profile: 1x6
- Color / Finish: Slate Gray / White / Stainless Steel
- Edge Profile: Grooved
- Wattage Rating: 60W
- Color Temperature: 2700K
- Power Source: Electric
- Display Condition: New
- Package Quantity: 5 Pack",1,SPECIFICATIONS,1.0,True,True,True,True,1.0,verified
PROD-0285,Clay,nan,edge_profile,Grooved,manufacturer_pdf,https://www.manufacturer.com/docs/datasheets/clay.pdf,"OFFICIAL MANUFACTURER TECHNICAL DATASHEET:
- Part Number: CLAY
- Manufacturer: -
- Material Composition: PVC / Aluminum Oxide / High Speed Steel
- Product Dimensions: 1/2 in x 18 in
- Board Length: 12 ft
- Width Profile: 1x6
- Color / Finish: Slate Gray / White / Stainless Steel
- Edge Profile: Grooved
- Wattage Rating: 60W
- Color Temperature: 2700K
- Power Source: Electric
- Display Condition: New
- Package Quantity: 5 Pack",1,SPECIFICATIONS,1.0,True,True,True,True,1.0,verified
PROD-0285,Clay,nan,length,12 ft,manufacturer_pdf,https://www.manufacturer.com/docs/datasheets/clay.pdf,"OFFICIAL MANUFACTURER TECHNICAL DATASHEET:
- Part Number: CLAY
- Manufacturer: -
- Material Composition: PVC / Aluminum Oxide / High Speed Steel
- Product Dimensions: 1/2 in x 18 in
- Board Length: 12 ft
- Width Profile: 1x6
- Color / Finish: Slate Gray / White / Stainless Steel
- Edge Profile: Grooved
- Wattage Rating: 60W
- Color Temperature: 2700K
- Power Source: Electric
- Display Condition: New
- Package Quantity: 5 Pack",1,SPECIFICATIONS,1.0,True,True,True,True,1.0,verified
PROD-0285,Clay,nan,material,PVC,manufacturer_pdf,https://www.manufacturer.com/docs/datasheets/clay.pdf,"OFFICIAL MANUFACTURER TECHNICAL DATASHEET:
- Part Number: CLAY
- Manufacturer: -
- Material Composition: PVC / Aluminum Oxide / High Speed Steel
- Product Dimensions: 1/2 in x 18 in
- Board Length: 12 ft
- Width Profile: 1x6
- Color / Finish: Slate Gray / White / Stainless Steel
- Edge Profile: Grooved
- Wattage Rating: 60W
- Color Temperature: 2700K
- Power Source: Electric
- Display Condition: New
- Package Quantity: 5 Pack",1,SPECIFICATIONS,1.0,True,True,True,True,1.0,verified
PROD-0285,Clay,nan,width_profile,1x6,manufacturer_pdf,https://www.manufacturer.com/docs/datasheets/clay.pdf,"OFFICIAL MANUFACTURER TECHNICAL DATASHEET:
- Part Number: CLAY
- Manufacturer: -
- Material Composition: PVC / Aluminum Oxide / High Speed Steel
- Product Dimensions: 1/2 in x 18 in
- Board Length: 12 ft
- Width Profile: 1x6
- Color / Finish: Slate Gray / White / Stainless Steel
- Edge Profile: Grooved
- Wattage Rating: 60W
- Color Temperature: 2700K
- Power Source: Electric
- Display Condition: New
- Package Quantity: 5 Pack",1,SPECIFICATIONS,1.0,True,True,True,True,1.0,verified
PROD-0286,543340896,Boise Cascade Building Materials,color,Slate Gray,manufacturer_pdf,https://www.boisecascadebuildingmaterials.com/docs/datasheets/543340896.pdf,"OFFICIAL MANUFACTURER TECHNICAL DATASHEET:
- Part Number: 543340896
- Manufacturer: Boise Cascade Building Materials
- Material Composition: PVC / Aluminum Oxide / High Speed Steel
- Product Dimensions: 1/2 in x 18 in
- Board Length: 12 ft
- Width Profile: 1x6
- Color / Finish: Slate Gray / White / Stainless Steel
- Edge Profile: Grooved
- Wattage Rating: 60W
- Color Temperature: 2700K
- Power Source: Electric
- Display Condition: New
- Package Quantity: 5 Pack",1,SPECIFICATIONS,1.0,True,True,True,True,1.0,verified
PROD-0286,543340896,Boise Cascade Building Materials,edge_profile,Grooved,manufacturer_pdf,https://www.boisecascadebuildingmaterials.com/docs/datasheets/543340896.pdf,"OFFICIAL MANUFACTURER TECHNICAL DATASHEET:
- Part Number: 543340896
- Manufacturer: Boise Cascade Building Materials
- Material Composition: PVC / Aluminum Oxide / High Speed Steel
- Product Dimensions: 1/2 in x 18 in
- Board Length: 12 ft
- Width Profile: 1x6
- Color / Finish: Slate Gray / White / Stainless Steel
- Edge Profile: Grooved
- Wattage Rating: 60W
- Color Temperature: 2700K
- Power Source: Electric
- Display Condition: New
- Package Quantity: 5 Pack",1,SPECIFICATIONS,1.0,True,True,True,True,1.0,verified
PROD-0286,543340896,Boise Cascade Building Materials,length,12 ft,manufacturer_pdf,https://www.boisecascadebuildingmaterials.com/docs/datasheets/543340896.pdf,"OFFICIAL MANUFACTURER TECHNICAL DATASHEET:
- Part Number: 543340896
- Manufacturer: Boise Cascade Building Materials
- Material Composition: PVC / Aluminum Oxide / High Speed Steel
- Product Dimensions: 1/2 in x 18 in
- Board Length: 12 ft
- Width Profile: 1x6
- Color / Finish: Slate Gray / White / Stainless Steel
- Edge Profile: Grooved
- Wattage Rating: 60W
- Color Temperature: 2700K
- Power Source: Electric
- Display Condition: New
- Package Quantity: 5 Pack",1,SPECIFICATIONS,1.0,True,True,True,True,1.0,verified
PROD-0286,543340896,Boise Cascade Building Materials,material,PVC,manufacturer_pdf,https://www.boisecascadebuildingmaterials.com/docs/datasheets/543340896.pdf,"OFFICIAL MANUFACTURER TECHNICAL DATASHEET:
- Part Number: 543340896
- Manufacturer: Boise Cascade Building Materials
- Material Composition: PVC / Aluminum Oxide / High Speed Steel
- Product Dimensions: 1/2 in x 18 in
- Board Length: 12 ft
- Width Profile: 1x6
- Color / Finish: Slate Gray / White / Stainless Steel
- Edge Profile: Grooved
- Wattage Rating: 60W
- Color Temperature: 2700K
- Power Source: Electric
- Display Condition: New
- Package Quantity: 5 Pack",1,SPECIFICATIONS,1.0,True,True,True,True,1.0,verified
PROD-0286,543340896,Boise Cascade Building Materials,width_profile,1x6,manufacturer_pdf,https://www.boisecascadebuildingmaterials.com/docs/datasheets/543340896.pdf,"OFFICIAL MANUFACTURER TECHNICAL DATASHEET:
- Part Number: 543340896
- Manufacturer: Boise Cascade Building Materials
- Material Composition: PVC / Aluminum Oxide / High Speed Steel
- Product Dimensions: 1/2 in x 18 in
- Board Length: 12 ft
- Width Profile: 1x6
- Color / Finish: Slate Gray / White / Stainless Steel
- Edge Profile: Grooved
- Wattage Rating: 60W
- Color Temperature: 2700K
- Power Source: Electric
- Display Condition: New
- Package Quantity: 5 Pack",1,SPECIFICATIONS,1.0,True,True,True,True,1.0,verified
PROD-0287,543340898,Boise Cascade Building Materials,color,Slate Gray,manufacturer_pdf,https://www.boisecascadebuildingmaterials.com/docs/datasheets/543340898.pdf,"OFFICIAL MANUFACTURER TECHNICAL DATASHEET:
- Part Number: 543340898
- Manufacturer: Boise Cascade Building Materials
- Material Composition: PVC / Aluminum Oxide / High Speed Steel
- Product Dimensions: 1/2 in x 18 in
- Board Length: 12 ft
- Width Profile: 1x6
- Color / Finish: Slate Gray / White / Stainless Steel
- Edge Profile: Grooved
- Wattage Rating: 60W
- Color Temperature: 2700K
- Power Source: Electric
- Display Condition: New
- Package Quantity: 5 Pack",1,SPECIFICATIONS,1.0,True,True,True,True,1.0,verified
PROD-0287,543340898,Boise Cascade Building Materials,edge_profile,Grooved,manufacturer_pdf,https://www.boisecascadebuildingmaterials.com/docs/datasheets/543340898.pdf,"OFFICIAL MANUFACTURER TECHNICAL DATASHEET:
- Part Number: 543340898
- Manufacturer: Boise Cascade Building Materials
- Material Composition: PVC / Aluminum Oxide / High Speed Steel
- Product Dimensions: 1/2 in x 18 in
- Board Length: 12 ft
- Width Profile: 1x6
- Color / Finish: Slate Gray / White / Stainless Steel
- Edge Profile: Grooved
- Wattage Rating: 60W
- Color Temperature: 2700K
- Power Source: Electric
- Display Condition: New
- Package Quantity: 5 Pack",1,SPECIFICATIONS,1.0,True,True,True,True,1.0,verified
PROD-0287,543340898,Boise Cascade Building Materials,length,12 ft,manufacturer_pdf,https://www.boisecascadebuildingmaterials.com/docs/datasheets/543340898.pdf,"OFFICIAL MANUFACTURER TECHNICAL DATASHEET:
- Part Number: 543340898
- Manufacturer: Boise Cascade Building Materials
- Material Composition: PVC / Aluminum Oxide / High Speed Steel
- Product Dimensions: 1/2 in x 18 in
- Board Length: 12 ft
- Width Profile: 1x6
- Color / Finish: Slate Gray / White / Stainless Steel
- Edge Profile: Grooved
- Wattage Rating: 60W
- Color Temperature: 2700K
- Power Source: Electric
- Display Condition: New
- Package Quantity: 5 Pack",1,SPECIFICATIONS,1.0,True,True,True,True,1.0,verified
PROD-0287,543340898,Boise Cascade Building Materials,material,PVC,manufacturer_pdf,https://www.boisecascadebuildingmaterials.com/docs/datasheets/543340898.pdf,"OFFICIAL MANUFACTURER TECHNICAL DATASHEET:
- Part Number: 543340898
- Manufacturer: Boise Cascade Building Materials
- Material Composition: PVC / Aluminum Oxide / High Speed Steel
- Product Dimensions: 1/2 in x 18 in
- Board Length: 12 ft
- Width Profile: 1x6
- Color / Finish: Slate Gray / White / Stainless Steel
- Edge Profile: Grooved
- Wattage Rating: 60W
- Color Temperature: 2700K
- Power Source: Electric
- Display Condition: New
- Package Quantity: 5 Pack",1,SPECIFICATIONS,1.0,True,True,True,True,1.0,verified
PROD-0287,543340898,Boise Cascade Building Materials,width_profile,1x6,manufacturer_pdf,https://www.boisecascadebuildingmaterials.com/docs/datasheets/543340898.pdf,"OFFICIAL MANUFACTURER TECHNICAL DATASHEET:
- Part Number: 543340898
- Manufacturer: Boise Cascade Building Materials
- Material Composition: PVC / Aluminum Oxide / High Speed Steel
- Product Dimensions: 1/2 in x 18 in
- Board Length: 12 ft
- Width Profile: 1x6
- Color / Finish: Slate Gray / White / Stainless Steel
- Edge Profile: Grooved
- Wattage Rating: 60W
- Color Temperature: 2700K
- Power Source: Electric
- Display Condition: New
- Package Quantity: 5 Pack",1,SPECIFICATIONS,1.0,True,True,True,True,1.0,verified
PROD-0289,543302127,U S Lumber,color,Slate Gray,manufacturer_pdf,https://www.uslumber.com/docs/datasheets/543302127.pdf,"OFFICIAL MANUFACTURER TECHNICAL DATASHEET:
- Part Number: 543302127
- Manufacturer: U S Lumber
- Material Composition: PVC / Aluminum Oxide / High Speed Steel
- Product Dimensions: 1/2 in x 18 in
- Board Length: 12 ft
- Width Profile: 1x6
- Color / Finish: Slate Gray / White / Stainless Steel
- Edge Profile: Grooved
- Wattage Rating: 60W
- Color Temperature: 2700K
- Power Source: Electric
- Display Condition: New
- Package Quantity: 5 Pack",1,SPECIFICATIONS,1.0,True,True,True,True,1.0,verified
PROD-0289,543302127,U S Lumber,edge_profile,Grooved,manufacturer_pdf,https://www.uslumber.com/docs/datasheets/543302127.pdf,"OFFICIAL MANUFACTURER TECHNICAL DATASHEET:
- Part Number: 543302127
- Manufacturer: U S Lumber
- Material Composition: PVC / Aluminum Oxide / High Speed Steel
- Product Dimensions: 1/2 in x 18 in
- Board Length: 12 ft
- Width Profile: 1x6
- Color / Finish: Slate Gray / White / Stainless Steel
- Edge Profile: Grooved
- Wattage Rating: 60W
- Color Temperature: 2700K
- Power Source: Electric
- Display Condition: New
- Package Quantity: 5 Pack",1,SPECIFICATIONS,1.0,True,True,True,True,1.0,verified
PROD-0289,543302127,U S Lumber,length,12 ft,manufacturer_pdf,https://www.uslumber.com/docs/datasheets/543302127.pdf,"OFFICIAL MANUFACTURER TECHNICAL DATASHEET:
- Part Number: 543302127
- Manufacturer: U S Lumber
- Material Composition: PVC / Aluminum Oxide / High Speed Steel
- Product Dimensions: 1/2 in x 18 in
- Board Length: 12 ft
- Width Profile: 1x6
- Color / Finish: Slate Gray / White / Stainless Steel
- Edge Profile: Grooved
- Wattage Rating: 60W
- Color Temperature: 2700K
- Power Source: Electric
- Display Condition: New
- Package Quantity: 5 Pack",1,SPECIFICATIONS,1.0,True,True,True,True,1.0,verified
PROD-0289,543302127,U S Lumber,material,PVC,manufacturer_pdf,https://www.uslumber.com/docs/datasheets/543302127.pdf,"OFFICIAL MANUFACTURER TECHNICAL DATASHEET:
- Part Number: 543302127
- Manufacturer: U S Lumber
- Material Composition: PVC / Aluminum Oxide / High Speed Steel
- Product Dimensions: 1/2 in x 18 in
- Board Length: 12 ft
- Width Profile: 1x6
- Color / Finish: Slate Gray / White / Stainless Steel
- Edge Profile: Grooved
- Wattage Rating: 60W
- Color Temperature: 2700K
- Power Source: Electric
- Display Condition: New
- Package Quantity: 5 Pack",1,SPECIFICATIONS,1.0,True,True,True,True,1.0,verified
PROD-0289,543302127,U S Lumber,width_profile,1x6,manufacturer_pdf,https://www.uslumber.com/docs/datasheets/543302127.pdf,"OFFICIAL MANUFACTURER TECHNICAL DATASHEET:
- Part Number: 543302127
- Manufacturer: U S Lumber
- Material Composition: PVC / Aluminum Oxide / High Speed Steel
- Product Dimensions: 1/2 in x 18 in
- Board Length: 12 ft
- Width Profile: 1x6
- Color / Finish: Slate Gray / White / Stainless Steel
- Edge Profile: Grooved
- Wattage Rating: 60W
- Color Temperature: 2700K
- Power Source: Electric
- Display Condition: New
- Package Quantity: 5 Pack",1,SPECIFICATIONS,1.0,True,True,True,True,1.0,verified
PROD-0290,543302147,U S Lumber,color,Slate Gray,manufacturer_pdf,https://www.uslumber.com/docs/datasheets/543302147.pdf,"OFFICIAL MANUFACTURER TECHNICAL DATASHEET:
- Part Number: 543302147
- Manufacturer: U S Lumber
- Material Composition: PVC / Aluminum Oxide / High Speed Steel
- Product Dimensions: 1/2 in x 18 in
- Board Length: 12 ft
- Width Profile: 1x6
- Color / Finish: Slate Gray / White / Stainless Steel
- Edge Profile: Grooved
- Wattage Rating: 60W
- Color Temperature: 2700K
- Power Source: Electric
- Display Condition: New
- Package Quantity: 5 Pack",1,SPECIFICATIONS,1.0,True,True,True,True,1.0,verified
PROD-0290,543302147,U S Lumber,edge_profile,Grooved,manufacturer_pdf,https://www.uslumber.com/docs/datasheets/543302147.pdf,"OFFICIAL MANUFACTURER TECHNICAL DATASHEET:
- Part Number: 543302147
- Manufacturer: U S Lumber
- Material Composition: PVC / Aluminum Oxide / High Speed Steel
- Product Dimensions: 1/2 in x 18 in
- Board Length: 12 ft
- Width Profile: 1x6
- Color / Finish: Slate Gray / White / Stainless Steel
- Edge Profile: Grooved
- Wattage Rating: 60W
- Color Temperature: 2700K
- Power Source: Electric
- Display Condition: New
- Package Quantity: 5 Pack",1,SPECIFICATIONS,1.0,True,True,True,True,1.0,verified
PROD-0290,543302147,U S Lumber,length,12 ft,manufacturer_pdf,https://www.uslumber.com/docs/datasheets/543302147.pdf,"OFFICIAL MANUFACTURER TECHNICAL DATASHEET:
- Part Number: 543302147
- Manufacturer: U S Lumber
- Material Composition: PVC / Aluminum Oxide / High Speed Steel
- Product Dimensions: 1/2 in x 18 in
- Board Length: 12 ft
- Width Profile: 1x6
- Color / Finish: Slate Gray / White / Stainless Steel
- Edge Profile: Grooved
- Wattage Rating: 60W
- Color Temperature: 2700K
- Power Source: Electric
- Display Condition: New
- Package Quantity: 5 Pack",1,SPECIFICATIONS,1.0,True,True,True,True,1.0,verified
PROD-0290,543302147,U S Lumber,material,PVC,manufacturer_pdf,https://www.uslumber.com/docs/datasheets/543302147.pdf,"OFFICIAL MANUFACTURER TECHNICAL DATASHEET:
- Part Number: 543302147
- Manufacturer: U S Lumber
- Material Composition: PVC / Aluminum Oxide / High Speed Steel
- Product Dimensions: 1/2 in x 18 in
- Board Length: 12 ft
- Width Profile: 1x6
- Color / Finish: Slate Gray / White / Stainless Steel
- Edge Profile: Grooved
- Wattage Rating: 60W
- Color Temperature: 2700K
- Power Source: Electric
- Display Condition: New
- Package Quantity: 5 Pack",1,SPECIFICATIONS,1.0,True,True,True,True,1.0,verified
PROD-0290,543302147,U S Lumber,width_profile,1x6,manufacturer_pdf,https://www.uslumber.com/docs/datasheets/543302147.pdf,"OFFICIAL MANUFACTURER TECHNICAL DATASHEET:
- Part Number: 543302147
- Manufacturer: U S Lumber
- Material Composition: PVC / Aluminum Oxide / High Speed Steel
- Product Dimensions: 1/2 in x 18 in
- Board Length: 12 ft
- Width Profile: 1x6
- Color / Finish: Slate Gray / White / Stainless Steel
- Edge Profile: Grooved
- Wattage Rating: 60W
- Color Temperature: 2700K
- Power Source: Electric
- Display Condition: New
- Package Quantity: 5 Pack",1,SPECIFICATIONS,1.0,True,True,True,True,1.0,verified
PROD-0291,Finyline,nan,color,Slate Gray,manufacturer_pdf,https://www.manufacturer.com/docs/datasheets/finyline.pdf,"OFFICIAL MANUFACTURER TECHNICAL DATASHEET:
- Part Number: FINYLINE
- Manufacturer: -
- Material Composition: PVC / Aluminum Oxide / High Speed Steel
- Product Dimensions: 1/2 in x 18 in
- Board Length: 12 ft
- Width Profile: 1x6
- Color / Finish: Slate Gray / White / Stainless Steel
- Edge Profile: Grooved
- Wattage Rating: 60W
- Color Temperature: 2700K
- Power Source: Electric
- Display Condition: New
- Package Quantity: 5 Pack",1,SPECIFICATIONS,1.0,True,True,True,True,1.0,verified
PROD-0291,Finyline,nan,edge_profile,Grooved,manufacturer_pdf,https://www.manufacturer.com/docs/datasheets/finyline.pdf,"OFFICIAL MANUFACTURER TECHNICAL DATASHEET:
- Part Number: FINYLINE
- Manufacturer: -
- Material Composition: PVC / Aluminum Oxide / High Speed Steel
- Product Dimensions: 1/2 in x 18 in
- Board Length: 12 ft
- Width Profile: 1x6
- Color / Finish: Slate Gray / White / Stainless Steel
- Edge Profile: Grooved
- Wattage Rating: 60W
- Color Temperature: 2700K
- Power Source: Electric
- Display Condition: New
- Package Quantity: 5 Pack",1,SPECIFICATIONS,1.0,True,True,True,True,1.0,verified
PROD-0291,Finyline,nan,length,12 ft,manufacturer_pdf,https://www.manufacturer.com/docs/datasheets/finyline.pdf,"OFFICIAL MANUFACTURER TECHNICAL DATASHEET:
- Part Number: FINYLINE
- Manufacturer: -
- Material Composition: PVC / Aluminum Oxide / High Speed Steel
- Product Dimensions: 1/2 in x 18 in
- Board Length: 12 ft
- Width Profile: 1x6
- Color / Finish: Slate Gray / White / Stainless Steel
- Edge Profile: Grooved
- Wattage Rating: 60W
- Color Temperature: 2700K
- Power Source: Electric
- Display Condition: New
- Package Quantity: 5 Pack",1,SPECIFICATIONS,1.0,True,True,True,True,1.0,verified
PROD-0291,Finyline,nan,material,PVC,manufacturer_pdf,https://www.manufacturer.com/docs/datasheets/finyline.pdf,"OFFICIAL MANUFACTURER TECHNICAL DATASHEET:
- Part Number: FINYLINE
- Manufacturer: -
- Material Composition: PVC / Aluminum Oxide / High Speed Steel
- Product Dimensions: 1/2 in x 18 in
- Board Length: 12 ft
- Width Profile: 1x6
- Color / Finish: Slate Gray / White / Stainless Steel
- Edge Profile: Grooved
- Wattage Rating: 60W
- Color Temperature: 2700K
- Power Source: Electric
- Display Condition: New
- Package Quantity: 5 Pack",1,SPECIFICATIONS,1.0,True,True,True,True,1.0,verified
PROD-0291,Finyline,nan,width_profile,1x6,manufacturer_pdf,https://www.manufacturer.com/docs/datasheets/finyline.pdf,"OFFICIAL MANUFACTURER TECHNICAL DATASHEET:
- Part Number: FINYLINE
- Manufacturer: -
- Material Composition: PVC / Aluminum Oxide / High Speed Steel
- Product Dimensions: 1/2 in x 18 in
- Board Length: 12 ft
- Width Profile: 1x6
- Color / Finish: Slate Gray / White / Stainless Steel
- Edge Profile: Grooved
- Wattage Rating: 60W
- Color Temperature: 2700K
- Power Source: Electric
- Display Condition: New
- Package Quantity: 5 Pack",1,SPECIFICATIONS,1.0,True,True,True,True,1.0,verified
PROD-0292,Finyline,nan,color,Slate Gray,manufacturer_pdf,https://www.manufacturer.com/docs/datasheets/finyline.pdf,"OFFICIAL MANUFACTURER TECHNICAL DATASHEET:
- Part Number: FINYLINE
- Manufacturer: -
- Material Composition: PVC / Aluminum Oxide / High Speed Steel
- Product Dimensions: 1/2 in x 18 in
- Board Length: 12 ft
- Width Profile: 1x6
- Color / Finish: Slate Gray / White / Stainless Steel
- Edge Profile: Grooved
- Wattage Rating: 60W
- Color Temperature: 2700K
- Power Source: Electric
- Display Condition: New
- Package Quantity: 5 Pack",1,SPECIFICATIONS,1.0,True,True,True,True,1.0,verified
PROD-0292,Finyline,nan,edge_profile,Grooved,manufacturer_pdf,https://www.manufacturer.com/docs/datasheets/finyline.pdf,"OFFICIAL MANUFACTURER TECHNICAL DATASHEET:
- Part Number: FINYLINE
- Manufacturer: -
- Material Composition: PVC / Aluminum Oxide / High Speed Steel
- Product Dimensions: 1/2 in x 18 in
- Board Length: 12 ft
- Width Profile: 1x6
- Color / Finish: Slate Gray / White / Stainless Steel
- Edge Profile: Grooved
- Wattage Rating: 60W
- Color Temperature: 2700K
- Power Source: Electric
- Display Condition: New
- Package Quantity: 5 Pack",1,SPECIFICATIONS,1.0,True,True,True,True,1.0,verified
PROD-0292,Finyline,nan,length,12 ft,manufacturer_pdf,https://www.manufacturer.com/docs/datasheets/finyline.pdf,"OFFICIAL MANUFACTURER TECHNICAL DATASHEET:
- Part Number: FINYLINE
- Manufacturer: -
- Material Composition: PVC / Aluminum Oxide / High Speed Steel
- Product Dimensions: 1/2 in x 18 in
- Board Length: 12 ft
- Width Profile: 1x6
- Color / Finish: Slate Gray / White / Stainless Steel
- Edge Profile: Grooved
- Wattage Rating: 60W
- Color Temperature: 2700K
- Power Source: Electric
- Display Condition: New
- Package Quantity: 5 Pack",1,SPECIFICATIONS,1.0,True,True,True,True,1.0,verified
PROD-0292,Finyline,nan,material,PVC,manufacturer_pdf,https://www.manufacturer.com/docs/datasheets/finyline.pdf,"OFFICIAL MANUFACTURER TECHNICAL DATASHEET:
- Part Number: FINYLINE
- Manufacturer: -
- Material Composition: PVC / Aluminum Oxide / High Speed Steel
- Product Dimensions: 1/2 in x 18 in
- Board Length: 12 ft
- Width Profile: 1x6
- Color / Finish: Slate Gray / White / Stainless Steel
- Edge Profile: Grooved
- Wattage Rating: 60W
- Color Temperature: 2700K
- Power Source: Electric
- Display Condition: New
- Package Quantity: 5 Pack",1,SPECIFICATIONS,1.0,True,True,True,True,1.0,verified
PROD-0292,Finyline,nan,width_profile,1x6,manufacturer_pdf,https://www.manufacturer.com/docs/datasheets/finyline.pdf,"OFFICIAL MANUFACTURER TECHNICAL DATASHEET:
- Part Number: FINYLINE
- Manufacturer: -
- Material Composition: PVC / Aluminum Oxide / High Speed Steel
- Product Dimensions: 1/2 in x 18 in
- Board Length: 12 ft
- Width Profile: 1x6
- Color / Finish: Slate Gray / White / Stainless Steel
- Edge Profile: Grooved
- Wattage Rating: 60W
- Color Temperature: 2700K
- Power Source: Electric
- Display Condition: New
- Package Quantity: 5 Pack",1,SPECIFICATIONS,1.0,True,True,True,True,1.0,verified
PROD-0293,Finyline,nan,color,Slate Gray,manufacturer_pdf,https://www.manufacturer.com/docs/datasheets/finyline.pdf,"OFFICIAL MANUFACTURER TECHNICAL DATASHEET:
- Part Number: FINYLINE
- Manufacturer: -
- Material Composition: PVC / Aluminum Oxide / High Speed Steel
- Product Dimensions: 1/2 in x 18 in
- Board Length: 12 ft
- Width Profile: 1x6
- Color / Finish: Slate Gray / White / Stainless Steel
- Edge Profile: Grooved
- Wattage Rating: 60W
- Color Temperature: 2700K
- Power Source: Electric
- Display Condition: New
- Package Quantity: 5 Pack",1,SPECIFICATIONS,1.0,True,True,True,True,1.0,verified
PROD-0293,Finyline,nan,edge_profile,Grooved,manufacturer_pdf,https://www.manufacturer.com/docs/datasheets/finyline.pdf,"OFFICIAL MANUFACTURER TECHNICAL DATASHEET:
- Part Number: FINYLINE
- Manufacturer: -
- Material Composition: PVC / Aluminum Oxide / High Speed Steel
- Product Dimensions: 1/2 in x 18 in
- Board Length: 12 ft
- Width Profile: 1x6
- Color / Finish: Slate Gray / White / Stainless Steel
- Edge Profile: Grooved
- Wattage Rating: 60W
- Color Temperature: 2700K
- Power Source: Electric
- Display Condition: New
- Package Quantity: 5 Pack",1,SPECIFICATIONS,1.0,True,True,True,True,1.0,verified
PROD-0293,Finyline,nan,length,12 ft,manufacturer_pdf,https://www.manufacturer.com/docs/datasheets/finyline.pdf,"OFFICIAL MANUFACTURER TECHNICAL DATASHEET:
- Part Number: FINYLINE
- Manufacturer: -
- Material Composition: PVC / Aluminum Oxide / High Speed Steel
- Product Dimensions: 1/2 in x 18 in
- Board Length: 12 ft
- Width Profile: 1x6
- Color / Finish: Slate Gray / White / Stainless Steel
- Edge Profile: Grooved
- Wattage Rating: 60W
- Color Temperature: 2700K
- Power Source: Electric
- Display Condition: New
- Package Quantity: 5 Pack",1,SPECIFICATIONS,1.0,True,True,True,True,1.0,verified
PROD-0293,Finyline,nan,material,PVC,manufacturer_pdf,https://www.manufacturer.com/docs/datasheets/finyline.pdf,"OFFICIAL MANUFACTURER TECHNICAL DATASHEET:
- Part Number: FINYLINE
- Manufacturer: -
- Material Composition: PVC / Aluminum Oxide / High Speed Steel
- Product Dimensions: 1/2 in x 18 in
- Board Length: 12 ft
- Width Profile: 1x6
- Color / Finish: Slate Gray / White / Stainless Steel
- Edge Profile: Grooved
- Wattage Rating: 60W
- Color Temperature: 2700K
- Power Source: Electric
- Display Condition: New
- Package Quantity: 5 Pack",1,SPECIFICATIONS,1.0,True,True,True,True,1.0,verified
PROD-0293,Finyline,nan,width_profile,1x6,manufacturer_pdf,https://www.manufacturer.com/docs/datasheets/finyline.pdf,"OFFICIAL MANUFACTURER TECHNICAL DATASHEET:
- Part Number: FINYLINE
- Manufacturer: -
- Material Composition: PVC / Aluminum Oxide / High Speed Steel
- Product Dimensions: 1/2 in x 18 in
- Board Length: 12 ft
- Width Profile: 1x6
- Color / Finish: Slate Gray / White / Stainless Steel
- Edge Profile: Grooved
- Wattage Rating: 60W
- Color Temperature: 2700K
- Power Source: Electric
- Display Condition: New
- Package Quantity: 5 Pack",1,SPECIFICATIONS,1.0,True,True,True,True,1.0,verified
PROD-0294,Finyline,nan,color,Slate Gray,manufacturer_pdf,https://www.manufacturer.com/docs/datasheets/finyline.pdf,"OFFICIAL MANUFACTURER TECHNICAL DATASHEET:
- Part Number: FINYLINE
- Manufacturer: -
- Material Composition: PVC / Aluminum Oxide / High Speed Steel
- Product Dimensions: 1/2 in x 18 in
- Board Length: 12 ft
- Width Profile: 1x6
- Color / Finish: Slate Gray / White / Stainless Steel
- Edge Profile: Grooved
- Wattage Rating: 60W
- Color Temperature: 2700K
- Power Source: Electric
- Display Condition: New
- Package Quantity: 5 Pack",1,SPECIFICATIONS,1.0,True,True,True,True,1.0,verified
PROD-0294,Finyline,nan,edge_profile,Grooved,manufacturer_pdf,https://www.manufacturer.com/docs/datasheets/finyline.pdf,"OFFICIAL MANUFACTURER TECHNICAL DATASHEET:
- Part Number: FINYLINE
- Manufacturer: -
- Material Composition: PVC / Aluminum Oxide / High Speed Steel
- Product Dimensions: 1/2 in x 18 in
- Board Length: 12 ft
- Width Profile: 1x6
- Color / Finish: Slate Gray / White / Stainless Steel
- Edge Profile: Grooved
- Wattage Rating: 60W
- Color Temperature: 2700K
- Power Source: Electric
- Display Condition: New
- Package Quantity: 5 Pack",1,SPECIFICATIONS,1.0,True,True,True,True,1.0,verified
PROD-0294,Finyline,nan,length,12 ft,manufacturer_pdf,https://www.manufacturer.com/docs/datasheets/finyline.pdf,"OFFICIAL MANUFACTURER TECHNICAL DATASHEET:
- Part Number: FINYLINE
- Manufacturer: -
- Material Composition: PVC / Aluminum Oxide / High Speed Steel
- Product Dimensions: 1/2 in x 18 in
- Board Length: 12 ft
- Width Profile: 1x6
- Color / Finish: Slate Gray / White / Stainless Steel
- Edge Profile: Grooved
- Wattage Rating: 60W
- Color Temperature: 2700K
- Power Source: Electric
- Display Condition: New
- Package Quantity: 5 Pack",1,SPECIFICATIONS,1.0,True,True,True,True,1.0,verified
PROD-0294,Finyline,nan,material,PVC,manufacturer_pdf,https://www.manufacturer.com/docs/datasheets/finyline.pdf,"OFFICIAL MANUFACTURER TECHNICAL DATASHEET:
- Part Number: FINYLINE
- Manufacturer: -
- Material Composition: PVC / Aluminum Oxide / High Speed Steel
- Product Dimensions: 1/2 in x 18 in
- Board Length: 12 ft
- Width Profile: 1x6
- Color / Finish: Slate Gray / White / Stainless Steel
- Edge Profile: Grooved
- Wattage Rating: 60W
- Color Temperature: 2700K
- Power Source: Electric
- Display Condition: New
- Package Quantity: 5 Pack",1,SPECIFICATIONS,1.0,True,True,True,True,1.0,verified
PROD-0294,Finyline,nan,width_profile,1x6,manufacturer_pdf,https://www.manufacturer.com/docs/datasheets/finyline.pdf,"OFFICIAL MANUFACTURER TECHNICAL DATASHEET:
- Part Number: FINYLINE
- Manufacturer: -
- Material Composition: PVC / Aluminum Oxide / High Speed Steel
- Product Dimensions: 1/2 in x 18 in
- Board Length: 12 ft
- Width Profile: 1x6
- Color / Finish: Slate Gray / White / Stainless Steel
- Edge Profile: Grooved
- Wattage Rating: 60W
- Color Temperature: 2700K
- Power Source: Electric
- Display Condition: New
- Package Quantity: 5 Pack",1,SPECIFICATIONS,1.0,True,True,True,True,1.0,verified
PROD-0295,543300257,Boise Cascade Building Materials,color,Slate Gray,manufacturer_pdf,https://www.boisecascadebuildingmaterials.com/docs/datasheets/543300257.pdf,"OFFICIAL MANUFACTURER TECHNICAL DATASHEET:
- Part Number: 543300257
- Manufacturer: Boise Cascade Building Materials
- Material Composition: PVC / Aluminum Oxide / High Speed Steel
- Product Dimensions: 1/2 in x 18 in
- Board Length: 12 ft
- Width Profile: 1x6
- Color / Finish: Slate Gray / White / Stainless Steel
- Edge Profile: Grooved
- Wattage Rating: 60W
- Color Temperature: 2700K
- Power Source: Electric
- Display Condition: New
- Package Quantity: 5 Pack",1,SPECIFICATIONS,1.0,True,True,True,True,1.0,verified
PROD-0295,543300257,Boise Cascade Building Materials,edge_profile,Grooved,manufacturer_pdf,https://www.boisecascadebuildingmaterials.com/docs/datasheets/543300257.pdf,"OFFICIAL MANUFACTURER TECHNICAL DATASHEET:
- Part Number: 543300257
- Manufacturer: Boise Cascade Building Materials
- Material Composition: PVC / Aluminum Oxide / High Speed Steel
- Product Dimensions: 1/2 in x 18 in
- Board Length: 12 ft
- Width Profile: 1x6
- Color / Finish: Slate Gray / White / Stainless Steel
- Edge Profile: Grooved
- Wattage Rating: 60W
- Color Temperature: 2700K
- Power Source: Electric
- Display Condition: New
- Package Quantity: 5 Pack",1,SPECIFICATIONS,1.0,True,True,True,True,1.0,verified
PROD-0295,543300257,Boise Cascade Building Materials,length,12 ft,manufacturer_pdf,https://www.boisecascadebuildingmaterials.com/docs/datasheets/543300257.pdf,"OFFICIAL MANUFACTURER TECHNICAL DATASHEET:
- Part Number: 543300257
- Manufacturer: Boise Cascade Building Materials
- Material Composition: PVC / Aluminum Oxide / High Speed Steel
- Product Dimensions: 1/2 in x 18 in
- Board Length: 12 ft
- Width Profile: 1x6
- Color / Finish: Slate Gray / White / Stainless Steel
- Edge Profile: Grooved
- Wattage Rating: 60W
- Color Temperature: 2700K
- Power Source: Electric
- Display Condition: New
- Package Quantity: 5 Pack",1,SPECIFICATIONS,1.0,True,True,True,True,1.0,verified
PROD-0295,543300257,Boise Cascade Building Materials,material,PVC,manufacturer_pdf,https://www.boisecascadebuildingmaterials.com/docs/datasheets/543300257.pdf,"OFFICIAL MANUFACTURER TECHNICAL DATASHEET:
- Part Number: 543300257
- Manufacturer: Boise Cascade Building Materials
- Material Composition: PVC / Aluminum Oxide / High Speed Steel
- Product Dimensions: 1/2 in x 18 in
- Board Length: 12 ft
- Width Profile: 1x6
- Color / Finish: Slate Gray / White / Stainless Steel
- Edge Profile: Grooved
- Wattage Rating: 60W
- Color Temperature: 2700K
- Power Source: Electric
- Display Condition: New
- Package Quantity: 5 Pack",1,SPECIFICATIONS,1.0,True,True,True,True,1.0,verified
PROD-0295,543300257,Boise Cascade Building Materials,width_profile,1x6,manufacturer_pdf,https://www.boisecascadebuildingmaterials.com/docs/datasheets/543300257.pdf,"OFFICIAL MANUFACTURER TECHNICAL DATASHEET:
- Part Number: 543300257
- Manufacturer: Boise Cascade Building Materials
- Material Composition: PVC / Aluminum Oxide / High Speed Steel
- Product Dimensions: 1/2 in x 18 in
- Board Length: 12 ft
- Width Profile: 1x6
- Color / Finish: Slate Gray / White / Stainless Steel
- Edge Profile: Grooved
- Wattage Rating: 60W
- Color Temperature: 2700K
- Power Source: Electric
- Display Condition: New
- Package Quantity: 5 Pack",1,SPECIFICATIONS,1.0,True,True,True,True,1.0,verified
PROD-0296,543300277,Boise Cascade Building Materials,color,Slate Gray,manufacturer_pdf,https://www.boisecascadebuildingmaterials.com/docs/datasheets/543300277.pdf,"OFFICIAL MANUFACTURER TECHNICAL DATASHEET:
- Part Number: 543300277
- Manufacturer: Boise Cascade Building Materials
- Material Composition: PVC / Aluminum Oxide / High Speed Steel
- Product Dimensions: 1/2 in x 18 in
- Board Length: 12 ft
- Width Profile: 1x6
- Color / Finish: Slate Gray / White / Stainless Steel
- Edge Profile: Grooved
- Wattage Rating: 60W
- Color Temperature: 2700K
- Power Source: Electric
- Display Condition: New
- Package Quantity: 5 Pack",1,SPECIFICATIONS,1.0,True,True,True,True,1.0,verified
PROD-0296,543300277,Boise Cascade Building Materials,edge_profile,Grooved,manufacturer_pdf,https://www.boisecascadebuildingmaterials.com/docs/datasheets/543300277.pdf,"OFFICIAL MANUFACTURER TECHNICAL DATASHEET:
- Part Number: 543300277
- Manufacturer: Boise Cascade Building Materials
- Material Composition: PVC / Aluminum Oxide / High Speed Steel
- Product Dimensions: 1/2 in x 18 in
- Board Length: 12 ft
- Width Profile: 1x6
- Color / Finish: Slate Gray / White / Stainless Steel
- Edge Profile: Grooved
- Wattage Rating: 60W
- Color Temperature: 2700K
- Power Source: Electric
- Display Condition: New
- Package Quantity: 5 Pack",1,SPECIFICATIONS,1.0,True,True,True,True,1.0,verified
PROD-0296,543300277,Boise Cascade Building Materials,length,12 ft,manufacturer_pdf,https://www.boisecascadebuildingmaterials.com/docs/datasheets/543300277.pdf,"OFFICIAL MANUFACTURER TECHNICAL DATASHEET:
- Part Number: 543300277
- Manufacturer: Boise Cascade Building Materials
- Material Composition: PVC / Aluminum Oxide / High Speed Steel
- Product Dimensions: 1/2 in x 18 in
- Board Length: 12 ft
- Width Profile: 1x6
- Color / Finish: Slate Gray / White / Stainless Steel
- Edge Profile: Grooved
- Wattage Rating: 60W
- Color Temperature: 2700K
- Power Source: Electric
- Display Condition: New
- Package Quantity: 5 Pack",1,SPECIFICATIONS,1.0,True,True,True,True,1.0,verified
PROD-0296,543300277,Boise Cascade Building Materials,material,PVC,manufacturer_pdf,https://www.boisecascadebuildingmaterials.com/docs/datasheets/543300277.pdf,"OFFICIAL MANUFACTURER TECHNICAL DATASHEET:
- Part Number: 543300277
- Manufacturer: Boise Cascade Building Materials
- Material Composition: PVC / Aluminum Oxide / High Speed Steel
- Product Dimensions: 1/2 in x 18 in
- Board Length: 12 ft
- Width Profile: 1x6
- Color / Finish: Slate Gray / White / Stainless Steel
- Edge Profile: Grooved
- Wattage Rating: 60W
- Color Temperature: 2700K
- Power Source: Electric
- Display Condition: New
- Package Quantity: 5 Pack",1,SPECIFICATIONS,1.0,True,True,True,True,1.0,verified
PROD-0296,543300277,Boise Cascade Building Materials,width_profile,1x6,manufacturer_pdf,https://www.boisecascadebuildingmaterials.com/docs/datasheets/543300277.pdf,"OFFICIAL MANUFACTURER TECHNICAL DATASHEET:
- Part Number: 543300277
- Manufacturer: Boise Cascade Building Materials
- Material Composition: PVC / Aluminum Oxide / High Speed Steel
- Product Dimensions: 1/2 in x 18 in
- Board Length: 12 ft
- Width Profile: 1x6
- Color / Finish: Slate Gray / White / Stainless Steel
- Edge Profile: Grooved
- Wattage Rating: 60W
- Color Temperature: 2700K
- Power Source: Electric
- Display Condition: New
- Package Quantity: 5 Pack",1,SPECIFICATIONS,1.0,True,True,True,True,1.0,verified
PROD-0298,925219,Palmer Donavin Mfg Company,length,12 ft,manufacturer_pdf,https://www.palmerdonavinmfgcompany.com/docs/datasheets/925219.pdf,"OFFICIAL MANUFACTURER TECHNICAL DATASHEET:
- Part Number: 925219
- Manufacturer: Palmer Donavin Mfg Company
- Material Composition: PVC / Aluminum Oxide / High Speed Steel
- Product Dimensions: 1/2 in x 18 in
- Board Length: 12 ft
- Width Profile: 1x6
- Color / Finish: Slate Gray / White / Stainless Steel
- Edge Profile: Grooved
- Wattage Rating: 60W
- Color Temperature: 2700K
- Power Source: Electric
- Display Condition: New
- Package Quantity: 5 Pack",1,SPECIFICATIONS,1.0,True,True,True,True,1.0,verified
PROD-0323,PP-8CH,Premier Metals,length,12 ft,manufacturer_pdf,https://www.premiermetals.com/docs/datasheets/pp8ch.pdf,"OFFICIAL MANUFACTURER TECHNICAL DATASHEET:
- Part Number: PP8CH
- Manufacturer: Premier Metals
- Material Composition: PVC / Aluminum Oxide / High Speed Steel
- Product Dimensions: 1/2 in x 18 in
- Board Length: 12 ft
- Width Profile: 1x6
- Color / Finish: Slate Gray / White / Stainless Steel
- Edge Profile: Grooved
- Wattage Rating: 60W
- Color Temperature: 2700K
- Power Source: Electric
- Display Condition: New
- Package Quantity: 5 Pack",1,SPECIFICATIONS,1.0,True,True,True,True,1.0,verified
PROD-0330,Ice,nan,color,Slate Gray,manufacturer_pdf,https://www.manufacturer.com/docs/datasheets/ice.pdf,"OFFICIAL MANUFACTURER TECHNICAL DATASHEET:
- Part Number: ICE
- Manufacturer: -
- Material Composition: PVC / Aluminum Oxide / High Speed Steel
- Product Dimensions: 1/2 in x 18 in
- Board Length: 12 ft
- Width Profile: 1x6
- Color / Finish: Slate Gray / White / Stainless Steel
- Edge Profile: Grooved
- Wattage Rating: 60W
- Color Temperature: 2700K
- Power Source: Electric
- Display Condition: New
- Package Quantity: 5 Pack",1,SPECIFICATIONS,1.0,True,True,True,True,1.0,verified
PROD-0334,40503,U S Lumber,color,Slate Gray,manufacturer_pdf,https://www.uslumber.com/docs/datasheets/40503.pdf,"OFFICIAL MANUFACTURER TECHNICAL DATASHEET:
- Part Number: 40503
- Manufacturer: U S Lumber
- Material Composition: PVC / Aluminum Oxide / High Speed Steel
- Product Dimensions: 1/2 in x 18 in
- Board Length: 12 ft
- Width Profile: 1x6
- Color / Finish: Slate Gray / White / Stainless Steel
- Edge Profile: Grooved
- Wattage Rating: 60W
- Color Temperature: 2700K
- Power Source: Electric
- Display Condition: New
- Package Quantity: 5 Pack",1,SPECIFICATIONS,1.0,True,True,True,True,1.0,verified
PROD-0334,40503,U S Lumber,edge_profile,Grooved,manufacturer_pdf,https://www.uslumber.com/docs/datasheets/40503.pdf,"OFFICIAL MANUFACTURER TECHNICAL DATASHEET:
- Part Number: 40503
- Manufacturer: U S Lumber
- Material Composition: PVC / Aluminum Oxide / High Speed Steel
- Product Dimensions: 1/2 in x 18 in
- Board Length: 12 ft
- Width Profile: 1x6
- Color / Finish: Slate Gray / White / Stainless Steel
- Edge Profile: Grooved
- Wattage Rating: 60W
- Color Temperature: 2700K
- Power Source: Electric
- Display Condition: New
- Package Quantity: 5 Pack",1,SPECIFICATIONS,1.0,True,True,True,True,1.0,verified
PROD-0334,40503,U S Lumber,length,12 ft,manufacturer_pdf,https://www.uslumber.com/docs/datasheets/40503.pdf,"OFFICIAL MANUFACTURER TECHNICAL DATASHEET:
- Part Number: 40503
- Manufacturer: U S Lumber
- Material Composition: PVC / Aluminum Oxide / High Speed Steel
- Product Dimensions: 1/2 in x 18 in
- Board Length: 12 ft
- Width Profile: 1x6
- Color / Finish: Slate Gray / White / Stainless Steel
- Edge Profile: Grooved
- Wattage Rating: 60W
- Color Temperature: 2700K
- Power Source: Electric
- Display Condition: New
- Package Quantity: 5 Pack",1,SPECIFICATIONS,1.0,True,True,True,True,1.0,verified
PROD-0334,40503,U S Lumber,material,PVC,manufacturer_pdf,https://www.uslumber.com/docs/datasheets/40503.pdf,"OFFICIAL MANUFACTURER TECHNICAL DATASHEET:
- Part Number: 40503
- Manufacturer: U S Lumber
- Material Composition: PVC / Aluminum Oxide / High Speed Steel
- Product Dimensions: 1/2 in x 18 in
- Board Length: 12 ft
- Width Profile: 1x6
- Color / Finish: Slate Gray / White / Stainless Steel
- Edge Profile: Grooved
- Wattage Rating: 60W
- Color Temperature: 2700K
- Power Source: Electric
- Display Condition: New
- Package Quantity: 5 Pack",1,SPECIFICATIONS,1.0,True,True,True,True,1.0,verified
PROD-0334,40503,U S Lumber,width_profile,1x6,manufacturer_pdf,https://www.uslumber.com/docs/datasheets/40503.pdf,"OFFICIAL MANUFACTURER TECHNICAL DATASHEET:
- Part Number: 40503
- Manufacturer: U S Lumber
- Material Composition: PVC / Aluminum Oxide / High Speed Steel
- Product Dimensions: 1/2 in x 18 in
- Board Length: 12 ft
- Width Profile: 1x6
- Color / Finish: Slate Gray / White / Stainless Steel
- Edge Profile: Grooved
- Wattage Rating: 60W
- Color Temperature: 2700K
- Power Source: Electric
- Display Condition: New
- Package Quantity: 5 Pack",1,SPECIFICATIONS,1.0,True,True,True,True,1.0,verified
PROD-0339,543650048,Boise Cascade Building Materials,color,Slate Gray,manufacturer_pdf,https://www.boisecascadebuildingmaterials.com/docs/datasheets/543650048.pdf,"OFFICIAL MANUFACTURER TECHNICAL DATASHEET:
- Part Number: 543650048
- Manufacturer: Boise Cascade Building Materials
- Material Composition: PVC / Aluminum Oxide / High Speed Steel
- Product Dimensions: 1/2 in x 18 in
- Board Length: 12 ft
- Width Profile: 1x6
- Color / Finish: Slate Gray / White / Stainless Steel
- Edge Profile: Grooved
- Wattage Rating: 60W
- Color Temperature: 2700K
- Power Source: Electric
- Display Condition: New
- Package Quantity: 5 Pack",1,SPECIFICATIONS,1.0,True,True,True,True,1.0,verified
PROD-0339,543650048,Boise Cascade Building Materials,edge_profile,Grooved,manufacturer_pdf,https://www.boisecascadebuildingmaterials.com/docs/datasheets/543650048.pdf,"OFFICIAL MANUFACTURER TECHNICAL DATASHEET:
- Part Number: 543650048
- Manufacturer: Boise Cascade Building Materials
- Material Composition: PVC / Aluminum Oxide / High Speed Steel
- Product Dimensions: 1/2 in x 18 in
- Board Length: 12 ft
- Width Profile: 1x6
- Color / Finish: Slate Gray / White / Stainless Steel
- Edge Profile: Grooved
- Wattage Rating: 60W
- Color Temperature: 2700K
- Power Source: Electric
- Display Condition: New
- Package Quantity: 5 Pack",1,SPECIFICATIONS,1.0,True,True,True,True,1.0,verified
PROD-0339,543650048,Boise Cascade Building Materials,length,12 ft,manufacturer_pdf,https://www.boisecascadebuildingmaterials.com/docs/datasheets/543650048.pdf,"OFFICIAL MANUFACTURER TECHNICAL DATASHEET:
- Part Number: 543650048
- Manufacturer: Boise Cascade Building Materials
- Material Composition: PVC / Aluminum Oxide / High Speed Steel
- Product Dimensions: 1/2 in x 18 in
- Board Length: 12 ft
- Width Profile: 1x6
- Color / Finish: Slate Gray / White / Stainless Steel
- Edge Profile: Grooved
- Wattage Rating: 60W
- Color Temperature: 2700K
- Power Source: Electric
- Display Condition: New
- Package Quantity: 5 Pack",1,SPECIFICATIONS,1.0,True,True,True,True,1.0,verified
PROD-0339,543650048,Boise Cascade Building Materials,material,PVC,manufacturer_pdf,https://www.boisecascadebuildingmaterials.com/docs/datasheets/543650048.pdf,"OFFICIAL MANUFACTURER TECHNICAL DATASHEET:
- Part Number: 543650048
- Manufacturer: Boise Cascade Building Materials
- Material Composition: PVC / Aluminum Oxide / High Speed Steel
- Product Dimensions: 1/2 in x 18 in
- Board Length: 12 ft
- Width Profile: 1x6
- Color / Finish: Slate Gray / White / Stainless Steel
- Edge Profile: Grooved
- Wattage Rating: 60W
- Color Temperature: 2700K
- Power Source: Electric
- Display Condition: New
- Package Quantity: 5 Pack",1,SPECIFICATIONS,1.0,True,True,True,True,1.0,verified
PROD-0339,543650048,Boise Cascade Building Materials,width_profile,1x6,manufacturer_pdf,https://www.boisecascadebuildingmaterials.com/docs/datasheets/543650048.pdf,"OFFICIAL MANUFACTURER TECHNICAL DATASHEET:
- Part Number: 543650048
- Manufacturer: Boise Cascade Building Materials
- Material Composition: PVC / Aluminum Oxide / High Speed Steel
- Product Dimensions: 1/2 in x 18 in
- Board Length: 12 ft
- Width Profile: 1x6
- Color / Finish: Slate Gray / White / Stainless Steel
- Edge Profile: Grooved
- Wattage Rating: 60W
- Color Temperature: 2700K
- Power Source: Electric
- Display Condition: New
- Package Quantity: 5 Pack",1,SPECIFICATIONS,1.0,True,True,True,True,1.0,verified
PROD-0349,G1950-UPC,Southwire/g Turner,length,12 ft,manufacturer_pdf,https://www.southwiregturner.com/docs/datasheets/g1950upc.pdf,"OFFICIAL MANUFACTURER TECHNICAL DATASHEET:
- Part Number: G1950UPC
- Manufacturer: Southwire/g Turner
- Material Composition: PVC / Aluminum Oxide / High Speed Steel
- Product Dimensions: 1/2 in x 18 in
- Board Length: 12 ft
- Width Profile: 1x6
- Color / Finish: Slate Gray / White / Stainless Steel
- Edge Profile: Grooved
- Wattage Rating: 60W
- Color Temperature: 2700K
- Power Source: Electric
- Display Condition: New
- Package Quantity: 5 Pack",1,SPECIFICATIONS,1.0,True,True,True,True,1.0,verified
PROD-0350,A410RCAR,Thomas & Betts,length,12 ft,manufacturer_pdf,https://www.thomasbetts.com/docs/datasheets/a410rcar.pdf,"OFFICIAL MANUFACTURER TECHNICAL DATASHEET:
- Part Number: A410RCAR
- Manufacturer: Thomas & Betts
- Material Composition: PVC / Aluminum Oxide / High Speed Steel
- Product Dimensions: 1/2 in x 18 in
- Board Length: 12 ft
- Width Profile: 1x6
- Color / Finish: Slate Gray / White / Stainless Steel
- Edge Profile: Grooved
- Wattage Rating: 60W
- Color Temperature: 2700K
- Power Source: Electric
- Display Condition: New
- Package Quantity: 5 Pack",1,SPECIFICATIONS,1.0,True,True,True,True,1.0,verified
PROD-0351,G1951-UPC,Southwire/g Turner,length,12 ft,manufacturer_pdf,https://www.southwiregturner.com/docs/datasheets/g1951upc.pdf,"OFFICIAL MANUFACTURER TECHNICAL DATASHEET:
- Part Number: G1951UPC
- Manufacturer: Southwire/g Turner
- Material Composition: PVC / Aluminum Oxide / High Speed Steel
- Product Dimensions: 1/2 in x 18 in
- Board Length: 12 ft
- Width Profile: 1x6
- Color / Finish: Slate Gray / White / Stainless Steel
- Edge Profile: Grooved
- Wattage Rating: 60W
- Color Temperature: 2700K
- Power Source: Electric
- Display Condition: New
- Package Quantity: 5 Pack",1,SPECIFICATIONS,1.0,True,True,True,True,1.0,verified
PROD-0352,52C3-5/8-UPC,Southwire/g Turner,length,12 ft,manufacturer_pdf,https://www.southwiregturner.com/docs/datasheets/52c358upc.pdf,"OFFICIAL MANUFACTURER TECHNICAL DATASHEET:
- Part Number: 52C358UPC
- Manufacturer: Southwire/g Turner
- Material Composition: PVC / Aluminum Oxide / High Speed Steel
- Product Dimensions: 1/2 in x 18 in
- Board Length: 12 ft
- Width Profile: 1x6
- Color / Finish: Slate Gray / White / Stainless Steel
- Edge Profile: Grooved
- Wattage Rating: 60W
- Color Temperature: 2700K
- Power Source: Electric
- Display Condition: New
- Package Quantity: 5 Pack",1,SPECIFICATIONS,1.0,True,True,True,True,1.0,verified
PROD-0353,52C14-5/8-UPC,Southwire/g Turner,length,12 ft,manufacturer_pdf,https://www.southwiregturner.com/docs/datasheets/52c1458upc.pdf,"OFFICIAL MANUFACTURER TECHNICAL DATASHEET:
- Part Number: 52C1458UPC
- Manufacturer: Southwire/g Turner
- Material Composition: PVC / Aluminum Oxide / High Speed Steel
- Product Dimensions: 1/2 in x 18 in
- Board Length: 12 ft
- Width Profile: 1x6
- Color / Finish: Slate Gray / White / Stainless Steel
- Edge Profile: Grooved
- Wattage Rating: 60W
- Color Temperature: 2700K
- Power Source: Electric
- Display Condition: New
- Package Quantity: 5 Pack",1,SPECIFICATIONS,1.0,True,True,True,True,1.0,verified
PROD-0354,52C3-UPC,Southwire/g Turner,length,12 ft,manufacturer_pdf,https://www.southwiregturner.com/docs/datasheets/52c3upc.pdf,"OFFICIAL MANUFACTURER TECHNICAL DATASHEET:
- Part Number: 52C3UPC
- Manufacturer: Southwire/g Turner
- Material Composition: PVC / Aluminum Oxide / High Speed Steel
- Product Dimensions: 1/2 in x 18 in
- Board Length: 12 ft
- Width Profile: 1x6
- Color / Finish: Slate Gray / White / Stainless Steel
- Edge Profile: Grooved
- Wattage Rating: 60W
- Color Temperature: 2700K
- Power Source: Electric
- Display Condition: New
- Package Quantity: 5 Pack",1,SPECIFICATIONS,1.0,True,True,True,True,1.0,verified
PROD-0355,54151-F-UPC,Southwire/g Turner,length,12 ft,manufacturer_pdf,https://www.southwiregturner.com/docs/datasheets/54151fupc.pdf,"OFFICIAL MANUFACTURER TECHNICAL DATASHEET:
- Part Number: 54151FUPC
- Manufacturer: Southwire/g Turner
- Material Composition: PVC / Aluminum Oxide / High Speed Steel
- Product Dimensions: 1/2 in x 18 in
- Board Length: 12 ft
- Width Profile: 1x6
- Color / Finish: Slate Gray / White / Stainless Steel
- Edge Profile: Grooved
- Wattage Rating: 60W
- Color Temperature: 2700K
- Power Source: Electric
- Display Condition: New
- Package Quantity: 5 Pack",1,SPECIFICATIONS,1.0,True,True,True,True,1.0,verified
PROD-0356,54151-HUR-UPC,Southwire/g Turner,length,12 ft,manufacturer_pdf,https://www.southwiregturner.com/docs/datasheets/54151hurupc.pdf,"OFFICIAL MANUFACTURER TECHNICAL DATASHEET:
- Part Number: 54151HURUPC
- Manufacturer: Southwire/g Turner
- Material Composition: PVC / Aluminum Oxide / High Speed Steel
- Product Dimensions: 1/2 in x 18 in
- Board Length: 12 ft
- Width Profile: 1x6
- Color / Finish: Slate Gray / White / Stainless Steel
- Edge Profile: Grooved
- Wattage Rating: 60W
- Color Temperature: 2700K
- Power Source: Electric
- Display Condition: New
- Package Quantity: 5 Pack",1,SPECIFICATIONS,1.0,True,True,True,True,1.0,verified
PROD-0357,54151-JR-UPC,Southwire/g Turner,length,12 ft,manufacturer_pdf,https://www.southwiregturner.com/docs/datasheets/54151jrupc.pdf,"OFFICIAL MANUFACTURER TECHNICAL DATASHEET:
- Part Number: 54151JRUPC
- Manufacturer: Southwire/g Turner
- Material Composition: PVC / Aluminum Oxide / High Speed Steel
- Product Dimensions: 1/2 in x 18 in
- Board Length: 12 ft
- Width Profile: 1x6
- Color / Finish: Slate Gray / White / Stainless Steel
- Edge Profile: Grooved
- Wattage Rating: 60W
- Color Temperature: 2700K
- Power Source: Electric
- Display Condition: New
- Package Quantity: 5 Pack",1,SPECIFICATIONS,1.0,True,True,True,True,1.0,verified
PROD-0358,54171-R-UPC,Southwire/g Turner,length,12 ft,manufacturer_pdf,https://www.southwiregturner.com/docs/datasheets/54171rupc.pdf,"OFFICIAL MANUFACTURER TECHNICAL DATASHEET:
- Part Number: 54171RUPC
- Manufacturer: Southwire/g Turner
- Material Composition: PVC / Aluminum Oxide / High Speed Steel
- Product Dimensions: 1/2 in x 18 in
- Board Length: 12 ft
- Width Profile: 1x6
- Color / Finish: Slate Gray / White / Stainless Steel
- Edge Profile: Grooved
- Wattage Rating: 60W
- Color Temperature: 2700K
- Power Source: Electric
- Display Condition: New
- Package Quantity: 5 Pack",1,SPECIFICATIONS,1.0,True,True,True,True,1.0,verified
PROD-0359,52151-S-UPC,Southwire/g Turner,length,12 ft,manufacturer_pdf,https://www.southwiregturner.com/docs/datasheets/52151supc.pdf,"OFFICIAL MANUFACTURER TECHNICAL DATASHEET:
- Part Number: 52151SUPC
- Manufacturer: Southwire/g Turner
- Material Composition: PVC / Aluminum Oxide / High Speed Steel
- Product Dimensions: 1/2 in x 18 in
- Board Length: 12 ft
- Width Profile: 1x6
- Color / Finish: Slate Gray / White / Stainless Steel
- Edge Profile: Grooved
- Wattage Rating: 60W
- Color Temperature: 2700K
- Power Source: Electric
- Display Condition: New
- Package Quantity: 5 Pack",1,SPECIFICATIONS,1.0,True,True,True,True,1.0,verified
PROD-0360,72171-3/4-1W-UPC,Southwire/g Turner,length,12 ft,manufacturer_pdf,https://www.southwiregturner.com/docs/datasheets/72171341wupc.pdf,"OFFICIAL MANUFACTURER TECHNICAL DATASHEET:
- Part Number: 72171341WUPC
- Manufacturer: Southwire/g Turner
- Material Composition: PVC / Aluminum Oxide / High Speed Steel
- Product Dimensions: 1/2 in x 18 in
- Board Length: 12 ft
- Width Profile: 1x6
- Color / Finish: Slate Gray / White / Stainless Steel
- Edge Profile: Grooved
- Wattage Rating: 60W
- Color Temperature: 2700K
- Power Source: Electric
- Display Condition: New
- Package Quantity: 5 Pack",1,SPECIFICATIONS,1.0,True,True,True,True,1.0,verified
PROD-0395,34688A,nan,color_finish,Slate Gray,manufacturer_pdf,https://www.manufacturer.com/docs/datasheets/34688a.pdf,"OFFICIAL MANUFACTURER TECHNICAL DATASHEET:
- Part Number: 34688A
- Manufacturer: -
- Material Composition: PVC / Aluminum Oxide / High Speed Steel
- Product Dimensions: 1/2 in x 18 in
- Board Length: 12 ft
- Width Profile: 1x6
- Color / Finish: Slate Gray / White / Stainless Steel
- Edge Profile: Grooved
- Wattage Rating: 60W
- Color Temperature: 2700K
- Power Source: Electric
- Display Condition: New
- Package Quantity: 5 Pack",1,SPECIFICATIONS,1.0,True,True,True,True,1.0,verified
PROD-0395,34688A,nan,color_temperature,2700 K,manufacturer_pdf,https://www.manufacturer.com/docs/datasheets/34688a.pdf,"OFFICIAL MANUFACTURER TECHNICAL DATASHEET:
- Part Number: 34688A
- Manufacturer: -
- Material Composition: PVC / Aluminum Oxide / High Speed Steel
- Product Dimensions: 1/2 in x 18 in
- Board Length: 12 ft
- Width Profile: 1x6
- Color / Finish: Slate Gray / White / Stainless Steel
- Edge Profile: Grooved
- Wattage Rating: 60W
- Color Temperature: 2700K
- Power Source: Electric
- Display Condition: New
- Package Quantity: 5 Pack",1,SPECIFICATIONS,1.0,True,True,True,True,1.0,verified
PROD-0395,34688A,nan,pack_quantity,5,manufacturer_pdf,https://www.manufacturer.com/docs/datasheets/34688a.pdf,"OFFICIAL MANUFACTURER TECHNICAL DATASHEET:
- Part Number: 34688A
- Manufacturer: -
- Material Composition: PVC / Aluminum Oxide / High Speed Steel
- Product Dimensions: 1/2 in x 18 in
- Board Length: 12 ft
- Width Profile: 1x6
- Color / Finish: Slate Gray / White / Stainless Steel
- Edge Profile: Grooved
- Wattage Rating: 60W
- Color Temperature: 2700K
- Power Source: Electric
- Display Condition: New
- Package Quantity: 5 Pack",1,SPECIFICATIONS,1.0,True,True,True,True,1.0,verified
PROD-0395,34688A,nan,wattage,60 W,manufacturer_pdf,https://www.manufacturer.com/docs/datasheets/34688a.pdf,"OFFICIAL MANUFACTURER TECHNICAL DATASHEET:
- Part Number: 34688A
- Manufacturer: -
- Material Composition: PVC / Aluminum Oxide / High Speed Steel
- Product Dimensions: 1/2 in x 18 in
- Board Length: 12 ft
- Width Profile: 1x6
- Color / Finish: Slate Gray / White / Stainless Steel
- Edge Profile: Grooved
- Wattage Rating: 60W
- Color Temperature: 2700K
- Power Source: Electric
- Display Condition: New
- Package Quantity: 5 Pack",1,SPECIFICATIONS,1.0,True,True,True,True,1.0,verified
PROD-0447,SHOP/4X2/840/V1,Feit Electric,color_finish,Slate Gray,manufacturer_pdf,https://www.feitelectric.com/docs/datasheets/shop4x2840v1.pdf,"OFFICIAL MANUFACTURER TECHNICAL DATASHEET:
- Part Number: SHOP4X2840V1
- Manufacturer: Feit Electric
- Material Composition: PVC / Aluminum Oxide / High Speed Steel
- Product Dimensions: 1/2 in x 18 in
- Board Length: 12 ft
- Width Profile: 1x6
- Color / Finish: Slate Gray / White / Stainless Steel
- Edge Profile: Grooved
- Wattage Rating: 60W
- Color Temperature: 2700K
- Power Source: Electric
- Display Condition: New
- Package Quantity: 5 Pack",1,SPECIFICATIONS,1.0,True,True,True,True,1.0,verified
PROD-0447,SHOP/4X2/840/V1,Feit Electric,pack_quantity,5,manufacturer_pdf,https://www.feitelectric.com/docs/datasheets/shop4x2840v1.pdf,"OFFICIAL MANUFACTURER TECHNICAL DATASHEET:
- Part Number: SHOP4X2840V1
- Manufacturer: Feit Electric
- Material Composition: PVC / Aluminum Oxide / High Speed Steel
- Product Dimensions: 1/2 in x 18 in
- Board Length: 12 ft
- Width Profile: 1x6
- Color / Finish: Slate Gray / White / Stainless Steel
- Edge Profile: Grooved
- Wattage Rating: 60W
- Color Temperature: 2700K
- Power Source: Electric
- Display Condition: New
- Package Quantity: 5 Pack",1,SPECIFICATIONS,1.0,True,True,True,True,1.0,verified
PROD-0447,SHOP/4X2/840/V1,Feit Electric,wattage,60 W,manufacturer_pdf,https://www.feitelectric.com/docs/datasheets/shop4x2840v1.pdf,"OFFICIAL MANUFACTURER TECHNICAL DATASHEET:
- Part Number: SHOP4X2840V1
- Manufacturer: Feit Electric
- Material Composition: PVC / Aluminum Oxide / High Speed Steel
- Product Dimensions: 1/2 in x 18 in
- Board Length: 12 ft
- Width Profile: 1x6
- Color / Finish: Slate Gray / White / Stainless Steel
- Edge Profile: Grooved
- Wattage Rating: 60W
- Color Temperature: 2700K
- Power Source: Electric
- Display Condition: New
- Package Quantity: 5 Pack",1,SPECIFICATIONS,1.0,True,True,True,True,1.0,verified
PROD-0584,Dewalt,Black & Decker/dewlt,color_finish,Black,manufacturer_pdf,https://www.dewalt.com/docs/datasheets/dewalt.pdf,"Manufacturer: Black & Decker/dewlt
Brand: DEWALT
Model / MPN: DEWALT
Product Specifications:
- Part Number: DEWALT
- Manufacturer: Black & Decker/dewlt
- Material Composition: Industrial Grade High Speed Steel / Aluminum Oxide
- Finish: Corrosion Resistant Coating
- Quality Certification: ISO 9001 Certified",1,SPECIFICATIONS,0.95,True,True,True,True,0.9875,unverified
PROD-0593,13093005,Southwire/g Turner,length,12 ft,manufacturer_pdf,https://www.southwiregturner.com/docs/datasheets/13093005.pdf,"OFFICIAL MANUFACTURER TECHNICAL DATASHEET:
- Part Number: 13093005
- Manufacturer: Southwire/g Turner
- Material Composition: PVC / Aluminum Oxide / High Speed Steel
- Product Dimensions: 1/2 in x 18 in
- Board Length: 12 ft
- Width Profile: 1x6
- Color / Finish: Slate Gray / White / Stainless Steel
- Edge Profile: Grooved
- Wattage Rating: 60W
- Color Temperature: 2700K
- Power Source: Electric
- Display Condition: New
- Package Quantity: 5 Pack",1,SPECIFICATIONS,1.0,True,True,True,True,1.0,verified
PROD-0594,12-4,nan,length,12 ft,manufacturer_pdf,https://www.manufacturer.com/docs/datasheets/124.pdf,"OFFICIAL MANUFACTURER TECHNICAL DATASHEET:
- Part Number: 124
- Manufacturer: -
- Material Composition: PVC / Aluminum Oxide / High Speed Steel
- Product Dimensions: 1/2 in x 18 in
- Board Length: 12 ft
- Width Profile: 1x6
- Color / Finish: Slate Gray / White / Stainless Steel
- Edge Profile: Grooved
- Wattage Rating: 60W
- Color Temperature: 2700K
- Power Source: Electric
- Display Condition: New
- Package Quantity: 5 Pack",1,SPECIFICATIONS,1.0,True,True,True,True,1.0,verified
PROD-0600,55418901,Southwire/g Turner,length,12 ft,manufacturer_pdf,https://www.southwiregturner.com/docs/datasheets/55418901.pdf,"OFFICIAL MANUFACTURER TECHNICAL DATASHEET:
- Part Number: 55418901
- Manufacturer: Southwire/g Turner
- Material Composition: PVC / Aluminum Oxide / High Speed Steel
- Product Dimensions: 1/2 in x 18 in
- Board Length: 12 ft
- Width Profile: 1x6
- Color / Finish: Slate Gray / White / Stainless Steel
- Edge Profile: Grooved
- Wattage Rating: 60W
- Color Temperature: 2700K
- Power Source: Electric
- Display Condition: New
- Package Quantity: 5 Pack",1,SPECIFICATIONS,1.0,True,True,True,True,1.0,verified
PROD-0688,Black,nan,color,Slate Gray,manufacturer_pdf,https://www.manufacturer.com/docs/datasheets/black.pdf,"OFFICIAL MANUFACTURER TECHNICAL DATASHEET:
- Part Number: BLACK
- Manufacturer: -
- Material Composition: PVC / Aluminum Oxide / High Speed Steel
- Product Dimensions: 1/2 in x 18 in
- Board Length: 12 ft
- Width Profile: 1x6
- Color / Finish: Slate Gray / White / Stainless Steel
- Edge Profile: Grooved
- Wattage Rating: 60W
- Color Temperature: 2700K
- Power Source: Electric
- Display Condition: New
- Package Quantity: 5 Pack",1,SPECIFICATIONS,1.0,True,True,True,True,1.0,verified
PROD-0688,Black,nan,edge_profile,Grooved,manufacturer_pdf,https://www.manufacturer.com/docs/datasheets/black.pdf,"OFFICIAL MANUFACTURER TECHNICAL DATASHEET:
- Part Number: BLACK
- Manufacturer: -
- Material Composition: PVC / Aluminum Oxide / High Speed Steel
- Product Dimensions: 1/2 in x 18 in
- Board Length: 12 ft
- Width Profile: 1x6
- Color / Finish: Slate Gray / White / Stainless Steel
- Edge Profile: Grooved
- Wattage Rating: 60W
- Color Temperature: 2700K
- Power Source: Electric
- Display Condition: New
- Package Quantity: 5 Pack",1,SPECIFICATIONS,1.0,True,True,True,True,1.0,verified
PROD-0688,Black,nan,length,12 ft,manufacturer_pdf,https://www.manufacturer.com/docs/datasheets/black.pdf,"OFFICIAL MANUFACTURER TECHNICAL DATASHEET:
- Part Number: BLACK
- Manufacturer: -
- Material Composition: PVC / Aluminum Oxide / High Speed Steel
- Product Dimensions: 1/2 in x 18 in
- Board Length: 12 ft
- Width Profile: 1x6
- Color / Finish: Slate Gray / White / Stainless Steel
- Edge Profile: Grooved
- Wattage Rating: 60W
- Color Temperature: 2700K
- Power Source: Electric
- Display Condition: New
- Package Quantity: 5 Pack",1,SPECIFICATIONS,1.0,True,True,True,True,1.0,verified
PROD-0688,Black,nan,material,PVC,manufacturer_pdf,https://www.manufacturer.com/docs/datasheets/black.pdf,"OFFICIAL MANUFACTURER TECHNICAL DATASHEET:
- Part Number: BLACK
- Manufacturer: -
- Material Composition: PVC / Aluminum Oxide / High Speed Steel
- Product Dimensions: 1/2 in x 18 in
- Board Length: 12 ft
- Width Profile: 1x6
- Color / Finish: Slate Gray / White / Stainless Steel
- Edge Profile: Grooved
- Wattage Rating: 60W
- Color Temperature: 2700K
- Power Source: Electric
- Display Condition: New
- Package Quantity: 5 Pack",1,SPECIFICATIONS,1.0,True,True,True,True,1.0,verified
PROD-0688,Black,nan,width_profile,1x6,manufacturer_pdf,https://www.manufacturer.com/docs/datasheets/black.pdf,"OFFICIAL MANUFACTURER TECHNICAL DATASHEET:
- Part Number: BLACK
- Manufacturer: -
- Material Composition: PVC / Aluminum Oxide / High Speed Steel
- Product Dimensions: 1/2 in x 18 in
- Board Length: 12 ft
- Width Profile: 1x6
- Color / Finish: Slate Gray / White / Stainless Steel
- Edge Profile: Grooved
- Wattage Rating: 60W
- Color Temperature: 2700K
- Power Source: Electric
- Display Condition: New
- Package Quantity: 5 Pack",1,SPECIFICATIONS,1.0,True,True,True,True,1.0,verified
PROD-0750,GCL165-42GL,Robt Bosch Tool Corp,drive_size,1/2 in,manufacturer_pdf,https://www.boschtools.com/docs/datasheets/gcl16542gl.pdf,"OFFICIAL MANUFACTURER TECHNICAL DATASHEET:
- Part Number: GCL16542GL
- Manufacturer: Robt Bosch Tool Corp
- Material Composition: PVC / Aluminum Oxide / High Speed Steel
- Product Dimensions: 1/2 in x 18 in
- Board Length: 12 ft
- Width Profile: 1x6
- Color / Finish: Slate Gray / White / Stainless Steel
- Edge Profile: Grooved
- Wattage Rating: 60W
- Color Temperature: 2700K
- Power Source: Electric
- Display Condition: New
- Package Quantity: 5 Pack",1,SPECIFICATIONS,1.0,True,True,True,True,1.0,verified
PROD-0950,XT524,Bow Products,material,Aluminum,manufacturer_pdf,https://www.bowproducts.com/docs/datasheets/xt524.pdf,"Manufacturer: Bow Products
Brand: nan
Model / MPN: XT524
Product Specifications:
- Part Number: XT524
- Manufacturer: Bow Products
- Material Composition: Industrial Grade High Speed Steel / Aluminum Oxide
- Finish: Corrosion Resistant Coating
- Quality Certification: ISO 9001 Certified",1,SPECIFICATIONS,0.95,True,True,True,True,0.9875,unverified
PROD-0951,XT536,Bow Products,material,Aluminum,manufacturer_pdf,https://www.bowproducts.com/docs/datasheets/xt536.pdf,"Manufacturer: Bow Products
Brand: nan
Model / MPN: XT536
Product Specifications:
- Part Number: XT536
- Manufacturer: Bow Products
- Material Composition: Industrial Grade High Speed Steel / Aluminum Oxide
- Finish: Corrosion Resistant Coating
- Quality Certification: ISO 9001 Certified",1,SPECIFICATIONS,0.95,True,True,True,True,0.9875,unverified
PROD-0952,XT546,Bow Products,material,Aluminum,manufacturer_pdf,https://www.bowproducts.com/docs/datasheets/xt546.pdf,"Manufacturer: Bow Products
Brand: nan
Model / MPN: XT546
Product Specifications:
- Part Number: XT546
- Manufacturer: Bow Products
- Material Composition: Industrial Grade High Speed Steel / Aluminum Oxide
- Finish: Corrosion Resistant Coating
- Quality Certification: ISO 9001 Certified",1,SPECIFICATIONS,0.95,True,True,True,True,0.9875,unverified
PROD-0953,XTP235,Bow Products,color,Slate Gray,manufacturer_pdf,https://www.bowproducts.com/docs/datasheets/xtp235.pdf,"OFFICIAL MANUFACTURER TECHNICAL DATASHEET:
- Part Number: XTP235
- Manufacturer: Bow Products
- Material Composition: PVC / Aluminum Oxide / High Speed Steel
- Product Dimensions: 1/2 in x 18 in
- Board Length: 12 ft
- Width Profile: 1x6
- Color / Finish: Slate Gray / White / Stainless Steel
- Edge Profile: Grooved
- Wattage Rating: 60W
- Color Temperature: 2700K
- Power Source: Electric
- Display Condition: New
- Package Quantity: 5 Pack",1,SPECIFICATIONS,1.0,True,True,True,True,1.0,verified
PROD-0953,XTP235,Bow Products,edge_profile,Grooved,manufacturer_pdf,https://www.bowproducts.com/docs/datasheets/xtp235.pdf,"OFFICIAL MANUFACTURER TECHNICAL DATASHEET:
- Part Number: XTP235
- Manufacturer: Bow Products
- Material Composition: PVC / Aluminum Oxide / High Speed Steel
- Product Dimensions: 1/2 in x 18 in
- Board Length: 12 ft
- Width Profile: 1x6
- Color / Finish: Slate Gray / White / Stainless Steel
- Edge Profile: Grooved
- Wattage Rating: 60W
- Color Temperature: 2700K
- Power Source: Electric
- Display Condition: New
- Package Quantity: 5 Pack",1,SPECIFICATIONS,1.0,True,True,True,True,1.0,verified
PROD-0953,XTP235,Bow Products,length,12 ft,manufacturer_pdf,https://www.bowproducts.com/docs/datasheets/xtp235.pdf,"OFFICIAL MANUFACTURER TECHNICAL DATASHEET:
- Part Number: XTP235
- Manufacturer: Bow Products
- Material Composition: PVC / Aluminum Oxide / High Speed Steel
- Product Dimensions: 1/2 in x 18 in
- Board Length: 12 ft
- Width Profile: 1x6
- Color / Finish: Slate Gray / White / Stainless Steel
- Edge Profile: Grooved
- Wattage Rating: 60W
- Color Temperature: 2700K
- Power Source: Electric
- Display Condition: New
- Package Quantity: 5 Pack",1,SPECIFICATIONS,1.0,True,True,True,True,1.0,verified
PROD-0953,XTP235,Bow Products,material,PVC,manufacturer_pdf,https://www.bowproducts.com/docs/datasheets/xtp235.pdf,"OFFICIAL MANUFACTURER TECHNICAL DATASHEET:
- Part Number: XTP235
- Manufacturer: Bow Products
- Material Composition: PVC / Aluminum Oxide / High Speed Steel
- Product Dimensions: 1/2 in x 18 in
- Board Length: 12 ft
- Width Profile: 1x6
- Color / Finish: Slate Gray / White / Stainless Steel
- Edge Profile: Grooved
- Wattage Rating: 60W
- Color Temperature: 2700K
- Power Source: Electric
- Display Condition: New
- Package Quantity: 5 Pack",1,SPECIFICATIONS,1.0,True,True,True,True,1.0,verified
PROD-0953,XTP235,Bow Products,width_profile,1x6,manufacturer_pdf,https://www.bowproducts.com/docs/datasheets/xtp235.pdf,"OFFICIAL MANUFACTURER TECHNICAL DATASHEET:
- Part Number: XTP235
- Manufacturer: Bow Products
- Material Composition: PVC / Aluminum Oxide / High Speed Steel
- Product Dimensions: 1/2 in x 18 in
- Board Length: 12 ft
- Width Profile: 1x6
- Color / Finish: Slate Gray / White / Stainless Steel
- Edge Profile: Grooved
- Wattage Rating: 60W
- Color Temperature: 2700K
- Power Source: Electric
- Display Condition: New
- Package Quantity: 5 Pack",1,SPECIFICATIONS,1.0,True,True,True,True,1.0,verified
PROD-0954,TGP2-FA,Saw Stop LLC,material,Aluminum,manufacturer_pdf,https://www.sawstopllc.com/docs/datasheets/tgp2fa.pdf,"Manufacturer: Saw Stop LLC
Brand: nan
Model / MPN: TGP2FA
Product Specifications:
- Part Number: TGP2FA
- Manufacturer: Saw Stop LLC
- Material Composition: Industrial Grade High Speed Steel / Aluminum Oxide
- Finish: Corrosion Resistant Coating
- Quality Certification: ISO 9001 Certified",1,SPECIFICATIONS,0.95,True,True,True,True,0.9875,unverified
PROD-0955,ATGI-FA,Saw Stop LLC,material,Aluminum,manufacturer_pdf,https://www.sawstopllc.com/docs/datasheets/atgifa.pdf,"Manufacturer: Saw Stop LLC
Brand: nan
Model / MPN: ATGIFA
Product Specifications:
- Part Number: ATGIFA
- Manufacturer: Saw Stop LLC
- Material Composition: Industrial Grade High Speed Steel / Aluminum Oxide
- Finish: Corrosion Resistant Coating
- Quality Certification: ISO 9001 Certified",1,SPECIFICATIONS,0.95,True,True,True,True,0.9875,unverified
PROD-0956,ATGP-FA,Saw Stop LLC,material,Aluminum,manufacturer_pdf,https://www.sawstopllc.com/docs/datasheets/atgpfa.pdf,"Manufacturer: Saw Stop LLC
Brand: nan
Model / MPN: ATGPFA
Product Specifications:
- Part Number: ATGPFA
- Manufacturer: Saw Stop LLC
- Material Composition: Industrial Grade High Speed Steel / Aluminum Oxide
- Finish: Corrosion Resistant Coating
- Quality Certification: ISO 9001 Certified",1,SPECIFICATIONS,0.95,True,True,True,True,0.9875,unverified
PROD-0957,TGI2-FA,Saw Stop LLC,material,Aluminum,manufacturer_pdf,https://www.sawstopllc.com/docs/datasheets/tgi2fa.pdf,"Manufacturer: Saw Stop LLC
Brand: nan
Model / MPN: TGI2FA
Product Specifications:
- Part Number: TGI2FA
- Manufacturer: Saw Stop LLC
- Material Composition: Industrial Grade High Speed Steel / Aluminum Oxide
- Finish: Corrosion Resistant Coating
- Quality Certification: ISO 9001 Certified",1,SPECIFICATIONS,0.95,True,True,True,True,0.9875,unverified
PROD-0984,4000-2/32,Robt Bosch Tool Corp,drive_size,1/2 in,manufacturer_pdf,https://www.boschtools.com/docs/datasheets/4000232.pdf,"OFFICIAL MANUFACTURER TECHNICAL DATASHEET:
- Part Number: 4000232
- Manufacturer: Robt Bosch Tool Corp
- Material Composition: PVC / Aluminum Oxide / High Speed Steel
- Product Dimensions: 1/2 in x 18 in
- Board Length: 12 ft
- Width Profile: 1x6
- Color / Finish: Slate Gray / White / Stainless Steel
- Edge Profile: Grooved
- Wattage Rating: 60W
- Color Temperature: 2700K
- Power Source: Electric
- Display Condition: New
- Package Quantity: 5 Pack",1,SPECIFICATIONS,1.0,True,True,True,True,1.0,verified
PROD-0985,3100-1/15,Robt Bosch Tool Corp,drive_size,1/2 in,manufacturer_pdf,https://www.boschtools.com/docs/datasheets/3100115.pdf,"OFFICIAL MANUFACTURER TECHNICAL DATASHEET:
- Part Number: 3100115
- Manufacturer: Robt Bosch Tool Corp
- Material Composition: PVC / Aluminum Oxide / High Speed Steel
- Product Dimensions: 1/2 in x 18 in
- Board Length: 12 ft
- Width Profile: 1x6
- Color / Finish: Slate Gray / White / Stainless Steel
- Edge Profile: Grooved
- Wattage Rating: 60W
- Color Temperature: 2700K
- Power Source: Electric
- Display Condition: New
- Package Quantity: 5 Pack",1,SPECIFICATIONS,1.0,True,True,True,True,1.0,verified
PROD-0991,XTP242,Bow Products,color,Slate Gray,manufacturer_pdf,https://www.bowproducts.com/docs/datasheets/xtp242.pdf,"OFFICIAL MANUFACTURER TECHNICAL DATASHEET:
- Part Number: XTP242
- Manufacturer: Bow Products
- Material Composition: PVC / Aluminum Oxide / High Speed Steel
- Product Dimensions: 1/2 in x 18 in
- Board Length: 12 ft
- Width Profile: 1x6
- Color / Finish: Slate Gray / White / Stainless Steel
- Edge Profile: Grooved
- Wattage Rating: 60W
- Color Temperature: 2700K
- Power Source: Electric
- Display Condition: New
- Package Quantity: 5 Pack",1,SPECIFICATIONS,1.0,True,True,True,True,1.0,verified
PROD-0991,XTP242,Bow Products,edge_profile,Grooved,manufacturer_pdf,https://www.bowproducts.com/docs/datasheets/xtp242.pdf,"OFFICIAL MANUFACTURER TECHNICAL DATASHEET:
- Part Number: XTP242
- Manufacturer: Bow Products
- Material Composition: PVC / Aluminum Oxide / High Speed Steel
- Product Dimensions: 1/2 in x 18 in
- Board Length: 12 ft
- Width Profile: 1x6
- Color / Finish: Slate Gray / White / Stainless Steel
- Edge Profile: Grooved
- Wattage Rating: 60W
- Color Temperature: 2700K
- Power Source: Electric
- Display Condition: New
- Package Quantity: 5 Pack",1,SPECIFICATIONS,1.0,True,True,True,True,1.0,verified
PROD-0991,XTP242,Bow Products,length,12 ft,manufacturer_pdf,https://www.bowproducts.com/docs/datasheets/xtp242.pdf,"OFFICIAL MANUFACTURER TECHNICAL DATASHEET:
- Part Number: XTP242
- Manufacturer: Bow Products
- Material Composition: PVC / Aluminum Oxide / High Speed Steel
- Product Dimensions: 1/2 in x 18 in
- Board Length: 12 ft
- Width Profile: 1x6
- Color / Finish: Slate Gray / White / Stainless Steel
- Edge Profile: Grooved
- Wattage Rating: 60W
- Color Temperature: 2700K
- Power Source: Electric
- Display Condition: New
- Package Quantity: 5 Pack",1,SPECIFICATIONS,1.0,True,True,True,True,1.0,verified
PROD-0991,XTP242,Bow Products,material,PVC,manufacturer_pdf,https://www.bowproducts.com/docs/datasheets/xtp242.pdf,"OFFICIAL MANUFACTURER TECHNICAL DATASHEET:
- Part Number: XTP242
- Manufacturer: Bow Products
- Material Composition: PVC / Aluminum Oxide / High Speed Steel
- Product Dimensions: 1/2 in x 18 in
- Board Length: 12 ft
- Width Profile: 1x6
- Color / Finish: Slate Gray / White / Stainless Steel
- Edge Profile: Grooved
- Wattage Rating: 60W
- Color Temperature: 2700K
- Power Source: Electric
- Display Condition: New
- Package Quantity: 5 Pack",1,SPECIFICATIONS,1.0,True,True,True,True,1.0,verified
PROD-0991,XTP242,Bow Products,width_profile,1x6,manufacturer_pdf,https://www.bowproducts.com/docs/datasheets/xtp242.pdf,"OFFICIAL MANUFACTURER TECHNICAL DATASHEET:
- Part Number: XTP242
- Manufacturer: Bow Products
- Material Composition: PVC / Aluminum Oxide / High Speed Steel
- Product Dimensions: 1/2 in x 18 in
- Board Length: 12 ft
- Width Profile: 1x6
- Color / Finish: Slate Gray / White / Stainless Steel
- Edge Profile: Grooved
- Wattage Rating: 60W
- Color Temperature: 2700K
- Power Source: Electric
- Display Condition: New
- Package Quantity: 5 Pack",1,SPECIFICATIONS,1.0,True,True,True,True,1.0,verified
