mfg_part_num,part_desc,e1_brand,unilog_brand,dib_brand,part_manuf,manufacturer_part_number,brand,product_type,size,quantity,understanding_status,confidence,manufacturer_canonical,manufacturer_id,manufacturer_match_status,manufacturer_match_method,manufacturer_confidence,brand_canonical,brand_id,brand_match_status,brand_match_method,brand_confidence,category_id,category_name,parent_category_id,parent_category_name,hierarchy_level,category_path,classification_status,classification_method,classification_confidence,extracted_attributes_json,attribute_extraction_status,attribute_extraction_method,attribute_confidence,attribute_validation_status
DCB518ASTS06G,"DCB518ASTS06G Diablo 1/2""x18"" - Sanding Belt 6pc",,,,Freud Inc (2435),DCB518ASTS06G,Diablo,Sanding Belt,1/2 in x 18 in,6.0,success,1.0,Freud Inc,2435,matched,normalized,0.95,Diablo,BRD_DIABLO,matched,exact,1.0,ABR_BELT_SANDING,Sanding Belts,ABR_BELT,Abrasive Belts,3.0,Abrasive Belts > Sanding Belts,classified,rule_exact,1.0,"{""dimensions"": {""value"": ""1/2 in x 18 in"", ""confidence"": 1.0, ""evidence"": ""1/2 in x 18 in"", ""method"": ""rule""}, ""pack_quantity"": {""value"": 6, ""confidence"": 1.0, ""evidence"": ""6.0"", ""method"": ""rule""}}",complete,rule,1.0,valid
3MABR-7100075678,3M 775L Stikit Film P150 - Cubitron II 50 Disc/Box,,,,Jam Industrial Supply LLC (JAMIN),775L,3M,Stikit Film Disc,,50.0,success,0.9,Jam Industrial Supply LLC,JAMIN,matched,normalized,0.95,3M,BRD_3M,matched,exact,1.0,ABR_DISC_STIKIT,Stikit Film Discs,ABR_DISC,Abrasive Discs & Wheels,3.0,Abrasive Discs & Wheels > Stikit Film Discs,classified,rule_exact,1.0,"{""grit"": {""value"": ""P150"", ""confidence"": 1.0, ""evidence"": ""P150"", ""method"": ""rule""}, ""pack_quantity"": {""value"": 50, ""confidence"": 1.0, ""evidence"": ""50.0"", ""method"": ""rule""}}",complete,rule,1.0,valid
3MABR-7100045865,3M 775L Stikit Film P120 - Cubitron II 50 Disc/Box,,,,Jam Industrial Supply LLC (JAMIN),775L,3M,Stikit Film Disc,,50.0,success,0.9,Jam Industrial Supply LLC,JAMIN,matched,normalized,0.95,3M,BRD_3M,matched,exact,1.0,ABR_DISC_STIKIT,Stikit Film Discs,ABR_DISC,Abrasive Discs & Wheels,3.0,Abrasive Discs & Wheels > Stikit Film Discs,classified,rule_exact,1.0,"{""grit"": {""value"": ""P120"", ""confidence"": 1.0, ""evidence"": ""P120"", ""method"": ""rule""}, ""pack_quantity"": {""value"": 50, ""confidence"": 1.0, ""evidence"": ""50.0"", ""method"": ""rule""}}",complete,rule,1.0,valid
3MABR-7100048736,3M 775L Stikit Film P80 - Cubitron II 50 Disc/Box,,,,Jam Industrial Supply LLC (JAMIN),775L,3M,Stikit Film Disc,,50.0,success,0.9,Jam Industrial Supply LLC,JAMIN,matched,normalized,0.95,3M,BRD_3M,matched,exact,1.0,ABR_DISC_STIKIT,Stikit Film Discs,ABR_DISC,Abrasive Discs & Wheels,3.0,Abrasive Discs & Wheels > Stikit Film Discs,classified,rule_exact,1.0,"{""grit"": {""value"": ""P80"", ""confidence"": 1.0, ""evidence"": ""P80"", ""method"": ""rule""}, ""pack_quantity"": {""value"": 50, ""confidence"": 1.0, ""evidence"": ""50.0"", ""method"": ""rule""}}",complete,rule,1.0,valid
3MABR-7100075690,3M 775L Stikit Film P180 - Cubitron II 50 Disc/Box,,,,Jam Industrial Supply LLC (JAMIN),775L,3M,Stikit Film Disc,,50.0,success,0.9,Jam Industrial Supply LLC,JAMIN,matched,normalized,0.95,3M,BRD_3M,matched,exact,1.0,ABR_DISC_STIKIT,Stikit Film Discs,ABR_DISC,Abrasive Discs & Wheels,3.0,Abrasive Discs & Wheels > Stikit Film Discs,classified,rule_exact,1.0,"{""grit"": {""value"": ""P180"", ""confidence"": 1.0, ""evidence"": ""P180"", ""method"": ""rule""}, ""pack_quantity"": {""value"": 50, ""confidence"": 1.0, ""evidence"": ""50.0"", ""method"": ""rule""}}",complete,rule,1.0,valid
3MABR-7100075692,3M 775L Stikit Film P220 - Cubitron II 50 Disc/Box,,,,Jam Industrial Supply LLC (JAMIN),775L,3M,Stikit Film Disc,,50.0,success,0.9,Jam Industrial Supply LLC,JAMIN,matched,normalized,0.95,3M,BRD_3M,matched,exact,1.0,ABR_DISC_STIKIT,Stikit Film Discs,ABR_DISC,Abrasive Discs & Wheels,3.0,Abrasive Discs & Wheels > Stikit Film Discs,classified,rule_exact,1.0,"{""grit"": {""value"": ""P220"", ""confidence"": 1.0, ""evidence"": ""P220"", ""method"": ""rule""}, ""pack_quantity"": {""value"": 50, ""confidence"": 1.0, ""evidence"": ""50.0"", ""method"": ""rule""}}",complete,rule,1.0,valid
3MABR-7100145365,3M 775L Stikit Film P320 - Cubitron II 50 Disc/Box,,,,Jam Industrial Supply LLC (JAMIN),775L,3M,Stikit Film Disc,,50.0,success,0.9,Jam Industrial Supply LLC,JAMIN,matched,normalized,0.95,3M,BRD_3M,matched,exact,1.0,ABR_DISC_STIKIT,Stikit Film Discs,ABR_DISC,Abrasive Discs & Wheels,3.0,Abrasive Discs & Wheels > Stikit Film Discs,classified,rule_exact,1.0,"{""grit"": {""value"": ""P320"", ""confidence"": 1.0, ""evidence"": ""P320"", ""method"": ""rule""}, ""pack_quantity"": {""value"": 50, ""confidence"": 1.0, ""evidence"": ""50.0"", ""method"": ""rule""}}",complete,rule,1.0,valid
5B-332-080,"5B-332-080 HIOLIT 5"" P80",,,,Mirka Abrasives Inc (MIRUS),5B-332-080,HIOLIT,Abrasive Disc,5 in,,success,0.95,Mirka Abrasives Inc,MIRUS,matched,normalized,0.95,HIOLIT,BRD_HIOLIT,matched,exact,1.0,ABR_DISC_GEN,Abrasive Sanding Discs,ABR_DISC,Abrasive Discs & Wheels,3.0,Abrasive Discs & Wheels > Abrasive Sanding Discs,classified,rule_exact,1.0,"{""grit"": {""value"": ""P80"", ""confidence"": 1.0, ""evidence"": ""P80"", ""method"": ""rule""}, ""diameter"": {""value"": ""5 in"", ""confidence"": 1.0, ""evidence"": ""5 in"", ""method"": ""rule""}}",complete,rule,1.0,valid
5B-332-120,"5B-332-120 HIOLIT 5"" P120",,,,Mirka Abrasives Inc (MIRUS),5B-332-120,HIOLIT,Abrasive Disc,5 in,,success,0.95,Mirka Abrasives Inc,MIRUS,matched,normalized,0.95,HIOLIT,BRD_HIOLIT,matched,exact,1.0,ABR_DISC_GEN,Abrasive Sanding Discs,ABR_DISC,Abrasive Discs & Wheels,3.0,Abrasive Discs & Wheels > Abrasive Sanding Discs,classified,rule_exact,1.0,"{""grit"": {""value"": ""P120"", ""confidence"": 1.0, ""evidence"": ""P120"", ""method"": ""rule""}, ""diameter"": {""value"": ""5 in"", ""confidence"": 1.0, ""evidence"": ""5 in"", ""method"": ""rule""}}",complete,rule,1.0,valid
9A-570-240,9A-570-240 Abranet 2.75x30,,,,Mirka Abrasives Inc (MIRUS),9A-570-240,Abranet,Abrasive Mesh Strip,2.75 in x 30 in,,success,0.95,Mirka Abrasives Inc,MIRUS,matched,normalized,0.95,Abranet,BRD_ABRANET,matched,exact,1.0,ABR_DISC_MESH,Abrasive Mesh Strips,ABR_DISC,Abrasive Discs & Wheels,3.0,Abrasive Discs & Wheels > Abrasive Mesh Strips,classified,rule_exact,1.0,"{""dimensions"": {""value"": ""2.75 in x 30 in"", ""confidence"": 1.0, ""evidence"": ""2.75 in x 30 in"", ""method"": ""rule""}}",partial,rule,1.0,partial
9A-570-320,9A-570-320 Abranet 2.75x30,,,,Mirka Abrasives Inc (MIRUS),9A-570-320,Abranet,Abrasive Mesh Strip,2.75 in x 30 in,,success,0.95,Mirka Abrasives Inc,MIRUS,matched,normalized,0.95,Abranet,BRD_ABRANET,matched,exact,1.0,ABR_DISC_MESH,Abrasive Mesh Strips,ABR_DISC,Abrasive Discs & Wheels,3.0,Abrasive Discs & Wheels > Abrasive Mesh Strips,classified,rule_exact,1.0,"{""dimensions"": {""value"": ""2.75 in x 30 in"", ""confidence"": 1.0, ""evidence"": ""2.75 in x 30 in"", ""method"": ""rule""}}",partial,rule,1.0,partial
DBD090094101F,"DBD090094101F Diablo 9"" - Metal Cut-Off Disc",,,,Freud Inc (2435),DBD090094101F,Diablo,Cut-Off Disc,9 in,,success,0.95,Freud Inc,2435,matched,normalized,0.95,Diablo,BRD_DIABLO,matched,exact,1.0,ABR_DISC_CUT,Cut-Off Discs,ABR_DISC,Abrasive Discs & Wheels,3.0,Abrasive Discs & Wheels > Cut-Off Discs,classified,rule_exact,1.0,"{""diameter"": {""value"": ""9 in"", ""confidence"": 1.0, ""evidence"": ""9 in"", ""method"": ""rule""}}",partial,rule,1.0,partial
DBDS12125A01F,"DBDS12125A01F Diablo 12"" - Steel Demon Metal Cut-Off Disc",,,,Freud Inc (2435),DBDS12125A01F,Diablo,Cut-Off Disc,12 in,,success,0.95,Freud Inc,2435,matched,normalized,0.95,Diablo,BRD_DIABLO,matched,exact,1.0,ABR_DISC_CUT,Cut-Off Discs,ABR_DISC,Abrasive Discs & Wheels,3.0,Abrasive Discs & Wheels > Cut-Off Discs,classified,rule_exact,1.0,"{""diameter"": {""value"": ""12 in"", ""confidence"": 1.0, ""evidence"": ""12 in"", ""method"": ""rule""}}",partial,rule,1.0,partial
DBDS12125G01F,"DBDS12125G01F Diablo 12""x20mm - Speed Demon Metal Cut-Off Disc",,,,Freud Inc (2435),DBDS12125G01F,Diablo,Cut-Off Disc,12 in,,success,0.95,Freud Inc,2435,matched,normalized,0.95,Diablo,BRD_DIABLO,matched,exact,1.0,ABR_DISC_CUT,Cut-Off Discs,ABR_DISC,Abrasive Discs & Wheels,3.0,Abrasive Discs & Wheels > Cut-Off Discs,classified,rule_exact,1.0,"{""diameter"": {""value"": ""12 in"", ""confidence"": 1.0, ""evidence"": ""12 in"", ""method"": ""rule""}}",partial,rule,1.0,partial
DBDS14125A01F,"DBDS14125A01F Diablo 14""x1"" - Steel Demon Metal Cut-Off Disc",,,,Freud Inc (2435),DBDS14125A01F,Diablo,Cut-Off Disc,14 in,,success,0.95,Freud Inc,2435,matched,normalized,0.95,Diablo,BRD_DIABLO,matched,exact,1.0,ABR_DISC_CUT,Cut-Off Discs,ABR_DISC,Abrasive Discs & Wheels,3.0,Abrasive Discs & Wheels > Cut-Off Discs,classified,rule_exact,1.0,"{""diameter"": {""value"": ""14 in"", ""confidence"": 1.0, ""evidence"": ""14 in"", ""method"": ""rule""}}",partial,rule,1.0,partial
DBDS14125G01F,"DBDS14125G01F Diablo 14""x20mm - Steel Demon Metal Cut-Off Disc",,,,Freud Inc (2435),DBDS14125G01F,Diablo,Cut-Off Disc,14 in,,success,0.95,Freud Inc,2435,matched,normalized,0.95,Diablo,BRD_DIABLO,matched,exact,1.0,ABR_DISC_CUT,Cut-Off Discs,ABR_DISC,Abrasive Discs & Wheels,3.0,Abrasive Discs & Wheels > Cut-Off Discs,classified,rule_exact,1.0,"{""diameter"": {""value"": ""14 in"", ""confidence"": 1.0, ""evidence"": ""14 in"", ""method"": ""rule""}}",partial,rule,1.0,partial
49-94-0013,"49-94-0013 Milw 5""x.045""x7/8"" Metal Cut Off Disc",,,,Milwaukee Accessory (4031),49-94-0013,Milwaukee,Cut-Off Disc,5 in,,success,0.95,Milwaukee Accessory,4031,matched,normalized,0.95,Milwaukee,BRD_MILWAUKEE,matched,exact,1.0,ABR_DISC_CUT,Cut-Off Discs,ABR_DISC,Abrasive Discs & Wheels,3.0,Abrasive Discs & Wheels > Cut-Off Discs,classified,rule_exact,1.0,"{""diameter"": {""value"": ""5 in"", ""confidence"": 1.0, ""evidence"": ""5 in"", ""method"": ""rule""}}",partial,rule,1.0,partial
49-94-0029,"49-94-0029 Milw 6-1/2""x1/8""x5/8"" DKO Metal Cut Off Disc",,,,Milwaukee Accessory (4031),49-94-0029,Milwaukee,Cut-Off Disc,6-1/2 in x 1/8 in,,success,0.95,Milwaukee Accessory,4031,matched,normalized,0.95,Milwaukee,BRD_MILWAUKEE,matched,exact,1.0,ABR_DISC_CUT,Cut-Off Discs,ABR_DISC,Abrasive Discs & Wheels,3.0,Abrasive Discs & Wheels > Cut-Off Discs,classified,rule_exact,1.0,"{""diameter"": {""value"": ""6-1/2 in"", ""confidence"": 0.98, ""evidence"": ""6-1/2\"""", ""method"": ""rule""}}",partial,rule,0.98,partial
49-94-0033,"49-94-0033 Milw 7""x1/16""x7/8"" Metal Cut Off Disc",,,,Milwaukee Accessory (4031),49-94-0033,Milwaukee,Cut-Off Disc,1/16 in x 7/8 in,,success,0.95,Milwaukee Accessory,4031,matched,normalized,0.95,Milwaukee,BRD_MILWAUKEE,matched,exact,1.0,ABR_DISC_CUT,Cut-Off Discs,ABR_DISC,Abrasive Discs & Wheels,3.0,Abrasive Discs & Wheels > Cut-Off Discs,classified,rule_exact,1.0,"{""diameter"": {""value"": ""7 in"", ""confidence"": 0.98, ""evidence"": ""7\"""", ""method"": ""rule""}}",partial,rule,0.98,partial
49-94-0001,"49-94-0001 Milw 4""x.040""x5/8"" Metal Cut Off Disc",,,,Milwaukee Accessory (4031),49-94-0001,Milwaukee,Cut-Off Disc,4 in,,success,0.95,Milwaukee Accessory,4031,matched,normalized,0.95,Milwaukee,BRD_MILWAUKEE,matched,exact,1.0,ABR_DISC_CUT,Cut-Off Discs,ABR_DISC,Abrasive Discs & Wheels,3.0,Abrasive Discs & Wheels > Cut-Off Discs,classified,rule_exact,1.0,"{""diameter"": {""value"": ""4 in"", ""confidence"": 1.0, ""evidence"": ""4 in"", ""method"": ""rule""}}",partial,rule,1.0,partial
49-94-0039,"49-94-0039 Milw 7""x1/8""x5/8"" DKO Metal Cut Off Disc",,,,Milwaukee Accessory (4031),49-94-0039,Milwaukee,Cut-Off Disc,1/8 in x 5/8 in,,success,0.95,Milwaukee Accessory,4031,matched,normalized,0.95,Milwaukee,BRD_MILWAUKEE,matched,exact,1.0,ABR_DISC_CUT,Cut-Off Discs,ABR_DISC,Abrasive Discs & Wheels,3.0,Abrasive Discs & Wheels > Cut-Off Discs,classified,rule_exact,1.0,"{""diameter"": {""value"": ""7 in"", ""confidence"": 0.98, ""evidence"": ""7\"""", ""method"": ""rule""}}",partial,rule,0.98,partial
49-94-0043,"49-94-0043 Milw 9""x3/32""x7/8"" Metal Cut Off Disc",,,,Milwaukee Accessory (4031),49-94-0043,Milwaukee,Cut-Off Disc,3/32 in x 7/8 in,,success,0.95,Milwaukee Accessory,4031,matched,normalized,0.95,Milwaukee,BRD_MILWAUKEE,matched,exact,1.0,ABR_DISC_CUT,Cut-Off Discs,ABR_DISC,Abrasive Discs & Wheels,3.0,Abrasive Discs & Wheels > Cut-Off Discs,classified,rule_exact,1.0,"{""diameter"": {""value"": ""9 in"", ""confidence"": 0.98, ""evidence"": ""9\"""", ""method"": ""rule""}}",partial,rule,0.98,partial
49-94-0048,"49-94-0048 Milw 12""x7/64""x1"" Metal Cut Off Disc General Purpose",,,,Milwaukee Accessory (4031),49-94-0048,Milwaukee,Cut-Off Disc,7/64 in x 1 in,,success,0.95,Milwaukee Accessory,4031,matched,normalized,0.95,Milwaukee,BRD_MILWAUKEE,matched,exact,1.0,ABR_DISC_CUT,Cut-Off Discs,ABR_DISC,Abrasive Discs & Wheels,3.0,Abrasive Discs & Wheels > Cut-Off Discs,classified,rule_exact,1.0,"{""diameter"": {""value"": ""12 in"", ""confidence"": 0.98, ""evidence"": ""12\"""", ""method"": ""rule""}}",partial,rule,0.98,partial
49-94-0053,"49-94-0053 Milw 12""x1/8""x1"" Metal Cut Off Disc",,,,Milwaukee Accessory (4031),49-94-0053,Milwaukee,Cut-Off Disc,1/8 in x 1 in,,success,0.95,Milwaukee Accessory,4031,matched,normalized,0.95,Milwaukee,BRD_MILWAUKEE,matched,exact,1.0,ABR_DISC_CUT,Cut-Off Discs,ABR_DISC,Abrasive Discs & Wheels,3.0,Abrasive Discs & Wheels > Cut-Off Discs,classified,rule_exact,1.0,"{""diameter"": {""value"": ""12 in"", ""confidence"": 0.98, ""evidence"": ""12\"""", ""method"": ""rule""}}",partial,rule,0.98,partial
49-94-0058,"49-94-0058 Milw 12""x1/8""x20mm Metal Cut Off Disc",,,,Milwaukee Accessory (4031),49-94-0058,Milwaukee,Cut-Off Disc,1/8 in x 20 in,,success,0.95,Milwaukee Accessory,4031,matched,normalized,0.95,Milwaukee,BRD_MILWAUKEE,matched,exact,1.0,ABR_DISC_CUT,Cut-Off Discs,ABR_DISC,Abrasive Discs & Wheels,3.0,Abrasive Discs & Wheels > Cut-Off Discs,classified,rule_exact,1.0,"{""diameter"": {""value"": ""12 in"", ""confidence"": 0.98, ""evidence"": ""12\"""", ""method"": ""rule""}}",partial,rule,0.98,partial
49-94-0063,"49-94-0063 Milw 14""x7/64""x1"" Metal Cut Off Disc General Purpose",,,,Milwaukee Accessory (4031),49-94-0063,Milwaukee,Cut-Off Disc,7/64 in x 1 in,,success,0.95,Milwaukee Accessory,4031,matched,normalized,0.95,Milwaukee,BRD_MILWAUKEE,matched,exact,1.0,ABR_DISC_CUT,Cut-Off Discs,ABR_DISC,Abrasive Discs & Wheels,3.0,Abrasive Discs & Wheels > Cut-Off Discs,classified,rule_exact,1.0,"{""diameter"": {""value"": ""14 in"", ""confidence"": 0.98, ""evidence"": ""14\"""", ""method"": ""rule""}}",partial,rule,0.98,partial
49-94-0068,"49-94-0068 Milw 14""x1/8""x20mm Metal Cut Off Disc",,,,Milwaukee Accessory (4031),49-94-0068,Milwaukee,Cut-Off Disc,1/8 in x 20 in,,success,0.95,Milwaukee Accessory,4031,matched,normalized,0.95,Milwaukee,BRD_MILWAUKEE,matched,exact,1.0,ABR_DISC_CUT,Cut-Off Discs,ABR_DISC,Abrasive Discs & Wheels,3.0,Abrasive Discs & Wheels > Cut-Off Discs,classified,rule_exact,1.0,"{""diameter"": {""value"": ""14 in"", ""confidence"": 0.98, ""evidence"": ""14\"""", ""method"": ""rule""}}",partial,rule,0.98,partial
49-94-0073,"49-94-0073 Milw 14""x1/8""x1"" Metal Cut Off Disc",,,,Milwaukee Accessory (4031),49-94-0073,Milwaukee,Cut-Off Disc,1/8 in x 1 in,,success,0.95,Milwaukee Accessory,4031,matched,normalized,0.95,Milwaukee,BRD_MILWAUKEE,matched,exact,1.0,ABR_DISC_CUT,Cut-Off Discs,ABR_DISC,Abrasive Discs & Wheels,3.0,Abrasive Discs & Wheels > Cut-Off Discs,classified,rule_exact,1.0,"{""diameter"": {""value"": ""14 in"", ""confidence"": 0.98, ""evidence"": ""14\"""", ""method"": ""rule""}}",partial,rule,0.98,partial
49-94-0101,"49-94-0101 Milw 4-1/2""x.045""x7/8"" Perform+ Metal Cut Off Disc 10pc",,,,Milwaukee Accessory (4031),49-94-0101,Milwaukee,Cut-Off Disc,4-1/2 in,10.0,success,1.0,Milwaukee Accessory,4031,matched,normalized,0.95,Milwaukee,BRD_MILWAUKEE,matched,exact,1.0,ABR_DISC_CUT,Cut-Off Discs,ABR_DISC,Abrasive Discs & Wheels,3.0,Abrasive Discs & Wheels > Cut-Off Discs,classified,rule_exact,1.0,"{""diameter"": {""value"": ""4-1/2 in"", ""confidence"": 1.0, ""evidence"": ""4-1/2 in"", ""method"": ""rule""}, ""pack_quantity"": {""value"": 10, ""confidence"": 1.0, ""evidence"": ""10.0"", ""method"": ""rule""}}",complete,rule,1.0,valid
49-94-0107,"49-94-0107 Milw 4-1/2""x.045""x7/8"" Performance+ Metal Cut Off Disc",,,,Milwaukee Accessory (4031),49-94-0107,Milwaukee,Cut-Off Disc,4-1/2 in,,success,0.95,Milwaukee Accessory,4031,matched,normalized,0.95,Milwaukee,BRD_MILWAUKEE,matched,exact,1.0,ABR_DISC_CUT,Cut-Off Discs,ABR_DISC,Abrasive Discs & Wheels,3.0,Abrasive Discs & Wheels > Cut-Off Discs,classified,rule_exact,1.0,"{""diameter"": {""value"": ""4-1/2 in"", ""confidence"": 1.0, ""evidence"": ""4-1/2 in"", ""method"": ""rule""}}",partial,rule,1.0,partial
49-94-0117,"49-94-0117 Milw 5""x.045""x7/8"" Performance+ Metal Cut Off Disc",,,,Milwaukee Accessory (4031),49-94-0117,Milwaukee,Cut-Off Disc,5 in,,success,0.95,Milwaukee Accessory,4031,matched,normalized,0.95,Milwaukee,BRD_MILWAUKEE,matched,exact,1.0,ABR_DISC_CUT,Cut-Off Discs,ABR_DISC,Abrasive Discs & Wheels,3.0,Abrasive Discs & Wheels > Cut-Off Discs,classified,rule_exact,1.0,"{""diameter"": {""value"": ""5 in"", ""confidence"": 1.0, ""evidence"": ""5 in"", ""method"": ""rule""}}",partial,rule,1.0,partial
49-94-0123,"49-94-0123 Milw 6""x.045""x7/8"" Performance+ Metal Cut Off Disc",,,,Milwaukee Accessory (4031),49-94-0123,Milwaukee,Cut-Off Disc,6 in,,success,0.95,Milwaukee Accessory,4031,matched,normalized,0.95,Milwaukee,BRD_MILWAUKEE,matched,exact,1.0,ABR_DISC_CUT,Cut-Off Discs,ABR_DISC,Abrasive Discs & Wheels,3.0,Abrasive Discs & Wheels > Cut-Off Discs,classified,rule_exact,1.0,"{""diameter"": {""value"": ""6 in"", ""confidence"": 1.0, ""evidence"": ""6 in"", ""method"": ""rule""}}",partial,rule,1.0,partial
49-94-0023,"49-94-0023 Milw 6""x.045""x7/8"" Metal Cut Off Disc",,,,Milwaukee Accessory (4031),49-94-0023,Milwaukee,Cut-Off Disc,6 in,,success,0.95,Milwaukee Accessory,4031,matched,normalized,0.95,Milwaukee,BRD_MILWAUKEE,matched,exact,1.0,ABR_DISC_CUT,Cut-Off Discs,ABR_DISC,Abrasive Discs & Wheels,3.0,Abrasive Discs & Wheels > Cut-Off Discs,classified,rule_exact,1.0,"{""diameter"": {""value"": ""6 in"", ""confidence"": 1.0, ""evidence"": ""6 in"", ""method"": ""rule""}}",partial,rule,1.0,partial
49-94-0121,"49-94-0121 Milw 6""x.045""x7/8"" Performance+ Metal Cut Off Disc 10pc",,,,Milwaukee Accessory (4031),49-94-0121,Milwaukee,Cut-Off Disc,6 in,10.0,success,1.0,Milwaukee Accessory,4031,matched,normalized,0.95,Milwaukee,BRD_MILWAUKEE,matched,exact,1.0,ABR_DISC_CUT,Cut-Off Discs,ABR_DISC,Abrasive Discs & Wheels,3.0,Abrasive Discs & Wheels > Cut-Off Discs,classified,rule_exact,1.0,"{""diameter"": {""value"": ""6 in"", ""confidence"": 1.0, ""evidence"": ""6 in"", ""method"": ""rule""}, ""pack_quantity"": {""value"": 10, ""confidence"": 1.0, ""evidence"": ""10.0"", ""method"": ""rule""}}",complete,rule,1.0,valid
49-94-0127,"49-94-0127 Milw 6""x.045""x7/8"" Performance+Metal Cut Off Disc",,,,Milwaukee Accessory (4031),49-94-0127,Milwaukee,Cut-Off Disc,6 in,,success,0.95,Milwaukee Accessory,4031,matched,normalized,0.95,Milwaukee,BRD_MILWAUKEE,matched,exact,1.0,ABR_DISC_CUT,Cut-Off Discs,ABR_DISC,Abrasive Discs & Wheels,3.0,Abrasive Discs & Wheels > Cut-Off Discs,classified,rule_exact,1.0,"{""diameter"": {""value"": ""6 in"", ""confidence"": 1.0, ""evidence"": ""6 in"", ""method"": ""rule""}}",partial,rule,1.0,partial
49-94-0137,"49-94-0137 Milw 7""x3/32""x7/8"" Performance+ Metal Cut Off Disc",,,,Milwaukee Accessory (4031),49-94-0137,Milwaukee,Cut-Off Disc,3/32 in x 7/8 in,,success,0.95,Milwaukee Accessory,4031,matched,normalized,0.95,Milwaukee,BRD_MILWAUKEE,matched,exact,1.0,ABR_DISC_CUT,Cut-Off Discs,ABR_DISC,Abrasive Discs & Wheels,3.0,Abrasive Discs & Wheels > Cut-Off Discs,classified,rule_exact,1.0,"{""diameter"": {""value"": ""7 in"", ""confidence"": 0.98, ""evidence"": ""7\"""", ""method"": ""rule""}}",partial,rule,0.98,partial
49-94-0160,"49-94-0160 Milw 14""x7/64""x1"" Performance+ Metal Cut Off Disc",,,,Milwaukee Accessory (4031),49-94-0160,Milwaukee,Cut-Off Disc,7/64 in x 1 in,,success,0.95,Milwaukee Accessory,4031,matched,normalized,0.95,Milwaukee,BRD_MILWAUKEE,matched,exact,1.0,ABR_DISC_CUT,Cut-Off Discs,ABR_DISC,Abrasive Discs & Wheels,3.0,Abrasive Discs & Wheels > Cut-Off Discs,classified,rule_exact,1.0,"{""diameter"": {""value"": ""14 in"", ""confidence"": 0.98, ""evidence"": ""14\"""", ""method"": ""rule""}}",partial,rule,0.98,partial
49-94-0223,"49-94-0223 Milw 6""x.045""x7/8"" Ceramic+ Metal Cut Off Disc",,,,Milwaukee Accessory (4031),49-94-0223,Milwaukee,Cut-Off Disc,6 in,,success,0.95,Milwaukee Accessory,4031,matched,normalized,0.95,Milwaukee,BRD_MILWAUKEE,matched,exact,1.0,ABR_DISC_CUT,Cut-Off Discs,ABR_DISC,Abrasive Discs & Wheels,3.0,Abrasive Discs & Wheels > Cut-Off Discs,classified,rule_exact,1.0,"{""diameter"": {""value"": ""6 in"", ""confidence"": 1.0, ""evidence"": ""6 in"", ""method"": ""rule""}}",partial,rule,1.0,partial
49-94-0445,"49-94-0445 Milw 10""x3/32""x5/8"" Performance+ Metal Cut Off Disc",,,,Milwaukee Accessory (4031),49-94-0445,Milwaukee,Cut-Off Disc,3/32 in x 5/8 in,,success,0.95,Milwaukee Accessory,4031,matched,normalized,0.95,Milwaukee,BRD_MILWAUKEE,matched,exact,1.0,ABR_DISC_CUT,Cut-Off Discs,ABR_DISC,Abrasive Discs & Wheels,3.0,Abrasive Discs & Wheels > Cut-Off Discs,classified,rule_exact,1.0,"{""diameter"": {""value"": ""10 in"", ""confidence"": 0.98, ""evidence"": ""10\"""", ""method"": ""rule""}}",partial,rule,0.98,partial
49-94-0803,"49-94-0803 Milw 4-1/2""x1/8""x7/8"" Dual Metal Cut and Grind Disc",,,,Milwaukee Accessory (4031),49-94-0803,Milwaukee,Cut and Grind Disc,4-1/2 in x 1/8 in,,success,0.95,Milwaukee Accessory,4031,matched,normalized,0.95,Milwaukee,BRD_MILWAUKEE,matched,exact,1.0,ABR_DISC_CUTGRIND,Cut and Grind Discs,ABR_DISC,Abrasive Discs & Wheels,3.0,Abrasive Discs & Wheels > Cut and Grind Discs,classified,rule_exact,1.0,"{""diameter"": {""value"": ""4-1/2 in"", ""confidence"": 0.98, ""evidence"": ""4-1/2\"""", ""method"": ""rule""}}",partial,rule,0.98,partial
49-94-0903,"49-94-0903 Milw 4-1/2""x1/8""x7/8""Perform+Dual Metal Cut and Grind Disc",,,,Milwaukee Accessory (4031),49-94-0903,Milwaukee,Cut and Grind Disc,4-1/2 in x 1/8 in,,success,0.95,Milwaukee Accessory,4031,matched,normalized,0.95,Milwaukee,BRD_MILWAUKEE,matched,exact,1.0,ABR_DISC_CUTGRIND,Cut and Grind Discs,ABR_DISC,Abrasive Discs & Wheels,3.0,Abrasive Discs & Wheels > Cut and Grind Discs,classified,rule_exact,1.0,"{""diameter"": {""value"": ""4-1/2 in"", ""confidence"": 0.98, ""evidence"": ""4-1/2\"""", ""method"": ""rule""}}",partial,rule,0.98,partial
49-94-0907,"49-94-0907 Milw 4-1/2""x1/8""x5/8-11""Perform+Dual Metal Cut n Grind Disc",,,,Milwaukee Accessory (4031),49-94-0907,Milwaukee,Cut and Grind Disc,4-1/2 in x 1/8 in,,success,0.95,Milwaukee Accessory,4031,matched,normalized,0.95,Milwaukee,BRD_MILWAUKEE,matched,exact,1.0,ABR_DISC_CUTGRIND,Cut and Grind Discs,ABR_DISC,Abrasive Discs & Wheels,3.0,Abrasive Discs & Wheels > Cut and Grind Discs,classified,rule_exact,1.0,"{""diameter"": {""value"": ""4-1/2 in"", ""confidence"": 0.98, ""evidence"": ""4-1/2\"""", ""method"": ""rule""}}",partial,rule,0.98,partial
49-94-0923,"49-94-0923 Milw 6""x1/8""x7/8"" Perform+Dual Metal Cut and Grind Disc",,,,Milwaukee Accessory (4031),49-94-0923,Milwaukee,Cut and Grind Disc,1/8 in x 7/8 in,,success,0.95,Milwaukee Accessory,4031,matched,normalized,0.95,Milwaukee,BRD_MILWAUKEE,matched,exact,1.0,ABR_DISC_CUTGRIND,Cut and Grind Discs,ABR_DISC,Abrasive Discs & Wheels,3.0,Abrasive Discs & Wheels > Cut and Grind Discs,classified,rule_exact,1.0,"{""diameter"": {""value"": ""6 in"", ""confidence"": 0.98, ""evidence"": ""6\"""", ""method"": ""rule""}}",partial,rule,0.98,partial
49-94-1900,"49-94-1900 Milw 4""x1/8""x5/8"" Masonry Cut Off Disc",,,,Milwaukee Accessory (4031),49-94-1900,Milwaukee,Cut-Off Disc,1/8 in x 5/8 in,,success,0.95,Milwaukee Accessory,4031,matched,normalized,0.95,Milwaukee,BRD_MILWAUKEE,matched,exact,1.0,ABR_DISC_CUT,Cut-Off Discs,ABR_DISC,Abrasive Discs & Wheels,3.0,Abrasive Discs & Wheels > Cut-Off Discs,classified,rule_exact,1.0,"{""diameter"": {""value"": ""4 in"", ""confidence"": 0.98, ""evidence"": ""4\"""", ""method"": ""rule""}}",partial,rule,0.98,partial
49-94-1905,"49-94-1905 Milw 4-1/2""x1/8""x7/8"" Masonry Cut Off Disc",,,,Milwaukee Accessory (4031),49-94-1905,Milwaukee,Cut-Off Disc,4-1/2 in x 1/8 in,,success,0.95,Milwaukee Accessory,4031,matched,normalized,0.95,Milwaukee,BRD_MILWAUKEE,matched,exact,1.0,ABR_DISC_CUT,Cut-Off Discs,ABR_DISC,Abrasive Discs & Wheels,3.0,Abrasive Discs & Wheels > Cut-Off Discs,classified,rule_exact,1.0,"{""diameter"": {""value"": ""4-1/2 in"", ""confidence"": 0.98, ""evidence"": ""4-1/2\"""", ""method"": ""rule""}}",partial,rule,0.98,partial
49-94-1915,"49-94-1915 Milw 6-1/2""x1/8""x5/8"" DKO Masonry Cut Off Disc",,,,Milwaukee Accessory (4031),49-94-1915,Milwaukee,Cut-Off Disc,6-1/2 in x 1/8 in,,success,0.95,Milwaukee Accessory,4031,matched,normalized,0.95,Milwaukee,BRD_MILWAUKEE,matched,exact,1.0,ABR_DISC_CUT,Cut-Off Discs,ABR_DISC,Abrasive Discs & Wheels,3.0,Abrasive Discs & Wheels > Cut-Off Discs,classified,rule_exact,1.0,"{""diameter"": {""value"": ""6-1/2 in"", ""confidence"": 0.98, ""evidence"": ""6-1/2\"""", ""method"": ""rule""}}",partial,rule,0.98,partial
49-94-1920,"49-94-1920 Milw 7""x1/8""x5/8"" DKO Masonry Cut Off Disc",,,,Milwaukee Accessory (4031),49-94-1920,Milwaukee,Cut-Off Disc,1/8 in x 5/8 in,,success,0.95,Milwaukee Accessory,4031,matched,normalized,0.95,Milwaukee,BRD_MILWAUKEE,matched,exact,1.0,ABR_DISC_CUT,Cut-Off Discs,ABR_DISC,Abrasive Discs & Wheels,3.0,Abrasive Discs & Wheels > Cut-Off Discs,classified,rule_exact,1.0,"{""diameter"": {""value"": ""7 in"", ""confidence"": 0.98, ""evidence"": ""7\"""", ""method"": ""rule""}}",partial,rule,0.98,partial
49-94-1925,"49-94-1925 Milw 10""x1/8""x5/8"" Masonry Cut Off Disc",,,,Milwaukee Accessory (4031),49-94-1925,Milwaukee,Cut-Off Disc,1/8 in x 5/8 in,,success,0.95,Milwaukee Accessory,4031,matched,normalized,0.95,Milwaukee,BRD_MILWAUKEE,matched,exact,1.0,ABR_DISC_CUT,Cut-Off Discs,ABR_DISC,Abrasive Discs & Wheels,3.0,Abrasive Discs & Wheels > Cut-Off Discs,classified,rule_exact,1.0,"{""diameter"": {""value"": ""10 in"", ""confidence"": 0.98, ""evidence"": ""10\"""", ""method"": ""rule""}}",partial,rule,0.98,partial
49-94-1935,"49-94-1935 Milw 12""x1/8""x1"" Masonry Cut Off Disc",,,,Milwaukee Accessory (4031),49-94-1935,Milwaukee,Cut-Off Disc,1/8 in x 1 in,,success,0.95,Milwaukee Accessory,4031,matched,normalized,0.95,Milwaukee,BRD_MILWAUKEE,matched,exact,1.0,ABR_DISC_CUT,Cut-Off Discs,ABR_DISC,Abrasive Discs & Wheels,3.0,Abrasive Discs & Wheels > Cut-Off Discs,classified,rule_exact,1.0,"{""diameter"": {""value"": ""12 in"", ""confidence"": 0.98, ""evidence"": ""12\"""", ""method"": ""rule""}}",partial,rule,0.98,partial
49-94-1940,"49-94-1940 Milw 14""x1/8""x1"" Masonry Cut Off Disc",,,,Milwaukee Accessory (4031),49-94-1940,Milwaukee,Cut-Off Disc,1/8 in x 1 in,,success,0.95,Milwaukee Accessory,4031,matched,normalized,0.95,Milwaukee,BRD_MILWAUKEE,matched,exact,1.0,ABR_DISC_CUT,Cut-Off Discs,ABR_DISC,Abrasive Discs & Wheels,3.0,Abrasive Discs & Wheels > Cut-Off Discs,classified,rule_exact,1.0,"{""diameter"": {""value"": ""14 in"", ""confidence"": 0.98, ""evidence"": ""14\"""", ""method"": ""rule""}}",partial,rule,0.98,partial
49-94-0501,"49-94-0501 Milw 4""x1/4""x5/8"" Metal Grinding Wheel",,,,Milwaukee Accessory (4031),49-94-0501,Milwaukee,Grinding Wheel,1/4 in x 5/8 in,,success,0.95,Milwaukee Accessory,4031,matched,normalized,0.95,Milwaukee,BRD_MILWAUKEE,matched,exact,1.0,ABR_DISC_GRIND,Grinding Wheels,ABR_DISC,Abrasive Discs & Wheels,3.0,Abrasive Discs & Wheels > Grinding Wheels,classified,rule_exact,1.0,"{""diameter"": {""value"": ""4 in"", ""confidence"": 0.98, ""evidence"": ""4\"""", ""method"": ""rule""}}",partial,rule,0.98,partial
49-94-0503,"49-94-0503 Milw 4-1/2""x1/4""x7/8"" Metal Grinding Wheel",,,,Milwaukee Accessory (4031),49-94-0503,Milwaukee,Grinding Wheel,4-1/2 in x 1/4 in,,success,0.95,Milwaukee Accessory,4031,matched,normalized,0.95,Milwaukee,BRD_MILWAUKEE,matched,exact,1.0,ABR_DISC_GRIND,Grinding Wheels,ABR_DISC,Abrasive Discs & Wheels,3.0,Abrasive Discs & Wheels > Grinding Wheels,classified,rule_exact,1.0,"{""diameter"": {""value"": ""4-1/2 in"", ""confidence"": 0.98, ""evidence"": ""4-1/2\"""", ""method"": ""rule""}}",partial,rule,0.98,partial
49-94-0523,"49-94-0523 Milw 6""x1/4""x7/8"" Metal Grinding Wheel",,,,Milwaukee Accessory (4031),49-94-0523,Milwaukee,Grinding Wheel,1/4 in x 7/8 in,,success,0.95,Milwaukee Accessory,4031,matched,normalized,0.95,Milwaukee,BRD_MILWAUKEE,matched,exact,1.0,ABR_DISC_GRIND,Grinding Wheels,ABR_DISC,Abrasive Discs & Wheels,3.0,Abrasive Discs & Wheels > Grinding Wheels,classified,rule_exact,1.0,"{""diameter"": {""value"": ""6 in"", ""confidence"": 0.98, ""evidence"": ""6\"""", ""method"": ""rule""}}",partial,rule,0.98,partial
49-94-1955,"49-94-1955 Milw 4-1/2""x1/4""x7/8"" Masonry Grinding Wheel",,,,Milwaukee Accessory (4031),49-94-1955,Milwaukee,Grinding Wheel,4-1/2 in x 1/4 in,,success,0.95,Milwaukee Accessory,4031,matched,normalized,0.95,Milwaukee,BRD_MILWAUKEE,matched,exact,1.0,ABR_DISC_GRIND,Grinding Wheels,ABR_DISC,Abrasive Discs & Wheels,3.0,Abrasive Discs & Wheels > Grinding Wheels,classified,rule_exact,1.0,"{""diameter"": {""value"": ""4-1/2 in"", ""confidence"": 0.98, ""evidence"": ""4-1/2\"""", ""method"": ""rule""}}",partial,rule,0.98,partial
49-94-1965,"49-94-1965 Milw 7""x1/4""x7/8"" Masonry Grinding Wheel",,,,Milwaukee Accessory (4031),49-94-1965,Milwaukee,Grinding Wheel,1/4 in x 7/8 in,,success,0.95,Milwaukee Accessory,4031,matched,normalized,0.95,Milwaukee,BRD_MILWAUKEE,matched,exact,1.0,ABR_DISC_GRIND,Grinding Wheels,ABR_DISC,Abrasive Discs & Wheels,3.0,Abrasive Discs & Wheels > Grinding Wheels,classified,rule_exact,1.0,"{""diameter"": {""value"": ""7 in"", ""confidence"": 0.98, ""evidence"": ""7\"""", ""method"": ""rule""}}",partial,rule,0.98,partial
49-94-0513,"49-94-0513 Milw 5""x1/4""x7/8"" Metal Grinding Wheel",,,,Milwaukee Accessory (4031),49-94-0513,Milwaukee,Grinding Wheel,1/4 in x 7/8 in,,success,0.95,Milwaukee Accessory,4031,matched,normalized,0.95,Milwaukee,BRD_MILWAUKEE,matched,exact,1.0,ABR_DISC_GRIND,Grinding Wheels,ABR_DISC,Abrasive Discs & Wheels,3.0,Abrasive Discs & Wheels > Grinding Wheels,classified,rule_exact,1.0,"{""diameter"": {""value"": ""5 in"", ""confidence"": 0.98, ""evidence"": ""5\"""", ""method"": ""rule""}}",partial,rule,0.98,partial
49-94-0533,"49-94-0533 Milw 7""x1/4""x7/8"" Metal Grinding Wheel",,,,Milwaukee Accessory (4031),49-94-0533,Milwaukee,Grinding Wheel,1/4 in x 7/8 in,,success,0.95,Milwaukee Accessory,4031,matched,normalized,0.95,Milwaukee,BRD_MILWAUKEE,matched,exact,1.0,ABR_DISC_GRIND,Grinding Wheels,ABR_DISC,Abrasive Discs & Wheels,3.0,Abrasive Discs & Wheels > Grinding Wheels,classified,rule_exact,1.0,"{""diameter"": {""value"": ""7 in"", ""confidence"": 0.98, ""evidence"": ""7\"""", ""method"": ""rule""}}",partial,rule,0.98,partial
DFBLBLOMFN01G,DFBLBLOMFN01G Diablo 220 Grit - Flat Edge Sanding Sponge,,,,Freud Inc (2435),DFBLBLOMFN01G,Diablo,Sanding Sponge,,,success,0.85,Freud Inc,2435,matched,normalized,0.95,Diablo,BRD_DIABLO,matched,exact,1.0,ABR_DISC_GEN,Abrasive Sanding Discs,ABR_DISC,Abrasive Discs & Wheels,3.0,Abrasive Discs & Wheels > Abrasive Sanding Discs,classified,rule_keyword,0.9,{},none,none,0.0,invalid
1700-1PK-BB40,3/4x60' Vinyl Elect Tape,,,3M,3 M Co (5293),,,Tape,3/4 in x 60 in,,partial,0.35,3 M Co,5293,matched,normalized,0.95,3M,BRD_3M,matched,normalized,0.9,LGT_ELEC_WIRE,Electrical Wire & Cable,LGT_ELEC,Electrical Boxes & Wiring,3.0,Electrical Boxes & Wiring > Electrical Wire & Cable,classified,rule_exact,1.0,{},none,none,0.0,invalid
ASH-40-40-04,1.5x1.5x13' Legacy Emseal Tape,,,,Emseal Joint Systems Ltd (EMSJO),,,Tape,1.5 in x 1.5 in,,partial,0.35,Emseal Joint Systems Ltd,EMSJO,matched,normalized,0.95,,,unmatched,none,0.0,LGT_ELEC_WIRE,Electrical Wire & Cable,LGT_ELEC,Electrical Boxes & Wiring,3.0,Electrical Boxes & Wiring > Electrical Wire & Cable,classified,rule_exact,1.0,{},none,none,0.0,invalid
KDFM404KPS,KDFM404KPS Dishwasher SS,,,,Appliance Dealers Cooperative (APPDE),KDFM404KPS,,Dishwasher,,,success,0.6,Appliance Dealers Cooperative,APPDE,matched,normalized,0.95,,,unmatched,none,0.0,APP_CLEAN_DISH,Built-In Dishwashers,APP_CLEAN,Cleaning & Laundry Appliances,3.0,Cleaning & Laundry Appliances > Built-In Dishwashers,classified,rule_exact,1.0,"{""color_finish"": {""value"": ""Stainless Steel"", ""confidence"": 0.98, ""evidence"": ""SS"", ""method"": ""rule""}}",partial,rule,0.98,partial
PDSH4816AF,PDSH4816AF Dishwasher SS - Display Only,,,,Appliance Dealers Cooperative (APPDE),PDSH4816AF,,Dishwasher,,,success,0.6,Appliance Dealers Cooperative,APPDE,matched,normalized,0.95,,,unmatched,none,0.0,APP_CLEAN_DISH,Built-In Dishwashers,APP_CLEAN,Cleaning & Laundry Appliances,3.0,Cleaning & Laundry Appliances > Built-In Dishwashers,classified,rule_exact,1.0,"{""color_finish"": {""value"": ""Stainless Steel"", ""confidence"": 0.98, ""evidence"": ""SS"", ""method"": ""rule""}}",partial,rule,0.98,partial
PDT715SYVFS,PDT715SYVFS Ge Dishwasher SS,,,,Appliance Dealers Cooperative (APPDE),PDT715SYVFS,GE,Dishwasher,,,success,0.85,Appliance Dealers Cooperative,APPDE,matched,normalized,0.95,GE,BRD_GE,matched,exact,1.0,APP_CLEAN_DISH,Built-In Dishwashers,APP_CLEAN,Cleaning & Laundry Appliances,3.0,Cleaning & Laundry Appliances > Built-In Dishwashers,classified,rule_exact,1.0,"{""color_finish"": {""value"": ""Stainless Steel"", ""confidence"": 0.98, ""evidence"": ""SS"", ""method"": ""rule""}}",partial,rule,0.98,partial
LDPH5554D,LDPH5554D LG Dishwasher BSS,,,,Appliance Dealers Cooperative (APPDE),LDPH5554D,LG,Dishwasher,,,success,0.85,Appliance Dealers Cooperative,APPDE,matched,normalized,0.95,LG,BRD_LG,matched,exact,1.0,APP_CLEAN_DISH,Built-In Dishwashers,APP_CLEAN,Cleaning & Laundry Appliances,3.0,Cleaning & Laundry Appliances > Built-In Dishwashers,classified,rule_exact,1.0,{},none,none,0.0,invalid
WDTS7024RZ,WDTS7024RZ Dishwasher SS - Display Only,,,,Appliance Dealers Cooperative (APPDE),WDTS7024RZ,,Dishwasher,,,success,0.6,Appliance Dealers Cooperative,APPDE,matched,normalized,0.95,,,unmatched,none,0.0,APP_CLEAN_DISH,Built-In Dishwashers,APP_CLEAN,Cleaning & Laundry Appliances,3.0,Cleaning & Laundry Appliances > Built-In Dishwashers,classified,rule_exact,1.0,"{""color_finish"": {""value"": ""Stainless Steel"", ""confidence"": 0.98, ""evidence"": ""SS"", ""method"": ""rule""}}",partial,rule,0.98,partial
PDD415PYYFS,PDD415PYYFS GE Dishwasher SS,,,,Appliance Dealers Cooperative (APPDE),PDD415PYYFS,GE,Dishwasher,,,success,0.85,Appliance Dealers Cooperative,APPDE,matched,normalized,0.95,GE,BRD_GE,matched,exact,1.0,APP_CLEAN_DISH,Built-In Dishwashers,APP_CLEAN,Cleaning & Laundry Appliances,3.0,Cleaning & Laundry Appliances > Built-In Dishwashers,classified,rule_exact,1.0,"{""color_finish"": {""value"": ""Stainless Steel"", ""confidence"": 0.98, ""evidence"": ""SS"", ""method"": ""rule""}}",partial,rule,0.98,partial
KDTS424SBE,KDTS424SBE Kitchen Aid Dishwasher Bk,,,,Appliance Dealers Cooperative (APPDE),KDTS424SBE,KitchenAid,Dishwasher,,,success,0.85,Appliance Dealers Cooperative,APPDE,matched,normalized,0.95,KitchenAid,BRD_KITCHENAID,matched,exact,1.0,APP_CLEAN_DISH,Built-In Dishwashers,APP_CLEAN,Cleaning & Laundry Appliances,3.0,Cleaning & Laundry Appliances > Built-In Dishwashers,classified,rule_exact,1.0,{},none,none,0.0,invalid
KDTS324SPS,KDTS324SPS Kitchen Aid Dishwasher SS,,,,Appliance Dealers Cooperative (APPDE),KDTS324SPS,KitchenAid,Dishwasher,,,success,0.85,Appliance Dealers Cooperative,APPDE,matched,normalized,0.95,KitchenAid,BRD_KITCHENAID,matched,exact,1.0,APP_CLEAN_DISH,Built-In Dishwashers,APP_CLEAN,Cleaning & Laundry Appliances,3.0,Cleaning & Laundry Appliances > Built-In Dishwashers,classified,rule_exact,1.0,"{""color_finish"": {""value"": ""Stainless Steel"", ""confidence"": 0.98, ""evidence"": ""SS"", ""method"": ""rule""}}",partial,rule,0.98,partial
KDPS624SJP,KDPS624SJP Dishwasher Juniper - Display Only,,,,Appliance Dealers Cooperative (APPDE),KDPS624SJP,,Dishwasher,,,success,0.6,Appliance Dealers Cooperative,APPDE,matched,normalized,0.95,,,unmatched,none,0.0,APP_CLEAN_DISH,Built-In Dishwashers,APP_CLEAN,Cleaning & Laundry Appliances,3.0,Cleaning & Laundry Appliances > Built-In Dishwashers,classified,rule_exact,1.0,{},none,none,0.0,invalid
KDTS624SBE,KDTS624SBE Dishwasher BO Display Only,,,,Appliance Dealers Cooperative (APPDE),KDTS624SBE,,Dishwasher,,,success,0.6,Appliance Dealers Cooperative,APPDE,matched,normalized,0.95,,,unmatched,none,0.0,APP_CLEAN_DISH,Built-In Dishwashers,APP_CLEAN,Cleaning & Laundry Appliances,3.0,Cleaning & Laundry Appliances > Built-In Dishwashers,classified,rule_exact,1.0,{},none,none,0.0,invalid
D519127,D519127 Heater Kit,,,,V & V Appliance Parts Inc (VVAPP),D519127,,Heater Kit,,,success,0.6,V & V Appliance Parts Inc,VVAPP,matched,normalized,0.95,,,unmatched,none,0.0,APP_KITCHEN_MICROWAVE,Microwaves & Ranges,APP_KITCHEN,Kitchen Appliances & Cooking,3.0,Kitchen Appliances & Cooking > Microwaves & Ranges,classified,rule_keyword,0.9,{},none,none,0.0,invalid
DF7004WE,DF7004WE Speed Queen Elect Dryer Wh,,,,Appliance Dealers Cooperative (APPDE),DF7004WE,Speed Queen,Electric Dryer,,,success,0.85,Appliance Dealers Cooperative,APPDE,matched,normalized,0.95,Speed Queen,BRD_SPEEDQUEEN,matched,exact,1.0,APP_CLEAN_LAUNDRY,"Washers, Dryers & Laundry Centers",APP_CLEAN,Cleaning & Laundry Appliances,3.0,"Cleaning & Laundry Appliances > Washers, Dryers & Laundry Centers",classified,rule_exact,1.0,{},none,none,0.0,invalid
DR7004BE,DR7004BE SQ Elect Dryer Bk,,,,Appliance Dealers Cooperative (APPDE),DR7004BE,Speed Queen,Electric Dryer,,,success,0.85,Appliance Dealers Cooperative,APPDE,matched,normalized,0.95,Speed Queen,BRD_SPEEDQUEEN,matched,exact,1.0,APP_CLEAN_LAUNDRY,"Washers, Dryers & Laundry Centers",APP_CLEAN,Cleaning & Laundry Appliances,3.0,"Cleaning & Laundry Appliances > Washers, Dryers & Laundry Centers",classified,rule_exact,1.0,{},none,none,0.0,invalid
DV2000WE,DV2000WE SQ Elect Dryer Wh,,,,Appliance Dealers Cooperative (APPDE),DV2000WE,Speed Queen,Electric Dryer,,,success,0.85,Appliance Dealers Cooperative,APPDE,matched,normalized,0.95,Speed Queen,BRD_SPEEDQUEEN,matched,exact,1.0,APP_CLEAN_LAUNDRY,"Washers, Dryers & Laundry Centers",APP_CLEAN,Cleaning & Laundry Appliances,3.0,"Cleaning & Laundry Appliances > Washers, Dryers & Laundry Centers",classified,rule_exact,1.0,{},none,none,0.0,invalid
DC5004WE,DC5004WE SQ Elect Dryer Wh,,,,Appliance Dealers Cooperative (APPDE),DC5004WE,Speed Queen,Electric Dryer,,,success,0.85,Appliance Dealers Cooperative,APPDE,matched,normalized,0.95,Speed Queen,BRD_SPEEDQUEEN,matched,exact,1.0,APP_CLEAN_LAUNDRY,"Washers, Dryers & Laundry Centers",APP_CLEAN,Cleaning & Laundry Appliances,3.0,"Cleaning & Laundry Appliances > Washers, Dryers & Laundry Centers",classified,rule_exact,1.0,{},none,none,0.0,invalid
DC5004BE,DC5004BE SQ Elect Dryer Bk,,,,Appliance Dealers Cooperative (APPDE),DC5004BE,Speed Queen,Electric Dryer,,,success,0.85,Appliance Dealers Cooperative,APPDE,matched,normalized,0.95,Speed Queen,BRD_SPEEDQUEEN,matched,exact,1.0,APP_CLEAN_LAUNDRY,"Washers, Dryers & Laundry Centers",APP_CLEAN,Cleaning & Laundry Appliances,3.0,"Cleaning & Laundry Appliances > Washers, Dryers & Laundry Centers",classified,rule_exact,1.0,{},none,none,0.0,invalid
WKE100HWA,WKE100HWA LG Laundry Center Wh - Display,,,,Appliance Dealers Cooperative (APPDE),WKE100HWA,LG,Laundry Center,,,success,0.85,Appliance Dealers Cooperative,APPDE,matched,normalized,0.95,LG,BRD_LG,matched,exact,1.0,APP_CLEAN_LAUNDRY,"Washers, Dryers & Laundry Centers",APP_CLEAN,Cleaning & Laundry Appliances,3.0,"Cleaning & Laundry Appliances > Washers, Dryers & Laundry Centers",classified,rule_exact,1.0,{},none,none,0.0,invalid
FF7011WN,FF7011WN Speed Queen Washer Wh,,,,Appliance Dealers Cooperative (APPDE),FF7011WN,Speed Queen,Washer,,,success,0.85,Appliance Dealers Cooperative,APPDE,matched,normalized,0.95,Speed Queen,BRD_SPEEDQUEEN,matched,exact,1.0,APP_CLEAN_LAUNDRY,"Washers, Dryers & Laundry Centers",APP_CLEAN,Cleaning & Laundry Appliances,3.0,"Cleaning & Laundry Appliances > Washers, Dryers & Laundry Centers",classified,rule_exact,1.0,{},none,none,0.0,invalid
PTD70GBPTDG,PTD70GBPTDG GE Gas Dryer DG,,,,Appliance Dealers Cooperative (APPDE),PTD70GBPTDG,GE,Electric Dryer,,,success,0.85,Appliance Dealers Cooperative,APPDE,matched,normalized,0.95,GE,BRD_GE,matched,exact,1.0,APP_CLEAN_LAUNDRY,"Washers, Dryers & Laundry Centers",APP_CLEAN,Cleaning & Laundry Appliances,3.0,"Cleaning & Laundry Appliances > Washers, Dryers & Laundry Centers",classified,rule_exact,1.0,{},none,none,0.0,invalid
PTD70GBSTWS,PTD70GBSTWS GE Gas Dryer Wh,,,,Appliance Dealers Cooperative (APPDE),PTD70GBSTWS,GE,Electric Dryer,,,success,0.85,Appliance Dealers Cooperative,APPDE,matched,normalized,0.95,GE,BRD_GE,matched,exact,1.0,APP_CLEAN_LAUNDRY,"Washers, Dryers & Laundry Centers",APP_CLEAN,Cleaning & Laundry Appliances,3.0,"Cleaning & Laundry Appliances > Washers, Dryers & Laundry Centers",classified,rule_exact,1.0,{},none,none,0.0,invalid
DR5004WG,DR5004WG SQ Gas Dryer Wh,,,,Appliance Dealers Cooperative (APPDE),DR5004WG,Speed Queen,Electric Dryer,,,success,0.85,Appliance Dealers Cooperative,APPDE,matched,normalized,0.95,Speed Queen,BRD_SPEEDQUEEN,matched,exact,1.0,APP_CLEAN_LAUNDRY,"Washers, Dryers & Laundry Centers",APP_CLEAN,Cleaning & Laundry Appliances,3.0,"Cleaning & Laundry Appliances > Washers, Dryers & Laundry Centers",classified,rule_exact,1.0,{},none,none,0.0,invalid
DR7004BG,DR7004BG SQ Gas Dryer Bk,,,,Appliance Dealers Cooperative (APPDE),DR7004BG,Speed Queen,Electric Dryer,,,success,0.85,Appliance Dealers Cooperative,APPDE,matched,normalized,0.95,Speed Queen,BRD_SPEEDQUEEN,matched,exact,1.0,APP_CLEAN_LAUNDRY,"Washers, Dryers & Laundry Centers",APP_CLEAN,Cleaning & Laundry Appliances,3.0,"Cleaning & Laundry Appliances > Washers, Dryers & Laundry Centers",classified,rule_exact,1.0,{},none,none,0.0,invalid
DR7004WG,DR7004WG SQ Gas Dryer Wh,,,,Appliance Dealers Cooperative (APPDE),DR7004WG,Speed Queen,Electric Dryer,,,success,0.85,Appliance Dealers Cooperative,APPDE,matched,normalized,0.95,Speed Queen,BRD_SPEEDQUEEN,matched,exact,1.0,APP_CLEAN_LAUNDRY,"Washers, Dryers & Laundry Centers",APP_CLEAN,Cleaning & Laundry Appliances,3.0,"Cleaning & Laundry Appliances > Washers, Dryers & Laundry Centers",classified,rule_exact,1.0,{},none,none,0.0,invalid
DV2000WG,DV2000WG SQ Gas Dryer Wh,,,,Appliance Dealers Cooperative (APPDE),DV2000WG,Speed Queen,Electric Dryer,,,success,0.85,Appliance Dealers Cooperative,APPDE,matched,normalized,0.95,Speed Queen,BRD_SPEEDQUEEN,matched,exact,1.0,APP_CLEAN_LAUNDRY,"Washers, Dryers & Laundry Centers",APP_CLEAN,Cleaning & Laundry Appliances,3.0,"Cleaning & Laundry Appliances > Washers, Dryers & Laundry Centers",classified,rule_exact,1.0,{},none,none,0.0,invalid
DC5004WG,DC5004WG SQ Gas Dryer Wh,,,,Appliance Dealers Cooperative (APPDE),DC5004WG,Speed Queen,Electric Dryer,,,success,0.85,Appliance Dealers Cooperative,APPDE,matched,normalized,0.95,Speed Queen,BRD_SPEEDQUEEN,matched,exact,1.0,APP_CLEAN_LAUNDRY,"Washers, Dryers & Laundry Centers",APP_CLEAN,Cleaning & Laundry Appliances,3.0,"Cleaning & Laundry Appliances > Washers, Dryers & Laundry Centers",classified,rule_exact,1.0,{},none,none,0.0,invalid
DC5004BG,DC5004BG SQ Gas Dryer Bk,,,,Appliance Dealers Cooperative (APPDE),DC5004BG,Speed Queen,Electric Dryer,,,success,0.85,Appliance Dealers Cooperative,APPDE,matched,normalized,0.95,Speed Queen,BRD_SPEEDQUEEN,matched,exact,1.0,APP_CLEAN_LAUNDRY,"Washers, Dryers & Laundry Centers",APP_CLEAN,Cleaning & Laundry Appliances,3.0,"Cleaning & Laundry Appliances > Washers, Dryers & Laundry Centers",classified,rule_exact,1.0,{},none,none,0.0,invalid
PTW705BSTWS,PTW705BSTWS GE Washer Wh,,,,Appliance Dealers Cooperative (APPDE),PTW705BSTWS,GE,Washer,,,success,0.85,Appliance Dealers Cooperative,APPDE,matched,normalized,0.95,GE,BRD_GE,matched,exact,1.0,APP_CLEAN_LAUNDRY,"Washers, Dryers & Laundry Centers",APP_CLEAN,Cleaning & Laundry Appliances,3.0,"Cleaning & Laundry Appliances > Washers, Dryers & Laundry Centers",classified,rule_exact,1.0,{},none,none,0.0,invalid
MVWP586GW,MVWP586GW Washer Wh - Display,,,,Appliance Dealers Cooperative (APPDE),MVWP586GW,,Washer,,,success,0.6,Appliance Dealers Cooperative,APPDE,matched,normalized,0.95,,,unmatched,none,0.0,APP_CLEAN_LAUNDRY,"Washers, Dryers & Laundry Centers",APP_CLEAN,Cleaning & Laundry Appliances,3.0,"Cleaning & Laundry Appliances > Washers, Dryers & Laundry Centers",classified,rule_exact,1.0,{},none,none,0.0,invalid
TV2000WN,TV2000WN SQ Elect Washer,,,,Appliance Dealers Cooperative (APPDE),TV2000WN,Speed Queen,Washer,,,success,0.85,Appliance Dealers Cooperative,APPDE,matched,normalized,0.95,Speed Queen,BRD_SPEEDQUEEN,matched,exact,1.0,APP_CLEAN_LAUNDRY,"Washers, Dryers & Laundry Centers",APP_CLEAN,Cleaning & Laundry Appliances,3.0,"Cleaning & Laundry Appliances > Washers, Dryers & Laundry Centers",classified,rule_exact,1.0,{},none,none,0.0,invalid
TC5003BN,TC5003BN SQ Washer Bk,,,,Appliance Dealers Cooperative (APPDE),TC5003BN,Speed Queen,Washer,,,success,0.85,Appliance Dealers Cooperative,APPDE,matched,normalized,0.95,Speed Queen,BRD_SPEEDQUEEN,matched,exact,1.0,APP_CLEAN_LAUNDRY,"Washers, Dryers & Laundry Centers",APP_CLEAN,Cleaning & Laundry Appliances,3.0,"Cleaning & Laundry Appliances > Washers, Dryers & Laundry Centers",classified,rule_exact,1.0,{},none,none,0.0,invalid
TR7006WN,TR7006WN Speed Queen Washer Wh,,,,Appliance Dealers Cooperative (APPDE),TR7006WN,Speed Queen,Washer,,,success,0.85,Appliance Dealers Cooperative,APPDE,matched,normalized,0.95,Speed Queen,BRD_SPEEDQUEEN,matched,exact,1.0,APP_CLEAN_LAUNDRY,"Washers, Dryers & Laundry Centers",APP_CLEAN,Cleaning & Laundry Appliances,3.0,"Cleaning & Laundry Appliances > Washers, Dryers & Laundry Centers",classified,rule_exact,1.0,{},none,none,0.0,invalid
TR7006BN,TR7006BN Speed Queen Washer Bk,,,,Appliance Dealers Cooperative (APPDE),TR7006BN,Speed Queen,Washer,,,success,0.85,Appliance Dealers Cooperative,APPDE,matched,normalized,0.95,Speed Queen,BRD_SPEEDQUEEN,matched,exact,1.0,APP_CLEAN_LAUNDRY,"Washers, Dryers & Laundry Centers",APP_CLEAN,Cleaning & Laundry Appliances,3.0,"Cleaning & Laundry Appliances > Washers, Dryers & Laundry Centers",classified,rule_exact,1.0,{},none,none,0.0,invalid
TR5006WN,TR5006WN Speed Queen Washer Wh,,,,Appliance Dealers Cooperative (APPDE),TR5006WN,Speed Queen,Washer,,,success,0.85,Appliance Dealers Cooperative,APPDE,matched,normalized,0.95,Speed Queen,BRD_SPEEDQUEEN,matched,exact,1.0,APP_CLEAN_LAUNDRY,"Washers, Dryers & Laundry Centers",APP_CLEAN,Cleaning & Laundry Appliances,3.0,"Cleaning & Laundry Appliances > Washers, Dryers & Laundry Centers",classified,rule_exact,1.0,{},none,none,0.0,invalid
05134545001,9516 Kneeling Pad& Bttl Opener,,,,Wera Tools NA Inc (WERTO),9516,,,,,partial,0.35,Wera Tools NA Inc,WERTO,matched,normalized,0.95,,,unmatched,none,0.0,PWR_ACC_ROTARY,Rotary Tools,PWR_ACC,Tool Accessories & Attachments,3.0,Tool Accessories & Attachments > Rotary Tools,classified,candidate_match,0.88,{},none,none,0.0,invalid
LNL65301,LNL65301 Digital Tire Pressure - Inflator Gauge,,,,-,LNL65301,,,,,partial,0.35,,,unmatched,none,0.0,,,unmatched,none,0.0,,,,,,,unmatched,unmatched,0.0,{},none,none,0.0,invalid
25-A,Charcoal Black 25-A Mortar - Type N,,,,Rees Cast Stone Company (REECA),Charcoal,,,,,partial,0.35,Rees Cast Stone Company,REECA,matched,normalized,0.95,,,unmatched,none,0.0,BLD_LUMBER_BOARDS,Lumber & Building Supplies,BLD_LUMBER,Lumber & Panels,3.0,Lumber & Panels > Lumber & Building Supplies,classified,rule_keyword,0.92,{},none,none,0.0,invalid
38-E,Dark Chocolate 38-E Mortar - Type N,,,,Rees Cast Stone Company (REECA),Dark,,,,,partial,0.35,Rees Cast Stone Company,REECA,matched,normalized,0.95,,,unmatched,none,0.0,BLD_LUMBER_BOARDS,Lumber & Building Supplies,BLD_LUMBER,Lumber & Panels,3.0,Lumber & Panels > Lumber & Building Supplies,classified,rule_keyword,0.92,{},none,none,0.0,invalid
59-J,Light Buff 59-J Mortar - Type N,,,,Rees Cast Stone Company (REECA),Light,,,,,partial,0.35,Rees Cast Stone Company,REECA,matched,normalized,0.95,,,unmatched,none,0.0,BLD_LUMBER_BOARDS,Lumber & Building Supplies,BLD_LUMBER,Lumber & Panels,3.0,Lumber & Panels > Lumber & Building Supplies,classified,rule_keyword,0.92,{},none,none,0.0,invalid
44-A,Light Chocolate 44-A Mortar - Type N,,,,Rees Cast Stone Company (REECA),Light,,,,,partial,0.35,Rees Cast Stone Company,REECA,matched,normalized,0.95,,,unmatched,none,0.0,BLD_LUMBER_BOARDS,Lumber & Building Supplies,BLD_LUMBER,Lumber & Panels,3.0,Lumber & Panels > Lumber & Building Supplies,classified,rule_keyword,0.92,{},none,none,0.0,invalid
543302126,6' Wh Select T-Rail Kit Horiz - w/Sq Composite Balusters,TREX,,,U S Lumber (3073),,,Railing Kit,,,partial,0.25,U S Lumber,3073,matched,normalized,0.95,,,unmatched,none,0.0,BLD_DECK_RAIL,Railing & Fence Kits,BLD_DECK,Decking & Railing,3.0,Decking & Railing > Railing & Fence Kits,classified,rule_exact,1.0,{},none,none,0.0,invalid
543302146,8' Wh Select T-Rail Kit Horiz - w/Sq Composite Balusters,TREX,,,U S Lumber (3073),,,Railing Kit,,,partial,0.25,U S Lumber,3073,matched,normalized,0.95,,,unmatched,none,0.0,BLD_DECK_RAIL,Railing & Fence Kits,BLD_DECK,Decking & Railing,3.0,Decking & Railing > Railing & Fence Kits,classified,rule_exact,1.0,{},none,none,0.0,invalid
73019603,Finyline Wh 6' Fl Rail Kit Sq,,,,-,Finyline,,Railing Kit,,,success,0.6,,,unmatched,none,0.0,,,unmatched,none,0.0,BLD_DECK_RAIL,Railing & Fence Kits,BLD_DECK,Decking & Railing,3.0,Decking & Railing > Railing & Fence Kits,classified,rule_exact,1.0,{},none,none,0.0,invalid
73019652,Finyline Wh 8' Fl Rail Kit Sq,,,,-,Finyline,,Railing Kit,,,success,0.6,,,unmatched,none,0.0,,,unmatched,none,0.0,BLD_DECK_RAIL,Railing & Fence Kits,BLD_DECK,Decking & Railing,3.0,Decking & Railing > Railing & Fence Kits,classified,rule_exact,1.0,{},none,none,0.0,invalid
73019517,Finyline Wh 10' Fl Rail Kit Sq,,,,-,Finyline,,Railing Kit,,,success,0.6,,,unmatched,none,0.0,,,unmatched,none,0.0,BLD_DECK_RAIL,Railing & Fence Kits,BLD_DECK,Decking & Railing,3.0,Decking & Railing > Railing & Fence Kits,classified,rule_exact,1.0,{},none,none,0.0,invalid
73019602,Finyline Wh 6' Fl Rail Kit Rd - w/Black Alum Balusters,,,,-,Finyline,,Railing Kit,,,success,0.6,,,unmatched,none,0.0,,,unmatched,none,0.0,BLD_DECK_RAIL,Railing & Fence Kits,BLD_DECK,Decking & Railing,3.0,Decking & Railing > Railing & Fence Kits,classified,rule_exact,1.0,{},none,none,0.0,invalid
73019651,Finyline Wh 8' Fl Rail Kit Rd - w/Black Alum Balusters,,,,-,Finyline,,Railing Kit,,,success,0.6,,,unmatched,none,0.0,,,unmatched,none,0.0,BLD_DECK_RAIL,Railing & Fence Kits,BLD_DECK,Decking & Railing,3.0,Decking & Railing > Railing & Fence Kits,classified,rule_exact,1.0,{},none,none,0.0,invalid
73019516,Finyline Wh 10' Fl Rail Kit Rd - w/Black Alum Balusters,,,,-,Finyline,,Railing Kit,,,success,0.6,,,unmatched,none,0.0,,,unmatched,none,0.0,BLD_DECK_RAIL,Railing & Fence Kits,BLD_DECK,Decking & Railing,3.0,Decking & Railing > Railing & Fence Kits,classified,rule_exact,1.0,{},none,none,0.0,invalid
543300256,6' Black Select Classic Horiz - Rail w/Rnd Black Alum Baluster,TREX,,,Boise Cascade Building Materials (BOICA),,,Railing Kit,,,partial,0.25,Boise Cascade Building Materials,BOICA,matched,normalized,0.95,,,unmatched,none,0.0,BLD_DECK_RAIL,Railing & Fence Kits,BLD_DECK,Decking & Railing,3.0,Decking & Railing > Railing & Fence Kits,classified,rule_exact,1.0,{},none,none,0.0,invalid
543300276,8' Black Select Classic Horiz - Rail w/Rnd Black Alum Baluster,TREX,,,Boise Cascade Building Materials (BOICA),,,Railing Kit,,,partial,0.25,Boise Cascade Building Materials,BOICA,matched,normalized,0.95,,,unmatched,none,0.0,BLD_DECK_RAIL,Railing & Fence Kits,BLD_DECK,Decking & Railing,3.0,Decking & Railing > Railing & Fence Kits,classified,rule_exact,1.0,{},none,none,0.0,invalid
73045028,Custom Finyline Wh Gate Sq Bal,,,,-,Custom,,,,,partial,0.35,,,unmatched,none,0.0,,,unmatched,none,0.0,BLD_DECK_RAIL,Railing & Fence Kits,BLD_DECK,Decking & Railing,3.0,Decking & Railing > Railing & Fence Kits,classified,rule_keyword,0.91,{},none,none,0.0,invalid
73045031,Custom Finyline Wh Gate Rd - w/Black Alum Balusters,,,,-,Custom,,,,,partial,0.35,,,unmatched,none,0.0,,,unmatched,none,0.0,BLD_DECK_RAIL,Railing & Fence Kits,BLD_DECK,Decking & Railing,3.0,Decking & Railing > Railing & Fence Kits,classified,rule_keyword,0.93,{},none,none,0.0,invalid
543340126,"6'x36"" Select Alm w/Sq Bal Hor - Assembled Black Rail Panel",TREX,,,Boise Cascade Building Materials (BOICA),,,Railing Kit,36 in,,partial,0.35,Boise Cascade Building Materials,BOICA,matched,normalized,0.95,,,unmatched,none,0.0,BLD_DECK_RAIL,Railing & Fence Kits,BLD_DECK,Decking & Railing,3.0,Decking & Railing > Railing & Fence Kits,classified,rule_exact,1.0,{},none,none,0.0,invalid
543340127,"6'x36"" Select Alm w/Sq Bal Str - Assembled Black Rail Panel",TREX,,,Boise Cascade Building Materials (BOICA),,,Railing Kit,36 in,,partial,0.35,Boise Cascade Building Materials,BOICA,matched,normalized,0.95,,,unmatched,none,0.0,BLD_DECK_RAIL,Railing & Fence Kits,BLD_DECK,Decking & Railing,3.0,Decking & Railing > Railing & Fence Kits,classified,rule_exact,1.0,{},none,none,0.0,invalid
543340146,"8'x36"" Select Alm w/Sq Bal Hor - Assembled Black Rail Panel",TREX,,,Boise Cascade Building Materials (BOICA),,,Railing Kit,36 in,,partial,0.35,Boise Cascade Building Materials,BOICA,matched,normalized,0.95,,,unmatched,none,0.0,BLD_DECK_RAIL,Railing & Fence Kits,BLD_DECK,Decking & Railing,3.0,Decking & Railing > Railing & Fence Kits,classified,rule_exact,1.0,{},none,none,0.0,invalid
543340147,"8'x36"" Select Alm w/Sq Bal Str - Assembled Black Rail Panel",TREX,,,Boise Cascade Building Materials (BOICA),,,Railing Kit,36 in,,partial,0.35,Boise Cascade Building Materials,BOICA,matched,normalized,0.95,,,unmatched,none,0.0,BLD_DECK_RAIL,Railing & Fence Kits,BLD_DECK,Decking & Railing,3.0,Decking & Railing > Railing & Fence Kits,classified,rule_exact,1.0,{},none,none,0.0,invalid
ADB15516CS,1x6-16' Coastline Sq Edge - Vintage Azek PVC Decking,TIMBERTECH,,,Parksite (6151),,Azek,Decking,1 in,,success,0.6,Parksite,6151,matched,normalized,0.95,Azek,BRD_AZEK,matched,exact,1.0,BLD_DECK_PVC,PVC & Composite Decking,BLD_DECK,Decking & Railing,3.0,Decking & Railing > PVC & Composite Decking,classified,rule_exact,1.0,"{""material"": {""value"": ""PVC"", ""confidence"": 0.98, ""evidence"": ""PVC"", ""method"": ""rule""}}",partial,rule,0.98,partial
ADB15520CS,1x6-20' Coastline Sq Edge - Vintage Azek PVC Decking,TIMBERTECH,,,Parksite (6151),,Azek,Decking,1 in,,success,0.6,Parksite,6151,matched,normalized,0.95,Azek,BRD_AZEK,matched,exact,1.0,BLD_DECK_PVC,PVC & Composite Decking,BLD_DECK,Decking & Railing,3.0,Decking & Railing > PVC & Composite Decking,classified,rule_exact,1.0,"{""material"": {""value"": ""PVC"", ""confidence"": 0.98, ""evidence"": ""PVC"", ""method"": ""rule""}}",partial,rule,0.98,partial
ADB15516EW,1x6-16' English Walnut Sq Edge - Vintage Azek PVC Decking,TIMBERTECH,,,Parksite (6151),,Azek,Decking,1 in,,success,0.6,Parksite,6151,matched,normalized,0.95,Azek,BRD_AZEK,matched,exact,1.0,BLD_DECK_PVC,PVC & Composite Decking,BLD_DECK,Decking & Railing,3.0,Decking & Railing > PVC & Composite Decking,classified,rule_exact,1.0,"{""material"": {""value"": ""PVC"", ""confidence"": 0.98, ""evidence"": ""PVC"", ""method"": ""rule""}}",partial,rule,0.98,partial
ADB15520EW,1x6-20' English Walnut Sq Edge - Vintage Azek PVC Decking,TIMBERTECH,,,Parksite (6151),,Azek,Decking,1 in,,success,0.6,Parksite,6151,matched,normalized,0.95,Azek,BRD_AZEK,matched,exact,1.0,BLD_DECK_PVC,PVC & Composite Decking,BLD_DECK,Decking & Railing,3.0,Decking & Railing > PVC & Composite Decking,classified,rule_exact,1.0,"{""material"": {""value"": ""PVC"", ""confidence"": 0.98, ""evidence"": ""PVC"", ""method"": ""rule""}}",partial,rule,0.98,partial
ADB15516MH,1x6-16' Mahogany Sq Edge - Vintage Azek PVC Decking,TIMBERTECH,,,Parksite (6151),,Azek,Decking,1 in,,success,0.6,Parksite,6151,matched,normalized,0.95,Azek,BRD_AZEK,matched,exact,1.0,BLD_DECK_PVC,PVC & Composite Decking,BLD_DECK,Decking & Railing,3.0,Decking & Railing > PVC & Composite Decking,classified,rule_exact,1.0,"{""material"": {""value"": ""PVC"", ""confidence"": 0.98, ""evidence"": ""PVC"", ""method"": ""rule""}}",partial,rule,0.98,partial
ADB15520MH,1x6-20' Mahogany Sq Edge - Vintage Azek PVC Decking,TIMBERTECH,,,Parksite (6151),,Azek,Decking,1 in,,success,0.6,Parksite,6151,matched,normalized,0.95,Azek,BRD_AZEK,matched,exact,1.0,BLD_DECK_PVC,PVC & Composite Decking,BLD_DECK,Decking & Railing,3.0,Decking & Railing > PVC & Composite Decking,classified,rule_exact,1.0,"{""material"": {""value"": ""PVC"", ""confidence"": 0.98, ""evidence"": ""PVC"", ""method"": ""rule""}}",partial,rule,0.98,partial
ADB15516WT,1x6-16' Weathered Teak Sq Edge - Vintage Azek PVC Decking,TIMBERTECH,,,Parksite (6151),,Azek,Decking,1 in,,success,0.6,Parksite,6151,matched,normalized,0.95,Azek,BRD_AZEK,matched,exact,1.0,BLD_DECK_PVC,PVC & Composite Decking,BLD_DECK,Decking & Railing,3.0,Decking & Railing > PVC & Composite Decking,classified,rule_exact,1.0,"{""material"": {""value"": ""PVC"", ""confidence"": 0.98, ""evidence"": ""PVC"", ""method"": ""rule""}}",partial,rule,0.98,partial
ADB15520WT,1x6-20' Weathered Teak Sq Edge - Vintage Azek PVC Decking,TIMBERTECH,,,Parksite (6151),,Azek,Decking,1 in,,success,0.6,Parksite,6151,matched,normalized,0.95,Azek,BRD_AZEK,matched,exact,1.0,BLD_DECK_PVC,PVC & Composite Decking,BLD_DECK,Decking & Railing,3.0,Decking & Railing > PVC & Composite Decking,classified,rule_exact,1.0,"{""material"": {""value"": ""PVC"", ""confidence"": 0.98, ""evidence"": ""PVC"", ""method"": ""rule""}}",partial,rule,0.98,partial
AGB15512CS,1x6-12' Coastline Grooved - Vintage Azek PVC Decking,TIMBERTECH,,,Parksite (6151),,Azek,Decking,1 in,,success,0.6,Parksite,6151,matched,normalized,0.95,Azek,BRD_AZEK,matched,exact,1.0,BLD_DECK_PVC,PVC & Composite Decking,BLD_DECK,Decking & Railing,3.0,Decking & Railing > PVC & Composite Decking,classified,rule_exact,1.0,"{""material"": {""value"": ""PVC"", ""confidence"": 0.98, ""evidence"": ""PVC"", ""method"": ""rule""}}",partial,rule,0.98,partial
AGB15516CS,1x6-16' Coastline Grooved - Vintage Azek PVC Decking,TIMBERTECH,,,Parksite (6151),,Azek,Decking,1 in,,success,0.6,Parksite,6151,matched,normalized,0.95,Azek,BRD_AZEK,matched,exact,1.0,BLD_DECK_PVC,PVC & Composite Decking,BLD_DECK,Decking & Railing,3.0,Decking & Railing > PVC & Composite Decking,classified,rule_exact,1.0,"{""material"": {""value"": ""PVC"", ""confidence"": 0.98, ""evidence"": ""PVC"", ""method"": ""rule""}}",partial,rule,0.98,partial
AGB15520CS,1x6-20' Coastline Grooved - Vintage Azek PVC Decking,TIMBERTECH,,,Parksite (6151),,Azek,Decking,1 in,,success,0.6,Parksite,6151,matched,normalized,0.95,Azek,BRD_AZEK,matched,exact,1.0,BLD_DECK_PVC,PVC & Composite Decking,BLD_DECK,Decking & Railing,3.0,Decking & Railing > PVC & Composite Decking,classified,rule_exact,1.0,"{""material"": {""value"": ""PVC"", ""confidence"": 0.98, ""evidence"": ""PVC"", ""method"": ""rule""}}",partial,rule,0.98,partial
AGB15512EW,1x6-12' English Walnut Grooved - Vintage Azek PVC Decking,TIMBERTECH,,,Parksite (6151),,Azek,Decking,1 in,,success,0.6,Parksite,6151,matched,normalized,0.95,Azek,BRD_AZEK,matched,exact,1.0,BLD_DECK_PVC,PVC & Composite Decking,BLD_DECK,Decking & Railing,3.0,Decking & Railing > PVC & Composite Decking,classified,rule_exact,1.0,"{""material"": {""value"": ""PVC"", ""confidence"": 0.98, ""evidence"": ""PVC"", ""method"": ""rule""}}",partial,rule,0.98,partial
AGB15516EW,1x6-16' English Walnut Grooved - Vintage Azek PVC Decking,TIMBERTECH,,,Parksite (6151),,Azek,Decking,1 in,,success,0.6,Parksite,6151,matched,normalized,0.95,Azek,BRD_AZEK,matched,exact,1.0,BLD_DECK_PVC,PVC & Composite Decking,BLD_DECK,Decking & Railing,3.0,Decking & Railing > PVC & Composite Decking,classified,rule_exact,1.0,"{""material"": {""value"": ""PVC"", ""confidence"": 0.98, ""evidence"": ""PVC"", ""method"": ""rule""}}",partial,rule,0.98,partial
AGB15520EW,1x6-20' English Walnut Grooved - Vintage Azek PVC Decking,TIMBERTECH,,,Parksite (6151),,Azek,Decking,1 in,,success,0.6,Parksite,6151,matched,normalized,0.95,Azek,BRD_AZEK,matched,exact,1.0,BLD_DECK_PVC,PVC & Composite Decking,BLD_DECK,Decking & Railing,3.0,Decking & Railing > PVC & Composite Decking,classified,rule_exact,1.0,"{""material"": {""value"": ""PVC"", ""confidence"": 0.98, ""evidence"": ""PVC"", ""method"": ""rule""}}",partial,rule,0.98,partial
AGB15512MH,1x6-12' Mahogany Grooved - Vintage Azek PVC Decking,TIMBERTECH,,,Parksite (6151),,Azek,Decking,1 in,,success,0.6,Parksite,6151,matched,normalized,0.95,Azek,BRD_AZEK,matched,exact,1.0,BLD_DECK_PVC,PVC & Composite Decking,BLD_DECK,Decking & Railing,3.0,Decking & Railing > PVC & Composite Decking,classified,rule_exact,1.0,"{""material"": {""value"": ""PVC"", ""confidence"": 0.98, ""evidence"": ""PVC"", ""method"": ""rule""}}",partial,rule,0.98,partial
AGB15516MH,1x6-16' Mahogany Grooved - Vintage Azek PVC Decking,TIMBERTECH,,,Parksite (6151),,Azek,Decking,1 in,,success,0.6,Parksite,6151,matched,normalized,0.95,Azek,BRD_AZEK,matched,exact,1.0,BLD_DECK_PVC,PVC & Composite Decking,BLD_DECK,Decking & Railing,3.0,Decking & Railing > PVC & Composite Decking,classified,rule_exact,1.0,"{""material"": {""value"": ""PVC"", ""confidence"": 0.98, ""evidence"": ""PVC"", ""method"": ""rule""}}",partial,rule,0.98,partial
AGB15520MH,1x6-20' Mahogany Grooved - Vintage Azek PVC Decking,TIMBERTECH,,,Parksite (6151),,Azek,Decking,1 in,,success,0.6,Parksite,6151,matched,normalized,0.95,Azek,BRD_AZEK,matched,exact,1.0,BLD_DECK_PVC,PVC & Composite Decking,BLD_DECK,Decking & Railing,3.0,Decking & Railing > PVC & Composite Decking,classified,rule_exact,1.0,"{""material"": {""value"": ""PVC"", ""confidence"": 0.98, ""evidence"": ""PVC"", ""method"": ""rule""}}",partial,rule,0.98,partial
AGB15512WT,1x6-12' Weathered Teak Grooved - Vintage Azek PVC Decking,TIMBERTECH,,,Parksite (6151),,Azek,Decking,1 in,,success,0.6,Parksite,6151,matched,normalized,0.95,Azek,BRD_AZEK,matched,exact,1.0,BLD_DECK_PVC,PVC & Composite Decking,BLD_DECK,Decking & Railing,3.0,Decking & Railing > PVC & Composite Decking,classified,rule_exact,1.0,"{""material"": {""value"": ""PVC"", ""confidence"": 0.98, ""evidence"": ""PVC"", ""method"": ""rule""}}",partial,rule,0.98,partial
AGB15516WT,1x6-16' Weathered Teak Grooved - Vintage Azek PVC Decking,TIMBERTECH,,,Parksite (6151),,Azek,Decking,1 in,,success,0.6,Parksite,6151,matched,normalized,0.95,Azek,BRD_AZEK,matched,exact,1.0,BLD_DECK_PVC,PVC & Composite Decking,BLD_DECK,Decking & Railing,3.0,Decking & Railing > PVC & Composite Decking,classified,rule_exact,1.0,"{""material"": {""value"": ""PVC"", ""confidence"": 0.98, ""evidence"": ""PVC"", ""method"": ""rule""}}",partial,rule,0.98,partial
AGB15520WT,1x6-20' Weathered Teak Grooved - Vintage Azek PVC Decking,TIMBERTECH,,,Parksite (6151),,Azek,Decking,1 in,,success,0.6,Parksite,6151,matched,normalized,0.95,Azek,BRD_AZEK,matched,exact,1.0,BLD_DECK_PVC,PVC & Composite Decking,BLD_DECK,Decking & Railing,3.0,Decking & Railing > PVC & Composite Decking,classified,rule_exact,1.0,"{""material"": {""value"": ""PVC"", ""confidence"": 0.98, ""evidence"": ""PVC"", ""method"": ""rule""}}",partial,rule,0.98,partial
ADB15516AW,1x6-16' American Walnut Sq Edg - Landmark Azek PVC Decking,TIMBERTECH,,,Parksite (6151),,Azek,Decking,1 in,,success,0.6,Parksite,6151,matched,normalized,0.95,Azek,BRD_AZEK,matched,exact,1.0,BLD_DECK_PVC,PVC & Composite Decking,BLD_DECK,Decking & Railing,3.0,Decking & Railing > PVC & Composite Decking,classified,rule_exact,1.0,"{""material"": {""value"": ""PVC"", ""confidence"": 0.98, ""evidence"": ""PVC"", ""method"": ""rule""}}",partial,rule,0.98,partial
ADB15520AW,1x6-20' American Walnut Sq Edg - Landmark Azek PVC Decking,TIMBERTECH,,,Parksite (6151),,Azek,Decking,1 in,,success,0.6,Parksite,6151,matched,normalized,0.95,Azek,BRD_AZEK,matched,exact,1.0,BLD_DECK_PVC,PVC & Composite Decking,BLD_DECK,Decking & Railing,3.0,Decking & Railing > PVC & Composite Decking,classified,rule_exact,1.0,"{""material"": {""value"": ""PVC"", ""confidence"": 0.98, ""evidence"": ""PVC"", ""method"": ""rule""}}",partial,rule,0.98,partial
ADB15516CG,1x6-16' Castle Gate Sq Edge - Landmark Azek PVC Decking,TIMBERTECH,,,Parksite (6151),,Azek,Decking,1 in,,success,0.6,Parksite,6151,matched,normalized,0.95,Azek,BRD_AZEK,matched,exact,1.0,BLD_DECK_PVC,PVC & Composite Decking,BLD_DECK,Decking & Railing,3.0,Decking & Railing > PVC & Composite Decking,classified,rule_exact,1.0,"{""material"": {""value"": ""PVC"", ""confidence"": 0.98, ""evidence"": ""PVC"", ""method"": ""rule""}}",partial,rule,0.98,partial
ADB15520CG,1x6-20' Castle Gate Sq Edge - Landmark Azek PVC Decking,TIMBERTECH,,,Parksite (6151),,Azek,Decking,1 in,,success,0.6,Parksite,6151,matched,normalized,0.95,Azek,BRD_AZEK,matched,exact,1.0,BLD_DECK_PVC,PVC & Composite Decking,BLD_DECK,Decking & Railing,3.0,Decking & Railing > PVC & Composite Decking,classified,rule_exact,1.0,"{""material"": {""value"": ""PVC"", ""confidence"": 0.98, ""evidence"": ""PVC"", ""method"": ""rule""}}",partial,rule,0.98,partial
ADB15516FW,1x6-16' French White Oak Sq Ed - Landmark Azek PVC Decking,TIMBERTECH,,,Parksite (6151),,Azek,Decking,1 in,,success,0.6,Parksite,6151,matched,normalized,0.95,Azek,BRD_AZEK,matched,exact,1.0,BLD_DECK_PVC,PVC & Composite Decking,BLD_DECK,Decking & Railing,3.0,Decking & Railing > PVC & Composite Decking,classified,rule_exact,1.0,"{""material"": {""value"": ""PVC"", ""confidence"": 0.98, ""evidence"": ""PVC"", ""method"": ""rule""}}",partial,rule,0.98,partial
ADB15520FW,1x6-20' French White Oak Sq Ed - Landmark Azek PVC Decking,TIMBERTECH,,,Parksite (6151),,Azek,Decking,1 in,,success,0.6,Parksite,6151,matched,normalized,0.95,Azek,BRD_AZEK,matched,exact,1.0,BLD_DECK_PVC,PVC & Composite Decking,BLD_DECK,Decking & Railing,3.0,Decking & Railing > PVC & Composite Decking,classified,rule_exact,1.0,"{""material"": {""value"": ""PVC"", ""confidence"": 0.98, ""evidence"": ""PVC"", ""method"": ""rule""}}",partial,rule,0.98,partial
AGB15512AW,1x6-12' American Walnut Groove - Landmark Azek PVC Decking,TIMBERTECH,,,Parksite (6151),,Azek,Decking,1 in,,success,0.6,Parksite,6151,matched,normalized,0.95,Azek,BRD_AZEK,matched,exact,1.0,BLD_DECK_PVC,PVC & Composite Decking,BLD_DECK,Decking & Railing,3.0,Decking & Railing > PVC & Composite Decking,classified,rule_exact,1.0,"{""material"": {""value"": ""PVC"", ""confidence"": 0.98, ""evidence"": ""PVC"", ""method"": ""rule""}}",partial,rule,0.98,partial
AGB15516AW,1x6-16' American Walnut Groove - Landmark Azek PVC Decking,TIMBERTECH,,,Parksite (6151),,Azek,Decking,1 in,,success,0.6,Parksite,6151,matched,normalized,0.95,Azek,BRD_AZEK,matched,exact,1.0,BLD_DECK_PVC,PVC & Composite Decking,BLD_DECK,Decking & Railing,3.0,Decking & Railing > PVC & Composite Decking,classified,rule_exact,1.0,"{""material"": {""value"": ""PVC"", ""confidence"": 0.98, ""evidence"": ""PVC"", ""method"": ""rule""}}",partial,rule,0.98,partial
AGB15520AW,1x6-20' American Walnut Groove - Landmark Azek PVC Decking,TIMBERTECH,,,Parksite (6151),,Azek,Decking,1 in,,success,0.6,Parksite,6151,matched,normalized,0.95,Azek,BRD_AZEK,matched,exact,1.0,BLD_DECK_PVC,PVC & Composite Decking,BLD_DECK,Decking & Railing,3.0,Decking & Railing > PVC & Composite Decking,classified,rule_exact,1.0,"{""material"": {""value"": ""PVC"", ""confidence"": 0.98, ""evidence"": ""PVC"", ""method"": ""rule""}}",partial,rule,0.98,partial
AGB15512CG,1x6-12' Castle Gate Grooved - Landmark Azek PVC Decking,TIMBERTECH,,,Parksite (6151),,Azek,Decking,1 in,,success,0.6,Parksite,6151,matched,normalized,0.95,Azek,BRD_AZEK,matched,exact,1.0,BLD_DECK_PVC,PVC & Composite Decking,BLD_DECK,Decking & Railing,3.0,Decking & Railing > PVC & Composite Decking,classified,rule_exact,1.0,"{""material"": {""value"": ""PVC"", ""confidence"": 0.98, ""evidence"": ""PVC"", ""method"": ""rule""}}",partial,rule,0.98,partial
AGB15516CG,1x6-16' Castle Gate Grooved - Landmark Azek PVC Decking,TIMBERTECH,,,Parksite (6151),,Azek,Decking,1 in,,success,0.6,Parksite,6151,matched,normalized,0.95,Azek,BRD_AZEK,matched,exact,1.0,BLD_DECK_PVC,PVC & Composite Decking,BLD_DECK,Decking & Railing,3.0,Decking & Railing > PVC & Composite Decking,classified,rule_exact,1.0,"{""material"": {""value"": ""PVC"", ""confidence"": 0.98, ""evidence"": ""PVC"", ""method"": ""rule""}}",partial,rule,0.98,partial
AGB15520CG,1x6-20' Castle Gate Grooved - Landmark Azek PVC Decking,TIMBERTECH,,,Parksite (6151),,Azek,Decking,1 in,,success,0.6,Parksite,6151,matched,normalized,0.95,Azek,BRD_AZEK,matched,exact,1.0,BLD_DECK_PVC,PVC & Composite Decking,BLD_DECK,Decking & Railing,3.0,Decking & Railing > PVC & Composite Decking,classified,rule_exact,1.0,"{""material"": {""value"": ""PVC"", ""confidence"": 0.98, ""evidence"": ""PVC"", ""method"": ""rule""}}",partial,rule,0.98,partial
AGB15512FW,1x6-12' French White Oak Groov - Landmark Azek PVC Decking,TIMBERTECH,,,Parksite (6151),,Azek,Decking,1 in,,success,0.6,Parksite,6151,matched,normalized,0.95,Azek,BRD_AZEK,matched,exact,1.0,BLD_DECK_PVC,PVC & Composite Decking,BLD_DECK,Decking & Railing,3.0,Decking & Railing > PVC & Composite Decking,classified,rule_exact,1.0,"{""material"": {""value"": ""PVC"", ""confidence"": 0.98, ""evidence"": ""PVC"", ""method"": ""rule""}}",partial,rule,0.98,partial
AGB15516FW,1x6-16' French White Oak Groov - Landmark Azek PVC Decking,TIMBERTECH,,,Parksite (6151),,Azek,Decking,1 in,,success,0.6,Parksite,6151,matched,normalized,0.95,Azek,BRD_AZEK,matched,exact,1.0,BLD_DECK_PVC,PVC & Composite Decking,BLD_DECK,Decking & Railing,3.0,Decking & Railing > PVC & Composite Decking,classified,rule_exact,1.0,"{""material"": {""value"": ""PVC"", ""confidence"": 0.98, ""evidence"": ""PVC"", ""method"": ""rule""}}",partial,rule,0.98,partial
AGB15520FW,1x6-20' French White Oak Groov - Landmark Azek PVC Decking,TIMBERTECH,,,Parksite (6151),,Azek,Decking,1 in,,success,0.6,Parksite,6151,matched,normalized,0.95,Azek,BRD_AZEK,matched,exact,1.0,BLD_DECK_PVC,PVC & Composite Decking,BLD_DECK,Decking & Railing,3.0,Decking & Railing > PVC & Composite Decking,classified,rule_exact,1.0,"{""material"": {""value"": ""PVC"", ""confidence"": 0.98, ""evidence"": ""PVC"", ""method"": ""rule""}}",partial,rule,0.98,partial
ADCB15516BS,1x6-16' Brownstone Sq Edge - Harvest Azek PVC Decking,TIMBERTECH,,,Parksite (6151),,Azek,Decking,1 in,,success,0.6,Parksite,6151,matched,normalized,0.95,Azek,BRD_AZEK,matched,exact,1.0,BLD_DECK_PVC,PVC & Composite Decking,BLD_DECK,Decking & Railing,3.0,Decking & Railing > PVC & Composite Decking,classified,rule_exact,1.0,"{""material"": {""value"": ""PVC"", ""confidence"": 0.98, ""evidence"": ""PVC"", ""method"": ""rule""}}",partial,rule,0.98,partial
ADCB15520BS,1x6-20' Brownstone Sq Edge - Harvest Azek PVC Decking,TIMBERTECH,,,Parksite (6151),,Azek,Decking,1 in,,success,0.6,Parksite,6151,matched,normalized,0.95,Azek,BRD_AZEK,matched,exact,1.0,BLD_DECK_PVC,PVC & Composite Decking,BLD_DECK,Decking & Railing,3.0,Decking & Railing > PVC & Composite Decking,classified,rule_exact,1.0,"{""material"": {""value"": ""PVC"", ""confidence"": 0.98, ""evidence"": ""PVC"", ""method"": ""rule""}}",partial,rule,0.98,partial
ADCB15516SG,1x6-16' Slate Gray Sq Edge - Harvest Azek PVC Decking,TIMBERTECH,,,Parksite (6151),,Azek,Decking,1 in,,success,0.6,Parksite,6151,matched,normalized,0.95,Azek,BRD_AZEK,matched,exact,1.0,BLD_DECK_PVC,PVC & Composite Decking,BLD_DECK,Decking & Railing,3.0,Decking & Railing > PVC & Composite Decking,classified,rule_exact,1.0,"{""material"": {""value"": ""PVC"", ""confidence"": 0.98, ""evidence"": ""PVC"", ""method"": ""rule""}}",partial,rule,0.98,partial
ADCB15520SG,1x6-20' Slate Gray Sq Edge - Harvest Azek PVC Decking,TIMBERTECH,,,Parksite (6151),,Azek,Decking,1 in,,success,0.6,Parksite,6151,matched,normalized,0.95,Azek,BRD_AZEK,matched,exact,1.0,BLD_DECK_PVC,PVC & Composite Decking,BLD_DECK,Decking & Railing,3.0,Decking & Railing > PVC & Composite Decking,classified,rule_exact,1.0,"{""material"": {""value"": ""PVC"", ""confidence"": 0.98, ""evidence"": ""PVC"", ""method"": ""rule""}}",partial,rule,0.98,partial
AGB15512BS,1x6-12' Brownstone Grooved - Harvest Azek PVC Decking,TIMBERTECH,,,Parksite (6151),,Azek,Decking,1 in,,success,0.6,Parksite,6151,matched,normalized,0.95,Azek,BRD_AZEK,matched,exact,1.0,BLD_DECK_PVC,PVC & Composite Decking,BLD_DECK,Decking & Railing,3.0,Decking & Railing > PVC & Composite Decking,classified,rule_exact,1.0,"{""material"": {""value"": ""PVC"", ""confidence"": 0.98, ""evidence"": ""PVC"", ""method"": ""rule""}}",partial,rule,0.98,partial
AGB15516BS,1x6-16' Brownstone Grooved - Harvest Azek PVC Decking,TIMBERTECH,,,Parksite (6151),,Azek,Decking,1 in,,success,0.6,Parksite,6151,matched,normalized,0.95,Azek,BRD_AZEK,matched,exact,1.0,BLD_DECK_PVC,PVC & Composite Decking,BLD_DECK,Decking & Railing,3.0,Decking & Railing > PVC & Composite Decking,classified,rule_exact,1.0,"{""material"": {""value"": ""PVC"", ""confidence"": 0.98, ""evidence"": ""PVC"", ""method"": ""rule""}}",partial,rule,0.98,partial
AGB15520BS,1x6-20' Brownstone Grooved - Harvest Azek PVC Decking,TIMBERTECH,,,Parksite (6151),,Azek,Decking,1 in,,success,0.6,Parksite,6151,matched,normalized,0.95,Azek,BRD_AZEK,matched,exact,1.0,BLD_DECK_PVC,PVC & Composite Decking,BLD_DECK,Decking & Railing,3.0,Decking & Railing > PVC & Composite Decking,classified,rule_exact,1.0,"{""material"": {""value"": ""PVC"", ""confidence"": 0.98, ""evidence"": ""PVC"", ""method"": ""rule""}}",partial,rule,0.98,partial
AGB15512SG,1x6-12' Slate Gray Grooved - Harvest Azek PVC Decking,TIMBERTECH,,,Parksite (6151),,Azek,Decking,1 in,,success,0.6,Parksite,6151,matched,normalized,0.95,Azek,BRD_AZEK,matched,exact,1.0,BLD_DECK_PVC,PVC & Composite Decking,BLD_DECK,Decking & Railing,3.0,Decking & Railing > PVC & Composite Decking,classified,rule_exact,1.0,"{""material"": {""value"": ""PVC"", ""confidence"": 0.98, ""evidence"": ""PVC"", ""method"": ""rule""}}",partial,rule,0.98,partial
AGB15516SG,1x6-16' Slate Gray Grooved - Harvest Azek PVC Decking,TIMBERTECH,,,Parksite (6151),,Azek,Decking,1 in,,success,0.6,Parksite,6151,matched,normalized,0.95,Azek,BRD_AZEK,matched,exact,1.0,BLD_DECK_PVC,PVC & Composite Decking,BLD_DECK,Decking & Railing,3.0,Decking & Railing > PVC & Composite Decking,classified,rule_exact,1.0,"{""material"": {""value"": ""PVC"", ""confidence"": 0.98, ""evidence"": ""PVC"", ""method"": ""rule""}}",partial,rule,0.98,partial
AGB15520SG,1x6-20' Slate Gray Grooved - Harvest Azek PVC Decking,TIMBERTECH,,,Parksite (6151),,Azek,Decking,1 in,,success,0.6,Parksite,6151,matched,normalized,0.95,Azek,BRD_AZEK,matched,exact,1.0,BLD_DECK_PVC,PVC & Composite Decking,BLD_DECK,Decking & Railing,3.0,Decking & Railing > PVC & Composite Decking,classified,rule_exact,1.0,"{""material"": {""value"": ""PVC"", ""confidence"": 0.98, ""evidence"": ""PVC"", ""method"": ""rule""}}",partial,rule,0.98,partial
543140016,1nx6-16' Biscayne Sq Edge - Trex Transcend Lineage Decking,TREX,,,U S Lumber (3073),,Trex,Decking,,,success,0.5,U S Lumber,3073,matched,normalized,0.95,TREX,BRD_TREX,matched,exact,1.0,BLD_DECK_PVC,PVC & Composite Decking,BLD_DECK,Decking & Railing,3.0,Decking & Railing > PVC & Composite Decking,classified,rule_exact,1.0,{},none,none,0.0,invalid
543140020,1nx6-20' Biscayne Sq Edge - Trex Transcend Lineage Decking,TREX,,,U S Lumber (3073),,Trex,Decking,,,success,0.5,U S Lumber,3073,matched,normalized,0.95,TREX,BRD_TREX,matched,exact,1.0,BLD_DECK_PVC,PVC & Composite Decking,BLD_DECK,Decking & Railing,3.0,Decking & Railing > PVC & Composite Decking,classified,rule_exact,1.0,{},none,none,0.0,invalid
543142016,1nx6-16' Carmel Sq Edge - Trex Transcend Lineage Decking,TREX,,,U S Lumber (3073),,Trex,Decking,,,success,0.5,U S Lumber,3073,matched,normalized,0.95,TREX,BRD_TREX,matched,exact,1.0,BLD_DECK_PVC,PVC & Composite Decking,BLD_DECK,Decking & Railing,3.0,Decking & Railing > PVC & Composite Decking,classified,rule_exact,1.0,{},none,none,0.0,invalid
543142020,1nx6-20' Carmel Sq Edge - Trex Transcend Lineage Decking,TREX,,,U S Lumber (3073),,Trex,Decking,,,success,0.5,U S Lumber,3073,matched,normalized,0.95,TREX,BRD_TREX,matched,exact,1.0,BLD_DECK_PVC,PVC & Composite Decking,BLD_DECK,Decking & Railing,3.0,Decking & Railing > PVC & Composite Decking,classified,rule_exact,1.0,{},none,none,0.0,invalid
543144016,1nx6-16' Island Mist Sq Edge - Trex Transcend Lineage Decking,TREX,,,U S Lumber (3073),,Trex,Decking,,,success,0.5,U S Lumber,3073,matched,normalized,0.95,TREX,BRD_TREX,matched,exact,1.0,BLD_DECK_PVC,PVC & Composite Decking,BLD_DECK,Decking & Railing,3.0,Decking & Railing > PVC & Composite Decking,classified,rule_exact,1.0,{},none,none,0.0,invalid
543144020,1nx6-20' Island Mist Sq Edge - Trex Transcend Lineage Decking,TREX,,,U S Lumber (3073),,Trex,Decking,,,success,0.5,U S Lumber,3073,matched,normalized,0.95,TREX,BRD_TREX,matched,exact,1.0,BLD_DECK_PVC,PVC & Composite Decking,BLD_DECK,Decking & Railing,3.0,Decking & Railing > PVC & Composite Decking,classified,rule_exact,1.0,{},none,none,0.0,invalid
543143016,1nx6-16' Jasper Sq Edge - Trex Transcend Lineage Decking,TREX,,,U S Lumber (3073),,Trex,Decking,,,success,0.5,U S Lumber,3073,matched,normalized,0.95,TREX,BRD_TREX,matched,exact,1.0,BLD_DECK_PVC,PVC & Composite Decking,BLD_DECK,Decking & Railing,3.0,Decking & Railing > PVC & Composite Decking,classified,rule_exact,1.0,{},none,none,0.0,invalid
543143020,1nx6-20' Jasper Sq Edge - Trex Transcend Lineage Decking,TREX,,,U S Lumber (3073),,Trex,Decking,,,success,0.5,U S Lumber,3073,matched,normalized,0.95,TREX,BRD_TREX,matched,exact,1.0,BLD_DECK_PVC,PVC & Composite Decking,BLD_DECK,Decking & Railing,3.0,Decking & Railing > PVC & Composite Decking,classified,rule_exact,1.0,{},none,none,0.0,invalid
543141016,1nx6-16' Rainier Sq Edge - Trex Transcend Lineage Decking,TREX,,,U S Lumber (3073),,Trex,Decking,,,success,0.5,U S Lumber,3073,matched,normalized,0.95,TREX,BRD_TREX,matched,exact,1.0,BLD_DECK_PVC,PVC & Composite Decking,BLD_DECK,Decking & Railing,3.0,Decking & Railing > PVC & Composite Decking,classified,rule_exact,1.0,{},none,none,0.0,invalid
543141020,1nx6-20' Rainier Sq Edge - Trex Transcend Lineage Decking,TREX,,,U S Lumber (3073),,Trex,Decking,,,success,0.5,U S Lumber,3073,matched,normalized,0.95,TREX,BRD_TREX,matched,exact,1.0,BLD_DECK_PVC,PVC & Composite Decking,BLD_DECK,Decking & Railing,3.0,Decking & Railing > PVC & Composite Decking,classified,rule_exact,1.0,{},none,none,0.0,invalid
543140412,1nx6-12' Biscayne Grooved - Trex Transcend Lineage Decking,TREX,,,U S Lumber (3073),,Trex,Decking,,,success,0.5,U S Lumber,3073,matched,normalized,0.95,TREX,BRD_TREX,matched,exact,1.0,BLD_DECK_PVC,PVC & Composite Decking,BLD_DECK,Decking & Railing,3.0,Decking & Railing > PVC & Composite Decking,classified,rule_exact,1.0,{},none,none,0.0,invalid
543140416,1nx6-16' Biscayne Grooved - Trex Transcend Lineage Decking,TREX,,,U S Lumber (3073),,Trex,Decking,,,success,0.5,U S Lumber,3073,matched,normalized,0.95,TREX,BRD_TREX,matched,exact,1.0,BLD_DECK_PVC,PVC & Composite Decking,BLD_DECK,Decking & Railing,3.0,Decking & Railing > PVC & Composite Decking,classified,rule_exact,1.0,{},none,none,0.0,invalid
543140420,1nx6-20' Biscayne Grooved - Trex Transcend Lineage Decking,TREX,,,U S Lumber (3073),,Trex,Decking,,,success,0.5,U S Lumber,3073,matched,normalized,0.95,TREX,BRD_TREX,matched,exact,1.0,BLD_DECK_PVC,PVC & Composite Decking,BLD_DECK,Decking & Railing,3.0,Decking & Railing > PVC & Composite Decking,classified,rule_exact,1.0,{},none,none,0.0,invalid
543142412,1nx6-12' Carmel Grooved - Trex Transcend Lineage Decking,TREX,,,U S Lumber (3073),,Trex,Decking,,,success,0.5,U S Lumber,3073,matched,normalized,0.95,TREX,BRD_TREX,matched,exact,1.0,BLD_DECK_PVC,PVC & Composite Decking,BLD_DECK,Decking & Railing,3.0,Decking & Railing > PVC & Composite Decking,classified,rule_exact,1.0,{},none,none,0.0,invalid
543142416,1nx6-16' Carmel Grooved - Trex Transcend Lineage Decking,TREX,,,U S Lumber (3073),,Trex,Decking,,,success,0.5,U S Lumber,3073,matched,normalized,0.95,TREX,BRD_TREX,matched,exact,1.0,BLD_DECK_PVC,PVC & Composite Decking,BLD_DECK,Decking & Railing,3.0,Decking & Railing > PVC & Composite Decking,classified,rule_exact,1.0,{},none,none,0.0,invalid
543142420,1nx6-20' Carmel Grooved - Trex Transcend Lineage Decking,TREX,,,U S Lumber (3073),,Trex,Decking,,,success,0.5,U S Lumber,3073,matched,normalized,0.95,TREX,BRD_TREX,matched,exact,1.0,BLD_DECK_PVC,PVC & Composite Decking,BLD_DECK,Decking & Railing,3.0,Decking & Railing > PVC & Composite Decking,classified,rule_exact,1.0,{},none,none,0.0,invalid
543144412,1nx6-12' Island Mist Grooved - Trex Transcend Lineage Decking,TREX,,,U S Lumber (3073),,Trex,Decking,,,success,0.5,U S Lumber,3073,matched,normalized,0.95,TREX,BRD_TREX,matched,exact,1.0,BLD_DECK_PVC,PVC & Composite Decking,BLD_DECK,Decking & Railing,3.0,Decking & Railing > PVC & Composite Decking,classified,rule_exact,1.0,{},none,none,0.0,invalid
543144416,1nx6-16' Island Mist Grooved - Trex Transcend Lineage Decking,TREX,,,U S Lumber (3073),,Trex,Decking,,,success,0.5,U S Lumber,3073,matched,normalized,0.95,TREX,BRD_TREX,matched,exact,1.0,BLD_DECK_PVC,PVC & Composite Decking,BLD_DECK,Decking & Railing,3.0,Decking & Railing > PVC & Composite Decking,classified,rule_exact,1.0,{},none,none,0.0,invalid
543144420,1nx6-20' Island Mist Grooved - Trex Transcend Lineage Decking,TREX,,,U S Lumber (3073),,Trex,Decking,,,success,0.5,U S Lumber,3073,matched,normalized,0.95,TREX,BRD_TREX,matched,exact,1.0,BLD_DECK_PVC,PVC & Composite Decking,BLD_DECK,Decking & Railing,3.0,Decking & Railing > PVC & Composite Decking,classified,rule_exact,1.0,{},none,none,0.0,invalid
543143412,1nx6-12' Jasper Grooved - Trex Transcend Lineage Decking,TREX,,,U S Lumber (3073),,Trex,Decking,,,success,0.5,U S Lumber,3073,matched,normalized,0.95,TREX,BRD_TREX,matched,exact,1.0,BLD_DECK_PVC,PVC & Composite Decking,BLD_DECK,Decking & Railing,3.0,Decking & Railing > PVC & Composite Decking,classified,rule_exact,1.0,{},none,none,0.0,invalid
543143416,1nx6-16' Jasper Grooved - Trex Transcend Lineage Decking,TREX,,,U S Lumber (3073),,Trex,Decking,,,success,0.5,U S Lumber,3073,matched,normalized,0.95,TREX,BRD_TREX,matched,exact,1.0,BLD_DECK_PVC,PVC & Composite Decking,BLD_DECK,Decking & Railing,3.0,Decking & Railing > PVC & Composite Decking,classified,rule_exact,1.0,{},none,none,0.0,invalid
543143420,1nx6-20' Jasper Grooved - Trex Transcend Lineage Decking,TREX,,,U S Lumber (3073),,Trex,Decking,,,success,0.5,U S Lumber,3073,matched,normalized,0.95,TREX,BRD_TREX,matched,exact,1.0,BLD_DECK_PVC,PVC & Composite Decking,BLD_DECK,Decking & Railing,3.0,Decking & Railing > PVC & Composite Decking,classified,rule_exact,1.0,{},none,none,0.0,invalid
543141412,1nx6-12' Rainier Grooved - Trex Transcend Lineage Decking,TREX,,,U S Lumber (3073),,Trex,Decking,,,success,0.5,U S Lumber,3073,matched,normalized,0.95,TREX,BRD_TREX,matched,exact,1.0,BLD_DECK_PVC,PVC & Composite Decking,BLD_DECK,Decking & Railing,3.0,Decking & Railing > PVC & Composite Decking,classified,rule_exact,1.0,{},none,none,0.0,invalid
543141416,1nx6-16' Rainier Grooved - Trex Transcend Lineage Decking,TREX,,,U S Lumber (3073),,Trex,Decking,,,success,0.5,U S Lumber,3073,matched,normalized,0.95,TREX,BRD_TREX,matched,exact,1.0,BLD_DECK_PVC,PVC & Composite Decking,BLD_DECK,Decking & Railing,3.0,Decking & Railing > PVC & Composite Decking,classified,rule_exact,1.0,{},none,none,0.0,invalid
543141420,1nx6-20' Rainier Grooved - Trex Transcend Lineage Decking,TREX,,,U S Lumber (3073),,Trex,Decking,,,success,0.5,U S Lumber,3073,matched,normalized,0.95,TREX,BRD_TREX,matched,exact,1.0,BLD_DECK_PVC,PVC & Composite Decking,BLD_DECK,Decking & Railing,3.0,Decking & Railing > PVC & Composite Decking,classified,rule_exact,1.0,{},none,none,0.0,invalid
1513703,1nx6-16' Hatteras Sq Edge - Trex Transcend Lineage Decking,TREX,,,Boise Cascade Building Materials (BOICA),,Trex,Decking,,,success,0.5,Boise Cascade Building Materials,BOICA,matched,normalized,0.95,TREX,BRD_TREX,matched,exact,1.0,BLD_DECK_PVC,PVC & Composite Decking,BLD_DECK,Decking & Railing,3.0,Decking & Railing > PVC & Composite Decking,classified,rule_exact,1.0,{},none,none,0.0,invalid
1513704,1nx6-20' Hatteras Sq Edge - Trex Transcend Lineage Decking,TREX,,,Boise Cascade Building Materials (BOICA),,Trex,Decking,,,success,0.5,Boise Cascade Building Materials,BOICA,matched,normalized,0.95,TREX,BRD_TREX,matched,exact,1.0,BLD_DECK_PVC,PVC & Composite Decking,BLD_DECK,Decking & Railing,3.0,Decking & Railing > PVC & Composite Decking,classified,rule_exact,1.0,{},none,none,0.0,invalid
1513705,1nx6-12' Hatteras Grooved - Trex Transcend Lineage Decking,TREX,,,Boise Cascade Building Materials (BOICA),,Trex,Decking,,,success,0.5,Boise Cascade Building Materials,BOICA,matched,normalized,0.95,TREX,BRD_TREX,matched,exact,1.0,BLD_DECK_PVC,PVC & Composite Decking,BLD_DECK,Decking & Railing,3.0,Decking & Railing > PVC & Composite Decking,classified,rule_exact,1.0,{},none,none,0.0,invalid
1513706,1nx6-16' Hatteras Grooved - Trex Transcend Lineage Decking,TREX,,,Boise Cascade Building Materials (BOICA),,Trex,Decking,,,success,0.5,Boise Cascade Building Materials,BOICA,matched,normalized,0.95,TREX,BRD_TREX,matched,exact,1.0,BLD_DECK_PVC,PVC & Composite Decking,BLD_DECK,Decking & Railing,3.0,Decking & Railing > PVC & Composite Decking,classified,rule_exact,1.0,{},none,none,0.0,invalid
1513707,1nx6-20' Hatteras Grooved - Trex Transcend Lineage Decking,TREX,,,Boise Cascade Building Materials (BOICA),,Trex,Decking,,,success,0.5,Boise Cascade Building Materials,BOICA,matched,normalized,0.95,TREX,BRD_TREX,matched,exact,1.0,BLD_DECK_PVC,PVC & Composite Decking,BLD_DECK,Decking & Railing,3.0,Decking & Railing > PVC & Composite Decking,classified,rule_exact,1.0,{},none,none,0.0,invalid
1513708,1nx6-16' Salt Flat Sq Edge - Trex Transcend Lineage Decking,TREX,,,Boise Cascade Building Materials (BOICA),,Trex,Decking,,,success,0.5,Boise Cascade Building Materials,BOICA,matched,normalized,0.95,TREX,BRD_TREX,matched,exact,1.0,BLD_DECK_PVC,PVC & Composite Decking,BLD_DECK,Decking & Railing,3.0,Decking & Railing > PVC & Composite Decking,classified,rule_exact,1.0,{},none,none,0.0,invalid
1513709,1nx6-20' Salt Flat Sq Edge - Trex Transcend Lineage Decking,TREX,,,Boise Cascade Building Materials (BOICA),,Trex,Decking,,,success,0.5,Boise Cascade Building Materials,BOICA,matched,normalized,0.95,TREX,BRD_TREX,matched,exact,1.0,BLD_DECK_PVC,PVC & Composite Decking,BLD_DECK,Decking & Railing,3.0,Decking & Railing > PVC & Composite Decking,classified,rule_exact,1.0,{},none,none,0.0,invalid
1513710,1nx6-12' Salt Flat Grooved - Trex Transcend Lineage Decking,TREX,,,Boise Cascade Building Materials (BOICA),,Trex,Decking,,,success,0.5,Boise Cascade Building Materials,BOICA,matched,normalized,0.95,TREX,BRD_TREX,matched,exact,1.0,BLD_DECK_PVC,PVC & Composite Decking,BLD_DECK,Decking & Railing,3.0,Decking & Railing > PVC & Composite Decking,classified,rule_exact,1.0,{},none,none,0.0,invalid
1513711,1nx6-16' Salt Flat Grooved - Trex Transcend Lineage Decking,TREX,,,Boise Cascade Building Materials (BOICA),,Trex,Decking,,,success,0.5,Boise Cascade Building Materials,BOICA,matched,normalized,0.95,TREX,BRD_TREX,matched,exact,1.0,BLD_DECK_PVC,PVC & Composite Decking,BLD_DECK,Decking & Railing,3.0,Decking & Railing > PVC & Composite Decking,classified,rule_exact,1.0,{},none,none,0.0,invalid
1513712,1nx6-20' Salt Flat Grooved - Trex Transcend Lineage Decking,TREX,,,Boise Cascade Building Materials (BOICA),,Trex,Decking,,,success,0.5,Boise Cascade Building Materials,BOICA,matched,normalized,0.95,TREX,BRD_TREX,matched,exact,1.0,BLD_DECK_PVC,PVC & Composite Decking,BLD_DECK,Decking & Railing,3.0,Decking & Railing > PVC & Composite Decking,classified,rule_exact,1.0,{},none,none,0.0,invalid
1513717,1nx6-16' Honey Grove Sq Edge - Trex Enhance Naturals Decking,TREX,,,Boise Cascade Building Materials (BOICA),,Trex,Decking,,,success,0.5,Boise Cascade Building Materials,BOICA,matched,normalized,0.95,TREX,BRD_TREX,matched,exact,1.0,BLD_DECK_PVC,PVC & Composite Decking,BLD_DECK,Decking & Railing,3.0,Decking & Railing > PVC & Composite Decking,classified,rule_exact,1.0,{},none,none,0.0,invalid
1513718,1nx6-20' Honey Grove Sq Edge - Trex Enhance Naturals Decking,TREX,,,Boise Cascade Building Materials (BOICA),,Trex,Decking,,,success,0.5,Boise Cascade Building Materials,BOICA,matched,normalized,0.95,TREX,BRD_TREX,matched,exact,1.0,BLD_DECK_PVC,PVC & Composite Decking,BLD_DECK,Decking & Railing,3.0,Decking & Railing > PVC & Composite Decking,classified,rule_exact,1.0,{},none,none,0.0,invalid
1513719,1nx6-12' Honey Grove Grooved - Trex Enhance Naturals Decking,TREX,,,Boise Cascade Building Materials (BOICA),,Trex,Decking,,,success,0.5,Boise Cascade Building Materials,BOICA,matched,normalized,0.95,TREX,BRD_TREX,matched,exact,1.0,BLD_DECK_PVC,PVC & Composite Decking,BLD_DECK,Decking & Railing,3.0,Decking & Railing > PVC & Composite Decking,classified,rule_exact,1.0,{},none,none,0.0,invalid
1513720,1nx6-16' Honey Grove Grooved - Trex Enhance Naturals Decking,TREX,,,Boise Cascade Building Materials (BOICA),,Trex,Decking,,,success,0.5,Boise Cascade Building Materials,BOICA,matched,normalized,0.95,TREX,BRD_TREX,matched,exact,1.0,BLD_DECK_PVC,PVC & Composite Decking,BLD_DECK,Decking & Railing,3.0,Decking & Railing > PVC & Composite Decking,classified,rule_exact,1.0,{},none,none,0.0,invalid
1513721,1nx6-20' Honey Grove Grooved - Trex Enhance Naturals Decking,TREX,,,Boise Cascade Building Materials (BOICA),,Trex,Decking,,,success,0.5,Boise Cascade Building Materials,BOICA,matched,normalized,0.95,TREX,BRD_TREX,matched,exact,1.0,BLD_DECK_PVC,PVC & Composite Decking,BLD_DECK,Decking & Railing,3.0,Decking & Railing > PVC & Composite Decking,classified,rule_exact,1.0,{},none,none,0.0,invalid
1513724,1nx6-16' Tide Pool Sq Edge - Trex Enhance Basics Decking,TREX,,,Boise Cascade Building Materials (BOICA),,Trex,Decking,,,success,0.5,Boise Cascade Building Materials,BOICA,matched,normalized,0.95,TREX,BRD_TREX,matched,exact,1.0,BLD_DECK_PVC,PVC & Composite Decking,BLD_DECK,Decking & Railing,3.0,Decking & Railing > PVC & Composite Decking,classified,rule_exact,1.0,{},none,none,0.0,invalid
1513725,1nx6-20' Tide Pool Sq Edge - Trex Enhance Basics Decking,TREX,,,Boise Cascade Building Materials (BOICA),,Trex,Decking,,,success,0.5,Boise Cascade Building Materials,BOICA,matched,normalized,0.95,TREX,BRD_TREX,matched,exact,1.0,BLD_DECK_PVC,PVC & Composite Decking,BLD_DECK,Decking & Railing,3.0,Decking & Railing > PVC & Composite Decking,classified,rule_exact,1.0,{},none,none,0.0,invalid
1513726,1nx6-12' Tide Pool Grooved - Trex Enhance Basics Decking,TREX,,,Boise Cascade Building Materials (BOICA),,Trex,Decking,,,success,0.5,Boise Cascade Building Materials,BOICA,matched,normalized,0.95,TREX,BRD_TREX,matched,exact,1.0,BLD_DECK_PVC,PVC & Composite Decking,BLD_DECK,Decking & Railing,3.0,Decking & Railing > PVC & Composite Decking,classified,rule_exact,1.0,{},none,none,0.0,invalid
1513727,1nx6-16' Tide Pool Grooved - Trex Enhance Basics Decking,TREX,,,Boise Cascade Building Materials (BOICA),,Trex,Decking,,,success,0.5,Boise Cascade Building Materials,BOICA,matched,normalized,0.95,TREX,BRD_TREX,matched,exact,1.0,BLD_DECK_PVC,PVC & Composite Decking,BLD_DECK,Decking & Railing,3.0,Decking & Railing > PVC & Composite Decking,classified,rule_exact,1.0,{},none,none,0.0,invalid
1513728,1nx6-20' Tide Pool Grooved - Trex Enhance Basics Decking,TREX,,,Boise Cascade Building Materials (BOICA),,Trex,Decking,,,success,0.5,Boise Cascade Building Materials,BOICA,matched,normalized,0.95,TREX,BRD_TREX,matched,exact,1.0,BLD_DECK_PVC,PVC & Composite Decking,BLD_DECK,Decking & Railing,3.0,Decking & Railing > PVC & Composite Decking,classified,rule_exact,1.0,{},none,none,0.0,invalid
543076016,1nx6-16' Cinnamon Cove Sq Edge - Trex Enhance Naturals Decking,TREX,,,Boise Cascade Building Materials (BOICA),,Trex,Decking,,,success,0.5,Boise Cascade Building Materials,BOICA,matched,normalized,0.95,TREX,BRD_TREX,matched,exact,1.0,BLD_DECK_PVC,PVC & Composite Decking,BLD_DECK,Decking & Railing,3.0,Decking & Railing > PVC & Composite Decking,classified,rule_exact,1.0,{},none,none,0.0,invalid
543076020,1nx6-20' Cinnamon Cove Sq Edge - Trex Enhance Naturals Decking,TREX,,,Boise Cascade Building Materials (BOICA),,Trex,Decking,,,success,0.5,Boise Cascade Building Materials,BOICA,matched,normalized,0.95,TREX,BRD_TREX,matched,exact,1.0,BLD_DECK_PVC,PVC & Composite Decking,BLD_DECK,Decking & Railing,3.0,Decking & Railing > PVC & Composite Decking,classified,rule_exact,1.0,{},none,none,0.0,invalid
543076412,1nx6-12' Cinnamon Cove Grooved - Trex Enhance Naturals Decking,TREX,,,Boise Cascade Building Materials (BOICA),,Trex,Decking,,,success,0.5,Boise Cascade Building Materials,BOICA,matched,normalized,0.95,TREX,BRD_TREX,matched,exact,1.0,BLD_DECK_PVC,PVC & Composite Decking,BLD_DECK,Decking & Railing,3.0,Decking & Railing > PVC & Composite Decking,classified,rule_exact,1.0,{},none,none,0.0,invalid
543076416,1nx6-16' Cinnamon Cove Grooved - Trex Enhance Naturals Decking,TREX,,,Boise Cascade Building Materials (BOICA),,Trex,Decking,,,success,0.5,Boise Cascade Building Materials,BOICA,matched,normalized,0.95,TREX,BRD_TREX,matched,exact,1.0,BLD_DECK_PVC,PVC & Composite Decking,BLD_DECK,Decking & Railing,3.0,Decking & Railing > PVC & Composite Decking,classified,rule_exact,1.0,{},none,none,0.0,invalid
543076420,1nx6-20' Cinnamon Cove Grooved - Trex Enhance Naturals Decking,TREX,,,Boise Cascade Building Materials (BOICA),,Trex,Decking,,,success,0.5,Boise Cascade Building Materials,BOICA,matched,normalized,0.95,TREX,BRD_TREX,matched,exact,1.0,BLD_DECK_PVC,PVC & Composite Decking,BLD_DECK,Decking & Railing,3.0,Decking & Railing > PVC & Composite Decking,classified,rule_exact,1.0,{},none,none,0.0,invalid
1516870,1nx6-16' Golden Hour Sq Edge - Trex Enhance Naturals Decking,TREX,,,Boise Cascade Building Materials (BOICA),,Trex,Decking,,,success,0.5,Boise Cascade Building Materials,BOICA,matched,normalized,0.95,TREX,BRD_TREX,matched,exact,1.0,BLD_DECK_PVC,PVC & Composite Decking,BLD_DECK,Decking & Railing,3.0,Decking & Railing > PVC & Composite Decking,classified,rule_exact,1.0,{},none,none,0.0,invalid
1516871,1nx6-20' Golden Hour Sq Edge - Trex Enhance Naturals Decking,TREX,,,Boise Cascade Building Materials (BOICA),,Trex,Decking,,,success,0.5,Boise Cascade Building Materials,BOICA,matched,normalized,0.95,TREX,BRD_TREX,matched,exact,1.0,BLD_DECK_PVC,PVC & Composite Decking,BLD_DECK,Decking & Railing,3.0,Decking & Railing > PVC & Composite Decking,classified,rule_exact,1.0,{},none,none,0.0,invalid
1516872,1nx6-12' Golden Hour Grooved - Trex Enhance Naturals Decking,TREX,,,Boise Cascade Building Materials (BOICA),,Trex,Decking,,,success,0.5,Boise Cascade Building Materials,BOICA,matched,normalized,0.95,TREX,BRD_TREX,matched,exact,1.0,BLD_DECK_PVC,PVC & Composite Decking,BLD_DECK,Decking & Railing,3.0,Decking & Railing > PVC & Composite Decking,classified,rule_exact,1.0,{},none,none,0.0,invalid
1516873,1nx6-16' Golden Hour Grooved - Trex Enhance Naturals Decking,TREX,,,Boise Cascade Building Materials (BOICA),,Trex,Decking,,,success,0.5,Boise Cascade Building Materials,BOICA,matched,normalized,0.95,TREX,BRD_TREX,matched,exact,1.0,BLD_DECK_PVC,PVC & Composite Decking,BLD_DECK,Decking & Railing,3.0,Decking & Railing > PVC & Composite Decking,classified,rule_exact,1.0,{},none,none,0.0,invalid
1516874,1nx6-20' Golden Hour Grooved - Trex Enhance Naturals Decking,TREX,,,Boise Cascade Building Materials (BOICA),,Trex,Decking,,,success,0.5,Boise Cascade Building Materials,BOICA,matched,normalized,0.95,TREX,BRD_TREX,matched,exact,1.0,BLD_DECK_PVC,PVC & Composite Decking,BLD_DECK,Decking & Railing,3.0,Decking & Railing > PVC & Composite Decking,classified,rule_exact,1.0,{},none,none,0.0,invalid
1516879,1nx6-16' Pebble Beach Sq Edge - Trex Enhance Basics Decking,TREX,,,Boise Cascade Building Materials (BOICA),,Trex,Decking,,,success,0.5,Boise Cascade Building Materials,BOICA,matched,normalized,0.95,TREX,BRD_TREX,matched,exact,1.0,BLD_DECK_PVC,PVC & Composite Decking,BLD_DECK,Decking & Railing,3.0,Decking & Railing > PVC & Composite Decking,classified,rule_exact,1.0,{},none,none,0.0,invalid
1516880,1nx6-20' Pebble Beach Sq Edge - Trex Enhance Basics Decking,TREX,,,Boise Cascade Building Materials (BOICA),,Trex,Decking,,,success,0.5,Boise Cascade Building Materials,BOICA,matched,normalized,0.95,TREX,BRD_TREX,matched,exact,1.0,BLD_DECK_PVC,PVC & Composite Decking,BLD_DECK,Decking & Railing,3.0,Decking & Railing > PVC & Composite Decking,classified,rule_exact,1.0,{},none,none,0.0,invalid
1516881,1nx6-12' Pebble Beach Grooved - Trex Enhance Basics Decking,TREX,,,Boise Cascade Building Materials (BOICA),,Trex,Decking,,,success,0.5,Boise Cascade Building Materials,BOICA,matched,normalized,0.95,TREX,BRD_TREX,matched,exact,1.0,BLD_DECK_PVC,PVC & Composite Decking,BLD_DECK,Decking & Railing,3.0,Decking & Railing > PVC & Composite Decking,classified,rule_exact,1.0,{},none,none,0.0,invalid
1516882,1nx6-16' Pebble Beach Grooved - Trex Enhance Basics Decking,TREX,,,Boise Cascade Building Materials (BOICA),,Trex,Decking,,,success,0.5,Boise Cascade Building Materials,BOICA,matched,normalized,0.95,TREX,BRD_TREX,matched,exact,1.0,BLD_DECK_PVC,PVC & Composite Decking,BLD_DECK,Decking & Railing,3.0,Decking & Railing > PVC & Composite Decking,classified,rule_exact,1.0,{},none,none,0.0,invalid
1516883,1nx6-20' Pebble Beach Grooved - Trex Enhance Basics Decking,TREX,,,Boise Cascade Building Materials (BOICA),,Trex,Decking,,,success,0.5,Boise Cascade Building Materials,BOICA,matched,normalized,0.95,TREX,BRD_TREX,matched,exact,1.0,BLD_DECK_PVC,PVC & Composite Decking,BLD_DECK,Decking & Railing,3.0,Decking & Railing > PVC & Composite Decking,classified,rule_exact,1.0,{},none,none,0.0,invalid
543005016,7/8nx6-16' Malted Barley Sq Edge - Trex Select 2.0 Decking,TREX,,,Boise Cascade Building Materials (BOICA),,Trex,Decking,,,success,0.5,Boise Cascade Building Materials,BOICA,matched,normalized,0.95,TREX,BRD_TREX,matched,exact,1.0,BLD_DECK_PVC,PVC & Composite Decking,BLD_DECK,Decking & Railing,3.0,Decking & Railing > PVC & Composite Decking,classified,rule_exact,1.0,{},none,none,0.0,invalid
543005020,7/8nx6-20' Malted Barley Sq Edge - Trex Select 2.0 Decking,TREX,,,Boise Cascade Building Materials (BOICA),,Trex,Decking,,,success,0.5,Boise Cascade Building Materials,BOICA,matched,normalized,0.95,TREX,BRD_TREX,matched,exact,1.0,BLD_DECK_PVC,PVC & Composite Decking,BLD_DECK,Decking & Railing,3.0,Decking & Railing > PVC & Composite Decking,classified,rule_exact,1.0,{},none,none,0.0,invalid
543005412,7/8nx6-12' Malted Barley Grooved - Trex Select 2.0 Decking,TREX,,,Boise Cascade Building Materials (BOICA),,Trex,Decking,,,success,0.5,Boise Cascade Building Materials,BOICA,matched,normalized,0.95,TREX,BRD_TREX,matched,exact,1.0,BLD_DECK_PVC,PVC & Composite Decking,BLD_DECK,Decking & Railing,3.0,Decking & Railing > PVC & Composite Decking,classified,rule_exact,1.0,{},none,none,0.0,invalid
543005416,7/8nx6-16' Malted Barley Grooved - Trex Select 2.0 Decking,TREX,,,Boise Cascade Building Materials (BOICA),,Trex,Decking,,,success,0.5,Boise Cascade Building Materials,BOICA,matched,normalized,0.95,TREX,BRD_TREX,matched,exact,1.0,BLD_DECK_PVC,PVC & Composite Decking,BLD_DECK,Decking & Railing,3.0,Decking & Railing > PVC & Composite Decking,classified,rule_exact,1.0,{},none,none,0.0,invalid
543005420,7/8nx6-20' Malted Barley Grooved - Trex Select 2.0 Decking,TREX,,,Boise Cascade Building Materials (BOICA),,Trex,Decking,,,success,0.5,Boise Cascade Building Materials,BOICA,matched,normalized,0.95,TREX,BRD_TREX,matched,exact,1.0,BLD_DECK_PVC,PVC & Composite Decking,BLD_DECK,Decking & Railing,3.0,Decking & Railing > PVC & Composite Decking,classified,rule_exact,1.0,{},none,none,0.0,invalid
1516891,7/8nx6-16' Millstone Sq Edge - Trex Select 2.0 Decking,TREX,,,Boise Cascade Building Materials (BOICA),,Trex,Decking,,,success,0.5,Boise Cascade Building Materials,BOICA,matched,normalized,0.95,TREX,BRD_TREX,matched,exact,1.0,BLD_DECK_PVC,PVC & Composite Decking,BLD_DECK,Decking & Railing,3.0,Decking & Railing > PVC & Composite Decking,classified,rule_exact,1.0,{},none,none,0.0,invalid
1516892,7/8nx6-20' Millstone Sq Edge -Trex Select 2.0 Decking,TREX,,,Boise Cascade Building Materials (BOICA),,Trex,Decking,,,success,0.5,Boise Cascade Building Materials,BOICA,matched,normalized,0.95,TREX,BRD_TREX,matched,exact,1.0,BLD_DECK_PVC,PVC & Composite Decking,BLD_DECK,Decking & Railing,3.0,Decking & Railing > PVC & Composite Decking,classified,rule_exact,1.0,{},none,none,0.0,invalid
1516893,7/8nx6-12' Millstone Grooved - Trex Select 2.0 Decking,TREX,,,Boise Cascade Building Materials (BOICA),,Trex,Decking,,,success,0.5,Boise Cascade Building Materials,BOICA,matched,normalized,0.95,TREX,BRD_TREX,matched,exact,1.0,BLD_DECK_PVC,PVC & Composite Decking,BLD_DECK,Decking & Railing,3.0,Decking & Railing > PVC & Composite Decking,classified,rule_exact,1.0,{},none,none,0.0,invalid
1516894,7/8nx6-16' Millstone Grooved - Trex Select 2.0 Decking,TREX,,,Boise Cascade Building Materials (BOICA),,Trex,Decking,,,success,0.5,Boise Cascade Building Materials,BOICA,matched,normalized,0.95,TREX,BRD_TREX,matched,exact,1.0,BLD_DECK_PVC,PVC & Composite Decking,BLD_DECK,Decking & Railing,3.0,Decking & Railing > PVC & Composite Decking,classified,rule_exact,1.0,{},none,none,0.0,invalid
1516895,7/8nx6-20' Millstone Grooved - Trex Select 2.0 Decking,TREX,,,Boise Cascade Building Materials (BOICA),,Trex,Decking,,,success,0.5,Boise Cascade Building Materials,BOICA,matched,normalized,0.95,TREX,BRD_TREX,matched,exact,1.0,BLD_DECK_PVC,PVC & Composite Decking,BLD_DECK,Decking & Railing,3.0,Decking & Railing > PVC & Composite Decking,classified,rule_exact,1.0,{},none,none,0.0,invalid
543007016,7/8nx6-16' Whiskey Barrel Sq Edge - Trex Select 2.0 Decking,TREX,,,Boise Cascade Building Materials (BOICA),,Trex,Decking,,,success,0.5,Boise Cascade Building Materials,BOICA,matched,normalized,0.95,TREX,BRD_TREX,matched,exact,1.0,BLD_DECK_PVC,PVC & Composite Decking,BLD_DECK,Decking & Railing,3.0,Decking & Railing > PVC & Composite Decking,classified,rule_exact,1.0,{},none,none,0.0,invalid
543007020,7/8nx6-20' Whiskey Barrel Sq Edge - Trex Select 2.0 Decking,TREX,,,Boise Cascade Building Materials (BOICA),,Trex,Decking,,,success,0.5,Boise Cascade Building Materials,BOICA,matched,normalized,0.95,TREX,BRD_TREX,matched,exact,1.0,BLD_DECK_PVC,PVC & Composite Decking,BLD_DECK,Decking & Railing,3.0,Decking & Railing > PVC & Composite Decking,classified,rule_exact,1.0,{},none,none,0.0,invalid
543007412,7/8nx6-12' Whiskey Barrel Grooved - Trex Select 2.0 Decking,TREX,,,Boise Cascade Building Materials (BOICA),,Trex,Decking,,,success,0.5,Boise Cascade Building Materials,BOICA,matched,normalized,0.95,TREX,BRD_TREX,matched,exact,1.0,BLD_DECK_PVC,PVC & Composite Decking,BLD_DECK,Decking & Railing,3.0,Decking & Railing > PVC & Composite Decking,classified,rule_exact,1.0,{},none,none,0.0,invalid
543007416,7/8nx6-16' Whiskey Barrel Grooved - Trex Select 2.0 Decking,TREX,,,Boise Cascade Building Materials (BOICA),,Trex,Decking,,,success,0.5,Boise Cascade Building Materials,BOICA,matched,normalized,0.95,TREX,BRD_TREX,matched,exact,1.0,BLD_DECK_PVC,PVC & Composite Decking,BLD_DECK,Decking & Railing,3.0,Decking & Railing > PVC & Composite Decking,classified,rule_exact,1.0,{},none,none,0.0,invalid
543007420,7/8nx6-20' Whiskey Barrel Grooved - Trex Select 2.0 Decking,TREX,,,Boise Cascade Building Materials (BOICA),,Trex,Decking,,,success,0.5,Boise Cascade Building Materials,BOICA,matched,normalized,0.95,TREX,BRD_TREX,matched,exact,1.0,BLD_DECK_PVC,PVC & Composite Decking,BLD_DECK,Decking & Railing,3.0,Decking & Railing > PVC & Composite Decking,classified,rule_exact,1.0,{},none,none,0.0,invalid
ADR5117512CS,1x12-12' Coastline - Vintage Azek PVC Fascia,TIMBERTECH,,,Parksite (6151),,Azek,,1 in,,partial,0.35,Parksite,6151,matched,normalized,0.95,Azek,BRD_AZEK,matched,exact,1.0,BLD_DECK_PVC,PVC & Composite Decking,BLD_DECK,Decking & Railing,3.0,Decking & Railing > PVC & Composite Decking,classified,candidate_match,0.88,"{""material"": {""value"": ""PVC"", ""confidence"": 0.98, ""evidence"": ""PVC"", ""method"": ""rule""}}",partial,rule,0.98,partial
ADR5117512MH,1x12-12' Mahogany - Vintage Azek PVC Fascia,TIMBERTECH,,,Parksite (6151),,Azek,,1 in,,partial,0.35,Parksite,6151,matched,normalized,0.95,Azek,BRD_AZEK,matched,exact,1.0,BLD_DECK_PVC,PVC & Composite Decking,BLD_DECK,Decking & Railing,3.0,Decking & Railing > PVC & Composite Decking,classified,candidate_match,0.88,"{""material"": {""value"": ""PVC"", ""confidence"": 0.98, ""evidence"": ""PVC"", ""method"": ""rule""}}",partial,rule,0.98,partial
ADR5117512WT,1x12-12' Weathered Teak - Vintage Azek PVC Fascia,TIMBERTECH,,,Parksite (6151),,Azek,,1 in,,partial,0.35,Parksite,6151,matched,normalized,0.95,Azek,BRD_AZEK,matched,exact,1.0,BLD_DECK_PVC,PVC & Composite Decking,BLD_DECK,Decking & Railing,3.0,Decking & Railing > PVC & Composite Decking,classified,candidate_match,0.88,"{""material"": {""value"": ""PVC"", ""confidence"": 0.98, ""evidence"": ""PVC"", ""method"": ""rule""}}",partial,rule,0.98,partial
ADR5117512AW,1x12-12' American Walnut - Landmark Azek PVC Fascia,TIMBERTECH,,,Parksite (6151),,Azek,,1 in,,partial,0.35,Parksite,6151,matched,normalized,0.95,Azek,BRD_AZEK,matched,exact,1.0,BLD_DECK_PVC,PVC & Composite Decking,BLD_DECK,Decking & Railing,3.0,Decking & Railing > PVC & Composite Decking,classified,candidate_match,0.88,"{""material"": {""value"": ""PVC"", ""confidence"": 0.98, ""evidence"": ""PVC"", ""method"": ""rule""}}",partial,rule,0.98,partial
ADR5117512CG,1x12-12' Castle Gate - Landmark Azek PVC Fascia,TIMBERTECH,,,Parksite (6151),,Azek,,1 in,,partial,0.35,Parksite,6151,matched,normalized,0.95,Azek,BRD_AZEK,matched,exact,1.0,BLD_DECK_PVC,PVC & Composite Decking,BLD_DECK,Decking & Railing,3.0,Decking & Railing > PVC & Composite Decking,classified,candidate_match,0.88,"{""material"": {""value"": ""PVC"", ""confidence"": 0.98, ""evidence"": ""PVC"", ""method"": ""rule""}}",partial,rule,0.98,partial
ADR5117512FW,1x12-12' French White Oak - Landmark Azek PVC Fascia,TIMBERTECH,,,Parksite (6151),,Azek,,1 in,,partial,0.35,Parksite,6151,matched,normalized,0.95,Azek,BRD_AZEK,matched,exact,1.0,,,,,,,unmatched,unmatched,0.0,{},none,none,0.0,invalid
1508395,1x8-12' Brownstone - Harvest Azek PVC Fascia,TIMBERTECH,,,Parksite (6151),,Azek,,1 in,,partial,0.35,Parksite,6151,matched,normalized,0.95,Azek,BRD_AZEK,matched,exact,1.0,BLD_DECK_PVC,PVC & Composite Decking,BLD_DECK,Decking & Railing,3.0,Decking & Railing > PVC & Composite Decking,classified,candidate_match,0.88,"{""material"": {""value"": ""PVC"", ""confidence"": 0.98, ""evidence"": ""PVC"", ""method"": ""rule""}}",partial,rule,0.98,partial
1508396,1x8-12' Slate Gray - Harvest Azek PVC Fascia,TIMBERTECH,,,Parksite (6151),,Azek,,1 in,,partial,0.35,Parksite,6151,matched,normalized,0.95,Azek,BRD_AZEK,matched,exact,1.0,,,,,,,unmatched,unmatched,0.0,{},none,none,0.0,invalid
ADCR5117512BS,1x12-12' Brownstone - Harvest Azek PVC Fascia,TIMBERTECH,,,Parksite (6151),,Azek,,1 in,,partial,0.35,Parksite,6151,matched,normalized,0.95,Azek,BRD_AZEK,matched,exact,1.0,BLD_DECK_PVC,PVC & Composite Decking,BLD_DECK,Decking & Railing,3.0,Decking & Railing > PVC & Composite Decking,classified,candidate_match,0.88,"{""material"": {""value"": ""PVC"", ""confidence"": 0.98, ""evidence"": ""PVC"", ""method"": ""rule""}}",partial,rule,0.98,partial
ADCR5117512SG,1x12-12' Slate Gray - Harvest Azek PVC Fascia,TIMBERTECH,,,Parksite (6151),,Azek,,1 in,,partial,0.35,Parksite,6151,matched,normalized,0.95,Azek,BRD_AZEK,matched,exact,1.0,,,,,,,unmatched,unmatched,0.0,{},none,none,0.0,invalid
543140908,1x8-12' Biscayne - Trex Lineage,TREX,,,U S Lumber (3073),,Trex,,1 in,,partial,0.35,U S Lumber,3073,matched,normalized,0.95,TREX,BRD_TREX,matched,exact,1.0,BLD_DECK_PVC,PVC & Composite Decking,BLD_DECK,Decking & Railing,3.0,Decking & Railing > PVC & Composite Decking,classified,rule_keyword,0.91,{},none,none,0.0,invalid
543142908,1x8-12' Carmel - Trex Lineage,TREX,,,U S Lumber (3073),,Trex,,1 in,,partial,0.35,U S Lumber,3073,matched,normalized,0.95,TREX,BRD_TREX,matched,exact,1.0,BLD_DECK_PVC,PVC & Composite Decking,BLD_DECK,Decking & Railing,3.0,Decking & Railing > PVC & Composite Decking,classified,rule_keyword,0.91,{},none,none,0.0,invalid
543143908,1x8-12' Jasper - Trex Lineage,TREX,,,U S Lumber (3073),,Trex,,1 in,,partial,0.35,U S Lumber,3073,matched,normalized,0.95,TREX,BRD_TREX,matched,exact,1.0,BLD_DECK_PVC,PVC & Composite Decking,BLD_DECK,Decking & Railing,3.0,Decking & Railing > PVC & Composite Decking,classified,rule_keyword,0.89,{},none,none,0.0,invalid
543140912,1x12-12' Biscayne - Trex Lineage,TREX,,,U S Lumber (3073),,Trex,,1 in,,partial,0.35,U S Lumber,3073,matched,normalized,0.95,TREX,BRD_TREX,matched,exact,1.0,BLD_DECK_PVC,PVC & Composite Decking,BLD_DECK,Decking & Railing,3.0,Decking & Railing > PVC & Composite Decking,classified,rule_keyword,0.91,{},none,none,0.0,invalid
543142912,1x12-12' Carmel - Trex Lineage,TREX,,,U S Lumber (3073),,Trex,,1 in,,partial,0.35,U S Lumber,3073,matched,normalized,0.95,TREX,BRD_TREX,matched,exact,1.0,BLD_DECK_PVC,PVC & Composite Decking,BLD_DECK,Decking & Railing,3.0,Decking & Railing > PVC & Composite Decking,classified,rule_keyword,0.91,{},none,none,0.0,invalid
543143912,1x12-12' Jasper - Trex Lineage,TREX,,,U S Lumber (3073),,Trex,,1 in,,partial,0.35,U S Lumber,3073,matched,normalized,0.95,TREX,BRD_TREX,matched,exact,1.0,BLD_DECK_PVC,PVC & Composite Decking,BLD_DECK,Decking & Railing,3.0,Decking & Railing > PVC & Composite Decking,classified,rule_keyword,0.89,{},none,none,0.0,invalid
1513715,1x12-12' Hatteras - Trex Lineage,TREX,,,Boise Cascade Building Materials (BOICA),,Trex,,1 in,,partial,0.35,Boise Cascade Building Materials,BOICA,matched,normalized,0.95,TREX,BRD_TREX,matched,exact,1.0,BLD_DECK_PVC,PVC & Composite Decking,BLD_DECK,Decking & Railing,3.0,Decking & Railing > PVC & Composite Decking,classified,rule_keyword,0.89,{},none,none,0.0,invalid
1513716,1x12-12' Salt Flat - Trex Lineage,TREX,,,Boise Cascade Building Materials (BOICA),,Trex,,1 in,,partial,0.35,Boise Cascade Building Materials,BOICA,matched,normalized,0.95,TREX,BRD_TREX,matched,exact,1.0,BLD_DECK_PVC,PVC & Composite Decking,BLD_DECK,Decking & Railing,3.0,Decking & Railing > PVC & Composite Decking,classified,rule_keyword,0.89,{},none,none,0.0,invalid
1513722,1x8-12' Honey Grove - Trex Enhance Naturals Fascia,TREX,,,Boise Cascade Building Materials (BOICA),,Trex,,1 in,,partial,0.35,Boise Cascade Building Materials,BOICA,matched,normalized,0.95,TREX,BRD_TREX,matched,exact,1.0,BLD_DECK_PVC,PVC & Composite Decking,BLD_DECK,Decking & Railing,3.0,Decking & Railing > PVC & Composite Decking,classified,rule_keyword,0.89,{},none,none,0.0,invalid
1513723,1x12-12' Honey Grove - Trex Enhance Naturals Fascia,TREX,,,Boise Cascade Building Materials (BOICA),,Trex,,1 in,,partial,0.35,Boise Cascade Building Materials,BOICA,matched,normalized,0.95,TREX,BRD_TREX,matched,exact,1.0,BLD_DECK_PVC,PVC & Composite Decking,BLD_DECK,Decking & Railing,3.0,Decking & Railing > PVC & Composite Decking,classified,rule_keyword,0.89,{},none,none,0.0,invalid
1513729,1x8-12' Tide Pool - Trex Enhance Basics Fascia,TREX,,,Boise Cascade Building Materials (BOICA),,Trex,,1 in,,partial,0.35,Boise Cascade Building Materials,BOICA,matched,normalized,0.95,TREX,BRD_TREX,matched,exact,1.0,BLD_DECK_PVC,PVC & Composite Decking,BLD_DECK,Decking & Railing,3.0,Decking & Railing > PVC & Composite Decking,classified,rule_keyword,0.89,{},none,none,0.0,invalid
1513730,1x12-12' Tide Pool - Trex Enhance Basics Fascia,TREX,,,Boise Cascade Building Materials (BOICA),,Trex,,1 in,,partial,0.35,Boise Cascade Building Materials,BOICA,matched,normalized,0.95,TREX,BRD_TREX,matched,exact,1.0,BLD_DECK_PVC,PVC & Composite Decking,BLD_DECK,Decking & Railing,3.0,Decking & Railing > PVC & Composite Decking,classified,rule_keyword,0.89,{},none,none,0.0,invalid
543076916,1x8-12' Cinnamon Cove - Trex Enhance Naturals Fascia,TREX,,,Boise Cascade Building Materials (BOICA),,Trex,,1 in,,partial,0.35,Boise Cascade Building Materials,BOICA,matched,normalized,0.95,TREX,BRD_TREX,matched,exact,1.0,BLD_DECK_PVC,PVC & Composite Decking,BLD_DECK,Decking & Railing,3.0,Decking & Railing > PVC & Composite Decking,classified,rule_keyword,0.89,{},none,none,0.0,invalid
1516876,1x8-12' Golden Hour - Trex Enhance Naturals Fascia,TREX,,,Boise Cascade Building Materials (BOICA),,Trex,,1 in,,partial,0.35,Boise Cascade Building Materials,BOICA,matched,normalized,0.95,TREX,BRD_TREX,matched,exact,1.0,BLD_DECK_PVC,PVC & Composite Decking,BLD_DECK,Decking & Railing,3.0,Decking & Railing > PVC & Composite Decking,classified,rule_keyword,0.89,{},none,none,0.0,invalid
543076936,1x12-12' Cinnamon Cove - Trex Enhance Naturals Fascia,TREX,,,Boise Cascade Building Materials (BOICA),,Trex,,1 in,,partial,0.35,Boise Cascade Building Materials,BOICA,matched,normalized,0.95,TREX,BRD_TREX,matched,exact,1.0,BLD_DECK_PVC,PVC & Composite Decking,BLD_DECK,Decking & Railing,3.0,Decking & Railing > PVC & Composite Decking,classified,rule_keyword,0.89,{},none,none,0.0,invalid
1516878,1x12-12' Golden Hour - Trex Enhance Naturals Fascia,TREX,,,Boise Cascade Building Materials (BOICA),,Trex,,1 in,,partial,0.35,Boise Cascade Building Materials,BOICA,matched,normalized,0.95,TREX,BRD_TREX,matched,exact,1.0,BLD_DECK_PVC,PVC & Composite Decking,BLD_DECK,Decking & Railing,3.0,Decking & Railing > PVC & Composite Decking,classified,rule_keyword,0.89,{},none,none,0.0,invalid
1516884,1x8-12' Pebble Beach - Trex Enhance Basics Fascia,TREX,,,Boise Cascade Building Materials (BOICA),,Trex,,1 in,,partial,0.35,Boise Cascade Building Materials,BOICA,matched,normalized,0.95,TREX,BRD_TREX,matched,exact,1.0,BLD_DECK_PVC,PVC & Composite Decking,BLD_DECK,Decking & Railing,3.0,Decking & Railing > PVC & Composite Decking,classified,rule_keyword,0.89,{},none,none,0.0,invalid
1516885,1x12-12' Pebble Beach - Trex Enhance Basics Fascia,TREX,,,Boise Cascade Building Materials (BOICA),,Trex,,1 in,,partial,0.35,Boise Cascade Building Materials,BOICA,matched,normalized,0.95,TREX,BRD_TREX,matched,exact,1.0,BLD_DECK_PVC,PVC & Composite Decking,BLD_DECK,Decking & Railing,3.0,Decking & Railing > PVC & Composite Decking,classified,rule_keyword,0.89,{},none,none,0.0,invalid
543005916,1x8-12' Malted Barley - Trex Select 2.0 Fascia,TREX,,,Boise Cascade Building Materials (BOICA),,Trex,,1 in,,partial,0.35,Boise Cascade Building Materials,BOICA,matched,normalized,0.95,TREX,BRD_TREX,matched,exact,1.0,BLD_DECK_PVC,PVC & Composite Decking,BLD_DECK,Decking & Railing,3.0,Decking & Railing > PVC & Composite Decking,classified,rule_keyword,0.89,{},none,none,0.0,invalid
1516902,1x8-12' Millstone - Trex Select 2.0 Fascia,TREX,,,Boise Cascade Building Materials (BOICA),,Trex,,1 in,,partial,0.35,Boise Cascade Building Materials,BOICA,matched,normalized,0.95,TREX,BRD_TREX,matched,exact,1.0,BLD_DECK_PVC,PVC & Composite Decking,BLD_DECK,Decking & Railing,3.0,Decking & Railing > PVC & Composite Decking,classified,rule_keyword,0.89,{},none,none,0.0,invalid
543007916,1x8-12' Whiskey Barrel - Trex Select 2.0 Fascia,TREX,,,Boise Cascade Building Materials (BOICA),,Trex,,1 in,,partial,0.35,Boise Cascade Building Materials,BOICA,matched,normalized,0.95,TREX,BRD_TREX,matched,exact,1.0,BLD_DECK_PVC,PVC & Composite Decking,BLD_DECK,Decking & Railing,3.0,Decking & Railing > PVC & Composite Decking,classified,rule_keyword,0.89,{},none,none,0.0,invalid
543005936,1x12-12' Malted Barley - Trex Select 2.0 Fascia,TREX,,,Boise Cascade Building Materials (BOICA),,Trex,,1 in,,partial,0.35,Boise Cascade Building Materials,BOICA,matched,normalized,0.95,TREX,BRD_TREX,matched,exact,1.0,BLD_DECK_PVC,PVC & Composite Decking,BLD_DECK,Decking & Railing,3.0,Decking & Railing > PVC & Composite Decking,classified,rule_keyword,0.89,{},none,none,0.0,invalid
1516905,1x12-12' Millstone - Trex Select 2.0 Fascia,TREX,,,Boise Cascade Building Materials (BOICA),,Trex,,1 in,,partial,0.35,Boise Cascade Building Materials,BOICA,matched,normalized,0.95,TREX,BRD_TREX,matched,exact,1.0,BLD_DECK_PVC,PVC & Composite Decking,BLD_DECK,Decking & Railing,3.0,Decking & Railing > PVC & Composite Decking,classified,rule_keyword,0.89,{},none,none,0.0,invalid
543007936,1x12-12' Whiskey Barrel - Trex Select 2.0 Fascia,TREX,,,Boise Cascade Building Materials (BOICA),,Trex,,1 in,,partial,0.35,Boise Cascade Building Materials,BOICA,matched,normalized,0.95,TREX,BRD_TREX,matched,exact,1.0,BLD_DECK_PVC,PVC & Composite Decking,BLD_DECK,Decking & Railing,3.0,Decking & Railing > PVC & Composite Decking,classified,rule_keyword,0.89,{},none,none,0.0,invalid
543144908,1x8-12' Island Mist - Trex Lineage,TREX,,,U S Lumber (3073),,Trex,,1 in,,partial,0.35,U S Lumber,3073,matched,normalized,0.95,TREX,BRD_TREX,matched,exact,1.0,BLD_DECK_PVC,PVC & Composite Decking,BLD_DECK,Decking & Railing,3.0,Decking & Railing > PVC & Composite Decking,classified,rule_keyword,0.89,{},none,none,0.0,invalid
543141908,1x8-12' Rainier - Trex Lineage,TREX,,,U S Lumber (3073),,Trex,,1 in,,partial,0.35,U S Lumber,3073,matched,normalized,0.95,TREX,BRD_TREX,matched,exact,1.0,BLD_DECK_PVC,PVC & Composite Decking,BLD_DECK,Decking & Railing,3.0,Decking & Railing > PVC & Composite Decking,classified,rule_keyword,0.89,{},none,none,0.0,invalid
543144912,1x12-12' Island Mist - Trex Lineage,TREX,,,U S Lumber (3073),,Trex,,1 in,,partial,0.35,U S Lumber,3073,matched,normalized,0.95,TREX,BRD_TREX,matched,exact,1.0,BLD_DECK_PVC,PVC & Composite Decking,BLD_DECK,Decking & Railing,3.0,Decking & Railing > PVC & Composite Decking,classified,rule_keyword,0.89,{},none,none,0.0,invalid
543141912,1x12-12' Rainier - Trex Lineage,TREX,,,U S Lumber (3073),,Trex,,1 in,,partial,0.35,U S Lumber,3073,matched,normalized,0.95,TREX,BRD_TREX,matched,exact,1.0,BLD_DECK_PVC,PVC & Composite Decking,BLD_DECK,Decking & Railing,3.0,Decking & Railing > PVC & Composite Decking,classified,rule_keyword,0.89,{},none,none,0.0,invalid
1513713,1x8-12' Hatteras - Trex Lineage,TREX,,,Boise Cascade Building Materials (BOICA),,Trex,,1 in,,partial,0.35,Boise Cascade Building Materials,BOICA,matched,normalized,0.95,TREX,BRD_TREX,matched,exact,1.0,BLD_DECK_PVC,PVC & Composite Decking,BLD_DECK,Decking & Railing,3.0,Decking & Railing > PVC & Composite Decking,classified,rule_keyword,0.89,{},none,none,0.0,invalid
1513714,1x8-12' Salt Flat - Trex Lineage,TREX,,,Boise Cascade Building Materials (BOICA),,Trex,,1 in,,partial,0.35,Boise Cascade Building Materials,BOICA,matched,normalized,0.95,TREX,BRD_TREX,matched,exact,1.0,BLD_DECK_PVC,PVC & Composite Decking,BLD_DECK,Decking & Railing,3.0,Decking & Railing > PVC & Composite Decking,classified,rule_keyword,0.89,{},none,none,0.0,invalid
73012503,4x4 Wh Heritage Post Trim RDI,,,,-,,,,,,failed,0.0,,,unmatched,none,0.0,,,unmatched,none,0.0,,,,,,,unmatched,unmatched,0.0,{},none,none,0.0,invalid
73018131,6x6 Wh Elite Post Trim 4pc RDI,,,,-,,,,,4.0,partial,0.05,,,unmatched,none,0.0,,,unmatched,none,0.0,,,,,,,unmatched,unmatched,0.0,{},none,none,0.0,invalid
73018091,4x4 Wh Elite Post Trim RDI,,,,-,,,,,,failed,0.0,,,unmatched,none,0.0,,,unmatched,none,0.0,,,,,,,unmatched,unmatched,0.0,{},none,none,0.0,invalid
73018066,Clay 6x6 Elite Post Trim RDI - 4pc,,,,-,Clay,,,,4.0,partial,0.4,,,unmatched,none,0.0,,,unmatched,none,0.0,,,,,,,unmatched,unmatched,0.0,{},none,none,0.0,invalid
73018076,4x4 Wh Flat Post Cap RDI,,,,-,,,,,,failed,0.0,,,unmatched,none,0.0,,,unmatched,none,0.0,,,,,,,unmatched,unmatched,0.0,{},none,none,0.0,invalid
61109087,Wh 4x4-39 Blank Post RDI,,,,-,,,,,,failed,0.0,,,unmatched,none,0.0,,,unmatched,none,0.0,,,,,,,unmatched,unmatched,0.0,{},none,none,0.0,invalid
73018731,Wh 6x6-108 Post Sleeve RDI,,,,-,,,,,,failed,0.0,,,unmatched,none,0.0,,,unmatched,none,0.0,BLD_DECK_RAIL,Railing & Fence Kits,BLD_DECK,Decking & Railing,3.0,Decking & Railing > Railing & Fence Kits,classified,rule_keyword,0.9,{},none,none,0.0,invalid
61109090,Wh 4x4-108 Post Sleeve RDI,,,,-,,,,,,failed,0.0,,,unmatched,none,0.0,,,unmatched,none,0.0,BLD_DECK_RAIL,Railing & Fence Kits,BLD_DECK,Decking & Railing,3.0,Decking & Railing > Railing & Fence Kits,classified,rule_keyword,0.9,{},none,none,0.0,invalid
73053603,Clay 4x4-108 Post Sleeve RDI,,,,-,Clay,,,,,partial,0.35,,,unmatched,none,0.0,,,unmatched,none,0.0,BLD_DECK_RAIL,Railing & Fence Kits,BLD_DECK,Decking & Railing,3.0,Decking & Railing > Railing & Fence Kits,classified,rule_keyword,0.9,{},none,none,0.0,invalid
73053608,Clay 6x6-108 Post Sleeve RDI,,,,-,Clay,,,,,partial,0.35,,,unmatched,none,0.0,,,unmatched,none,0.0,BLD_DECK_RAIL,Railing & Fence Kits,BLD_DECK,Decking & Railing,3.0,Decking & Railing > Railing & Fence Kits,classified,rule_keyword,0.9,{},none,none,0.0,invalid
543340896,"4x4-37"" Black Alum Post Sleeve Select Alum Railing - w/Cap & Skirt",TREX,,,Boise Cascade Building Materials (BOICA),,,,37 in,,partial,0.1,Boise Cascade Building Materials,BOICA,matched,normalized,0.95,,,unmatched,none,0.0,BLD_DECK_RAIL,Railing & Fence Kits,BLD_DECK,Decking & Railing,3.0,Decking & Railing > Railing & Fence Kits,classified,rule_keyword,0.94,{},none,none,0.0,invalid
543340898,"4x4-43"" Black Alum Post Sleeve Select Alum Railing w/Cap & Skirt",TREX,,,Boise Cascade Building Materials (BOICA),,,,43 in,,partial,0.1,Boise Cascade Building Materials,BOICA,matched,normalized,0.95,,,unmatched,none,0.0,BLD_DECK_RAIL,Railing & Fence Kits,BLD_DECK,Decking & Railing,3.0,Decking & Railing > Railing & Fence Kits,classified,rule_keyword,0.94,{},none,none,0.0,invalid
73272TBK,6x6-10' Black Alum Deco - Support Post,DSI Westbury,,,Palmer Donavin Mfg Company (PALDO),,,,6 in,,partial,0.1,Palmer Donavin Mfg Company,PALDO,matched,normalized,0.95,DSI Westbury,BRD_DSIWESTBURY,matched,normalized,0.9,,,,,,,unmatched,unmatched,0.0,{},none,none,0.0,invalid
543302127,6' Wh Select T-Rail Kit Stair - w/Sq Composite Balusters,TREX,,,U S Lumber (3073),,,Railing Kit,,,partial,0.25,U S Lumber,3073,matched,normalized,0.95,,,unmatched,none,0.0,BLD_DECK_RAIL,Railing & Fence Kits,BLD_DECK,Decking & Railing,3.0,Decking & Railing > Railing & Fence Kits,classified,rule_exact,1.0,{},none,none,0.0,invalid
543302147,8' Wh Select T-Rail Kit Stair - w/Sq Composite Balusters,TREX,,,U S Lumber (3073),,,Railing Kit,,,partial,0.25,U S Lumber,3073,matched,normalized,0.95,,,unmatched,none,0.0,BLD_DECK_RAIL,Railing & Fence Kits,BLD_DECK,Decking & Railing,3.0,Decking & Railing > Railing & Fence Kits,classified,rule_exact,1.0,{},none,none,0.0,invalid
73019599,Finyline Wh 6' Str Rail Kit Sq,,,,-,Finyline,,Railing Kit,,,success,0.6,,,unmatched,none,0.0,,,unmatched,none,0.0,BLD_DECK_RAIL,Railing & Fence Kits,BLD_DECK,Decking & Railing,3.0,Decking & Railing > Railing & Fence Kits,classified,rule_exact,1.0,{},none,none,0.0,invalid
73019648,Finyline Wh 8' Str Rail Kit Sq,,,,-,Finyline,,Railing Kit,,,success,0.6,,,unmatched,none,0.0,,,unmatched,none,0.0,BLD_DECK_RAIL,Railing & Fence Kits,BLD_DECK,Decking & Railing,3.0,Decking & Railing > Railing & Fence Kits,classified,rule_exact,1.0,{},none,none,0.0,invalid
73019598,Finyline Wh 6' Str Rail Kit Rd - w/Black Alum Balusters,,,,-,Finyline,,Railing Kit,,,success,0.6,,,unmatched,none,0.0,,,unmatched,none,0.0,BLD_DECK_RAIL,Railing & Fence Kits,BLD_DECK,Decking & Railing,3.0,Decking & Railing > Railing & Fence Kits,classified,rule_exact,1.0,{},none,none,0.0,invalid
73019647,Finyline Wh 8' Str Rail Kit Rd - w/Black Alum Balusters,,,,-,Finyline,,Railing Kit,,,success,0.6,,,unmatched,none,0.0,,,unmatched,none,0.0,BLD_DECK_RAIL,Railing & Fence Kits,BLD_DECK,Decking & Railing,3.0,Decking & Railing > Railing & Fence Kits,classified,rule_exact,1.0,{},none,none,0.0,invalid
543300257,6' Black Select Classic Stair - Rail w/Rnd Black Alum Baluster,TREX,,,Boise Cascade Building Materials (BOICA),,,Railing Kit,,,partial,0.25,Boise Cascade Building Materials,BOICA,matched,normalized,0.95,,,unmatched,none,0.0,BLD_DECK_RAIL,Railing & Fence Kits,BLD_DECK,Decking & Railing,3.0,Decking & Railing > Railing & Fence Kits,classified,rule_exact,1.0,{},none,none,0.0,invalid
543300277,8' Black Select Classic Stair - Rail w/Rnd Black Alum Baluster,TREX,,,Boise Cascade Building Materials (BOICA),,,Railing Kit,,,partial,0.25,Boise Cascade Building Materials,BOICA,matched,normalized,0.95,,,unmatched,none,0.0,BLD_DECK_RAIL,Railing & Fence Kits,BLD_DECK,Decking & Railing,3.0,Decking & Railing > Railing & Fence Kits,classified,rule_exact,1.0,{},none,none,0.0,invalid
SPB-44BPL,"Patriot 4""x4""x37""/43"" Adjustable Self Leveling Support Post",,,,-,Patriot,,,4 in,,partial,0.45,,,unmatched,none,0.0,,,unmatched,none,0.0,,,,,,,unmatched,unmatched,0.0,{},none,none,0.0,invalid
925219,"2""x50' Deck Joist Tape - Protecto Wrap",,,,Palmer Donavin Mfg Company (PALDO),,,Tape,2 in,,partial,0.35,Palmer Donavin Mfg Company,PALDO,matched,normalized,0.95,DSI Westbury,BRD_DSIWESTBURY,matched,normalized,0.9,LGT_ELEC_WIRE,Electrical Wire & Cable,LGT_ELEC,Electrical Boxes & Wiring,3.0,Electrical Boxes & Wiring > Electrical Wire & Cable,classified,rule_exact,1.0,{},none,none,0.0,invalid
27233,24x48 WH Attic Access Door,AJM,,,A J Manufacturing Inc (AJMAN),,,,,,failed,0.0,A J Manufacturing Inc,AJMAN,matched,normalized,0.95,AJM,BRD_AJM,matched,normalized,0.9,,,,,,,unmatched,unmatched,0.0,{},none,none,0.0,invalid
1517602,6068R Gliding Patio Dr 4500 United Blk Ext/WH Int LowE Arg w/J,United Window & Door,,,United Window & Door Manufacturing (UNIWI),6068R,,,,,partial,0.35,United Window & Door Manufacturing,UNIWI,matched,normalized,0.95,United Window & Door,BRD_UNITEDWINDOWDOOR,matched,normalized,0.9,BLD_LUMBER_BOARDS,Lumber & Building Supplies,BLD_LUMBER,Lumber & Panels,3.0,Lumber & Panels > Lumber & Building Supplies,classified,rule_keyword,0.9,{},none,none,0.0,invalid
1517603,6068L Gliding Patio Dr 4500 United Blk Ext/WH Int LowE Arg w/J,United Window & Door,,,United Window & Door Manufacturing (UNIWI),6068L,,,,,partial,0.35,United Window & Door Manufacturing,UNIWI,matched,normalized,0.95,United Window & Door,BRD_UNITEDWINDOWDOOR,matched,normalized,0.9,BLD_LUMBER_BOARDS,Lumber & Building Supplies,BLD_LUMBER,Lumber & Panels,3.0,Lumber & Panels > Lumber & Building Supplies,classified,rule_keyword,0.9,{},none,none,0.0,invalid
1517604,6068L Gliding Patio Dr 4500 United White LowE Arg w/J,United Window & Door,,,United Window & Door Manufacturing (UNIWI),6068L,,,,,partial,0.35,United Window & Door Manufacturing,UNIWI,matched,normalized,0.95,United Window & Door,BRD_UNITEDWINDOWDOOR,matched,normalized,0.9,BLD_LUMBER_BOARDS,Lumber & Building Supplies,BLD_LUMBER,Lumber & Panels,3.0,Lumber & Panels > Lumber & Building Supplies,classified,rule_keyword,0.9,{},none,none,0.0,invalid
1517605,6068R Gliding Patio Dr 4500 United White LowE Arg w/J,United Window & Door,,,United Window & Door Manufacturing (UNIWI),6068R,,,,,partial,0.35,United Window & Door Manufacturing,UNIWI,matched,normalized,0.95,United Window & Door,BRD_UNITEDWINDOWDOOR,matched,normalized,0.9,BLD_LUMBER_BOARDS,Lumber & Building Supplies,BLD_LUMBER,Lumber & Panels,3.0,Lumber & Panels > Lumber & Building Supplies,classified,rule_keyword,0.9,{},none,none,0.0,invalid
FS C01 2004S,"FS C01 Velux Fxd Skylt Gry/Wh - w/Solar Shade RO 21""x26-7/8""",,,,Velux America Inc (VELAM),,,,21 in,,partial,0.1,Velux America Inc,VELAM,matched,normalized,0.95,,,unmatched,none,0.0,,,,,,,unmatched,unmatched,0.0,{},none,none,0.0,invalid
FS C04 2004S,"FS C04 Velux Fxd Skylt Gry/Wh - w/Solar Shade RO 21""x37-7/8""",,,,Velux America Inc (VELAM),,,,21 in,,partial,0.1,Velux America Inc,VELAM,matched,normalized,0.95,,,unmatched,none,0.0,,,,,,,unmatched,unmatched,0.0,{},none,none,0.0,invalid
FS C06 2004S,"FS C06 Velux Fxd Skylt Gry/Wh - w/Solar Shade RO 21""x45-7/8""",,,,Velux America Inc (VELAM),,,,21 in,,partial,0.1,Velux America Inc,VELAM,matched,normalized,0.95,,,unmatched,none,0.0,,,,,,,unmatched,unmatched,0.0,{},none,none,0.0,invalid
1501831,31.5x14.75 Bsmt ecoLitePlus WH - Hopper DLA w/Screen,PROVIA,,,ProVia (PRODO),31.5x14.75,,,31.5 in x 14.75 in,,partial,0.45,ProVia,PRODO,matched,normalized,0.95,PROVIA,BRD_PROVIA,matched,normalized,0.9,,,,,,,unmatched,unmatched,0.0,{},none,none,0.0,invalid
1501832,31.5x22.75 Bsmt ecoLitePlus WH - Hopper DLA w/Screen,PROVIA,,,ProVia (PRODO),31.5x22.75,,,31.5 in x 22.75 in,,partial,0.45,ProVia,PRODO,matched,normalized,0.95,PROVIA,BRD_PROVIA,matched,normalized,0.9,,,,,,,unmatched,unmatched,0.0,{},none,none,0.0,invalid
1515974,3030 Slider 3900 United Black WH Int LowE-2 w/Half Scrn w/J,United Window & Door,,,-,3030,,,,,partial,0.35,,,unmatched,none,0.0,,,unmatched,none,0.0,,,,,,,unmatched,unmatched,0.0,{},none,none,0.0,invalid
640383,"1/2"" 54""x10 Drywall Easi-Lite",,,,Certainteed Gypsum (2765),,,,1/2 in,,partial,0.1,Certainteed Gypsum,2765,matched,normalized,0.95,,,unmatched,none,0.0,,,,,,,unmatched,unmatched,0.0,{},none,none,0.0,invalid
653258,"5/8"" 4x9 Drywall Firelite",,,,Certainteed Gypsum (2765),,,,5/8 in,,partial,0.1,Certainteed Gypsum,2765,matched,normalized,0.95,,,unmatched,none,0.0,,,,,,,unmatched,unmatched,0.0,{},none,none,0.0,invalid
413S-DBA-36,"413S 36"" Alum Threshold DBZ",HAGER,,,Hager Hinge Co (4189),413S,,,36 in,,partial,0.45,Hager Hinge Co,4189,matched,normalized,0.95,HAGER,BRD_HAGER,matched,normalized,0.9,,,,,,,unmatched,unmatched,0.0,{},none,none,0.0,invalid
413S-DBA-72,"413S 72"" Alum Threshold DBZ",HAGER,,,Hager Hinge Co (4189),413S,,,72 in,,partial,0.45,Hager Hinge Co,4189,matched,normalized,0.95,HAGER,BRD_HAGER,matched,normalized,0.9,,,,,,,unmatched,unmatched,0.0,{},none,none,0.0,invalid
1511506,4'x65' Zip Rainscreen,,,,Huber Eng Wood LLC (3158),,,,4 ft,,partial,0.1,Huber Eng Wood LLC,3158,matched,normalized,0.95,,,unmatched,none,0.0,BLD_LUMBER_BOARDS,Lumber & Building Supplies,BLD_LUMBER,Lumber & Panels,3.0,Lumber & Panels > Lumber & Building Supplies,classified,rule_keyword,0.9,{},none,none,0.0,invalid
1513577,1x8-12' Doug Fir STK Smooth 1S2E,COMMODITY - UNBRANDED,,,Westwood Lumber Sales (WESLU),,,,1 in,,partial,0.1,Westwood Lumber Sales,WESLU,matched,normalized,0.95,COMMODITY - UNBRANDED,BRD_COMMODITYUNBRANDED,matched,normalized,0.9,BLD_LUMBER_BOARDS,Lumber & Building Supplies,BLD_LUMBER,Lumber & Panels,3.0,Lumber & Panels > Lumber & Building Supplies,classified,rule_keyword,0.9,{},none,none,0.0,invalid
1513578,1x8-16' Doug Fir STK Smooth 1S2E,COMMODITY - UNBRANDED,,,Westwood Lumber Sales (WESLU),,,,1 in,,partial,0.1,Westwood Lumber Sales,WESLU,matched,normalized,0.95,COMMODITY - UNBRANDED,BRD_COMMODITYUNBRANDED,matched,normalized,0.9,BLD_LUMBER_BOARDS,Lumber & Building Supplies,BLD_LUMBER,Lumber & Panels,3.0,Lumber & Panels > Lumber & Building Supplies,classified,rule_keyword,0.9,{},none,none,0.0,invalid
1513579,1x12-12 'Doug Fir STK Smooth 1S2E,COMMODITY - UNBRANDED,,,Westwood Lumber Sales (WESLU),,,,1 in,,partial,0.1,Westwood Lumber Sales,WESLU,matched,normalized,0.95,COMMODITY - UNBRANDED,BRD_COMMODITYUNBRANDED,matched,normalized,0.9,BLD_LUMBER_BOARDS,Lumber & Building Supplies,BLD_LUMBER,Lumber & Panels,3.0,Lumber & Panels > Lumber & Building Supplies,classified,rule_keyword,0.9,{},none,none,0.0,invalid
1513580,1x12-16' Doug Fir STK Smooth 1S2E,COMMODITY - UNBRANDED,,,Westwood Lumber Sales (WESLU),,,,1 in,,partial,0.1,Westwood Lumber Sales,WESLU,matched,normalized,0.95,COMMODITY - UNBRANDED,BRD_COMMODITYUNBRANDED,matched,normalized,0.9,BLD_LUMBER_BOARDS,Lumber & Building Supplies,BLD_LUMBER,Lumber & Panels,3.0,Lumber & Panels > Lumber & Building Supplies,classified,rule_keyword,0.9,{},none,none,0.0,invalid
1501767,"3/4"" 4x8T&G Huber Blue PlusOSB - Sub Floor",,,,-,,,,3/4 in,,partial,0.1,,,unmatched,none,0.0,,,unmatched,none,0.0,BLD_LUMBER_BOARDS,Lumber & Building Supplies,BLD_LUMBER,Lumber & Panels,3.0,Lumber & Panels > Lumber & Building Supplies,classified,candidate_match,0.88,{},none,none,0.0,invalid
PP-8BL,8' Premier Rib XL Black,,,,Premier Metals (PREME),,,,,,failed,0.0,Premier Metals,PREME,matched,normalized,0.95,,,unmatched,none,0.0,,,,,,,unmatched,unmatched,0.0,{},none,none,0.0,invalid
PP-10BL,10' Premier Rib XL Black,,,,Premier Metals (PREME),,,,,,failed,0.0,Premier Metals,PREME,matched,normalized,0.95,,,unmatched,none,0.0,,,,,,,unmatched,unmatched,0.0,{},none,none,0.0,invalid
PP-12BL,12' Premier Rib XL Black,,,,Premier Metals (PREME),,,,,,failed,0.0,Premier Metals,PREME,matched,normalized,0.95,,,unmatched,none,0.0,,,,,,,unmatched,unmatched,0.0,{},none,none,0.0,invalid
PP-8CH,8' Premier Rib XL Charcoal,,,,Premier Metals (PREME),,,,,,failed,0.0,Premier Metals,PREME,matched,normalized,0.95,,,unmatched,none,0.0,LGT_ELEC_WIRE,Electrical Wire & Cable,LGT_ELEC,Electrical Boxes & Wiring,3.0,Electrical Boxes & Wiring > Electrical Wire & Cable,classified,candidate_match,0.88,{},none,none,0.0,invalid
PP-10CH,10' Premier Rib XL Charcoal,,,,Premier Metals (PREME),,,,,,failed,0.0,Premier Metals,PREME,matched,normalized,0.95,,,unmatched,none,0.0,,,,,,,unmatched,unmatched,0.0,{},none,none,0.0,invalid
PP-12CH,12' Premier Rib XL Charcoal,,,,Premier Metals (PREME),,,,,,failed,0.0,Premier Metals,PREME,matched,normalized,0.95,,,unmatched,none,0.0,,,,,,,unmatched,unmatched,0.0,{},none,none,0.0,invalid
PP-8WH,8' Premier Rib XL White,,,,Premier Metals (PREME),,,,,,failed,0.0,Premier Metals,PREME,matched,normalized,0.95,,,unmatched,none,0.0,,,,,,,unmatched,unmatched,0.0,{},none,none,0.0,invalid
PP-10WH,10' Premier Rib XL White,,,,Premier Metals (PREME),,,,,,failed,0.0,Premier Metals,PREME,matched,normalized,0.95,,,unmatched,none,0.0,,,,,,,unmatched,unmatched,0.0,{},none,none,0.0,invalid
1504345,OC Duration TruDef Wburg Gray (BDL),,,,Palmer Donavin Mfg Company (PALDO),,,,,,failed,0.0,Palmer Donavin Mfg Company,PALDO,matched,normalized,0.95,DSI Westbury,BRD_DSIWESTBURY,matched,normalized,0.9,,,,,,,unmatched,unmatched,0.0,{},none,none,0.0,invalid
2733,3'x65' Henry Eaveguard - Ice Guard,,,,Palmer Donavin Mfg Company (PALDO),,,,3 ft,,partial,0.1,Palmer Donavin Mfg Company,PALDO,matched,normalized,0.95,DSI Westbury,BRD_DSIWESTBURY,matched,normalized,0.9,,,,,,,unmatched,unmatched,0.0,{},none,none,0.0,invalid
7547,Ice Guard OC Weathr Lk Mat 2sq,,,,-,Ice,,,,,partial,0.35,,,unmatched,none,0.0,,,unmatched,none,0.0,SAF_WORK_HEATED,Heated Workwear & Gear,SAF_WORK,Workwear & Safety Gear,3.0,Workwear & Safety Gear > Heated Workwear & Gear,classified,candidate_match,0.88,{},none,none,0.0,invalid
8912220,"7-1/4""x12' Hardie Sdg Smooth - Primed HardiePlank",JAMESHARDIE,,,Boise Cascade Building Materials (BOICA),,,,7-1/4 in x 12 in,,partial,0.1,Boise Cascade Building Materials,BOICA,matched,normalized,0.95,,,unmatched,none,0.0,BLD,"Building, Decking & Railing Materials",,,1.0,"Building, Decking & Railing Materials",classified,candidate_match,0.88,{},none,none,0.0,invalid
8904015,4'x10' HardiePanel Smooth - Primed,JAMESHARDIE,,,Boise Cascade Building Materials (BOICA),,,,4 ft,,partial,0.1,Boise Cascade Building Materials,BOICA,matched,normalized,0.95,,,unmatched,none,0.0,BLD,"Building, Decking & Railing Materials",,,1.0,"Building, Decking & Railing Materials",classified,candidate_match,0.88,{},none,none,0.0,invalid
25796,"6""x16' Smart Lap Sdg Cedar",LP SMARTSIDE,,,U S Lumber (3073),,,,6 in,,partial,0.1,U S Lumber,3073,matched,normalized,0.95,,,unmatched,none,0.0,BLD_LUMBER,Lumber & Structural Panels,BLD,"Building, Decking & Railing Materials",2.0,"Building, Decking & Railing Materials > Lumber & Structural Panels",classified,candidate_match,0.88,{},none,none,0.0,invalid
40503,"3/8"" 16""x16' Smart Pan Cedar - No-Groove Sq Edge B&B",LP SMARTSIDE,,,U S Lumber (3073),,,,3/8 in,,partial,0.1,U S Lumber,3073,matched,normalized,0.95,,,unmatched,none,0.0,BLD_DECK_PVC,PVC & Composite Decking,BLD_DECK,Decking & Railing,3.0,Decking & Railing > PVC & Composite Decking,classified,rule_keyword,0.9,{},none,none,0.0,invalid
25825,"3/8"" 4x10 Smart Pan Cedar - No-Groove w/Shiplap Edges",LP SMARTSIDE,,,U S Lumber (3073),,,,3/8 in,,partial,0.1,U S Lumber,3073,matched,normalized,0.95,,,unmatched,none,0.0,BLD_LUMBER_BOARDS,Lumber & Building Supplies,BLD_LUMBER,Lumber & Panels,3.0,Lumber & Panels > Lumber & Building Supplies,classified,rule_keyword,0.9,{},none,none,0.0,invalid
25822,"3/8"" 12""x16' Smart Vented Soff - Cedar Soffit",LP SMARTSIDE,,,U S Lumber (3073),,,,3/8 in,,partial,0.1,U S Lumber,3073,matched,normalized,0.95,,,unmatched,none,0.0,BLD_LUMBER,Lumber & Structural Panels,BLD,"Building, Decking & Railing Materials",2.0,"Building, Decking & Railing Materials > Lumber & Structural Panels",classified,candidate_match,0.88,{},none,none,0.0,invalid
543650101,Black Alum ADA Wall Mount Trex,TREX,,,Boise Cascade Building Materials (BOICA),Black,Trex,,,,partial,0.6,Boise Cascade Building Materials,BOICA,matched,normalized,0.95,TREX,BRD_TREX,matched,exact,1.0,BLD,"Building, Decking & Railing Materials",,,1.0,"Building, Decking & Railing Materials",classified,candidate_match,0.88,{},none,none,0.0,invalid
543650010,Black Alum ADA Int End Cap - Trex,TREX,,,Boise Cascade Building Materials (BOICA),Black,Trex,,,,partial,0.6,Boise Cascade Building Materials,BOICA,matched,normalized,0.95,TREX,BRD_TREX,matched,exact,1.0,BLD,"Building, Decking & Railing Materials",,,1.0,"Building, Decking & Railing Materials",classified,candidate_match,0.88,{},none,none,0.0,invalid
543650048,8' Black Alum ADA Rail Trex,TREX,,,Boise Cascade Building Materials (BOICA),,Trex,Railing Kit,,,success,0.5,Boise Cascade Building Materials,BOICA,matched,normalized,0.95,TREX,BRD_TREX,matched,exact,1.0,BLD_DECK_RAIL,Railing & Fence Kits,BLD_DECK,Decking & Railing,3.0,Decking & Railing > Railing & Fence Kits,classified,rule_exact,1.0,{},none,none,0.0,invalid
1506969,"1-1/2"" 4x8 Huber Zip R6.6 - Insulated R-Sheathing",,,,-,,,,1-1/2 in,,partial,0.1,,,unmatched,none,0.0,,,unmatched,none,0.0,,,,,,,unmatched,unmatched,0.0,{},none,none,0.0,invalid
1514681,"1"" 4x8 Huber Zip R3.6 - Insulated R-Sheathing",,,,-,,,,1 in,,partial,0.1,,,unmatched,none,0.0,,,unmatched,none,0.0,,,,,,,unmatched,unmatched,0.0,{},none,none,0.0,invalid
1514726,"2"" 4x8 Huber Zip R9.6 - Insulated R-Sheathing",,,,-,,,,2 in,,partial,0.1,,,unmatched,none,0.0,,,unmatched,none,0.0,,,,,,,unmatched,unmatched,0.0,{},none,none,0.0,invalid
1728ABL,2x2 Black Fine Fissured 1728BL,,,,Palmer Donavin Mfg Company (PALDO),,,,,,failed,0.0,Palmer Donavin Mfg Company,PALDO,matched,normalized,0.95,DSI Westbury,BRD_DSIWESTBURY,matched,normalized,0.9,,,,,,,unmatched,unmatched,0.0,{},none,none,0.0,invalid
402-R,402R 12V12AH 8D Battery,,,,MillerTech Energy Solutions (MILTE),402R,,Battery,,,success,0.6,MillerTech Energy Solutions,MILTE,matched,normalized,0.95,,,unmatched,none,0.0,PWR_ACC_BATT,Batteries & Chargers,PWR_ACC,Tool Accessories & Attachments,3.0,Tool Accessories & Attachments > Batteries & Chargers,classified,rule_exact,1.0,{},none,none,0.0,invalid
SL1672,SL1672 Jumpstart & Pwr Supply,,,Schumacher,-,SL1672,,,,,partial,0.35,,,unmatched,none,0.0,,,unmatched,none,0.0,,,,,,,unmatched,unmatched,0.0,{},none,none,0.0,invalid
BM-DW20-YLW-6,BM-DW20-YLW-6 Dewalt - Battery Mounts 6pk,,,StealthMounts,Metalmark Industrial Inc (METIN),BM-DW20-YLW-6,Dewalt,Battery Pack,,6.0,success,0.9,Metalmark Industrial Inc,METIN,matched,normalized,0.95,DEWALT,BRD_DEWALT,matched,exact,1.0,PWR_ACC_BATT,Batteries & Chargers,PWR_ACC,Tool Accessories & Attachments,3.0,Tool Accessories & Attachments > Batteries & Chargers,classified,rule_exact,1.0,"{""piece_count"": {""value"": 6, ""confidence"": 1.0, ""evidence"": ""6.0"", ""method"": ""rule""}}",partial,rule,1.0,partial
BHA1-UPC,16-24 Adjust Hanger,,,Southwire,Southwire/g Turner (6603),16-24,,,,,partial,0.35,Southwire/g Turner,6603,matched,normalized,0.95,Southwire,BRD_SOUTHWIRE,matched,normalized,0.9,LGT_ELEC,Electrical Boxes & Wiring,LGT,Lighting & Electrical Supplies,2.0,Lighting & Electrical Supplies > Electrical Boxes & Wiring,classified,candidate_match,0.88,{},none,none,0.0,invalid
G1941-UPC,"G1941UPC 4"" Sq Cover Sw/Outlet",,,Southwire,Southwire/g Turner (6603),G1941UPC,,,4 in,,partial,0.45,Southwire/g Turner,6603,matched,normalized,0.95,Southwire,BRD_SOUTHWIRE,matched,normalized,0.9,LGT_ELEC,Electrical Boxes & Wiring,LGT,Lighting & Electrical Supplies,2.0,Lighting & Electrical Supplies > Electrical Boxes & Wiring,classified,candidate_match,0.88,{},none,none,0.0,invalid
G1950-UPC,4x4 2G GFI Box Cover,,,Southwire,Southwire/g Turner (6603),,,,,,failed,0.0,Southwire/g Turner,6603,matched,normalized,0.95,Southwire,BRD_SOUTHWIRE,matched,normalized,0.9,LGT_ELEC_BOX,Electrical Boxes & Covers,LGT_ELEC,Electrical Boxes & Wiring,3.0,Electrical Boxes & Wiring > Electrical Boxes & Covers,classified,rule_keyword,0.94,{},none,none,0.0,invalid
A410RCAR,4x4 1G PVC Box Cover,,,Carlon,Thomas & Betts (7405),,,,,,failed,0.0,Thomas & Betts,7405,matched,normalized,0.95,Carlon,BRD_CARLON,matched,normalized,0.9,LGT_ELEC_BOX,Electrical Boxes & Covers,LGT_ELEC,Electrical Boxes & Wiring,3.0,Electrical Boxes & Wiring > Electrical Boxes & Covers,classified,rule_keyword,0.9,{},none,none,0.0,invalid
G1951-UPC,4x4 2G GFCI Duplex Box Cover,,,Southwire,Southwire/g Turner (6603),,,,,,failed,0.0,Southwire/g Turner,6603,matched,normalized,0.95,Southwire,BRD_SOUTHWIRE,matched,normalized,0.9,LGT_ELEC_BOX,Electrical Boxes & Covers,LGT_ELEC,Electrical Boxes & Wiring,3.0,Electrical Boxes & Wiring > Electrical Boxes & Covers,classified,rule_keyword,0.9,{},none,none,0.0,invalid
52C3-5/8-UPC,4x4 1G Box Cover,,,Southwire,Southwire/g Turner (6603),,,,,,failed,0.0,Southwire/g Turner,6603,matched,normalized,0.95,Southwire,BRD_SOUTHWIRE,matched,normalized,0.9,LGT_ELEC_BOX,Electrical Boxes & Covers,LGT_ELEC,Electrical Boxes & Wiring,3.0,Electrical Boxes & Wiring > Electrical Boxes & Covers,classified,rule_keyword,0.9,{},none,none,0.0,invalid
52C14-5/8-UPC,4x4 1G Box Cover,,,Southwire,Southwire/g Turner (6603),,,,,,failed,0.0,Southwire/g Turner,6603,matched,normalized,0.95,Southwire,BRD_SOUTHWIRE,matched,normalized,0.9,LGT_ELEC_BOX,Electrical Boxes & Covers,LGT_ELEC,Electrical Boxes & Wiring,3.0,Electrical Boxes & Wiring > Electrical Boxes & Covers,classified,rule_keyword,0.9,{},none,none,0.0,invalid
52C3-UPC,4x4 1G Box Cover,,,Southwire,Southwire/g Turner (6603),,,,,,failed,0.0,Southwire/g Turner,6603,matched,normalized,0.95,Southwire,BRD_SOUTHWIRE,matched,normalized,0.9,LGT_ELEC_BOX,Electrical Boxes & Covers,LGT_ELEC,Electrical Boxes & Wiring,3.0,Electrical Boxes & Wiring > Electrical Boxes & Covers,classified,rule_keyword,0.9,{},none,none,0.0,invalid
54151-F-UPC,4x4x1-1/2 Oct Box w/Bracket,,,Southwire,Southwire/g Turner (6603),,,,,,failed,0.0,Southwire/g Turner,6603,matched,normalized,0.95,Southwire,BRD_SOUTHWIRE,matched,normalized,0.9,LGT_ELEC_BOX,Electrical Boxes & Covers,LGT_ELEC,Electrical Boxes & Wiring,3.0,Electrical Boxes & Wiring > Electrical Boxes & Covers,classified,rule_keyword,0.9,{},none,none,0.0,invalid
54151-HUR-UPC,4x4x1-1/2 Oct Box w/Hanger,,,Southwire,Southwire/g Turner (6603),,,,,,failed,0.0,Southwire/g Turner,6603,matched,normalized,0.95,Southwire,BRD_SOUTHWIRE,matched,normalized,0.9,LGT_ELEC_BOX,Electrical Boxes & Covers,LGT_ELEC,Electrical Boxes & Wiring,3.0,Electrical Boxes & Wiring > Electrical Boxes & Covers,classified,rule_keyword,0.9,{},none,none,0.0,invalid
54151-JR-UPC,4x4x1-1/2 Oct Box w/Brakcet,,,Southwire,Southwire/g Turner (6603),,,,,,failed,0.0,Southwire/g Turner,6603,matched,normalized,0.95,Southwire,BRD_SOUTHWIRE,matched,normalized,0.9,LGT_ELEC_BOX,Electrical Boxes & Covers,LGT_ELEC,Electrical Boxes & Wiring,3.0,Electrical Boxes & Wiring > Electrical Boxes & Covers,classified,rule_keyword,0.9,{},none,none,0.0,invalid
54171-R-UPC,4x4x2 Oct Box,,,Southwire,Southwire/g Turner (6603),,,,,,failed,0.0,Southwire/g Turner,6603,matched,normalized,0.95,Southwire,BRD_SOUTHWIRE,matched,normalized,0.9,LGT_ELEC_BOX,Electrical Boxes & Covers,LGT_ELEC,Electrical Boxes & Wiring,3.0,Electrical Boxes & Wiring > Electrical Boxes & Covers,classified,rule_keyword,0.9,{},none,none,0.0,invalid
52151-S-UPC,4x4x1-1/2 Square Box,,,Southwire,Southwire/g Turner (6603),,,,,,failed,0.0,Southwire/g Turner,6603,matched,normalized,0.95,Southwire,BRD_SOUTHWIRE,matched,normalized,0.9,LGT_ELEC,Electrical Boxes & Wiring,LGT,Lighting & Electrical Supplies,2.0,Lighting & Electrical Supplies > Electrical Boxes & Wiring,classified,candidate_match,0.88,{},none,none,0.0,invalid
72171-3/4-1W-UPC,4-1/2x4-1/2x2 2G Box,,,Southwire,Southwire/g Turner (6603),,,,4-1/2 in x 4-1/2 in,,partial,0.1,Southwire/g Turner,6603,matched,normalized,0.95,Southwire,BRD_SOUTHWIRE,matched,normalized,0.9,LGT_ELEC_BOX,Electrical Boxes & Covers,LGT_ELEC,Electrical Boxes & Wiring,3.0,Electrical Boxes & Wiring > Electrical Boxes & Covers,classified,rule_keyword,0.9,{},none,none,0.0,invalid
5522-5EV,5522-5EV 2 Port Decor Plate,,,,Cooper Wiring Devices (3560),5522-5EV,,,,,partial,0.35,Cooper Wiring Devices,3560,matched,normalized,0.95,,,unmatched,none,0.0,LGT_ELEC,Electrical Boxes & Wiring,LGT,Lighting & Electrical Supplies,2.0,Lighting & Electrical Supplies > Electrical Boxes & Wiring,classified,candidate_match,0.88,{},none,none,0.0,invalid
AYCL-153PH-LA,AYCL-153PH-LA Lutron Dimmer LA,,,,Fenton Bros Electric Inc (FENBR),AYCL-153PH-LA,,,,,partial,0.35,Fenton Bros Electric Inc,FENBR,matched,normalized,0.95,,,unmatched,none,0.0,LGT_ELEC_WIRE,Electrical Wire & Cable,LGT_ELEC,Electrical Boxes & Wiring,3.0,Electrical Boxes & Wiring > Electrical Wire & Cable,classified,candidate_match,0.88,{},none,none,0.0,invalid
AYCL-153PH-WH,AYCL-153PH-WH Lutron Dimmer Wh,,,,Fenton Bros Electric Inc (FENBR),AYCL-153PH-WH,,,,,partial,0.35,Fenton Bros Electric Inc,FENBR,matched,normalized,0.95,,,unmatched,none,0.0,LGT_ELEC_WIRE,Electrical Wire & Cable,LGT_ELEC,Electrical Boxes & Wiring,3.0,Electrical Boxes & Wiring > Electrical Wire & Cable,classified,candidate_match,0.88,{},none,none,0.0,invalid
D23LP-R02-1RW,D23LPR021RW Plug In Dimmer Wh,,,Leviton,Leviton Mfg Co (4927),D23LPR021RW,,,,,partial,0.35,Leviton Mfg Co,4927,matched,normalized,0.95,Leviton,BRD_LEVITON,matched,normalized,0.9,,,,,,,unmatched,unmatched,0.0,{},none,none,0.0,invalid
TNOCD002,TNOCD002 125V Outdooor Timer,,,Prime,Prime Wire & Cable (3562),TNOCD002,,,,,partial,0.35,Prime Wire & Cable,3562,matched,normalized,0.95,Prime,BRD_PRIME,matched,normalized,0.9,LGT_ELEC_WIRE,Electrical Wire & Cable,LGT_ELEC,Electrical Boxes & Wiring,3.0,Electrical Boxes & Wiring > Electrical Wire & Cable,classified,candidate_match,0.88,{},none,none,0.0,invalid
TNDHD002,TNDHD002 125V 7Day Timer,,,Prime,Prime Wire & Cable (3562),TNDHD002,,,,,partial,0.35,Prime Wire & Cable,3562,matched,normalized,0.95,Prime,BRD_PRIME,matched,normalized,0.9,LGT_ELEC_WIRE,Electrical Wire & Cable,LGT_ELEC,Electrical Boxes & Wiring,3.0,Electrical Boxes & Wiring > Electrical Wire & Cable,classified,candidate_match,0.88,{},none,none,0.0,invalid
TNIDP12,TNIDP12 125V Dig Indoor Timer,,,Prime,Prime Wire & Cable (3562),TNIDP12,,,,,partial,0.35,Prime Wire & Cable,3562,matched,normalized,0.95,Prime,BRD_PRIME,matched,normalized,0.9,LGT_ELEC_WIRE,Electrical Wire & Cable,LGT_ELEC,Electrical Boxes & Wiring,3.0,Electrical Boxes & Wiring > Electrical Wire & Cable,classified,candidate_match,0.88,{},none,none,0.0,invalid
TNIW24,TNIW24 125V 24hr Mech Timer,,,Prime,Prime Wire & Cable (3562),TNIW24,,,,,partial,0.35,Prime Wire & Cable,3562,matched,normalized,0.95,Prime,BRD_PRIME,matched,normalized,0.9,LGT_ELEC_WIRE,Electrical Wire & Cable,LGT_ELEC,Electrical Boxes & Wiring,3.0,Electrical Boxes & Wiring > Electrical Wire & Cable,classified,candidate_match,0.88,{},none,none,0.0,invalid
65-1222,65-1222 1' Led Lt Multi CCT,,,,Satco Prod Inc (5573),65-1222,,,,,partial,0.35,Satco Prod Inc,5573,matched,normalized,0.95,Satco,BRD_SATCO,matched,normalized,0.9,LGT_BULB,Light Bulbs,LGT,Lighting & Electrical Supplies,2.0,Lighting & Electrical Supplies > Light Bulbs,classified,candidate_match,0.88,{},none,none,0.0,invalid
65-1224,65-1224 4' Led Strip Light,,,Satco,Satco Prod Inc (5573),65-1224,,,,,partial,0.35,Satco Prod Inc,5573,matched,normalized,0.95,Satco,BRD_SATCO,matched,normalized,0.9,LGT,Lighting & Electrical Supplies,,,1.0,Lighting & Electrical Supplies,classified,rule_keyword,0.89,{},none,none,0.0,invalid
45297BK,45297BK Kichler Wall Lt,,,,Kichler Lighting (KICLI),45297BK,,,,,partial,0.35,Kichler Lighting,KICLI,matched,normalized,0.95,,,unmatched,none,0.0,LGT_FIX_WALL,Wall Sconces & Bath Lights,LGT_FIX,Light Fixtures,3.0,Light Fixtures > Wall Sconces & Bath Lights,classified,rule_keyword,0.9,{},none,none,0.0,invalid
45573BK,45573BK Kichler Wall Light,,,,Kichler Lighting (KICLI),45573BK,,,,,partial,0.35,Kichler Lighting,KICLI,matched,normalized,0.95,,,unmatched,none,0.0,LGT_FIX_WALL,Wall Sconces & Bath Lights,LGT_FIX,Light Fixtures,3.0,Light Fixtures > Wall Sconces & Bath Lights,classified,rule_keyword,0.92,{},none,none,0.0,invalid
37418A,37418A Kichler Bath Light,,,,Kichler Lighting (KICLI),37418A,,,,,partial,0.35,Kichler Lighting,KICLI,matched,normalized,0.95,,,unmatched,none,0.0,LGT_FIX_WALL,Wall Sconces & Bath Lights,LGT_FIX,Light Fixtures,3.0,Light Fixtures > Wall Sconces & Bath Lights,classified,rule_keyword,0.9,{},none,none,0.0,invalid
37423A,37423A Kichler Bath Light,,,,Kichler Lighting (KICLI),37423A,,,,,partial,0.35,Kichler Lighting,KICLI,matched,normalized,0.95,,,unmatched,none,0.0,LGT_FIX_WALL,Wall Sconces & Bath Lights,LGT_FIX,Light Fixtures,3.0,Light Fixtures > Wall Sconces & Bath Lights,classified,rule_keyword,0.9,{},none,none,0.0,invalid
45496BKCLR,45496BKCLR Kichler Bath Light,,,,Kichler Lighting (KICLI),45496BKCLR,,,,,partial,0.35,Kichler Lighting,KICLI,matched,normalized,0.95,,,unmatched,none,0.0,LGT_FIX_WALL,Wall Sconces & Bath Lights,LGT_FIX,Light Fixtures,3.0,Light Fixtures > Wall Sconces & Bath Lights,classified,rule_keyword,0.9,{},none,none,0.0,invalid
45973BK,45973BK Kichler Wall Light,,,,Kichler Lighting (KICLI),45973BK,,,,,partial,0.35,Kichler Lighting,KICLI,matched,normalized,0.95,,,unmatched,none,0.0,LGT_FIX_WALL,Wall Sconces & Bath Lights,LGT_FIX,Light Fixtures,3.0,Light Fixtures > Wall Sconces & Bath Lights,classified,rule_keyword,0.92,{},none,none,0.0,invalid
55155BK,55155BK Kichler Wall Lt,,,,Kichler Lighting (KICLI),55155BK,,,,,partial,0.35,Kichler Lighting,KICLI,matched,normalized,0.95,,,unmatched,none,0.0,LGT_FIX_WALL,Wall Sconces & Bath Lights,LGT_FIX,Light Fixtures,3.0,Light Fixtures > Wall Sconces & Bath Lights,classified,rule_keyword,0.9,{},none,none,0.0,invalid
55157CPZ,55157CPZ Kichler Wall Light,,,,Kichler Lighting (KICLI),55157CPZ,,,,,partial,0.35,Kichler Lighting,KICLI,matched,normalized,0.95,,,unmatched,none,0.0,LGT_FIX_WALL,Wall Sconces & Bath Lights,LGT_FIX,Light Fixtures,3.0,Light Fixtures > Wall Sconces & Bath Lights,classified,rule_keyword,0.92,{},none,none,0.0,invalid
55184BK,55184BK Kichler Wall Lt,,,,Kichler Lighting (KICLI),55184BK,,,,,partial,0.35,Kichler Lighting,KICLI,matched,normalized,0.95,,,unmatched,none,0.0,LGT_FIX_WALL,Wall Sconces & Bath Lights,LGT_FIX,Light Fixtures,3.0,Light Fixtures > Wall Sconces & Bath Lights,classified,rule_keyword,0.9,{},none,none,0.0,invalid
55185BK,55185BK Kichler Wall Lt,,,,Kichler Lighting (KICLI),55185BK,,,,,partial,0.35,Kichler Lighting,KICLI,matched,normalized,0.95,,,unmatched,none,0.0,LGT_FIX_WALL,Wall Sconces & Bath Lights,LGT_FIX,Light Fixtures,3.0,Light Fixtures > Wall Sconces & Bath Lights,classified,rule_keyword,0.9,{},none,none,0.0,invalid
55186CH,55186CH Kichler Wall Lt,,,,Kichler Lighting (KICLI),55186CH,,,,,partial,0.35,Kichler Lighting,KICLI,matched,normalized,0.95,,,unmatched,none,0.0,LGT_FIX_WALL,Wall Sconces & Bath Lights,LGT_FIX,Light Fixtures,3.0,Light Fixtures > Wall Sconces & Bath Lights,classified,rule_keyword,0.9,{},none,none,0.0,invalid
55210NI,55210NI Kichler Wall Light,,,,Kichler Lighting (KICLI),55210NI,,,,,partial,0.35,Kichler Lighting,KICLI,matched,normalized,0.95,,,unmatched,none,0.0,LGT_FIX_WALL,Wall Sconces & Bath Lights,LGT_FIX,Light Fixtures,3.0,Light Fixtures > Wall Sconces & Bath Lights,classified,rule_keyword,0.92,{},none,none,0.0,invalid
55211BK,55211BK Kichler Wall Light,,,,Kichler Lighting (KICLI),55211BK,,,,,partial,0.35,Kichler Lighting,KICLI,matched,normalized,0.95,,,unmatched,none,0.0,LGT_FIX_WALL,Wall Sconces & Bath Lights,LGT_FIX,Light Fixtures,3.0,Light Fixtures > Wall Sconces & Bath Lights,classified,rule_keyword,0.92,{},none,none,0.0,invalid
55211NI,55211NI Kichler Wall Light,,,,Kichler Lighting (KICLI),55211NI,,,,,partial,0.35,Kichler Lighting,KICLI,matched,normalized,0.95,,,unmatched,none,0.0,LGT_FIX_WALL,Wall Sconces & Bath Lights,LGT_FIX,Light Fixtures,3.0,Light Fixtures > Wall Sconces & Bath Lights,classified,rule_keyword,0.92,{},none,none,0.0,invalid
55212NI,55212NI Kichler Wall Light,,,,Kichler Lighting (KICLI),55212NI,,,,,partial,0.35,Kichler Lighting,KICLI,matched,normalized,0.95,,,unmatched,none,0.0,LGT_FIX_WALL,Wall Sconces & Bath Lights,LGT_FIX,Light Fixtures,3.0,Light Fixtures > Wall Sconces & Bath Lights,classified,rule_keyword,0.92,{},none,none,0.0,invalid
55226BKLFU,55226BKFLU Kichler Wall Lt,,,,Kichler Lighting (KICLI),55226BKFLU,,,,,partial,0.35,Kichler Lighting,KICLI,matched,normalized,0.95,,,unmatched,none,0.0,LGT_FIX_WALL,Wall Sconces & Bath Lights,LGT_FIX,Light Fixtures,3.0,Light Fixtures > Wall Sconces & Bath Lights,classified,rule_keyword,0.9,{},none,none,0.0,invalid
55239CPZLED,55239CPZLED Kichler Wall Lt,,,,Kichler Lighting (KICLI),55239CPZLED,,,,,partial,0.35,Kichler Lighting,KICLI,matched,normalized,0.95,,,unmatched,none,0.0,LGT_FIX_WALL,Wall Sconces & Bath Lights,LGT_FIX,Light Fixtures,3.0,Light Fixtures > Wall Sconces & Bath Lights,classified,rule_keyword,0.9,{},none,none,0.0,invalid
44072DBK,44072DBK Kichler Chandelier Lt,,,,Kichler Lighting (KICLI),44072DBK,,,,,partial,0.35,Kichler Lighting,KICLI,matched,normalized,0.95,,,unmatched,none,0.0,LGT,Lighting & Electrical Supplies,,,1.0,Lighting & Electrical Supplies,classified,candidate_match,0.88,{},none,none,0.0,invalid
44073NI,44073NI Kichler Chandelier Lt,,,,Kichler Lighting (KICLI),44073NI,,,,,partial,0.35,Kichler Lighting,KICLI,matched,normalized,0.95,,,unmatched,none,0.0,LGT,Lighting & Electrical Supplies,,,1.0,Lighting & Electrical Supplies,classified,candidate_match,0.88,{},none,none,0.0,invalid
52033BK,52033BK Kichler Chandelier Lt,,,,Kichler Lighting (KICLI),52033BK,,,,,partial,0.35,Kichler Lighting,KICLI,matched,normalized,0.95,,,unmatched,none,0.0,LGT,Lighting & Electrical Supplies,,,1.0,Lighting & Electrical Supplies,classified,candidate_match,0.88,{},none,none,0.0,invalid
84322WH,84322WH Kichler Chandelier Lt,,,,Kichler Lighting (KICLI),84322WH,,,,,partial,0.35,Kichler Lighting,KICLI,matched,normalized,0.95,,,unmatched,none,0.0,LGT,Lighting & Electrical Supplies,,,1.0,Lighting & Electrical Supplies,classified,candidate_match,0.88,{},none,none,0.0,invalid
52404BK,52404BK Kichler Chandelier Lt,,,,Kichler Lighting (KICLI),52404BK,,,,,partial,0.35,Kichler Lighting,KICLI,matched,normalized,0.95,,,unmatched,none,0.0,LGT,Lighting & Electrical Supplies,,,1.0,Lighting & Electrical Supplies,classified,candidate_match,0.88,{},none,none,0.0,invalid
34686A,34686A Kichler Chandelier Lt,,,,Kichler Lighting (KICLI),34686A,,,,,partial,0.35,Kichler Lighting,KICLI,matched,normalized,0.95,,,unmatched,none,0.0,LGT,Lighting & Electrical Supplies,,,1.0,Lighting & Electrical Supplies,classified,candidate_match,0.88,{},none,none,0.0,invalid
34687A,34687A Kichler Chandelier Lt,,,,Kichler Lighting (KICLI),34687A,,,,,partial,0.35,Kichler Lighting,KICLI,matched,normalized,0.95,,,unmatched,none,0.0,LGT,Lighting & Electrical Supplies,,,1.0,Lighting & Electrical Supplies,classified,candidate_match,0.88,{},none,none,0.0,invalid
34688A,34688A Kichler Chandelier Lt,,,,-,34688A,,,,,partial,0.35,,,unmatched,none,0.0,,,unmatched,none,0.0,LGT_FIX_CEIL,Chandeliers & Pendant Lights,LGT_FIX,Light Fixtures,3.0,Light Fixtures > Chandeliers & Pendant Lights,classified,candidate_match,0.88,{},none,none,0.0,invalid
43671BKCLR,43671BKCLR Kichler Chand Lt,,,,Kichler Lighting (KICLI),43671BKCLR,,,,,partial,0.35,Kichler Lighting,KICLI,matched,normalized,0.95,,,unmatched,none,0.0,LGT,Lighting & Electrical Supplies,,,1.0,Lighting & Electrical Supplies,classified,candidate_match,0.88,{},none,none,0.0,invalid
52616BK,52616BK Kichler Chandelier Lt,,,,Kichler Lighting (KICLI),52616BK,,,,,partial,0.35,Kichler Lighting,KICLI,matched,normalized,0.95,,,unmatched,none,0.0,LGT,Lighting & Electrical Supplies,,,1.0,Lighting & Electrical Supplies,classified,candidate_match,0.88,{},none,none,0.0,invalid
52616NI,52616NI Kichler Chandelier Lt,,,,Kichler Lighting (KICLI),52616NI,,,,,partial,0.35,Kichler Lighting,KICLI,matched,normalized,0.95,,,unmatched,none,0.0,LGT,Lighting & Electrical Supplies,,,1.0,Lighting & Electrical Supplies,classified,candidate_match,0.88,{},none,none,0.0,invalid
52678BK,52678BK Kichler Chandelier Lt,,,,Kichler Lighting (KICLI),52678BK,,,,,partial,0.35,Kichler Lighting,KICLI,matched,normalized,0.95,,,unmatched,none,0.0,LGT,Lighting & Electrical Supplies,,,1.0,Lighting & Electrical Supplies,classified,candidate_match,0.88,{},none,none,0.0,invalid
52680CPZ,52680CPZ Kichler Chandelier Lt,,,,Kichler Lighting (KICLI),52680CPZ,,,,,partial,0.35,Kichler Lighting,KICLI,matched,normalized,0.95,,,unmatched,none,0.0,LGT,Lighting & Electrical Supplies,,,1.0,Lighting & Electrical Supplies,classified,candidate_match,0.88,{},none,none,0.0,invalid
52772BK,52772BK Kichler Chandelier Lt,,,,Kichler Lighting (KICLI),52772BK,,,,,partial,0.35,Kichler Lighting,KICLI,matched,normalized,0.95,,,unmatched,none,0.0,LGT,Lighting & Electrical Supplies,,,1.0,Lighting & Electrical Supplies,classified,candidate_match,0.88,{},none,none,0.0,invalid
82399,82399 Kichler Chandelier Lt,,,,Kichler Lighting (KICLI),82399,,,,,partial,0.35,Kichler Lighting,KICLI,matched,normalized,0.95,,,unmatched,none,0.0,LGT,Lighting & Electrical Supplies,,,1.0,Lighting & Electrical Supplies,classified,candidate_match,0.88,{},none,none,0.0,invalid
65-771R3,65-771R3 Nuvo Highbay Light,,,,Satco Prod Inc (5573),65-771R3,,,,,partial,0.35,Satco Prod Inc,5573,matched,normalized,0.95,Satco,BRD_SATCO,matched,normalized,0.9,LGT_BULB,Light Bulbs,LGT,Lighting & Electrical Supplies,2.0,Lighting & Electrical Supplies > Light Bulbs,classified,candidate_match,0.88,{},none,none,0.0,invalid
42955BK,42955BK Kichler Ceiling Lt,,,,Kichler Lighting (KICLI),42955BK,,,,,partial,0.35,Kichler Lighting,KICLI,matched,normalized,0.95,,,unmatched,none,0.0,LGT_FIX_CEIL,Chandeliers & Pendant Lights,LGT_FIX,Light Fixtures,3.0,Light Fixtures > Chandeliers & Pendant Lights,classified,rule_keyword,0.9,{},none,none,0.0,invalid
42275BK,42275BK Kichler Ceiling Lt,,,,Kichler Lighting (KICLI),42275BK,,,,,partial,0.35,Kichler Lighting,KICLI,matched,normalized,0.95,,,unmatched,none,0.0,LGT_FIX_CEIL,Chandeliers & Pendant Lights,LGT_FIX,Light Fixtures,3.0,Light Fixtures > Chandeliers & Pendant Lights,classified,rule_keyword,0.9,{},none,none,0.0,invalid
62-1850,"62-1850 11"" Led Ceiling Light",,,,Satco Prod Inc (5573),62-1850,,,11 in,,partial,0.45,Satco Prod Inc,5573,matched,normalized,0.95,Satco,BRD_SATCO,matched,normalized,0.9,LGT_FIX_CEIL,Chandeliers & Pendant Lights,LGT_FIX,Light Fixtures,3.0,Light Fixtures > Chandeliers & Pendant Lights,classified,rule_keyword,0.92,{},none,none,0.0,invalid
62-1852,"62-1852 14"" Satco Led Ceiling Lt",,,,Satco Prod Inc (5573),62-1852,,,14 in,,partial,0.45,Satco Prod Inc,5573,matched,normalized,0.95,Satco,BRD_SATCO,matched,normalized,0.9,LGT_FIX_CEIL,Chandeliers & Pendant Lights,LGT_FIX,Light Fixtures,3.0,Light Fixtures > Chandeliers & Pendant Lights,classified,rule_keyword,0.9,{},none,none,0.0,invalid
62-1875,"62-1875 10"" Led Ceiling Lt Bn",,,,Satco Prod Inc (5573),62-1875,,,10 in,,partial,0.45,Satco Prod Inc,5573,matched,normalized,0.95,Satco,BRD_SATCO,matched,normalized,0.9,LGT_FIX_CEIL,Chandeliers & Pendant Lights,LGT_FIX,Light Fixtures,3.0,Light Fixtures > Chandeliers & Pendant Lights,classified,rule_keyword,0.9,{},none,none,0.0,invalid
62-1876,"62-1876 13"" Satco Ceiling Light BN",,,,Satco Prod Inc (5573),62-1876,,,13 in,,partial,0.45,Satco Prod Inc,5573,matched,normalized,0.95,Satco,BRD_SATCO,matched,normalized,0.9,LGT_FIX_CEIL,Chandeliers & Pendant Lights,LGT_FIX,Light Fixtures,3.0,Light Fixtures > Chandeliers & Pendant Lights,classified,rule_keyword,0.92,{},none,none,0.0,invalid
42296BK,42296BK Kichler Ceiling Lt,,,,Kichler Lighting (KICLI),42296BK,,,,,partial,0.35,Kichler Lighting,KICLI,matched,normalized,0.95,,,unmatched,none,0.0,LGT_FIX_CEIL,Chandeliers & Pendant Lights,LGT_FIX,Light Fixtures,3.0,Light Fixtures > Chandeliers & Pendant Lights,classified,rule_keyword,0.9,{},none,none,0.0,invalid
43913BK,43913BK Kichler Pendant Lt,,,,Kichler Lighting (KICLI),43913BK,,,,,partial,0.35,Kichler Lighting,KICLI,matched,normalized,0.95,,,unmatched,none,0.0,LGT_FIX_CEIL,Chandeliers & Pendant Lights,LGT_FIX,Light Fixtures,3.0,Light Fixtures > Chandeliers & Pendant Lights,classified,rule_keyword,0.94,{},none,none,0.0,invalid
HLSMS9129FS1E,"HLSMS9129FS1E 9"" Motion Lt",,,,Cooper Lighting (7638),HLSMS9129FS1E,,,9 in,,partial,0.45,Cooper Lighting,7638,matched,normalized,0.95,,,unmatched,none,0.0,LGT,Lighting & Electrical Supplies,,,1.0,Lighting & Electrical Supplies,classified,candidate_match,0.88,{},none,none,0.0,invalid
64-110,64-110 Satco Tape Light 16',,,,Satco Prod Inc (5573),64-110,,Tape,,,success,0.6,Satco Prod Inc,5573,matched,normalized,0.95,Satco,BRD_SATCO,matched,normalized,0.9,LGT_ELEC_WIRE,Electrical Wire & Cable,LGT_ELEC,Electrical Boxes & Wiring,3.0,Electrical Boxes & Wiring > Electrical Wire & Cable,classified,rule_exact,1.0,{},none,none,0.0,invalid
603571,603571 3' Strip Light Ext,,,Wiz,Phillips Lighting (5831),603571,,,,,partial,0.35,Phillips Lighting,5831,matched,normalized,0.95,,,unmatched,none,0.0,LGT,Lighting & Electrical Supplies,,,1.0,Lighting & Electrical Supplies,classified,candidate_match,0.88,{},none,none,0.0,invalid
65-572R1,65572 Satco 2x4 Led Flat Panel,,,,Satco Prod Inc (5573),65572,,,,,partial,0.35,Satco Prod Inc,5573,matched,normalized,0.95,Satco,BRD_SATCO,matched,normalized,0.9,,,,,,,unmatched,unmatched,0.0,{},none,none,0.0,invalid
52476AVI,52476AVI Kichler Pendant Lt,,,,Kichler Lighting (KICLI),52476AVI,,,,,partial,0.35,Kichler Lighting,KICLI,matched,normalized,0.95,,,unmatched,none,0.0,LGT_FIX_CEIL,Chandeliers & Pendant Lights,LGT_FIX,Light Fixtures,3.0,Light Fixtures > Chandeliers & Pendant Lights,classified,rule_keyword,0.94,{},none,none,0.0,invalid
42199BK,42199BK Kichler Pendant Lt,,,,Kichler Lighting (KICLI),42199BK,,,,,partial,0.35,Kichler Lighting,KICLI,matched,normalized,0.95,,,unmatched,none,0.0,LGT_FIX_CEIL,Chandeliers & Pendant Lights,LGT_FIX,Light Fixtures,3.0,Light Fixtures > Chandeliers & Pendant Lights,classified,rule_keyword,0.94,{},none,none,0.0,invalid
42199BKCS,42199BKCS Kichler Pendant Lt,,,,Kichler Lighting (KICLI),42199BKCS,,,,,partial,0.35,Kichler Lighting,KICLI,matched,normalized,0.95,,,unmatched,none,0.0,LGT_FIX_CEIL,Chandeliers & Pendant Lights,LGT_FIX,Light Fixtures,3.0,Light Fixtures > Chandeliers & Pendant Lights,classified,rule_keyword,0.94,{},none,none,0.0,invalid
42200BK,42200BK Kichler Pendant Lt,,,,Kichler Lighting (KICLI),42200BK,,,,,partial,0.35,Kichler Lighting,KICLI,matched,normalized,0.95,,,unmatched,none,0.0,LGT_FIX_CEIL,Chandeliers & Pendant Lights,LGT_FIX,Light Fixtures,3.0,Light Fixtures > Chandeliers & Pendant Lights,classified,rule_keyword,0.94,{},none,none,0.0,invalid
42200BKCS,42200BKCS Kichler Pendant Lt,,,,Kichler Lighting (KICLI),42200BKCS,,,,,partial,0.35,Kichler Lighting,KICLI,matched,normalized,0.95,,,unmatched,none,0.0,LGT_FIX_CEIL,Chandeliers & Pendant Lights,LGT_FIX,Light Fixtures,3.0,Light Fixtures > Chandeliers & Pendant Lights,classified,rule_keyword,0.94,{},none,none,0.0,invalid
43851BK,43851BK Kichler Pendant Lt,,,,Kichler Lighting (KICLI),43851BK,,,,,partial,0.35,Kichler Lighting,KICLI,matched,normalized,0.95,,,unmatched,none,0.0,LGT_FIX_CEIL,Chandeliers & Pendant Lights,LGT_FIX,Light Fixtures,3.0,Light Fixtures > Chandeliers & Pendant Lights,classified,rule_keyword,0.94,{},none,none,0.0,invalid
43852BK,43852BK Kichler Pendant Lt,,,,Kichler Lighting (KICLI),43852BK,,,,,partial,0.35,Kichler Lighting,KICLI,matched,normalized,0.95,,,unmatched,none,0.0,LGT_FIX_CEIL,Chandeliers & Pendant Lights,LGT_FIX,Light Fixtures,3.0,Light Fixtures > Chandeliers & Pendant Lights,classified,rule_keyword,0.94,{},none,none,0.0,invalid
43853BK,43853BK Kichler Pendant Lt,,,,Kichler Lighting (KICLI),43853BK,,,,,partial,0.35,Kichler Lighting,KICLI,matched,normalized,0.95,,,unmatched,none,0.0,LGT_FIX_CEIL,Chandeliers & Pendant Lights,LGT_FIX,Light Fixtures,3.0,Light Fixtures > Chandeliers & Pendant Lights,classified,rule_keyword,0.94,{},none,none,0.0,invalid
43905BK,43905BK Kichler Pendant Lt,,,,Kichler Lighting (KICLI),43905BK,,,,,partial,0.35,Kichler Lighting,KICLI,matched,normalized,0.95,,,unmatched,none,0.0,LGT_FIX_CEIL,Chandeliers & Pendant Lights,LGT_FIX,Light Fixtures,3.0,Light Fixtures > Chandeliers & Pendant Lights,classified,rule_keyword,0.94,{},none,none,0.0,invalid
43911BK,43911BK Kichler Pendant Lt,,,,Kichler Lighting (KICLI),43911BK,,,,,partial,0.35,Kichler Lighting,KICLI,matched,normalized,0.95,,,unmatched,none,0.0,LGT_FIX_CEIL,Chandeliers & Pendant Lights,LGT_FIX,Light Fixtures,3.0,Light Fixtures > Chandeliers & Pendant Lights,classified,rule_keyword,0.94,{},none,none,0.0,invalid
52529BK,52529BK Kichler Pendant Light,,,,Kichler Lighting (KICLI),52529BK,,,,,partial,0.35,Kichler Lighting,KICLI,matched,normalized,0.95,,,unmatched,none,0.0,LGT_FIX_CEIL,Chandeliers & Pendant Lights,LGT_FIX,Light Fixtures,3.0,Light Fixtures > Chandeliers & Pendant Lights,classified,rule_keyword,0.91,{},none,none,0.0,invalid
52662BKCLR,52662BKCLR Kichler Pendant Lt,,,,Kichler Lighting (KICLI),52662BKCLR,,,,,partial,0.35,Kichler Lighting,KICLI,matched,normalized,0.95,,,unmatched,none,0.0,LGT_FIX_CEIL,Chandeliers & Pendant Lights,LGT_FIX,Light Fixtures,3.0,Light Fixtures > Chandeliers & Pendant Lights,classified,rule_keyword,0.94,{},none,none,0.0,invalid
52734CPZ,52734CPZ Kichler Pendant Light,,,,Kichler Lighting (KICLI),52734CPZ,,,,,partial,0.35,Kichler Lighting,KICLI,matched,normalized,0.95,,,unmatched,none,0.0,LGT_FIX_CEIL,Chandeliers & Pendant Lights,LGT_FIX,Light Fixtures,3.0,Light Fixtures > Chandeliers & Pendant Lights,classified,rule_keyword,0.91,{},none,none,0.0,invalid
82400,82400 Kichler Pendant Lt,,,,Kichler Lighting (KICLI),82400,,,,,partial,0.35,Kichler Lighting,KICLI,matched,normalized,0.95,,,unmatched,none,0.0,LGT_FIX_CEIL,Chandeliers & Pendant Lights,LGT_FIX,Light Fixtures,3.0,Light Fixtures > Chandeliers & Pendant Lights,classified,rule_keyword,0.94,{},none,none,0.0,invalid
S11606,"S11606 8"" Round Down Lt 30K",,,,Satco Prod Inc (5573),S11606,,,8 in,,partial,0.45,Satco Prod Inc,5573,matched,normalized,0.95,Satco,BRD_SATCO,matched,normalized,0.9,,,,,,,unmatched,unmatched,0.0,{},none,none,0.0,invalid
S11828,"S11828 8"" Led Down Light",,,,Satco Prod Inc (5573),S11828,,,8 in,,partial,0.45,Satco Prod Inc,5573,matched,normalized,0.95,Satco,BRD_SATCO,matched,normalized,0.9,LGT_FIX_CEIL,Chandeliers & Pendant Lights,LGT_FIX,Light Fixtures,3.0,Light Fixtures > Chandeliers & Pendant Lights,classified,rule_keyword,0.9,{},none,none,0.0,invalid
801274,"801274 10w LED 6"" Retro 50k",,,Philips,Phillips Lighting (5831),801274,,,6 in,,partial,0.45,Phillips Lighting,5831,matched,normalized,0.95,,,unmatched,none,0.0,LGT,Lighting & Electrical Supplies,,,1.0,Lighting & Electrical Supplies,classified,candidate_match,0.88,"{""wattage"": {""value"": ""10W"", ""confidence"": 0.99, ""evidence"": ""10w"", ""method"": ""rule""}, ""color_temperature"": {""value"": ""5000K"", ""confidence"": 0.98, ""evidence"": ""50k"", ""method"": ""rule""}}",complete,rule,0.985,valid
S11860,"S11860 6"" Downlight White 5 CCT",,,,Satco Prod Inc (5573),S11860,,,6 in,,partial,0.45,Satco Prod Inc,5573,matched,normalized,0.95,Satco,BRD_SATCO,matched,normalized,0.9,LGT,Lighting & Electrical Supplies,,,1.0,Lighting & Electrical Supplies,classified,rule_keyword,0.89,{},none,none,0.0,invalid
S11562,"S11562 Starfish 6"" D/W Downlight",,,,Satco Prod Inc (5573),S11562,,,6 in,,partial,0.45,Satco Prod Inc,5573,matched,normalized,0.95,Satco,BRD_SATCO,matched,normalized,0.9,LGT,Lighting & Electrical Supplies,,,1.0,Lighting & Electrical Supplies,classified,rule_keyword,0.89,{},none,none,0.0,invalid
S11646,"S11646 6"" Downlight Wh",,,,Satco Prod Inc (5573),S11646,,,6 in,,partial,0.45,Satco Prod Inc,5573,matched,normalized,0.95,Satco,BRD_SATCO,matched,normalized,0.9,LGT,Lighting & Electrical Supplies,,,1.0,Lighting & Electrical Supplies,classified,rule_keyword,0.89,{},none,none,0.0,invalid
S11801R1,"S11801R1 6"" Led Downlight Wh",,,,Satco Prod Inc (5573),S11801R1,,,6 in,,partial,0.45,Satco Prod Inc,5573,matched,normalized,0.95,Satco,BRD_SATCO,matched,normalized,0.9,LGT,Lighting & Electrical Supplies,,,1.0,Lighting & Electrical Supplies,classified,rule_keyword,0.91,{},none,none,0.0,invalid
S11848,"S11848 10"" Down Light Wh",,,,Satco Prod Inc (5573),S11848,,,10 in,,partial,0.45,Satco Prod Inc,5573,matched,normalized,0.95,Satco,BRD_SATCO,matched,normalized,0.9,LGT_FIX_CEIL,Chandeliers & Pendant Lights,LGT_FIX,Light Fixtures,3.0,Light Fixtures > Chandeliers & Pendant Lights,classified,rule_keyword,0.9,{},none,none,0.0,invalid
S11849,"S11849 12"" Down Light Wh",,,,Satco Prod Inc (5573),S11849,,,12 in,,partial,0.45,Satco Prod Inc,5573,matched,normalized,0.95,Satco,BRD_SATCO,matched,normalized,0.9,LGT_FIX_CEIL,Chandeliers & Pendant Lights,LGT_FIX,Light Fixtures,3.0,Light Fixtures > Chandeliers & Pendant Lights,classified,rule_keyword,0.9,{},none,none,0.0,invalid
HLBSL609FS5,"HLBSL609FS5 6"" Down Light",,,,Cooper Lighting (7638),HLBSL609FS5,,,6 in,,partial,0.45,Cooper Lighting,7638,matched,normalized,0.95,,,unmatched,none,0.0,LGT_FIX_CEIL,Chandeliers & Pendant Lights,LGT_FIX,Light Fixtures,3.0,Light Fixtures > Chandeliers & Pendant Lights,classified,rule_keyword,0.9,{},none,none,0.0,invalid
WF4REGSWW590CRIMW,"WF4REGSWW590CRIMW 4"" Down Light",,,,Lithonia Lighting (2776),WF4REGSWW590CRIMW,,,4 in,,partial,0.45,Lithonia Lighting,2776,matched,normalized,0.95,,,unmatched,none,0.0,LGT_FIX_CEIL,Chandeliers & Pendant Lights,LGT_FIX,Light Fixtures,3.0,Light Fixtures > Chandeliers & Pendant Lights,classified,rule_keyword,0.9,{},none,none,0.0,invalid
43849WH5CCT,43849WH5CCT Kichler Ceiling Lt,,,,Kichler Lighting (KICLI),43849WH5CCT,,,,,partial,0.35,Kichler Lighting,KICLI,matched,normalized,0.95,,,unmatched,none,0.0,LGT_FIX_CEIL,Chandeliers & Pendant Lights,LGT_FIX,Light Fixtures,3.0,Light Fixtures > Chandeliers & Pendant Lights,classified,rule_keyword,0.9,{},none,none,0.0,invalid
62-1777,"62-1777 15"" Ceiling Lt Wh",,,,Satco Prod Inc (5573),62-1777,,,15 in,,partial,0.45,Satco Prod Inc,5573,matched,normalized,0.95,Satco,BRD_SATCO,matched,normalized,0.9,LGT_FIX_CEIL,Chandeliers & Pendant Lights,LGT_FIX,Light Fixtures,3.0,Light Fixtures > Chandeliers & Pendant Lights,classified,rule_keyword,0.9,{},none,none,0.0,invalid
62-1778,"62-1778 19"" Ceiling Lt Wh",,,,Satco Prod Inc (5573),62-1778,,,19 in,,partial,0.45,Satco Prod Inc,5573,matched,normalized,0.95,Satco,BRD_SATCO,matched,normalized,0.9,LGT_FIX_CEIL,Chandeliers & Pendant Lights,LGT_FIX,Light Fixtures,3.0,Light Fixtures > Chandeliers & Pendant Lights,classified,rule_keyword,0.9,{},none,none,0.0,invalid
62-1784,62-1784 24x24 Led Ceiling Lt,,,,Satco Prod Inc (5573),62-1784,,,,,partial,0.35,Satco Prod Inc,5573,matched,normalized,0.95,Satco,BRD_SATCO,matched,normalized,0.9,LGT_FIX_CEIL,Chandeliers & Pendant Lights,LGT_FIX,Light Fixtures,3.0,Light Fixtures > Chandeliers & Pendant Lights,classified,rule_keyword,0.9,{},none,none,0.0,invalid
62-1787,"62-1787 15"" Ceiling Lt Bk",,,,Satco Prod Inc (5573),62-1787,,,15 in,,partial,0.45,Satco Prod Inc,5573,matched,normalized,0.95,Satco,BRD_SATCO,matched,normalized,0.9,LGT_FIX_CEIL,Chandeliers & Pendant Lights,LGT_FIX,Light Fixtures,3.0,Light Fixtures > Chandeliers & Pendant Lights,classified,rule_keyword,0.9,{},none,none,0.0,invalid
62-1788,"62-1788 19"" Ceiling Lt Bk",,,,Satco Prod Inc (5573),62-1788,,,19 in,,partial,0.45,Satco Prod Inc,5573,matched,normalized,0.95,Satco,BRD_SATCO,matched,normalized,0.9,LGT_FIX_CEIL,Chandeliers & Pendant Lights,LGT_FIX,Light Fixtures,3.0,Light Fixtures > Chandeliers & Pendant Lights,classified,rule_keyword,0.9,{},none,none,0.0,invalid
SHOP/4X2/840/V1,4' Feit Shop Light 4500L 40k,,,Feit Electric,Feit Electric (3468),,,,,,failed,0.0,Feit Electric,3468,matched,normalized,0.95,Feit Electric,BRD_FEITELECTRIC,matched,normalized,0.9,LGT_BULB,Light Bulbs,LGT,Lighting & Electrical Supplies,2.0,Lighting & Electrical Supplies > Light Bulbs,classified,candidate_match,0.88,"{""color_temperature"": {""value"": ""40K"", ""confidence"": 0.98, ""evidence"": ""40k"", ""method"": ""rule""}}",partial,rule,0.98,partial
45495BKCLR,45495BKCLR Kichler Wall Lt,,,,Kichler Lighting (KICLI),45495BKCLR,,,,,partial,0.35,Kichler Lighting,KICLI,matched,normalized,0.95,,,unmatched,none,0.0,LGT_FIX_WALL,Wall Sconces & Bath Lights,LGT_FIX,Light Fixtures,3.0,Light Fixtures > Wall Sconces & Bath Lights,classified,rule_keyword,0.9,{},none,none,0.0,invalid
55209NI,55209NI Kichler Wall Sconce,,,,Kichler Lighting (KICLI),55209NI,,,,,partial,0.35,Kichler Lighting,KICLI,matched,normalized,0.95,,,unmatched,none,0.0,LGT_FIX_WALL,Wall Sconces & Bath Lights,LGT_FIX,Light Fixtures,3.0,Light Fixtures > Wall Sconces & Bath Lights,classified,rule_keyword,0.9,{},none,none,0.0,invalid
65-1210,65-1210 2' LED Wrap Lt,,,,Satco Prod Inc (5573),65-1210,,,,,partial,0.35,Satco Prod Inc,5573,matched,normalized,0.95,Satco,BRD_SATCO,matched,normalized,0.9,,,,,,,unmatched,unmatched,0.0,{},none,none,0.0,invalid
65-1211,65-1211 4' Led Wrap Light,,,,Satco Prod Inc (5573),65-1211,,,,,partial,0.35,Satco Prod Inc,5573,matched,normalized,0.95,Satco,BRD_SATCO,matched,normalized,0.9,LGT,Lighting & Electrical Supplies,,,1.0,Lighting & Electrical Supplies,classified,rule_keyword,0.89,{},none,none,0.0,invalid
141465,"141465 15W Flor 18"" T12 27k",,,Philips,Phillips Lighting (5831),141465,,,18 in,,partial,0.45,Phillips Lighting,5831,matched,normalized,0.95,,,unmatched,none,0.0,LGT,Lighting & Electrical Supplies,,,1.0,Lighting & Electrical Supplies,classified,candidate_match,0.88,"{""wattage"": {""value"": ""15W"", ""confidence"": 0.99, ""evidence"": ""15W"", ""method"": ""rule""}, ""color_temperature"": {""value"": ""2700K"", ""confidence"": 0.98, ""evidence"": ""27k"", ""method"": ""rule""}}",complete,rule,0.985,valid
391227,"391227 32W Led 12"" T9 30K",,,Philips,Phillips Lighting (5831),391227,,,12 in,,partial,0.45,Phillips Lighting,5831,matched,normalized,0.95,,,unmatched,none,0.0,LGT,Lighting & Electrical Supplies,,,1.0,Lighting & Electrical Supplies,classified,candidate_match,0.88,"{""wattage"": {""value"": ""32W"", ""confidence"": 0.99, ""evidence"": ""32W"", ""method"": ""rule""}, ""color_temperature"": {""value"": ""3000K"", ""confidence"": 0.98, ""evidence"": ""30K"", ""method"": ""rule""}}",complete,rule,0.985,valid
392225,"392225 22W Flor 8"" T9 30k",,,Philips,Phillips Lighting (5831),392225,,,8 in,,partial,0.45,Phillips Lighting,5831,matched,normalized,0.95,,,unmatched,none,0.0,LGT,Lighting & Electrical Supplies,,,1.0,Lighting & Electrical Supplies,classified,candidate_match,0.88,"{""wattage"": {""value"": ""22W"", ""confidence"": 0.99, ""evidence"": ""22W"", ""method"": ""rule""}, ""color_temperature"": {""value"": ""3000K"", ""confidence"": 0.98, ""evidence"": ""30k"", ""method"": ""rule""}}",complete,rule,0.985,valid
S3539,S3539 20W Halogen Pin T4,,,Satco,Satco Prod Inc (5573),S3539,,,,,partial,0.35,Satco Prod Inc,5573,matched,normalized,0.95,Satco,BRD_SATCO,matched,normalized,0.9,,,,,,,unmatched,unmatched,0.0,{},none,none,0.0,invalid
S3496,S3496 300W Halogen T3 Bulb,,,Satco,Satco Prod Inc (5573),S3496,,,,,partial,0.35,Satco Prod Inc,5573,matched,normalized,0.95,Satco,BRD_SATCO,matched,normalized,0.9,,,,,,,unmatched,unmatched,0.0,{},none,none,0.0,invalid
467316,467316 150W Sodium Med 21k,,,Philips,Phillips Lighting (5831),467316,,,,,partial,0.35,Phillips Lighting,5831,matched,normalized,0.95,,,unmatched,none,0.0,LGT,Lighting & Electrical Supplies,,,1.0,Lighting & Electrical Supplies,classified,candidate_match,0.88,"{""wattage"": {""value"": ""150W"", ""confidence"": 0.99, ""evidence"": ""150W"", ""method"": ""rule""}}",partial,rule,0.99,partial
S3709,S3709 25W Incan 27K,,,Satco,Satco Prod Inc (5573),S3709,,,,,partial,0.35,Satco Prod Inc,5573,matched,normalized,0.95,Satco,BRD_SATCO,matched,normalized,0.9,,,,,,,unmatched,unmatched,0.0,{},none,none,0.0,invalid
S4720,S4720 25W Incan 27K,,,Satco,Satco Prod Inc (5573),S4720,,,,,partial,0.35,Satco Prod Inc,5573,matched,normalized,0.95,Satco,BRD_SATCO,matched,normalized,0.9,,,,,,,unmatched,unmatched,0.0,{},none,none,0.0,invalid
S3720,S3720 40w Inc A15 Med 26k,,,Satco,Satco Prod Inc (5573),S3720,,,,,partial,0.35,Satco Prod Inc,5573,matched,normalized,0.95,Satco,BRD_SATCO,matched,normalized,0.9,,,,,,,unmatched,unmatched,0.0,{},none,none,0.0,invalid
S3702,S3702 40W Incan Med 27K,,,Satco,Satco Prod Inc (5573),S3702,,,,,partial,0.35,Satco Prod Inc,5573,matched,normalized,0.95,Satco,BRD_SATCO,matched,normalized,0.9,,,,,,,unmatched,unmatched,0.0,{},none,none,0.0,invalid
S3703,S3703 40W Incan Med 27K,,,Satco,Satco Prod Inc (5573),S3703,,,,,partial,0.35,Satco Prod Inc,5573,matched,normalized,0.95,Satco,BRD_SATCO,matched,normalized,0.9,,,,,,,unmatched,unmatched,0.0,{},none,none,0.0,invalid
S3797,S3797 4W Incan Cand 27K 2pk,,,Satco,Satco Prod Inc (5573),S3797,,,,2.0,partial,0.4,Satco Prod Inc,5573,matched,normalized,0.95,Satco,BRD_SATCO,matched,normalized,0.9,LGT_BULB_LED,LED Light Bulbs,LGT_BULB,Light Bulbs,3.0,Light Bulbs > LED Light Bulbs,classified,rule_keyword,0.9,"{""wattage"": {""value"": ""4W"", ""confidence"": 0.99, ""evidence"": ""4W"", ""method"": ""rule""}, ""color_temperature"": {""value"": ""2700K"", ""confidence"": 0.98, ""evidence"": ""27K"", ""method"": ""rule""}, ""pack_quantity"": {""value"": 2, ""confidence"": 1.0, ""evidence"": ""2.0"", ""method"": ""rule""}}",complete,rule,0.99,valid
S4724,S4724 4W Incan Cand 27K 4pk,,,Satco,Satco Prod Inc (5573),S4724,,,,4.0,partial,0.4,Satco Prod Inc,5573,matched,normalized,0.95,Satco,BRD_SATCO,matched,normalized,0.9,LGT_BULB_LED,LED Light Bulbs,LGT_BULB,Light Bulbs,3.0,Light Bulbs > LED Light Bulbs,classified,rule_keyword,0.9,"{""wattage"": {""value"": ""4W"", ""confidence"": 0.99, ""evidence"": ""4W"", ""method"": ""rule""}, ""color_temperature"": {""value"": ""2700K"", ""confidence"": 0.98, ""evidence"": ""27K"", ""method"": ""rule""}, ""pack_quantity"": {""value"": 4, ""confidence"": 1.0, ""evidence"": ""4.0"", ""method"": ""rule""}}",complete,rule,0.99,valid
S4717,S4717 6W Incan Cand 27k 2pk,,,Satco,Satco Prod Inc (5573),S4717,,,,2.0,partial,0.4,Satco Prod Inc,5573,matched,normalized,0.95,Satco,BRD_SATCO,matched,normalized,0.9,LGT_BULB_LED,LED Light Bulbs,LGT_BULB,Light Bulbs,3.0,Light Bulbs > LED Light Bulbs,classified,rule_keyword,0.9,"{""wattage"": {""value"": ""6W"", ""confidence"": 0.99, ""evidence"": ""6W"", ""method"": ""rule""}, ""color_temperature"": {""value"": ""2700K"", ""confidence"": 0.98, ""evidence"": ""27k"", ""method"": ""rule""}, ""pack_quantity"": {""value"": 2, ""confidence"": 1.0, ""evidence"": ""2.0"", ""method"": ""rule""}}",complete,rule,0.99,valid
S3794,S3794 7W Incan Med 27K,,,Satco,Satco Prod Inc (5573),S3794,,,,,partial,0.35,Satco Prod Inc,5573,matched,normalized,0.95,Satco,BRD_SATCO,matched,normalized,0.9,,,,,,,unmatched,unmatched,0.0,{},none,none,0.0,invalid
S3795,S3795 7W Incan Med 27K,,,Satco,Satco Prod Inc (5573),S3795,,,,,partial,0.35,Satco Prod Inc,5573,matched,normalized,0.95,Satco,BRD_SATCO,matched,normalized,0.9,,,,,,,unmatched,unmatched,0.0,{},none,none,0.0,invalid
S4726,S4726 7W Incan Cand 27K 4pk,,,Satco,Satco Prod Inc (5573),S4726,,,,4.0,partial,0.4,Satco Prod Inc,5573,matched,normalized,0.95,Satco,BRD_SATCO,matched,normalized,0.9,LGT_BULB_LED,LED Light Bulbs,LGT_BULB,Light Bulbs,3.0,Light Bulbs > LED Light Bulbs,classified,rule_keyword,0.9,"{""wattage"": {""value"": ""7W"", ""confidence"": 0.99, ""evidence"": ""7W"", ""method"": ""rule""}, ""color_temperature"": {""value"": ""2700K"", ""confidence"": 0.98, ""evidence"": ""27K"", ""method"": ""rule""}, ""pack_quantity"": {""value"": 4, ""confidence"": 1.0, ""evidence"": ""4.0"", ""method"": ""rule""}}",complete,rule,0.99,valid
S11429,S11429 60W Led Bulb 27K,,,Satco,Satco Prod Inc (5573),S11429,,,,,partial,0.35,Satco Prod Inc,5573,matched,normalized,0.95,Satco,BRD_SATCO,matched,normalized,0.9,LGT_BULB_LED,LED Light Bulbs,LGT_BULB,Light Bulbs,3.0,Light Bulbs > LED Light Bulbs,classified,rule_keyword,0.94,"{""wattage"": {""value"": ""60W"", ""confidence"": 0.99, ""evidence"": ""60W"", ""method"": ""rule""}, ""color_temperature"": {""value"": ""2700K"", ""confidence"": 0.98, ""evidence"": ""27K"", ""method"": ""rule""}}",complete,rule,0.985,valid
S21354,S21354 8W Led T9 Med 27k,,,,Satco Prod Inc (5573),S21354,,,,,partial,0.35,Satco Prod Inc,5573,matched,normalized,0.95,Satco,BRD_SATCO,matched,normalized,0.9,,,,,,,unmatched,unmatched,0.0,{},none,none,0.0,invalid
S21363,S21363 8W Led Edison ST19 27K,,,,Satco Prod Inc (5573),S21363,,,,,partial,0.35,Satco Prod Inc,5573,matched,normalized,0.95,Satco,BRD_SATCO,matched,normalized,0.9,,,,,,,unmatched,unmatched,0.0,{},none,none,0.0,invalid
S11445,S11445 12W Led Med 30k Motion,,,,Satco Prod Inc (5573),S11445,,,,,partial,0.35,Satco Prod Inc,5573,matched,normalized,0.95,Satco,BRD_SATCO,matched,normalized,0.9,LGT_BULB_LED,LED Light Bulbs,LGT_BULB,Light Bulbs,3.0,Light Bulbs > LED Light Bulbs,classified,rule_keyword,0.9,"{""wattage"": {""value"": ""12W"", ""confidence"": 0.99, ""evidence"": ""12W"", ""method"": ""rule""}, ""color_temperature"": {""value"": ""3000K"", ""confidence"": 0.98, ""evidence"": ""30k"", ""method"": ""rule""}}",complete,rule,0.985,valid
567313,567313 50W Led MR16 30K 3pk,,,Philips,Phillips Lighting (5831),567313,,,,3.0,partial,0.4,Phillips Lighting,5831,matched,normalized,0.95,,,unmatched,none,0.0,LGT,Lighting & Electrical Supplies,,,1.0,Lighting & Electrical Supplies,classified,candidate_match,0.88,"{""wattage"": {""value"": ""50W"", ""confidence"": 0.99, ""evidence"": ""50W"", ""method"": ""rule""}, ""color_temperature"": {""value"": ""3000K"", ""confidence"": 0.98, ""evidence"": ""30K"", ""method"": ""rule""}, ""pack_quantity"": {""value"": 3, ""confidence"": 1.0, ""evidence"": ""3.0"", ""method"": ""rule""}}",complete,rule,0.99,valid
586875,586875 60W Led Multi CCT 4pk,,,Philips,Phillips Lighting (5831),586875,,,,4.0,partial,0.4,Phillips Lighting,5831,matched,normalized,0.95,,,unmatched,none,0.0,LGT_BULB_LED,LED Light Bulbs,LGT_BULB,Light Bulbs,3.0,Light Bulbs > LED Light Bulbs,classified,rule_keyword,0.9,"{""wattage"": {""value"": ""60W"", ""confidence"": 0.99, ""evidence"": ""60W"", ""method"": ""rule""}, ""pack_quantity"": {""value"": 4, ""confidence"": 1.0, ""evidence"": ""4.0"", ""method"": ""rule""}}",complete,rule,0.995,valid
576355,576355 60/100/150 Led Med 50k,,,Philips,Phillips Lighting (5831),576355,,,,,partial,0.35,Phillips Lighting,5831,matched,normalized,0.95,,,unmatched,none,0.0,LGT_BULB_LED,LED Light Bulbs,LGT_BULB,Light Bulbs,3.0,Light Bulbs > LED Light Bulbs,classified,rule_keyword,0.9,"{""color_temperature"": {""value"": ""5000K"", ""confidence"": 0.98, ""evidence"": ""50k"", ""method"": ""rule""}}",partial,rule,0.98,partial
576363,576363 100/150/200 Led Med 27k,,,Philips,Phillips Lighting (5831),576363,,,,,partial,0.35,Phillips Lighting,5831,matched,normalized,0.95,,,unmatched,none,0.0,LGT_BULB_LED,LED Light Bulbs,LGT_BULB,Light Bulbs,3.0,Light Bulbs > LED Light Bulbs,classified,rule_keyword,0.9,"{""color_temperature"": {""value"": ""2700K"", ""confidence"": 0.98, ""evidence"": ""27k"", ""method"": ""rule""}}",partial,rule,0.98,partial
565374,565374 75W Led A19 Med 27k 4pk,,,Philips,Phillips Lighting (5831),565374,,,,4.0,partial,0.4,Phillips Lighting,5831,matched,normalized,0.95,,,unmatched,none,0.0,LGT_BULB_LED,LED Light Bulbs,LGT_BULB,Light Bulbs,3.0,Light Bulbs > LED Light Bulbs,classified,rule_keyword,0.9,"{""wattage"": {""value"": ""75W"", ""confidence"": 0.99, ""evidence"": ""75W"", ""method"": ""rule""}, ""color_temperature"": {""value"": ""2700K"", ""confidence"": 0.98, ""evidence"": ""27k"", ""method"": ""rule""}, ""pack_quantity"": {""value"": 4, ""confidence"": 1.0, ""evidence"": ""4.0"", ""method"": ""rule""}}",complete,rule,0.99,valid
565390,565390 75W Led A19 Med 50k 4pk,,,Philips,Phillips Lighting (5831),565390,,,,4.0,partial,0.4,Phillips Lighting,5831,matched,normalized,0.95,,,unmatched,none,0.0,LGT_BULB_LED,LED Light Bulbs,LGT_BULB,Light Bulbs,3.0,Light Bulbs > LED Light Bulbs,classified,rule_keyword,0.9,"{""wattage"": {""value"": ""75W"", ""confidence"": 0.99, ""evidence"": ""75W"", ""method"": ""rule""}, ""color_temperature"": {""value"": ""5000K"", ""confidence"": 0.98, ""evidence"": ""50k"", ""method"": ""rule""}, ""pack_quantity"": {""value"": 4, ""confidence"": 1.0, ""evidence"": ""4.0"", ""method"": ""rule""}}",complete,rule,0.99,valid
576371,576371 100/150/200 Led Med 50k,,,Philips,Phillips Lighting (5831),576371,,,,,partial,0.35,Phillips Lighting,5831,matched,normalized,0.95,,,unmatched,none,0.0,LGT_BULB_LED,LED Light Bulbs,LGT_BULB,Light Bulbs,3.0,Light Bulbs > LED Light Bulbs,classified,rule_keyword,0.9,"{""color_temperature"": {""value"": ""5000K"", ""confidence"": 0.98, ""evidence"": ""50k"", ""method"": ""rule""}}",partial,rule,0.98,partial
576496,576496 45W Led R20 Med 27k,,,Philips,Phillips Lighting (5831),576496,,,,,partial,0.35,Phillips Lighting,5831,matched,normalized,0.95,,,unmatched,none,0.0,LGT,Lighting & Electrical Supplies,,,1.0,Lighting & Electrical Supplies,classified,candidate_match,0.88,"{""wattage"": {""value"": ""45W"", ""confidence"": 0.99, ""evidence"": ""45W"", ""method"": ""rule""}, ""color_temperature"": {""value"": ""2700K"", ""confidence"": 0.98, ""evidence"": ""27k"", ""method"": ""rule""}}",complete,rule,0.985,valid
564856,564856 40W Led ST19 27k 2pk,,,Philips,Phillips Lighting (5831),564856,,,,2.0,partial,0.4,Phillips Lighting,5831,matched,normalized,0.95,,,unmatched,none,0.0,LGT_BULB_LED,LED Light Bulbs,LGT_BULB,Light Bulbs,3.0,Light Bulbs > LED Light Bulbs,classified,rule_keyword,0.9,"{""wattage"": {""value"": ""40W"", ""confidence"": 0.99, ""evidence"": ""40W"", ""method"": ""rule""}, ""color_temperature"": {""value"": ""2700K"", ""confidence"": 0.98, ""evidence"": ""27k"", ""method"": ""rule""}, ""pack_quantity"": {""value"": 2, ""confidence"": 1.0, ""evidence"": ""2.0"", ""method"": ""rule""}}",complete,rule,0.99,valid
565796,565796 60W Led A19 Med 20k,,,Philips,Phillips Lighting (5831),565796,,,,,partial,0.35,Phillips Lighting,5831,matched,normalized,0.95,,,unmatched,none,0.0,LGT_BULB_LED,LED Light Bulbs,LGT_BULB,Light Bulbs,3.0,Light Bulbs > LED Light Bulbs,classified,rule_keyword,0.9,"{""wattage"": {""value"": ""60W"", ""confidence"": 0.99, ""evidence"": ""60W"", ""method"": ""rule""}}",partial,rule,0.99,partial
576389,576389 100/200/300 Led Med 27k,,,Philips,Phillips Lighting (5831),576389,,,,,partial,0.35,Phillips Lighting,5831,matched,normalized,0.95,,,unmatched,none,0.0,LGT_BULB_LED,LED Light Bulbs,LGT_BULB,Light Bulbs,3.0,Light Bulbs > LED Light Bulbs,classified,rule_keyword,0.9,"{""color_temperature"": {""value"": ""2700K"", ""confidence"": 0.98, ""evidence"": ""27k"", ""method"": ""rule""}}",partial,rule,0.98,partial
564492,564492 75W Adj Base 27k 3pk,,,Philips,Phillips Lighting (5831),564492,,,,3.0,partial,0.4,Phillips Lighting,5831,matched,normalized,0.95,,,unmatched,none,0.0,LGT,Lighting & Electrical Supplies,,,1.0,Lighting & Electrical Supplies,classified,candidate_match,0.88,"{""wattage"": {""value"": ""75W"", ""confidence"": 0.99, ""evidence"": ""75W"", ""method"": ""rule""}, ""color_temperature"": {""value"": ""2700K"", ""confidence"": 0.98, ""evidence"": ""27k"", ""method"": ""rule""}, ""pack_quantity"": {""value"": 3, ""confidence"": 1.0, ""evidence"": ""3.0"", ""method"": ""rule""}}",complete,rule,0.99,valid
603449,603449 Wiz 60W Led Med Clr Ch,,,Wiz,Phillips Lighting (5831),603449,,,,,partial,0.35,Phillips Lighting,5831,matched,normalized,0.95,,,unmatched,none,0.0,LGT_BULB_LED,LED Light Bulbs,LGT_BULB,Light Bulbs,3.0,Light Bulbs > LED Light Bulbs,classified,rule_keyword,0.94,"{""wattage"": {""value"": ""60W"", ""confidence"": 0.99, ""evidence"": ""60W"", ""method"": ""rule""}}",partial,rule,0.99,partial
586909,586909 Led 60W Med A19 27K,,,Philips,Phillips Lighting (5831),586909,,,,,partial,0.35,Phillips Lighting,5831,matched,normalized,0.95,,,unmatched,none,0.0,LGT,Lighting & Electrical Supplies,,,1.0,Lighting & Electrical Supplies,classified,candidate_match,0.88,"{""wattage"": {""value"": ""60W"", ""confidence"": 0.99, ""evidence"": ""60W"", ""method"": ""rule""}, ""color_temperature"": {""value"": ""2700K"", ""confidence"": 0.98, ""evidence"": ""27K"", ""method"": ""rule""}}",complete,rule,0.985,valid
566364,566364 75W Led ST19 27k 4pk,,,Philips,Phillips Lighting (5831),566364,,,,4.0,partial,0.4,Phillips Lighting,5831,matched,normalized,0.95,,,unmatched,none,0.0,LGT_BULB_LED,LED Light Bulbs,LGT_BULB,Light Bulbs,3.0,Light Bulbs > LED Light Bulbs,classified,rule_keyword,0.94,"{""wattage"": {""value"": ""75W"", ""confidence"": 0.99, ""evidence"": ""75W"", ""method"": ""rule""}, ""color_temperature"": {""value"": ""2700K"", ""confidence"": 0.98, ""evidence"": ""27k"", ""method"": ""rule""}, ""pack_quantity"": {""value"": 4, ""confidence"": 1.0, ""evidence"": ""4.0"", ""method"": ""rule""}}",complete,rule,0.99,valid
576397,576394 100/200/300 Led A23 50k,,,Philips,Phillips Lighting (5831),576394,,,,,partial,0.35,Phillips Lighting,5831,matched,normalized,0.95,,,unmatched,none,0.0,LGT,Lighting & Electrical Supplies,,,1.0,Lighting & Electrical Supplies,classified,candidate_match,0.88,"{""color_temperature"": {""value"": ""5000K"", ""confidence"": 0.98, ""evidence"": ""50k"", ""method"": ""rule""}}",partial,rule,0.98,partial
571497,571497 150W Led Med 27k,,,Philips,Phillips Lighting (5831),571497,,,,,partial,0.35,Phillips Lighting,5831,matched,normalized,0.95,,,unmatched,none,0.0,LGT_BULB_LED,LED Light Bulbs,LGT_BULB,Light Bulbs,3.0,Light Bulbs > LED Light Bulbs,classified,rule_keyword,0.94,"{""wattage"": {""value"": ""150W"", ""confidence"": 0.99, ""evidence"": ""150W"", ""method"": ""rule""}, ""color_temperature"": {""value"": ""2700K"", ""confidence"": 0.98, ""evidence"": ""27k"", ""method"": ""rule""}}",complete,rule,0.985,valid
576306,576306 40W Led A19 5CCT 4pk,,,Philips,Phillips Lighting (5831),576306,,,,4.0,partial,0.4,Phillips Lighting,5831,matched,normalized,0.95,,,unmatched,none,0.0,LGT,Lighting & Electrical Supplies,,,1.0,Lighting & Electrical Supplies,classified,candidate_match,0.88,"{""wattage"": {""value"": ""40W"", ""confidence"": 0.99, ""evidence"": ""40W"", ""method"": ""rule""}, ""pack_quantity"": {""value"": 4, ""confidence"": 1.0, ""evidence"": ""4.0"", ""method"": ""rule""}}",complete,rule,0.995,valid
588533,588533 40W Led Cand 3pk,,,Philips,Phillips Lighting (5831),588533,,,,3.0,partial,0.4,Phillips Lighting,5831,matched,normalized,0.95,,,unmatched,none,0.0,LGT_BULB_LED,LED Light Bulbs,LGT_BULB,Light Bulbs,3.0,Light Bulbs > LED Light Bulbs,classified,rule_keyword,0.9,"{""wattage"": {""value"": ""40W"", ""confidence"": 0.99, ""evidence"": ""40W"", ""method"": ""rule""}, ""pack_quantity"": {""value"": 3, ""confidence"": 1.0, ""evidence"": ""3.0"", ""method"": ""rule""}}",complete,rule,0.995,valid
576520,576520 65W Led Med 27k,,,Philips,Phillips Lighting (5831),576520,,,,,partial,0.35,Phillips Lighting,5831,matched,normalized,0.95,,,unmatched,none,0.0,LGT_BULB_LED,LED Light Bulbs,LGT_BULB,Light Bulbs,3.0,Light Bulbs > LED Light Bulbs,classified,rule_keyword,0.9,"{""wattage"": {""value"": ""65W"", ""confidence"": 0.99, ""evidence"": ""65W"", ""method"": ""rule""}, ""color_temperature"": {""value"": ""2700K"", ""confidence"": 0.98, ""evidence"": ""27k"", ""method"": ""rule""}}",complete,rule,0.985,valid
574004,574004 75W Led ST19 27k 2pk,,,Philips,Phillips Lighting (5831),574004,,,,2.0,partial,0.4,Phillips Lighting,5831,matched,normalized,0.95,,,unmatched,none,0.0,LGT_BULB_LED,LED Light Bulbs,LGT_BULB,Light Bulbs,3.0,Light Bulbs > LED Light Bulbs,classified,rule_keyword,0.94,"{""wattage"": {""value"": ""75W"", ""confidence"": 0.99, ""evidence"": ""75W"", ""method"": ""rule""}, ""color_temperature"": {""value"": ""2700K"", ""confidence"": 0.98, ""evidence"": ""27k"", ""method"": ""rule""}, ""pack_quantity"": {""value"": 2, ""confidence"": 1.0, ""evidence"": ""2.0"", ""method"": ""rule""}}",complete,rule,0.99,valid
574012,574012 75W Led ST19 50k 2pk,,,Philips,Phillips Lighting (5831),574012,,,,2.0,partial,0.4,Phillips Lighting,5831,matched,normalized,0.95,,,unmatched,none,0.0,LGT_BULB_LED,LED Light Bulbs,LGT_BULB,Light Bulbs,3.0,Light Bulbs > LED Light Bulbs,classified,rule_keyword,0.94,"{""wattage"": {""value"": ""75W"", ""confidence"": 0.99, ""evidence"": ""75W"", ""method"": ""rule""}, ""color_temperature"": {""value"": ""5000K"", ""confidence"": 0.98, ""evidence"": ""50k"", ""method"": ""rule""}, ""pack_quantity"": {""value"": 2, ""confidence"": 1.0, ""evidence"": ""2.0"", ""method"": ""rule""}}",complete,rule,0.99,valid
573971,573971 75W Led ST19 20k 4pk,,,Philips,Phillips Lighting (5831),573971,,,,4.0,partial,0.4,Phillips Lighting,5831,matched,normalized,0.95,,,unmatched,none,0.0,LGT_BULB_LED,LED Light Bulbs,LGT_BULB,Light Bulbs,3.0,Light Bulbs > LED Light Bulbs,classified,rule_keyword,0.94,"{""wattage"": {""value"": ""75W"", ""confidence"": 0.99, ""evidence"": ""75W"", ""method"": ""rule""}, ""pack_quantity"": {""value"": 4, ""confidence"": 1.0, ""evidence"": ""4.0"", ""method"": ""rule""}}",complete,rule,0.995,valid
573989,573989 40W Led Med 27K 4pk,,,Philips,Phillips Lighting (5831),573989,,,,4.0,partial,0.4,Phillips Lighting,5831,matched,normalized,0.95,,,unmatched,none,0.0,LGT_BULB_LED,LED Light Bulbs,LGT_BULB,Light Bulbs,3.0,Light Bulbs > LED Light Bulbs,classified,rule_keyword,0.9,"{""wattage"": {""value"": ""40W"", ""confidence"": 0.99, ""evidence"": ""40W"", ""method"": ""rule""}, ""color_temperature"": {""value"": ""2700K"", ""confidence"": 0.98, ""evidence"": ""27K"", ""method"": ""rule""}, ""pack_quantity"": {""value"": 4, ""confidence"": 1.0, ""evidence"": ""4.0"", ""method"": ""rule""}}",complete,rule,0.99,valid
576769,576769 65W Led BR30 Med 27k,,,Philips,Phillips Lighting (5831),576769,,,,,partial,0.35,Phillips Lighting,5831,matched,normalized,0.95,,,unmatched,none,0.0,LGT,Lighting & Electrical Supplies,,,1.0,Lighting & Electrical Supplies,classified,candidate_match,0.88,"{""wattage"": {""value"": ""65W"", ""confidence"": 0.99, ""evidence"": ""65W"", ""method"": ""rule""}, ""color_temperature"": {""value"": ""2700K"", ""confidence"": 0.98, ""evidence"": ""27k"", ""method"": ""rule""}}",complete,rule,0.985,valid
567446,567446 60W Led Med 50K 3pk,,,Philips,Phillips Lighting (5831),567446,,,,3.0,partial,0.4,Phillips Lighting,5831,matched,normalized,0.95,,,unmatched,none,0.0,LGT_BULB_LED,LED Light Bulbs,LGT_BULB,Light Bulbs,3.0,Light Bulbs > LED Light Bulbs,classified,rule_keyword,0.94,"{""wattage"": {""value"": ""60W"", ""confidence"": 0.99, ""evidence"": ""60W"", ""method"": ""rule""}, ""color_temperature"": {""value"": ""5000K"", ""confidence"": 0.98, ""evidence"": ""50K"", ""method"": ""rule""}, ""pack_quantity"": {""value"": 3, ""confidence"": 1.0, ""evidence"": ""3.0"", ""method"": ""rule""}}",complete,rule,0.99,valid
573997,573997 40W Led Med 50k 4pk,,,Philips,Phillips Lighting (5831),573997,,,,4.0,partial,0.4,Phillips Lighting,5831,matched,normalized,0.95,,,unmatched,none,0.0,LGT_BULB_LED,LED Light Bulbs,LGT_BULB,Light Bulbs,3.0,Light Bulbs > LED Light Bulbs,classified,rule_keyword,0.9,"{""wattage"": {""value"": ""40W"", ""confidence"": 0.99, ""evidence"": ""40W"", ""method"": ""rule""}, ""color_temperature"": {""value"": ""5000K"", ""confidence"": 0.98, ""evidence"": ""50k"", ""method"": ""rule""}, ""pack_quantity"": {""value"": 4, ""confidence"": 1.0, ""evidence"": ""4.0"", ""method"": ""rule""}}",complete,rule,0.99,valid
571463,571463 100W Led BR30 Med 50k,,,Philips,Phillips Lighting (5831),571463,,,,,partial,0.35,Phillips Lighting,5831,matched,normalized,0.95,,,unmatched,none,0.0,LGT,Lighting & Electrical Supplies,,,1.0,Lighting & Electrical Supplies,classified,candidate_match,0.88,"{""wattage"": {""value"": ""100W"", ""confidence"": 0.99, ""evidence"": ""100W"", ""method"": ""rule""}, ""color_temperature"": {""value"": ""5000K"", ""confidence"": 0.98, ""evidence"": ""50k"", ""method"": ""rule""}}",complete,rule,0.985,valid
576512,576512 65W Led BR40 Med 27k,,,Philips,Phillips Lighting (5831),576512,,,,,partial,0.35,Phillips Lighting,5831,matched,normalized,0.95,,,unmatched,none,0.0,LGT,Lighting & Electrical Supplies,,,1.0,Lighting & Electrical Supplies,classified,candidate_match,0.88,"{""wattage"": {""value"": ""65W"", ""confidence"": 0.99, ""evidence"": ""65W"", ""method"": ""rule""}, ""color_temperature"": {""value"": ""2700K"", ""confidence"": 0.98, ""evidence"": ""27k"", ""method"": ""rule""}}",complete,rule,0.985,valid
581181,581181 40W Led Med 2pk,,,Philips,Phillips Lighting (5831),581181,,,,2.0,partial,0.4,Phillips Lighting,5831,matched,normalized,0.95,,,unmatched,none,0.0,LGT_BULB_LED,LED Light Bulbs,LGT_BULB,Light Bulbs,3.0,Light Bulbs > LED Light Bulbs,classified,rule_keyword,0.9,"{""wattage"": {""value"": ""40W"", ""confidence"": 0.99, ""evidence"": ""40W"", ""method"": ""rule""}, ""pack_quantity"": {""value"": 2, ""confidence"": 1.0, ""evidence"": ""2.0"", ""method"": ""rule""}}",complete,rule,0.995,valid
GT-CB-100C,GTCB100C Led 100W Cob Bulb,,,GT-Lite,Keystone (5702),GTCB100C,,,,,partial,0.35,Keystone,5702,matched,normalized,0.95,GT-Lite,BRD_GTLITE,matched,normalized,0.9,LGT_BULB,Light Bulbs,LGT,Lighting & Electrical Supplies,2.0,Lighting & Electrical Supplies > Light Bulbs,classified,rule_keyword,0.89,"{""wattage"": {""value"": ""100W"", ""confidence"": 0.99, ""evidence"": ""100W"", ""method"": ""rule""}}",partial,rule,0.99,partial
566430,566430 75W Led Med 50k 4pk,,,Philips,Phillips Lighting (5831),566430,,,,4.0,partial,0.4,Phillips Lighting,5831,matched,normalized,0.95,,,unmatched,none,0.0,LGT_BULB_LED,LED Light Bulbs,LGT_BULB,Light Bulbs,3.0,Light Bulbs > LED Light Bulbs,classified,rule_keyword,0.94,"{""wattage"": {""value"": ""75W"", ""confidence"": 0.99, ""evidence"": ""75W"", ""method"": ""rule""}, ""color_temperature"": {""value"": ""5000K"", ""confidence"": 0.98, ""evidence"": ""50k"", ""method"": ""rule""}, ""pack_quantity"": {""value"": 4, ""confidence"": 1.0, ""evidence"": ""4.0"", ""method"": ""rule""}}",complete,rule,0.99,valid
568337,568337 120W Led Par38 Med 50k,,,Philips,Phillips Lighting (5831),568337,,,,,partial,0.35,Phillips Lighting,5831,matched,normalized,0.95,,,unmatched,none,0.0,LGT,Lighting & Electrical Supplies,,,1.0,Lighting & Electrical Supplies,classified,candidate_match,0.88,"{""wattage"": {""value"": ""120W"", ""confidence"": 0.99, ""evidence"": ""120W"", ""method"": ""rule""}, ""color_temperature"": {""value"": ""5000K"", ""confidence"": 0.98, ""evidence"": ""50k"", ""method"": ""rule""}}",complete,rule,0.985,valid
565788,565788 40W Led A19 Med 27k,,,Philips,Phillips Lighting (5831),565788,,,,,partial,0.35,Phillips Lighting,5831,matched,normalized,0.95,,,unmatched,none,0.0,LGT,Lighting & Electrical Supplies,,,1.0,Lighting & Electrical Supplies,classified,candidate_match,0.88,"{""wattage"": {""value"": ""40W"", ""confidence"": 0.99, ""evidence"": ""40W"", ""method"": ""rule""}, ""color_temperature"": {""value"": ""2700K"", ""confidence"": 0.98, ""evidence"": ""27k"", ""method"": ""rule""}}",complete,rule,0.985,valid
565770,565770 40W Led A19 Med 50k,,,Philips,Phillips Lighting (5831),565770,,,,,partial,0.35,Phillips Lighting,5831,matched,normalized,0.95,,,unmatched,none,0.0,LGT,Lighting & Electrical Supplies,,,1.0,Lighting & Electrical Supplies,classified,candidate_match,0.88,"{""wattage"": {""value"": ""40W"", ""confidence"": 0.99, ""evidence"": ""40W"", ""method"": ""rule""}, ""color_temperature"": {""value"": ""5000K"", ""confidence"": 0.98, ""evidence"": ""50k"", ""method"": ""rule""}}",complete,rule,0.985,valid
573436,573436 60W Led A19 Med 27k 2pk,,,Philips,Phillips Lighting (5831),573436,,,,2.0,partial,0.4,Phillips Lighting,5831,matched,normalized,0.95,,,unmatched,none,0.0,LGT_BULB_LED,LED Light Bulbs,LGT_BULB,Light Bulbs,3.0,Light Bulbs > LED Light Bulbs,classified,rule_keyword,0.9,"{""wattage"": {""value"": ""60W"", ""confidence"": 0.99, ""evidence"": ""60W"", ""method"": ""rule""}, ""color_temperature"": {""value"": ""2700K"", ""confidence"": 0.98, ""evidence"": ""27k"", ""method"": ""rule""}, ""pack_quantity"": {""value"": 2, ""confidence"": 1.0, ""evidence"": ""2.0"", ""method"": ""rule""}}",complete,rule,0.99,valid
576538,576538 65W Led BR30 Med 50k,,,Philips,Phillips Lighting (5831),576538,,,,,partial,0.35,Phillips Lighting,5831,matched,normalized,0.95,,,unmatched,none,0.0,LGT,Lighting & Electrical Supplies,,,1.0,Lighting & Electrical Supplies,classified,candidate_match,0.88,"{""wattage"": {""value"": ""65W"", ""confidence"": 0.99, ""evidence"": ""65W"", ""method"": ""rule""}, ""color_temperature"": {""value"": ""5000K"", ""confidence"": 0.98, ""evidence"": ""50k"", ""method"": ""rule""}}",complete,rule,0.985,valid
573451,573451 40W Led Med 27k 2pk,,,Philips,Phillips Lighting (5831),573451,,,,2.0,partial,0.4,Phillips Lighting,5831,matched,normalized,0.95,,,unmatched,none,0.0,LGT_BULB_LED,LED Light Bulbs,LGT_BULB,Light Bulbs,3.0,Light Bulbs > LED Light Bulbs,classified,rule_keyword,0.9,"{""wattage"": {""value"": ""40W"", ""confidence"": 0.99, ""evidence"": ""40W"", ""method"": ""rule""}, ""color_temperature"": {""value"": ""2700K"", ""confidence"": 0.98, ""evidence"": ""27k"", ""method"": ""rule""}, ""pack_quantity"": {""value"": 2, ""confidence"": 1.0, ""evidence"": ""2.0"", ""method"": ""rule""}}",complete,rule,0.99,valid
586883,586883 100W Led Multi CCT 2pk,,,Philips,Phillips Lighting (5831),586883,,,,2.0,partial,0.4,Phillips Lighting,5831,matched,normalized,0.95,,,unmatched,none,0.0,LGT,Lighting & Electrical Supplies,,,1.0,Lighting & Electrical Supplies,classified,candidate_match,0.88,"{""wattage"": {""value"": ""100W"", ""confidence"": 0.99, ""evidence"": ""100W"", ""method"": ""rule""}, ""pack_quantity"": {""value"": 2, ""confidence"": 1.0, ""evidence"": ""2.0"", ""method"": ""rule""}}",complete,rule,0.995,valid
586859,586859 40W Led Med 27K Back Up,,,Philips,Phillips Lighting (5831),586859,,,,,partial,0.35,Phillips Lighting,5831,matched,normalized,0.95,,,unmatched,none,0.0,LGT_BULB_LED,LED Light Bulbs,LGT_BULB,Light Bulbs,3.0,Light Bulbs > LED Light Bulbs,classified,rule_keyword,0.9,"{""wattage"": {""value"": ""40W"", ""confidence"": 0.99, ""evidence"": ""40W"", ""method"": ""rule""}, ""color_temperature"": {""value"": ""2700K"", ""confidence"": 0.98, ""evidence"": ""27K"", ""method"": ""rule""}}",complete,rule,0.985,valid
576488,576488 45W Led R20 Med 50k,,,Philips,Phillips Lighting (5831),576488,,,,,partial,0.35,Phillips Lighting,5831,matched,normalized,0.95,,,unmatched,none,0.0,LGT,Lighting & Electrical Supplies,,,1.0,Lighting & Electrical Supplies,classified,candidate_match,0.88,"{""wattage"": {""value"": ""45W"", ""confidence"": 0.99, ""evidence"": ""45W"", ""method"": ""rule""}, ""color_temperature"": {""value"": ""5000K"", ""confidence"": 0.98, ""evidence"": ""50k"", ""method"": ""rule""}}",complete,rule,0.985,valid
575217,575217 60W Led Med 50k 2pk,,,Philips,Phillips Lighting (5831),575217,,,,2.0,partial,0.4,Phillips Lighting,5831,matched,normalized,0.95,,,unmatched,none,0.0,LGT_BULB_LED,LED Light Bulbs,LGT_BULB,Light Bulbs,3.0,Light Bulbs > LED Light Bulbs,classified,rule_keyword,0.94,"{""wattage"": {""value"": ""60W"", ""confidence"": 0.99, ""evidence"": ""60W"", ""method"": ""rule""}, ""color_temperature"": {""value"": ""5000K"", ""confidence"": 0.98, ""evidence"": ""50k"", ""method"": ""rule""}, ""pack_quantity"": {""value"": 2, ""confidence"": 1.0, ""evidence"": ""2.0"", ""method"": ""rule""}}",complete,rule,0.99,valid
586479,586479 90W Led Med Multi CCT,,,Philips,Phillips Lighting (5831),586479,,,,,partial,0.35,Phillips Lighting,5831,matched,normalized,0.95,,,unmatched,none,0.0,LGT_BULB_LED,LED Light Bulbs,LGT_BULB,Light Bulbs,3.0,Light Bulbs > LED Light Bulbs,classified,rule_keyword,0.9,"{""wattage"": {""value"": ""90W"", ""confidence"": 0.99, ""evidence"": ""90W"", ""method"": ""rule""}}",partial,rule,0.99,partial
571471,571471 100W Led BR30 Med 27k,,,Philips,Phillips Lighting (5831),571471,,,,,partial,0.35,Phillips Lighting,5831,matched,normalized,0.95,,,unmatched,none,0.0,LGT,Lighting & Electrical Supplies,,,1.0,Lighting & Electrical Supplies,classified,candidate_match,0.88,"{""wattage"": {""value"": ""100W"", ""confidence"": 0.99, ""evidence"": ""100W"", ""method"": ""rule""}, ""color_temperature"": {""value"": ""2700K"", ""confidence"": 0.98, ""evidence"": ""27k"", ""method"": ""rule""}}",complete,rule,0.985,valid
570762,570762 50W Led Par16 30k 3pk,,,Philips,Phillips Lighting (5831),570762,,,,3.0,partial,0.4,Phillips Lighting,5831,matched,normalized,0.95,,,unmatched,none,0.0,LGT,Lighting & Electrical Supplies,,,1.0,Lighting & Electrical Supplies,classified,candidate_match,0.88,"{""wattage"": {""value"": ""50W"", ""confidence"": 0.99, ""evidence"": ""50W"", ""method"": ""rule""}, ""color_temperature"": {""value"": ""3000K"", ""confidence"": 0.98, ""evidence"": ""30k"", ""method"": ""rule""}, ""pack_quantity"": {""value"": 3, ""confidence"": 1.0, ""evidence"": ""3.0"", ""method"": ""rule""}}",complete,rule,0.99,valid
533352,571505 150W Led Med 50k,,,Philips,Phillips Lighting (5831),571505,,,,,partial,0.35,Phillips Lighting,5831,matched,normalized,0.95,,,unmatched,none,0.0,LGT_BULB_LED,LED Light Bulbs,LGT_BULB,Light Bulbs,3.0,Light Bulbs > LED Light Bulbs,classified,rule_keyword,0.94,"{""wattage"": {""value"": ""150W"", ""confidence"": 0.99, ""evidence"": ""150W"", ""method"": ""rule""}, ""color_temperature"": {""value"": ""5000K"", ""confidence"": 0.98, ""evidence"": ""50k"", ""method"": ""rule""}}",complete,rule,0.985,valid
573519,573519 100W Led A21 27k 2pk,,,Philips,Phillips Lighting (5831),573519,,,,2.0,partial,0.4,Phillips Lighting,5831,matched,normalized,0.95,,,unmatched,none,0.0,LGT,Lighting & Electrical Supplies,,,1.0,Lighting & Electrical Supplies,classified,candidate_match,0.88,"{""wattage"": {""value"": ""100W"", ""confidence"": 0.99, ""evidence"": ""100W"", ""method"": ""rule""}, ""color_temperature"": {""value"": ""2700K"", ""confidence"": 0.98, ""evidence"": ""27k"", ""method"": ""rule""}, ""pack_quantity"": {""value"": 2, ""confidence"": 1.0, ""evidence"": ""2.0"", ""method"": ""rule""}}",complete,rule,0.99,valid
573378,573378 60W Led Med 27k 3pk,,,Philips,Phillips Lighting (5831),573378,,,,3.0,partial,0.4,Phillips Lighting,5831,matched,normalized,0.95,,,unmatched,none,0.0,LGT_BULB_LED,LED Light Bulbs,LGT_BULB,Light Bulbs,3.0,Light Bulbs > LED Light Bulbs,classified,rule_keyword,0.94,"{""wattage"": {""value"": ""60W"", ""confidence"": 0.99, ""evidence"": ""60W"", ""method"": ""rule""}, ""color_temperature"": {""value"": ""2700K"", ""confidence"": 0.98, ""evidence"": ""27k"", ""method"": ""rule""}, ""pack_quantity"": {""value"": 3, ""confidence"": 1.0, ""evidence"": ""3.0"", ""method"": ""rule""}}",complete,rule,0.99,valid
565622,565622 60W Led Med 20k,,,Philips,Phillips Lighting (5831),565622,,,,,partial,0.35,Phillips Lighting,5831,matched,normalized,0.95,,,unmatched,none,0.0,LGT_BULB_LED,LED Light Bulbs,LGT_BULB,Light Bulbs,3.0,Light Bulbs > LED Light Bulbs,classified,rule_keyword,0.94,"{""wattage"": {""value"": ""60W"", ""confidence"": 0.99, ""evidence"": ""60W"", ""method"": ""rule""}}",partial,rule,0.99,partial
586891,586891 Led 60W Med A19 27k,,,Philips,Phillips Lighting (5831),586891,,,,,partial,0.35,Phillips Lighting,5831,matched,normalized,0.95,,,unmatched,none,0.0,LGT,Lighting & Electrical Supplies,,,1.0,Lighting & Electrical Supplies,classified,candidate_match,0.88,"{""wattage"": {""value"": ""60W"", ""confidence"": 0.99, ""evidence"": ""60W"", ""method"": ""rule""}, ""color_temperature"": {""value"": ""2700K"", ""confidence"": 0.98, ""evidence"": ""27k"", ""method"": ""rule""}}",complete,rule,0.985,valid
585448,585448 120W Led Motion Bulb,,,Philips,Phillips Lighting (5831),585448,,,,,partial,0.35,Phillips Lighting,5831,matched,normalized,0.95,,,unmatched,none,0.0,LGT_BULB,Light Bulbs,LGT,Lighting & Electrical Supplies,2.0,Lighting & Electrical Supplies > Light Bulbs,classified,rule_keyword,0.89,"{""wattage"": {""value"": ""120W"", ""confidence"": 0.99, ""evidence"": ""120W"", ""method"": ""rule""}}",partial,rule,0.99,partial
573444,573444 60W Led A19 Med 50k 2pk,,,Philips,Phillips Lighting (5831),573444,,,,2.0,partial,0.4,Phillips Lighting,5831,matched,normalized,0.95,,,unmatched,none,0.0,LGT_BULB_LED,LED Light Bulbs,LGT_BULB,Light Bulbs,3.0,Light Bulbs > LED Light Bulbs,classified,rule_keyword,0.9,"{""wattage"": {""value"": ""60W"", ""confidence"": 0.99, ""evidence"": ""60W"", ""method"": ""rule""}, ""color_temperature"": {""value"": ""5000K"", ""confidence"": 0.98, ""evidence"": ""50k"", ""method"": ""rule""}, ""pack_quantity"": {""value"": 2, ""confidence"": 1.0, ""evidence"": ""2.0"", ""method"": ""rule""}}",complete,rule,0.99,valid
566687,566687 60W Cand Led 27k 3pk,,,Philips,Phillips Lighting (5831),566687,,,,3.0,partial,0.4,Phillips Lighting,5831,matched,normalized,0.95,,,unmatched,none,0.0,LGT_BULB,Light Bulbs,LGT,Lighting & Electrical Supplies,2.0,Lighting & Electrical Supplies > Light Bulbs,classified,rule_keyword,0.89,"{""wattage"": {""value"": ""60W"", ""confidence"": 0.99, ""evidence"": ""60W"", ""method"": ""rule""}, ""color_temperature"": {""value"": ""2700K"", ""confidence"": 0.98, ""evidence"": ""27k"", ""method"": ""rule""}, ""pack_quantity"": {""value"": 3, ""confidence"": 1.0, ""evidence"": ""3.0"", ""method"": ""rule""}}",complete,rule,0.99,valid
564385,564385 40w Led Med 27k 2pk,,,Philips,Phillips Lighting (5831),564385,,,,2.0,partial,0.4,Phillips Lighting,5831,matched,normalized,0.95,,,unmatched,none,0.0,LGT_BULB_LED,LED Light Bulbs,LGT_BULB,Light Bulbs,3.0,Light Bulbs > LED Light Bulbs,classified,rule_keyword,0.9,"{""wattage"": {""value"": ""40W"", ""confidence"": 0.99, ""evidence"": ""40w"", ""method"": ""rule""}, ""color_temperature"": {""value"": ""2700K"", ""confidence"": 0.98, ""evidence"": ""27k"", ""method"": ""rule""}, ""pack_quantity"": {""value"": 2, ""confidence"": 1.0, ""evidence"": ""2.0"", ""method"": ""rule""}}",complete,rule,0.99,valid
566661,566661 40W LED Cand 27k 3pk,,,Philips,Phillips Lighting (5831),566661,,,,3.0,partial,0.4,Phillips Lighting,5831,matched,normalized,0.95,,,unmatched,none,0.0,LGT_BULB_LED,LED Light Bulbs,LGT_BULB,Light Bulbs,3.0,Light Bulbs > LED Light Bulbs,classified,rule_keyword,0.9,"{""wattage"": {""value"": ""40W"", ""confidence"": 0.99, ""evidence"": ""40W"", ""method"": ""rule""}, ""color_temperature"": {""value"": ""2700K"", ""confidence"": 0.98, ""evidence"": ""27k"", ""method"": ""rule""}, ""pack_quantity"": {""value"": 3, ""confidence"": 1.0, ""evidence"": ""3.0"", ""method"": ""rule""}}",complete,rule,0.99,valid
564898,564898 60W Cand Led 50k 3pk,,,Philips,Phillips Lighting (5831),564898,,,,3.0,partial,0.4,Phillips Lighting,5831,matched,normalized,0.95,,,unmatched,none,0.0,LGT_BULB,Light Bulbs,LGT,Lighting & Electrical Supplies,2.0,Lighting & Electrical Supplies > Light Bulbs,classified,rule_keyword,0.89,"{""wattage"": {""value"": ""60W"", ""confidence"": 0.99, ""evidence"": ""60W"", ""method"": ""rule""}, ""color_temperature"": {""value"": ""5000K"", ""confidence"": 0.98, ""evidence"": ""50k"", ""method"": ""rule""}, ""pack_quantity"": {""value"": 3, ""confidence"": 1.0, ""evidence"": ""3.0"", ""method"": ""rule""}}",complete,rule,0.99,valid
538319,588525 40W Led Cand 3pk,,,Philips,Phillips Lighting (5831),588525,,,,3.0,partial,0.4,Phillips Lighting,5831,matched,normalized,0.95,,,unmatched,none,0.0,LGT_BULB_LED,LED Light Bulbs,LGT_BULB,Light Bulbs,3.0,Light Bulbs > LED Light Bulbs,classified,rule_keyword,0.9,"{""wattage"": {""value"": ""40W"", ""confidence"": 0.99, ""evidence"": ""40W"", ""method"": ""rule""}, ""pack_quantity"": {""value"": 3, ""confidence"": 1.0, ""evidence"": ""3.0"", ""method"": ""rule""}}",complete,rule,0.995,valid
576009,576009 100W Led Par30L Med 50k,,,Philips,Phillips Lighting (5831),576009,,,,,partial,0.35,Phillips Lighting,5831,matched,normalized,0.95,,,unmatched,none,0.0,LGT,Lighting & Electrical Supplies,,,1.0,Lighting & Electrical Supplies,classified,candidate_match,0.88,"{""wattage"": {""value"": ""100W"", ""confidence"": 0.99, ""evidence"": ""100W"", ""method"": ""rule""}, ""color_temperature"": {""value"": ""5000K"", ""confidence"": 0.98, ""evidence"": ""50k"", ""method"": ""rule""}}",complete,rule,0.985,valid
564450,564450 40W Led Cand 27k 2pk,,,Philips,Phillips Lighting (5831),564450,,,,2.0,partial,0.4,Phillips Lighting,5831,matched,normalized,0.95,,,unmatched,none,0.0,LGT_BULB_LED,LED Light Bulbs,LGT_BULB,Light Bulbs,3.0,Light Bulbs > LED Light Bulbs,classified,rule_keyword,0.9,"{""wattage"": {""value"": ""40W"", ""confidence"": 0.99, ""evidence"": ""40W"", ""method"": ""rule""}, ""color_temperature"": {""value"": ""2700K"", ""confidence"": 0.98, ""evidence"": ""27k"", ""method"": ""rule""}, ""pack_quantity"": {""value"": 2, ""confidence"": 1.0, ""evidence"": ""2.0"", ""method"": ""rule""}}",complete,rule,0.99,valid
572669,572669 60W Led F15 Med 27k,,,Philips,Phillips Lighting (5831),572669,,,,,partial,0.35,Phillips Lighting,5831,matched,normalized,0.95,,,unmatched,none,0.0,LGT_BULB_LED,LED Light Bulbs,LGT_BULB,Light Bulbs,3.0,Light Bulbs > LED Light Bulbs,classified,rule_keyword,0.9,"{""wattage"": {""value"": ""60W"", ""confidence"": 0.99, ""evidence"": ""60W"", ""method"": ""rule""}, ""color_temperature"": {""value"": ""2700K"", ""confidence"": 0.98, ""evidence"": ""27k"", ""method"": ""rule""}}",complete,rule,0.985,valid
564906,564906 60W Led Med 27k 2pk,,,Philips,Phillips Lighting (5831),564906,,,,2.0,partial,0.4,Phillips Lighting,5831,matched,normalized,0.95,,,unmatched,none,0.0,LGT_BULB_LED,LED Light Bulbs,LGT_BULB,Light Bulbs,3.0,Light Bulbs > LED Light Bulbs,classified,rule_keyword,0.94,"{""wattage"": {""value"": ""60W"", ""confidence"": 0.99, ""evidence"": ""60W"", ""method"": ""rule""}, ""color_temperature"": {""value"": ""2700K"", ""confidence"": 0.98, ""evidence"": ""27k"", ""method"": ""rule""}, ""pack_quantity"": {""value"": 2, ""confidence"": 1.0, ""evidence"": ""2.0"", ""method"": ""rule""}}",complete,rule,0.99,valid
573410,573410 40W Led A19 Med 27k 2pk,,,Philips,Phillips Lighting (5831),573410,,,,2.0,partial,0.4,Phillips Lighting,5831,matched,normalized,0.95,,,unmatched,none,0.0,LGT,Lighting & Electrical Supplies,,,1.0,Lighting & Electrical Supplies,classified,candidate_match,0.88,"{""wattage"": {""value"": ""40W"", ""confidence"": 0.99, ""evidence"": ""40W"", ""method"": ""rule""}, ""color_temperature"": {""value"": ""2700K"", ""confidence"": 0.98, ""evidence"": ""27k"", ""method"": ""rule""}, ""pack_quantity"": {""value"": 2, ""confidence"": 1.0, ""evidence"": ""2.0"", ""method"": ""rule""}}",complete,rule,0.99,valid
576504,576504 65W Led BR40 Med 50k,,,Philips,Phillips Lighting (5831),576504,,,,,partial,0.35,Phillips Lighting,5831,matched,normalized,0.95,,,unmatched,none,0.0,LGT,Lighting & Electrical Supplies,,,1.0,Lighting & Electrical Supplies,classified,candidate_match,0.88,"{""wattage"": {""value"": ""65W"", ""confidence"": 0.99, ""evidence"": ""65W"", ""method"": ""rule""}, ""color_temperature"": {""value"": ""5000K"", ""confidence"": 0.98, ""evidence"": ""50k"", ""method"": ""rule""}}",complete,rule,0.985,valid
576017,576017 100W Led Par30L Med 30k,,,Philips,Phillips Lighting (5831),576017,,,,,partial,0.35,Phillips Lighting,5831,matched,normalized,0.95,,,unmatched,none,0.0,LGT,Lighting & Electrical Supplies,,,1.0,Lighting & Electrical Supplies,classified,candidate_match,0.88,"{""wattage"": {""value"": ""100W"", ""confidence"": 0.99, ""evidence"": ""100W"", ""method"": ""rule""}, ""color_temperature"": {""value"": ""3000K"", ""confidence"": 0.98, ""evidence"": ""30k"", ""method"": ""rule""}}",complete,rule,0.985,valid
574392,574392 40W Led B11 Med 27k 3pk,,,Philips,Phillips Lighting (5831),574392,,,,3.0,partial,0.4,Phillips Lighting,5831,matched,normalized,0.95,,,unmatched,none,0.0,LGT,Lighting & Electrical Supplies,,,1.0,Lighting & Electrical Supplies,classified,candidate_match,0.88,"{""wattage"": {""value"": ""40W"", ""confidence"": 0.99, ""evidence"": ""40W"", ""method"": ""rule""}, ""color_temperature"": {""value"": ""2700K"", ""confidence"": 0.98, ""evidence"": ""27k"", ""method"": ""rule""}, ""pack_quantity"": {""value"": 3, ""confidence"": 1.0, ""evidence"": ""3.0"", ""method"": ""rule""}}",complete,rule,0.99,valid
576751,576751 65W Led BR30 Med 3pk,,,Philips,Phillips Lighting (5831),576751,,,,3.0,partial,0.4,Phillips Lighting,5831,matched,normalized,0.95,,,unmatched,none,0.0,LGT,Lighting & Electrical Supplies,,,1.0,Lighting & Electrical Supplies,classified,candidate_match,0.88,"{""wattage"": {""value"": ""65W"", ""confidence"": 0.99, ""evidence"": ""65W"", ""method"": ""rule""}, ""pack_quantity"": {""value"": 3, ""confidence"": 1.0, ""evidence"": ""3.0"", ""method"": ""rule""}}",complete,rule,0.995,valid
583161,583161 Led 65W Med BR30 3pk,,,Philips,Phillips Lighting (5831),583161,,,,3.0,partial,0.4,Phillips Lighting,5831,matched,normalized,0.95,,,unmatched,none,0.0,LGT,Lighting & Electrical Supplies,,,1.0,Lighting & Electrical Supplies,classified,candidate_match,0.88,"{""wattage"": {""value"": ""65W"", ""confidence"": 0.99, ""evidence"": ""65W"", ""method"": ""rule""}, ""pack_quantity"": {""value"": 3, ""confidence"": 1.0, ""evidence"": ""3.0"", ""method"": ""rule""}}",complete,rule,0.995,valid
566695,566695 60W Led Med 27k 3pk,,,Philips,Phillips Lighting (5831),566695,,,,3.0,partial,0.4,Phillips Lighting,5831,matched,normalized,0.95,,,unmatched,none,0.0,LGT_BULB_LED,LED Light Bulbs,LGT_BULB,Light Bulbs,3.0,Light Bulbs > LED Light Bulbs,classified,rule_keyword,0.94,"{""wattage"": {""value"": ""60W"", ""confidence"": 0.99, ""evidence"": ""60W"", ""method"": ""rule""}, ""color_temperature"": {""value"": ""2700K"", ""confidence"": 0.98, ""evidence"": ""27k"", ""method"": ""rule""}, ""pack_quantity"": {""value"": 3, ""confidence"": 1.0, ""evidence"": ""3.0"", ""method"": ""rule""}}",complete,rule,0.99,valid
577007,577007 125W Led Med 30k Flood,,,Philips,Phillips Lighting (5831),577007,,,,,partial,0.35,Phillips Lighting,5831,matched,normalized,0.95,,,unmatched,none,0.0,LGT_BULB_LED,LED Light Bulbs,LGT_BULB,Light Bulbs,3.0,Light Bulbs > LED Light Bulbs,classified,rule_keyword,0.9,"{""wattage"": {""value"": ""125W"", ""confidence"": 0.99, ""evidence"": ""125W"", ""method"": ""rule""}, ""color_temperature"": {""value"": ""3000K"", ""confidence"": 0.98, ""evidence"": ""30k"", ""method"": ""rule""}}",complete,rule,0.985,valid
566653,566653 25W Led Cand 27k 3pk,,,Philips,Phillips Lighting (5831),566653,,,,3.0,partial,0.4,Phillips Lighting,5831,matched,normalized,0.95,,,unmatched,none,0.0,LGT_BULB_LED,LED Light Bulbs,LGT_BULB,Light Bulbs,3.0,Light Bulbs > LED Light Bulbs,classified,rule_keyword,0.9,"{""wattage"": {""value"": ""25W"", ""confidence"": 0.99, ""evidence"": ""25W"", ""method"": ""rule""}, ""color_temperature"": {""value"": ""2700K"", ""confidence"": 0.98, ""evidence"": ""27k"", ""method"": ""rule""}, ""pack_quantity"": {""value"": 3, ""confidence"": 1.0, ""evidence"": ""3.0"", ""method"": ""rule""}}",complete,rule,0.99,valid
566679,566679 40W Led Med 27k 3pk,,,Philips,Phillips Lighting (5831),566679,,,,3.0,partial,0.4,Phillips Lighting,5831,matched,normalized,0.95,,,unmatched,none,0.0,LGT_BULB_LED,LED Light Bulbs,LGT_BULB,Light Bulbs,3.0,Light Bulbs > LED Light Bulbs,classified,rule_keyword,0.9,"{""wattage"": {""value"": ""40W"", ""confidence"": 0.99, ""evidence"": ""40W"", ""method"": ""rule""}, ""color_temperature"": {""value"": ""2700K"", ""confidence"": 0.98, ""evidence"": ""27k"", ""method"": ""rule""}, ""pack_quantity"": {""value"": 3, ""confidence"": 1.0, ""evidence"": ""3.0"", ""method"": ""rule""}}",complete,rule,0.99,valid
573311,573311 60W Led Med 27k 2pk,,,Philips,Phillips Lighting (5831),573311,,,,2.0,partial,0.4,Phillips Lighting,5831,matched,normalized,0.95,,,unmatched,none,0.0,LGT_BULB_LED,LED Light Bulbs,LGT_BULB,Light Bulbs,3.0,Light Bulbs > LED Light Bulbs,classified,rule_keyword,0.94,"{""wattage"": {""value"": ""60W"", ""confidence"": 0.99, ""evidence"": ""60W"", ""method"": ""rule""}, ""color_temperature"": {""value"": ""2700K"", ""confidence"": 0.98, ""evidence"": ""27k"", ""method"": ""rule""}, ""pack_quantity"": {""value"": 2, ""confidence"": 1.0, ""evidence"": ""2.0"", ""method"": ""rule""}}",complete,rule,0.99,valid
573394,573394 60W Led Cand 27k 2pk,,,Philips,Phillips Lighting (5831),573394,,,,2.0,partial,0.4,Phillips Lighting,5831,matched,normalized,0.95,,,unmatched,none,0.0,LGT_BULB_LED,LED Light Bulbs,LGT_BULB,Light Bulbs,3.0,Light Bulbs > LED Light Bulbs,classified,rule_keyword,0.94,"{""wattage"": {""value"": ""60W"", ""confidence"": 0.99, ""evidence"": ""60W"", ""method"": ""rule""}, ""color_temperature"": {""value"": ""2700K"", ""confidence"": 0.98, ""evidence"": ""27k"", ""method"": ""rule""}, ""pack_quantity"": {""value"": 2, ""confidence"": 1.0, ""evidence"": ""2.0"", ""method"": ""rule""}}",complete,rule,0.99,valid
573329,573329 60W Cand Led 27k 2pk,,,Philips,Phillips Lighting (5831),573329,,,,2.0,partial,0.4,Phillips Lighting,5831,matched,normalized,0.95,,,unmatched,none,0.0,LGT_BULB,Light Bulbs,LGT,Lighting & Electrical Supplies,2.0,Lighting & Electrical Supplies > Light Bulbs,classified,rule_keyword,0.89,"{""wattage"": {""value"": ""60W"", ""confidence"": 0.99, ""evidence"": ""60W"", ""method"": ""rule""}, ""color_temperature"": {""value"": ""2700K"", ""confidence"": 0.98, ""evidence"": ""27k"", ""method"": ""rule""}, ""pack_quantity"": {""value"": 2, ""confidence"": 1.0, ""evidence"": ""2.0"", ""method"": ""rule""}}",complete,rule,0.99,valid
564930,564930 40W Cand Led 50k 3pk,,,Philips,Phillips Lighting (5831),564930,,,,3.0,partial,0.4,Phillips Lighting,5831,matched,normalized,0.95,,,unmatched,none,0.0,LGT_BULB,Light Bulbs,LGT,Lighting & Electrical Supplies,2.0,Lighting & Electrical Supplies > Light Bulbs,classified,rule_keyword,0.89,"{""wattage"": {""value"": ""40W"", ""confidence"": 0.99, ""evidence"": ""40W"", ""method"": ""rule""}, ""color_temperature"": {""value"": ""5000K"", ""confidence"": 0.98, ""evidence"": ""50k"", ""method"": ""rule""}, ""pack_quantity"": {""value"": 3, ""confidence"": 1.0, ""evidence"": ""3.0"", ""method"": ""rule""}}",complete,rule,0.99,valid
565000,565000 60W Led Med 27k 2pk,,,Philips,Phillips Lighting (5831),565000,,,,2.0,partial,0.4,Phillips Lighting,5831,matched,normalized,0.95,,,unmatched,none,0.0,LGT_BULB_LED,LED Light Bulbs,LGT_BULB,Light Bulbs,3.0,Light Bulbs > LED Light Bulbs,classified,rule_keyword,0.94,"{""wattage"": {""value"": ""60W"", ""confidence"": 0.99, ""evidence"": ""60W"", ""method"": ""rule""}, ""color_temperature"": {""value"": ""2700K"", ""confidence"": 0.98, ""evidence"": ""27k"", ""method"": ""rule""}, ""pack_quantity"": {""value"": 2, ""confidence"": 1.0, ""evidence"": ""2.0"", ""method"": ""rule""}}",complete,rule,0.99,valid
564922,564922 60W Led BA11 50k 3pk,,,Philips,Phillips Lighting (5831),564922,,,,3.0,partial,0.4,Phillips Lighting,5831,matched,normalized,0.95,,,unmatched,none,0.0,LGT_BULB_LED,LED Light Bulbs,LGT_BULB,Light Bulbs,3.0,Light Bulbs > LED Light Bulbs,classified,rule_keyword,0.9,"{""wattage"": {""value"": ""60W"", ""confidence"": 0.99, ""evidence"": ""60W"", ""method"": ""rule""}, ""color_temperature"": {""value"": ""5000K"", ""confidence"": 0.98, ""evidence"": ""50k"", ""method"": ""rule""}, ""pack_quantity"": {""value"": 3, ""confidence"": 1.0, ""evidence"": ""3.0"", ""method"": ""rule""}}",complete,rule,0.99,valid
573295,573295 40W Led Med 27k 2pk,,,Philips,Phillips Lighting (5831),573295,,,,2.0,partial,0.4,Phillips Lighting,5831,matched,normalized,0.95,,,unmatched,none,0.0,LGT_BULB_LED,LED Light Bulbs,LGT_BULB,Light Bulbs,3.0,Light Bulbs > LED Light Bulbs,classified,rule_keyword,0.9,"{""wattage"": {""value"": ""40W"", ""confidence"": 0.99, ""evidence"": ""40W"", ""method"": ""rule""}, ""color_temperature"": {""value"": ""2700K"", ""confidence"": 0.98, ""evidence"": ""27k"", ""method"": ""rule""}, ""pack_quantity"": {""value"": 2, ""confidence"": 1.0, ""evidence"": ""2.0"", ""method"": ""rule""}}",complete,rule,0.99,valid
564914,564914 60W Med Led 50k 2pk,,,Philips,Phillips Lighting (5831),564914,,,,2.0,partial,0.4,Phillips Lighting,5831,matched,normalized,0.95,,,unmatched,none,0.0,LGT,Lighting & Electrical Supplies,,,1.0,Lighting & Electrical Supplies,classified,candidate_match,0.88,"{""wattage"": {""value"": ""60W"", ""confidence"": 0.99, ""evidence"": ""60W"", ""method"": ""rule""}, ""color_temperature"": {""value"": ""5000K"", ""confidence"": 0.98, ""evidence"": ""50k"", ""method"": ""rule""}, ""pack_quantity"": {""value"": 2, ""confidence"": 1.0, ""evidence"": ""2.0"", ""method"": ""rule""}}",complete,rule,0.99,valid
573485,573485 60W Led A19 Med 50k 2pk,,,Philips,Phillips Lighting (5831),573485,,,,2.0,partial,0.4,Phillips Lighting,5831,matched,normalized,0.95,,,unmatched,none,0.0,LGT_BULB_LED,LED Light Bulbs,LGT_BULB,Light Bulbs,3.0,Light Bulbs > LED Light Bulbs,classified,rule_keyword,0.9,"{""wattage"": {""value"": ""60W"", ""confidence"": 0.99, ""evidence"": ""60W"", ""method"": ""rule""}, ""color_temperature"": {""value"": ""5000K"", ""confidence"": 0.98, ""evidence"": ""50k"", ""method"": ""rule""}, ""pack_quantity"": {""value"": 2, ""confidence"": 1.0, ""evidence"": ""2.0"", ""method"": ""rule""}}",complete,rule,0.99,valid
573337,573337 40W Led G25 Med 50k 2pk,,,Philips,Phillips Lighting (5831),573337,,,,2.0,partial,0.4,Phillips Lighting,5831,matched,normalized,0.95,,,unmatched,none,0.0,LGT,Lighting & Electrical Supplies,,,1.0,Lighting & Electrical Supplies,classified,candidate_match,0.88,"{""wattage"": {""value"": ""40W"", ""confidence"": 0.99, ""evidence"": ""40W"", ""method"": ""rule""}, ""color_temperature"": {""value"": ""5000K"", ""confidence"": 0.98, ""evidence"": ""50k"", ""method"": ""rule""}, ""pack_quantity"": {""value"": 2, ""confidence"": 1.0, ""evidence"": ""2.0"", ""method"": ""rule""}}",complete,rule,0.99,valid
544874,544874 32W Led T8 UBulb 40k,,,Philips,Phillips Lighting (5831),544874,,,,,partial,0.35,Phillips Lighting,5831,matched,normalized,0.95,,,unmatched,none,0.0,LGT_BULB,Light Bulbs,LGT,Lighting & Electrical Supplies,2.0,Lighting & Electrical Supplies > Light Bulbs,classified,rule_keyword,0.89,"{""wattage"": {""value"": ""32W"", ""confidence"": 0.99, ""evidence"": ""32W"", ""method"": ""rule""}, ""color_temperature"": {""value"": ""40K"", ""confidence"": 0.98, ""evidence"": ""40k"", ""method"": ""rule""}}",complete,rule,0.985,valid
570846,570846 50W Led Med 22K 2pk,,,Philips,Phillips Lighting (5831),570846,,,,2.0,partial,0.4,Phillips Lighting,5831,matched,normalized,0.95,,,unmatched,none,0.0,LGT_BULB_LED,LED Light Bulbs,LGT_BULB,Light Bulbs,3.0,Light Bulbs > LED Light Bulbs,classified,rule_keyword,0.9,"{""wattage"": {""value"": ""50W"", ""confidence"": 0.99, ""evidence"": ""50W"", ""method"": ""rule""}, ""pack_quantity"": {""value"": 2, ""confidence"": 1.0, ""evidence"": ""2.0"", ""method"": ""rule""}}",complete,rule,0.995,valid
565473,565473 60W Led A19 Bulb 2pk,,,Philips,Phillips Lighting (5831),565473,,,,2.0,partial,0.4,Phillips Lighting,5831,matched,normalized,0.95,,,unmatched,none,0.0,LGT_BULB_LED,LED Light Bulbs,LGT_BULB,Light Bulbs,3.0,Light Bulbs > LED Light Bulbs,classified,rule_keyword,0.9,"{""wattage"": {""value"": ""60W"", ""confidence"": 0.99, ""evidence"": ""60W"", ""method"": ""rule""}, ""pack_quantity"": {""value"": 2, ""confidence"": 1.0, ""evidence"": ""2.0"", ""method"": ""rule""}}",complete,rule,0.995,valid
573402,573402 60W Led Med 50k 2pk,,,Philips,Phillips Lighting (5831),573402,,,,2.0,partial,0.4,Phillips Lighting,5831,matched,normalized,0.95,,,unmatched,none,0.0,LGT_BULB_LED,LED Light Bulbs,LGT_BULB,Light Bulbs,3.0,Light Bulbs > LED Light Bulbs,classified,rule_keyword,0.94,"{""wattage"": {""value"": ""60W"", ""confidence"": 0.99, ""evidence"": ""60W"", ""method"": ""rule""}, ""color_temperature"": {""value"": ""5000K"", ""confidence"": 0.98, ""evidence"": ""50k"", ""method"": ""rule""}, ""pack_quantity"": {""value"": 2, ""confidence"": 1.0, ""evidence"": ""2.0"", ""method"": ""rule""}}",complete,rule,0.99,valid
573352,573352 40W Led Med 27k 2pk,,,Philips,Phillips Lighting (5831),573352,,,,2.0,partial,0.4,Phillips Lighting,5831,matched,normalized,0.95,,,unmatched,none,0.0,LGT_BULB_LED,LED Light Bulbs,LGT_BULB,Light Bulbs,3.0,Light Bulbs > LED Light Bulbs,classified,rule_keyword,0.9,"{""wattage"": {""value"": ""40W"", ""confidence"": 0.99, ""evidence"": ""40W"", ""method"": ""rule""}, ""color_temperature"": {""value"": ""2700K"", ""confidence"": 0.98, ""evidence"": ""27k"", ""method"": ""rule""}, ""pack_quantity"": {""value"": 2, ""confidence"": 1.0, ""evidence"": ""2.0"", ""method"": ""rule""}}",complete,rule,0.99,valid
573428,573428 40W Med Led 50k 2pk,,,Philips,Phillips Lighting (5831),573428,,,,2.0,partial,0.4,Phillips Lighting,5831,matched,normalized,0.95,,,unmatched,none,0.0,LGT,Lighting & Electrical Supplies,,,1.0,Lighting & Electrical Supplies,classified,candidate_match,0.88,"{""wattage"": {""value"": ""40W"", ""confidence"": 0.99, ""evidence"": ""40W"", ""method"": ""rule""}, ""color_temperature"": {""value"": ""5000K"", ""confidence"": 0.98, ""evidence"": ""50k"", ""method"": ""rule""}, ""pack_quantity"": {""value"": 2, ""confidence"": 1.0, ""evidence"": ""2.0"", ""method"": ""rule""}}",complete,rule,0.99,valid
573386,573386 60W Led Med 27k 2pk,,,Philips,Phillips Lighting (5831),573386,,,,2.0,partial,0.4,Phillips Lighting,5831,matched,normalized,0.95,,,unmatched,none,0.0,LGT_BULB_LED,LED Light Bulbs,LGT_BULB,Light Bulbs,3.0,Light Bulbs > LED Light Bulbs,classified,rule_keyword,0.94,"{""wattage"": {""value"": ""60W"", ""confidence"": 0.99, ""evidence"": ""60W"", ""method"": ""rule""}, ""color_temperature"": {""value"": ""2700K"", ""confidence"": 0.98, ""evidence"": ""27k"", ""method"": ""rule""}, ""pack_quantity"": {""value"": 2, ""confidence"": 1.0, ""evidence"": ""2.0"", ""method"": ""rule""}}",complete,rule,0.99,valid
564948,564948 40W Led Med 50k 3pk,,,Philips,Phillips Lighting (5831),564948,,,,3.0,partial,0.4,Phillips Lighting,5831,matched,normalized,0.95,,,unmatched,none,0.0,LGT_BULB_LED,LED Light Bulbs,LGT_BULB,Light Bulbs,3.0,Light Bulbs > LED Light Bulbs,classified,rule_keyword,0.9,"{""wattage"": {""value"": ""40W"", ""confidence"": 0.99, ""evidence"": ""40W"", ""method"": ""rule""}, ""color_temperature"": {""value"": ""5000K"", ""confidence"": 0.98, ""evidence"": ""50k"", ""method"": ""rule""}, ""pack_quantity"": {""value"": 3, ""confidence"": 1.0, ""evidence"": ""3.0"", ""method"": ""rule""}}",complete,rule,0.99,valid
573303,573303 40W Led Cand 27k 2pk,,,Philips,Phillips Lighting (5831),573303,,,,2.0,partial,0.4,Phillips Lighting,5831,matched,normalized,0.95,,,unmatched,none,0.0,LGT_BULB_LED,LED Light Bulbs,LGT_BULB,Light Bulbs,3.0,Light Bulbs > LED Light Bulbs,classified,rule_keyword,0.9,"{""wattage"": {""value"": ""40W"", ""confidence"": 0.99, ""evidence"": ""40W"", ""method"": ""rule""}, ""color_temperature"": {""value"": ""2700K"", ""confidence"": 0.98, ""evidence"": ""27k"", ""method"": ""rule""}, ""pack_quantity"": {""value"": 2, ""confidence"": 1.0, ""evidence"": ""2.0"", ""method"": ""rule""}}",complete,rule,0.99,valid
573188,573188 250W Led Par38 Med 50k,,,Philips,Phillips Lighting (5831),573188,,,,,partial,0.35,Phillips Lighting,5831,matched,normalized,0.95,,,unmatched,none,0.0,LGT,Lighting & Electrical Supplies,,,1.0,Lighting & Electrical Supplies,classified,candidate_match,0.88,"{""wattage"": {""value"": ""250W"", ""confidence"": 0.99, ""evidence"": ""250W"", ""method"": ""rule""}, ""color_temperature"": {""value"": ""5000K"", ""confidence"": 0.98, ""evidence"": ""50k"", ""method"": ""rule""}}",complete,rule,0.985,valid
573469,573469 40W Led A19 Med 50k 2pk,,,Philips,Phillips Lighting (5831),573469,,,,2.0,partial,0.4,Phillips Lighting,5831,matched,normalized,0.95,,,unmatched,none,0.0,LGT,Lighting & Electrical Supplies,,,1.0,Lighting & Electrical Supplies,classified,candidate_match,0.88,"{""wattage"": {""value"": ""40W"", ""confidence"": 0.99, ""evidence"": ""40W"", ""method"": ""rule""}, ""color_temperature"": {""value"": ""5000K"", ""confidence"": 0.98, ""evidence"": ""50k"", ""method"": ""rule""}, ""pack_quantity"": {""value"": 2, ""confidence"": 1.0, ""evidence"": ""2.0"", ""method"": ""rule""}}",complete,rule,0.99,valid
565671,565671 25W Led Med 20K,,,Philips,Phillips Lighting (5831),565671,,,,,partial,0.35,Phillips Lighting,5831,matched,normalized,0.95,,,unmatched,none,0.0,LGT_BULB_LED,LED Light Bulbs,LGT_BULB,Light Bulbs,3.0,Light Bulbs > LED Light Bulbs,classified,rule_keyword,0.9,"{""wattage"": {""value"": ""25W"", ""confidence"": 0.99, ""evidence"": ""25W"", ""method"": ""rule""}}",partial,rule,0.99,partial
573204,573204 75W Led Par20 Med 50k,,,Philips,Phillips Lighting (5831),573204,,,,,partial,0.35,Phillips Lighting,5831,matched,normalized,0.95,,,unmatched,none,0.0,LGT_BULB_LED,LED Light Bulbs,LGT_BULB,Light Bulbs,3.0,Light Bulbs > LED Light Bulbs,classified,rule_keyword,0.9,"{""wattage"": {""value"": ""75W"", ""confidence"": 0.99, ""evidence"": ""75W"", ""method"": ""rule""}, ""color_temperature"": {""value"": ""5000K"", ""confidence"": 0.98, ""evidence"": ""50k"", ""method"": ""rule""}}",complete,rule,0.985,valid
581199,581199 60W Led Med 2pk,,,Philips,Phillips Lighting (5831),581199,,,,2.0,partial,0.4,Phillips Lighting,5831,matched,normalized,0.95,,,unmatched,none,0.0,LGT_BULB_LED,LED Light Bulbs,LGT_BULB,Light Bulbs,3.0,Light Bulbs > LED Light Bulbs,classified,rule_keyword,0.94,"{""wattage"": {""value"": ""60W"", ""confidence"": 0.99, ""evidence"": ""60W"", ""method"": ""rule""}, ""pack_quantity"": {""value"": 2, ""confidence"": 1.0, ""evidence"": ""2.0"", ""method"": ""rule""}}",complete,rule,0.995,valid
565887,565887 60W Led Med 20k,,,Philips,Phillips Lighting (5831),565887,,,,,partial,0.35,Phillips Lighting,5831,matched,normalized,0.95,,,unmatched,none,0.0,LGT_BULB_LED,LED Light Bulbs,LGT_BULB,Light Bulbs,3.0,Light Bulbs > LED Light Bulbs,classified,rule_keyword,0.94,"{""wattage"": {""value"": ""60W"", ""confidence"": 0.99, ""evidence"": ""60W"", ""method"": ""rule""}}",partial,rule,0.99,partial
586867,586867 60W Led Med 27K,,,Philips,Phillips Lighting (5831),586867,,,,,partial,0.35,Phillips Lighting,5831,matched,normalized,0.95,,,unmatched,none,0.0,LGT_BULB_LED,LED Light Bulbs,LGT_BULB,Light Bulbs,3.0,Light Bulbs > LED Light Bulbs,classified,rule_keyword,0.94,"{""wattage"": {""value"": ""60W"", ""confidence"": 0.99, ""evidence"": ""60W"", ""method"": ""rule""}, ""color_temperature"": {""value"": ""2700K"", ""confidence"": 0.98, ""evidence"": ""27K"", ""method"": ""rule""}}",complete,rule,0.985,valid
568451,5686451 50W Led Med 50k 2pk,,,Philips,Phillips Lighting (5831),5686451,,,,2.0,partial,0.4,Phillips Lighting,5831,matched,normalized,0.95,,,unmatched,none,0.0,LGT_BULB_LED,LED Light Bulbs,LGT_BULB,Light Bulbs,3.0,Light Bulbs > LED Light Bulbs,classified,rule_keyword,0.9,"{""wattage"": {""value"": ""50W"", ""confidence"": 0.99, ""evidence"": ""50W"", ""method"": ""rule""}, ""color_temperature"": {""value"": ""5000K"", ""confidence"": 0.98, ""evidence"": ""50k"", ""method"": ""rule""}, ""pack_quantity"": {""value"": 2, ""confidence"": 1.0, ""evidence"": ""2.0"", ""method"": ""rule""}}",complete,rule,0.99,valid
568444,568444 90W Led Par38 50k 2pk,,,Philips,Phillips Lighting (5831),568444,,,,2.0,partial,0.4,Phillips Lighting,5831,matched,normalized,0.95,,,unmatched,none,0.0,LGT,Lighting & Electrical Supplies,,,1.0,Lighting & Electrical Supplies,classified,candidate_match,0.88,"{""wattage"": {""value"": ""90W"", ""confidence"": 0.99, ""evidence"": ""90W"", ""method"": ""rule""}, ""color_temperature"": {""value"": ""5000K"", ""confidence"": 0.98, ""evidence"": ""50k"", ""method"": ""rule""}, ""pack_quantity"": {""value"": 2, ""confidence"": 1.0, ""evidence"": ""2.0"", ""method"": ""rule""}}",complete,rule,0.99,valid
573196,573196 75W Led Med 30K,,,Philips,Phillips Lighting (5831),573196,,,,,partial,0.35,Phillips Lighting,5831,matched,normalized,0.95,,,unmatched,none,0.0,LGT_BULB_LED,LED Light Bulbs,LGT_BULB,Light Bulbs,3.0,Light Bulbs > LED Light Bulbs,classified,rule_keyword,0.94,"{""wattage"": {""value"": ""75W"", ""confidence"": 0.99, ""evidence"": ""75W"", ""method"": ""rule""}, ""color_temperature"": {""value"": ""3000K"", ""confidence"": 0.98, ""evidence"": ""30K"", ""method"": ""rule""}}",complete,rule,0.985,valid
564500,564500 75W Adj Base 50k 3pk,,,Philips,Phillips Lighting (5831),564500,,,,3.0,partial,0.4,Phillips Lighting,5831,matched,normalized,0.95,,,unmatched,none,0.0,LGT,Lighting & Electrical Supplies,,,1.0,Lighting & Electrical Supplies,classified,candidate_match,0.88,"{""wattage"": {""value"": ""75W"", ""confidence"": 0.99, ""evidence"": ""75W"", ""method"": ""rule""}, ""color_temperature"": {""value"": ""5000K"", ""confidence"": 0.98, ""evidence"": ""50k"", ""method"": ""rule""}, ""pack_quantity"": {""value"": 3, ""confidence"": 1.0, ""evidence"": ""3.0"", ""method"": ""rule""}}",complete,rule,0.99,valid
571513,571513 40/60/100 Led Med 27k,,,Philips,Phillips Lighting (5831),571513,,,,,partial,0.35,Phillips Lighting,5831,matched,normalized,0.95,,,unmatched,none,0.0,LGT_BULB_LED,LED Light Bulbs,LGT_BULB,Light Bulbs,3.0,Light Bulbs > LED Light Bulbs,classified,rule_keyword,0.9,"{""color_temperature"": {""value"": ""2700K"", ""confidence"": 0.98, ""evidence"": ""27k"", ""method"": ""rule""}}",partial,rule,0.98,partial
588566,588566 40W Led Med 55k 3pk,,,Philips,Phillips Lighting (5831),588566,,,,3.0,partial,0.4,Phillips Lighting,5831,matched,normalized,0.95,,,unmatched,none,0.0,LGT_BULB_LED,LED Light Bulbs,LGT_BULB,Light Bulbs,3.0,Light Bulbs > LED Light Bulbs,classified,rule_keyword,0.9,"{""wattage"": {""value"": ""40W"", ""confidence"": 0.99, ""evidence"": ""40W"", ""method"": ""rule""}, ""pack_quantity"": {""value"": 3, ""confidence"": 1.0, ""evidence"": ""3.0"", ""method"": ""rule""}}",complete,rule,0.995,valid
565655,565655 25W Led A15 Med 20k,,,Philips,Phillips Lighting (5831),565655,,,,,partial,0.35,Phillips Lighting,5831,matched,normalized,0.95,,,unmatched,none,0.0,LGT,Lighting & Electrical Supplies,,,1.0,Lighting & Electrical Supplies,classified,candidate_match,0.88,"{""wattage"": {""value"": ""25W"", ""confidence"": 0.99, ""evidence"": ""25W"", ""method"": ""rule""}}",partial,rule,0.99,partial
565812,565812 60W Med Led 50k,,,Philips,Phillips Lighting (5831),565812,,,,,partial,0.35,Phillips Lighting,5831,matched,normalized,0.95,,,unmatched,none,0.0,LGT,Lighting & Electrical Supplies,,,1.0,Lighting & Electrical Supplies,classified,candidate_match,0.88,"{""wattage"": {""value"": ""60W"", ""confidence"": 0.99, ""evidence"": ""60W"", ""method"": ""rule""}, ""color_temperature"": {""value"": ""5000K"", ""confidence"": 0.98, ""evidence"": ""50k"", ""method"": ""rule""}}",complete,rule,0.985,valid
586917,586917 40W Led Cand 27K 2pk,,,Philips,Phillips Lighting (5831),586917,,,,2.0,partial,0.4,Phillips Lighting,5831,matched,normalized,0.95,,,unmatched,none,0.0,LGT_BULB_LED,LED Light Bulbs,LGT_BULB,Light Bulbs,3.0,Light Bulbs > LED Light Bulbs,classified,rule_keyword,0.9,"{""wattage"": {""value"": ""40W"", ""confidence"": 0.99, ""evidence"": ""40W"", ""method"": ""rule""}, ""color_temperature"": {""value"": ""2700K"", ""confidence"": 0.98, ""evidence"": ""27K"", ""method"": ""rule""}, ""pack_quantity"": {""value"": 2, ""confidence"": 1.0, ""evidence"": ""2.0"", ""method"": ""rule""}}",complete,rule,0.99,valid
46719,49719 Wall Light Motion Wh,,,,Maxsa Innovations (MAXIN),49719,,,,,partial,0.35,Maxsa Innovations,MAXIN,matched,normalized,0.95,,,unmatched,none,0.0,LGT_FIX_WALL,Wall Sconces & Bath Lights,LGT_FIX,Light Fixtures,3.0,Light Fixtures > Wall Sconces & Bath Lights,classified,rule_keyword,0.92,{},none,none,0.0,invalid
59061BSL,59061BSL Kichler Ext Wall Lt,,,,Kichler Lighting (KICLI),59061BSL,,,,,partial,0.35,Kichler Lighting,KICLI,matched,normalized,0.95,,,unmatched,none,0.0,LGT_FIX_WALL,Wall Sconces & Bath Lights,LGT_FIX,Light Fixtures,3.0,Light Fixtures > Wall Sconces & Bath Lights,classified,rule_keyword,0.94,{},none,none,0.0,invalid
59062BSL,59062BSL Kichler Ext Wall Lt,,,,Kichler Lighting (KICLI),59062BSL,,,,,partial,0.35,Kichler Lighting,KICLI,matched,normalized,0.95,,,unmatched,none,0.0,LGT_FIX_WALL,Wall Sconces & Bath Lights,LGT_FIX,Light Fixtures,3.0,Light Fixtures > Wall Sconces & Bath Lights,classified,rule_keyword,0.94,{},none,none,0.0,invalid
59124BKT,59124BKT Kichler Ext Wall Lt,,,,Kichler Lighting (KICLI),59124BKT,,,,,partial,0.35,Kichler Lighting,KICLI,matched,normalized,0.95,,,unmatched,none,0.0,LGT_FIX_WALL,Wall Sconces & Bath Lights,LGT_FIX,Light Fixtures,3.0,Light Fixtures > Wall Sconces & Bath Lights,classified,rule_keyword,0.94,{},none,none,0.0,invalid
59025BK,59025BK Kichler Post Lt,,,,Kichler Lighting (KICLI),59025BK,,,,,partial,0.35,Kichler Lighting,KICLI,matched,normalized,0.95,,,unmatched,none,0.0,LGT,Lighting & Electrical Supplies,,,1.0,Lighting & Electrical Supplies,classified,candidate_match,0.88,{},none,none,0.0,invalid
DCL183,Dewalt DCL183 Light - Rechargeable,,,DEWALT,Black & Decker/dewlt (2585),Dewalt,Dewalt,,,,partial,0.6,Black & Decker/dewlt,2585,matched,normalized,0.95,DEWALT,BRD_DEWALT,matched,exact,1.0,LGT_BULB,Light Bulbs,LGT,Lighting & Electrical Supplies,2.0,Lighting & Electrical Supplies > Light Bulbs,classified,candidate_match,0.88,{},none,none,0.0,invalid
73020,73020 Nano Clip Light Bk,,,,Streamlight (7277),73020,,,,,partial,0.35,Streamlight,7277,matched,normalized,0.95,,,unmatched,none,0.0,LGT_BULB,Light Bulbs,LGT,Lighting & Electrical Supplies,2.0,Lighting & Electrical Supplies > Light Bulbs,classified,candidate_match,0.88,{},none,none,0.0,invalid
NEB-FLT-1021,NEBFLT1021 Slyde King FlashLt,,,,ACG Brands (1154),NEBFLT1021,King Industrial,,,,partial,0.6,ACG Brands,1154,matched,normalized,0.95,King Industrial,BRD_KINGINDUSTRIAL,matched,exact,1.0,ABR_DISC_STIKIT,Stikit Film Discs,ABR_DISC,Abrasive Discs & Wheels,3.0,Abrasive Discs & Wheels > Stikit Film Discs,classified,candidate_match,0.88,{},none,none,0.0,invalid
NEB-FLT-0053,NEBFLT0053 2600L Flash Light,,,,ACG Brands (1154),NEBFLT0053,,,,,partial,0.35,ACG Brands,1154,matched,normalized,0.95,King Industrial,BRD_KINGINDUSTRIAL,matched,normalized,0.9,LGT_BULB,Light Bulbs,LGT,Lighting & Electrical Supplies,2.0,Lighting & Electrical Supplies > Light Bulbs,classified,candidate_match,0.88,{},none,none,0.0,invalid
97708,97708 Police 800L Headlight,,,Police Security,Police Security (9470),97708,,,,,partial,0.35,Police Security,9470,matched,normalized,0.95,Police Security,BRD_POLICESECURITY,matched,normalized,0.9,LGT,Lighting & Electrical Supplies,,,1.0,Lighting & Electrical Supplies,classified,candidate_match,0.88,{},none,none,0.0,invalid
WORK6000XLTPPLUG,6000L Twin Head Work Light,,,Feit Electric,Feit Electric (3468),6000L,,,,,partial,0.35,Feit Electric,3468,matched,normalized,0.95,Feit Electric,BRD_FEITELECTRIC,matched,normalized,0.9,LGT_BULB,Light Bulbs,LGT,Lighting & Electrical Supplies,2.0,Lighting & Electrical Supplies > Light Bulbs,classified,candidate_match,0.88,{},none,none,0.0,invalid
HOM2040M200PRB,HOM2040M200PRB 200A Load Cntr,,,,Square D Con Prod Dv (6825),HOM2040M200PRB,,,,,partial,0.35,Square D Con Prod Dv,6825,matched,normalized,0.95,Square D,BRD_SQUARED,matched,normalized,0.9,,,,,,,unmatched,unmatched,0.0,{},none,none,0.0,invalid
HOM3060L225PGC,HOM3060L225PGC 225 Load Center,,,Square D,Square D Con Prod Dv (6825),HOM3060L225PGC,,,,,partial,0.35,Square D Con Prod Dv,6825,matched,normalized,0.95,Square D,BRD_SQUARED,matched,normalized,0.9,,,,,,,unmatched,unmatched,0.0,{},none,none,0.0,invalid
QO612L100RBCP,QO612L100RBCP 100A Load Center,,,Square D,Square D Con Prod Dv (6825),QO612L100RBCP,,,,,partial,0.35,Square D Con Prod Dv,6825,matched,normalized,0.95,Square D,BRD_SQUARED,matched,normalized,0.9,,,,,,,unmatched,unmatched,0.0,{},none,none,0.0,invalid
13093005,4/0 Aluminum Entrance Cable (Linear Foot),,,,Southwire/g Turner (6603),,,,,,failed,0.0,Southwire/g Turner,6603,matched,normalized,0.95,Southwire,BRD_SOUTHWIRE,matched,normalized,0.9,LGT_ELEC_WIRE,Electrical Wire & Cable,LGT_ELEC,Electrical Boxes & Wiring,3.0,Electrical Boxes & Wiring > Electrical Wire & Cable,classified,rule_keyword,0.91,{},none,none,0.0,invalid
12-4 SO,12-4 SO Cord (Linear Foot),,,,-,12-4,,,,,partial,0.35,,,unmatched,none,0.0,,,unmatched,none,0.0,LGT_ELEC_WIRE,Electrical Wire & Cable,LGT_ELEC,Electrical Boxes & Wiring,3.0,Electrical Boxes & Wiring > Electrical Wire & Cable,classified,rule_keyword,0.9,{},none,none,0.0,invalid
96263-46-06,96263-46-06 CAT5E Wire (Linear Foot),,,,Woods Wire Southwire (7579),96263-46-06,,,,,partial,0.35,Woods Wire Southwire,7579,matched,normalized,0.95,,,unmatched,none,0.0,,,,,,,unmatched,unmatched,0.0,{},none,none,0.0,invalid
R50003-ID,16-2 Stranded Wire CL3 500' (Linear Foot),,,,Southwire/g Turner (6603),16-2,,,,,partial,0.35,Southwire/g Turner,6603,matched,normalized,0.95,Southwire,BRD_SOUTHWIRE,matched,normalized,0.9,LGT_ELEC_WIRE,Electrical Wire & Cable,LGT_ELEC,Electrical Boxes & Wiring,3.0,Electrical Boxes & Wiring > Electrical Wire & Cable,classified,rule_keyword,0.9,{},none,none,0.0,invalid
10-4 SO,10-4 SO Cord (Linear Foot),,,,Southwire/g Turner (6603),10-4,,,,,partial,0.35,Southwire/g Turner,6603,matched,normalized,0.95,Southwire,BRD_SOUTHWIRE,matched,normalized,0.9,LGT_ELEC_WIRE,Electrical Wire & Cable,LGT_ELEC,Electrical Boxes & Wiring,3.0,Electrical Boxes & Wiring > Electrical Wire & Cable,classified,rule_keyword,0.9,{},none,none,0.0,invalid
23346-0408,23346-0408 Wire 16/3 SJEWA 250 (Linear Foot),,,,-,23346-0408,,,,,partial,0.35,,,unmatched,none,0.0,,,unmatched,none,0.0,,,,,,,unmatched,unmatched,0.0,{},none,none,0.0,invalid
2/2/4 UD ALUM,2/2/4 UD Aluminum Triplex Wire (Linear Foot),,,,Southwire/g Turner (6603),,,,,,failed,0.0,Southwire/g Turner,6603,matched,normalized,0.95,Southwire,BRD_SOUTHWIRE,matched,normalized,0.9,,,,,,,unmatched,unmatched,0.0,{},none,none,0.0,invalid
55418901,6/6/6 UD Triplex Aluminum Wire,,,,Southwire/g Turner (6603),,,,,,failed,0.0,Southwire/g Turner,6603,matched,normalized,0.95,Southwire,BRD_SOUTHWIRE,matched,normalized,0.9,LGT_ELEC,Electrical Boxes & Wiring,LGT,Lighting & Electrical Supplies,2.0,Lighting & Electrical Supplies > Electrical Boxes & Wiring,classified,candidate_match,0.88,{},none,none,0.0,invalid
CG50K,"CG50K 1/2"" Cord Grip Kit",,,,Fenton Bros Electric Inc (FENBR),CG50K,,,1/2 in,,partial,0.45,Fenton Bros Electric Inc,FENBR,matched,normalized,0.95,,,unmatched,none,0.0,LGT_ELEC,Electrical Boxes & Wiring,LGT,Lighting & Electrical Supplies,2.0,Lighting & Electrical Supplies > Electrical Boxes & Wiring,classified,candidate_match,0.88,{},none,none,0.0,invalid
R02-D215P-1RW,R02D215P1RW 15A Mini Outlet Wh,,,Leviton,Leviton Mfg Co (4927),R02D215P1RW,,,,,partial,0.35,Leviton Mfg Co,4927,matched,normalized,0.95,Leviton,BRD_LEVITON,matched,normalized,0.9,,,,,,,unmatched,unmatched,0.0,{},none,none,0.0,invalid
PBUC013,PBUC013 15A Wall Tap w/USB,,,Prime,Prime Wire & Cable (3562),PBUC013,,,,,partial,0.35,Prime Wire & Cable,3562,matched,normalized,0.95,Prime,BRD_PRIME,matched,normalized,0.9,LGT_ELEC_WIRE,Electrical Wire & Cable,LGT_ELEC,Electrical Boxes & Wiring,3.0,Electrical Boxes & Wiring > Electrical Wire & Cable,classified,candidate_match,0.88,{},none,none,0.0,invalid
R00-GFNT1-00K,R00GFNT100K 15A Outlet Br,,,Leviton,Leviton Mfg Co (4927),R00GFNT100K,,,,,partial,0.35,Leviton Mfg Co,4927,matched,normalized,0.95,Leviton,BRD_LEVITON,matched,normalized,0.9,LGT_ELEC,Electrical Boxes & Wiring,LGT,Lighting & Electrical Supplies,2.0,Lighting & Electrical Supplies > Electrical Boxes & Wiring,classified,candidate_match,0.88,{},none,none,0.0,invalid
R92-GFWT1-0KW,R92GFWT10KW 15A GFCI Outlet Wh,,,Leviton,Leviton Mfg Co (4927),R92GFWT10KW,,,,,partial,0.35,Leviton Mfg Co,4927,matched,normalized,0.95,Leviton,BRD_LEVITON,matched,normalized,0.9,LGT_ELEC,Electrical Boxes & Wiring,LGT,Lighting & Electrical Supplies,2.0,Lighting & Electrical Supplies > Electrical Boxes & Wiring,classified,candidate_match,0.88,{},none,none,0.0,invalid
R12-AGTR1-0KW,R12AGTR10KW 15A GFCI Outler Wh,,,Leviton,Leviton Mfg Co (4927),R12AGTR10KW,,,,,partial,0.35,Leviton Mfg Co,4927,matched,normalized,0.95,Leviton,BRD_LEVITON,matched,normalized,0.9,,,,,,,unmatched,unmatched,0.0,{},none,none,0.0,invalid
R62-GFTA1-0KW,R92GFTA10KW 15A GFCI Outlet Wh,,,Leviton,Leviton Mfg Co (4927),R92GFTA10KW,,,,,partial,0.35,Leviton Mfg Co,4927,matched,normalized,0.95,Leviton,BRD_LEVITON,matched,normalized,0.9,LGT_ELEC,Electrical Boxes & Wiring,LGT,Lighting & Electrical Supplies,2.0,Lighting & Electrical Supplies > Electrical Boxes & Wiring,classified,candidate_match,0.88,{},none,none,0.0,invalid
165-04729-00C,1650472900C 15A 125V Cord Conn,,,Leviton,Leviton Mfg Co (4927),1650472900C,,,,,partial,0.35,Leviton Mfg Co,4927,matched,normalized,0.95,Leviton,BRD_LEVITON,matched,normalized,0.9,,,,,,,unmatched,unmatched,0.0,{},none,none,0.0,invalid
161-04720-00C,1610472000C 15A 125V Cord Conn,,,Leviton,Leviton Mfg Co (4927),1610472000C,,,,,partial,0.35,Leviton Mfg Co,4927,matched,normalized,0.95,Leviton,BRD_LEVITON,matched,normalized,0.9,,,,,,,unmatched,unmatched,0.0,{},none,none,0.0,invalid
R02-GUAC1-0BW,R02GUAC10BW 15A/USB Outlet Wh,,,Leviton,Leviton Mfg Co (4927),R02GUAC10BW,,,,,partial,0.35,Leviton Mfg Co,4927,matched,normalized,0.95,Leviton,BRD_LEVITON,matched,normalized,0.9,,,,,,,unmatched,unmatched,0.0,{},none,none,0.0,invalid
R56-CBR15-00T,R56CBR1500T 15A Outlet LA,,,Leviton,Leviton Mfg Co (4927),R56CBR1500T,,,,,partial,0.35,Leviton Mfg Co,4927,matched,normalized,0.95,Leviton,BRD_LEVITON,matched,normalized,0.9,LGT_ELEC,Electrical Boxes & Wiring,LGT,Lighting & Electrical Supplies,2.0,Lighting & Electrical Supplies > Electrical Boxes & Wiring,classified,candidate_match,0.88,{},none,none,0.0,invalid
R20-05378-P00,R2005378P00 6-50R Welder Outet,,,Leviton,Leviton Mfg Co (4927),R2005378P00,,,,,partial,0.35,Leviton Mfg Co,4927,matched,normalized,0.95,Leviton,BRD_LEVITON,matched,normalized,0.9,,,,,,,unmatched,unmatched,0.0,{},none,none,0.0,invalid
WC1V12W-SG-UPC,WC1V12WSGUPC 1G Cover Wh,,,Southwire,Southwire/g Turner (6603),WC1V12WSGUPC,,,,,partial,0.35,Southwire/g Turner,6603,matched,normalized,0.95,Southwire,BRD_SOUTHWIRE,matched,normalized,0.9,,,,,,,unmatched,unmatched,0.0,{},none,none,0.0,invalid
R51-GSRA1-THD,R5GSRA1THD 15A GFCI Plug,,,Leviton,Leviton Mfg Co (4927),R5GSRA1THD,,,,,partial,0.35,Leviton Mfg Co,4927,matched,normalized,0.95,Leviton,BRD_LEVITON,matched,normalized,0.9,,,,,,,unmatched,unmatched,0.0,{},none,none,0.0,invalid
R62-CBR15-00W,R62CBR1500W 15A Outlet Wh,,,Leviton,Leviton Mfg Co (4927),R62CBR1500W,,,,,partial,0.35,Leviton Mfg Co,4927,matched,normalized,0.95,Leviton,BRD_LEVITON,matched,normalized,0.9,,,,,,,unmatched,unmatched,0.0,{},none,none,0.0,invalid
S03-05226-IS,S0305226IS IV Switch / Pilot,,,Leviton,Leviton Mfg Co (4927),S0305226IS,,,,,partial,0.35,Leviton Mfg Co,4927,matched,normalized,0.95,Leviton,BRD_LEVITON,matched,normalized,0.9,,,,,,,unmatched,unmatched,0.0,{},none,none,0.0,invalid
174-0CSB3-15W,174-OCSB3-15A Toggle 3-Way Switch Wh,,,,Leviton Mfg Co (4927),174-OCSB3-15A,,,,,partial,0.35,Leviton Mfg Co,4927,matched,normalized,0.95,Leviton,BRD_LEVITON,matched,normalized,0.9,,,,,,,unmatched,unmatched,0.0,{},none,none,0.0,invalid
R50-0SL13-000,T50-0SL13000 1G Wallplate SS - Blank,,,Leviton,Leviton Mfg Co (4927),T50-0SL13000,,,,,partial,0.35,Leviton Mfg Co,4927,matched,normalized,0.95,Leviton,BRD_LEVITON,matched,normalized,0.9,,,,,,,unmatched,unmatched,0.0,{},none,none,0.0,invalid
R52-0PJ13-00W,R520PJ1300W 1G Wallplate Wh - Blank,,,Leviton,Leviton Mfg Co (4927),R520PJ1300W,,,,,partial,0.35,Leviton Mfg Co,4927,matched,normalized,0.95,Leviton,BRD_LEVITON,matched,normalized,0.9,,,,,,,unmatched,unmatched,0.0,{},none,none,0.0,invalid
XOU2470BCGS,XOU2470BCGS Tall Beverage Center SS,,,,Appliance Dealers Cooperative (APPDE),XOU2470BCGS,,,,,partial,0.35,Appliance Dealers Cooperative,APPDE,matched,normalized,0.95,,,unmatched,none,0.0,APP_CLEAN_LAUNDRY,"Washers, Dryers & Laundry Centers",APP_CLEAN,Cleaning & Laundry Appliances,3.0,"Cleaning & Laundry Appliances > Washers, Dryers & Laundry Centers",classified,candidate_match,0.88,"{""color_finish"": {""value"": ""Stainless Steel"", ""confidence"": 0.98, ""evidence"": ""SS"", ""method"": ""rule""}}",partial,rule,0.98,partial
XOU24BCGSR,XOU24BCGSR Beverage Center SS,,,,Appliance Dealers Cooperative (APPDE),XOU24BCGSR,,,,,partial,0.35,Appliance Dealers Cooperative,APPDE,matched,normalized,0.95,,,unmatched,none,0.0,APP_CLEAN_LAUNDRY,"Washers, Dryers & Laundry Centers",APP_CLEAN,Cleaning & Laundry Appliances,3.0,"Cleaning & Laundry Appliances > Washers, Dryers & Laundry Centers",classified,candidate_match,0.88,"{""color_finish"": {""value"": ""Stainless Steel"", ""confidence"": 0.98, ""evidence"": ""SS"", ""method"": ""rule""}}",partial,rule,0.98,partial
XOU24WDZGBR,XOU24WDZGBR Beverage Center Bk,,,,Appliance Dealers Cooperative (APPDE),XOU24WDZGBR,,,,,partial,0.35,Appliance Dealers Cooperative,APPDE,matched,normalized,0.95,,,unmatched,none,0.0,APP_CLEAN_LAUNDRY,"Washers, Dryers & Laundry Centers",APP_CLEAN,Cleaning & Laundry Appliances,3.0,"Cleaning & Laundry Appliances > Washers, Dryers & Laundry Centers",classified,candidate_match,0.88,{},none,none,0.0,invalid
C7CDAAS3PD3,C7CDAAS3PD3 Café Drip Coffee Maker MB,,,,Appliance Dealers Cooperative (APPDE),C7CDAAS3PD3,,,,,partial,0.35,Appliance Dealers Cooperative,APPDE,matched,normalized,0.95,,,unmatched,none,0.0,APP_CLEAN_LAUNDRY,"Washers, Dryers & Laundry Centers",APP_CLEAN,Cleaning & Laundry Appliances,3.0,"Cleaning & Laundry Appliances > Washers, Dryers & Laundry Centers",classified,candidate_match,0.88,{},none,none,0.0,invalid
C7CDAAS4PW3,C7CDAAS4PW3 Café Drip Coffee Maker MW,,,,Appliance Dealers Cooperative (APPDE),C7CDAAS4PW3,,,,,partial,0.35,Appliance Dealers Cooperative,APPDE,matched,normalized,0.95,,,unmatched,none,0.0,APP_CLEAN_LAUNDRY,"Washers, Dryers & Laundry Centers",APP_CLEAN,Cleaning & Laundry Appliances,3.0,"Cleaning & Laundry Appliances > Washers, Dryers & Laundry Centers",classified,candidate_match,0.88,{},none,none,0.0,invalid
C7CDABS2RS3,C7CDABS2RS3 Cafe Coffee Maker,,,,Appliance Dealers Cooperative (APPDE),C7CDABS2RS3,,,,,partial,0.35,Appliance Dealers Cooperative,APPDE,matched,normalized,0.95,,,unmatched,none,0.0,APP_CLEAN_LAUNDRY,"Washers, Dryers & Laundry Centers",APP_CLEAN,Cleaning & Laundry Appliances,3.0,"Cleaning & Laundry Appliances > Washers, Dryers & Laundry Centers",classified,candidate_match,0.88,{},none,none,0.0,invalid
C7CDABS3RD3,C7CDABS3RD3 Café Coffee Maker MB,,,,Appliance Dealers Cooperative (APPDE),C7CDABS3RD3,,,,,partial,0.35,Appliance Dealers Cooperative,APPDE,matched,normalized,0.95,,,unmatched,none,0.0,APP_CLEAN_LAUNDRY,"Washers, Dryers & Laundry Centers",APP_CLEAN,Cleaning & Laundry Appliances,3.0,"Cleaning & Laundry Appliances > Washers, Dryers & Laundry Centers",classified,candidate_match,0.88,{},none,none,0.0,invalid
C7CDABS4RW3,C7CDABS4RW3 Café Coffee Maker MW,,,,Appliance Dealers Cooperative (APPDE),C7CDABS4RW3,,,,,partial,0.35,Appliance Dealers Cooperative,APPDE,matched,normalized,0.95,,,unmatched,none,0.0,APP_CLEAN_LAUNDRY,"Washers, Dryers & Laundry Centers",APP_CLEAN,Cleaning & Laundry Appliances,3.0,"Cleaning & Laundry Appliances > Washers, Dryers & Laundry Centers",classified,candidate_match,0.88,{},none,none,0.0,invalid
C7CEBBS2RS3,C7CEBBS2RS3 Cafe Auto Espresso Machine SS,,,,Appliance Dealers Cooperative (APPDE),C7CEBBS2RS3,,,,,partial,0.35,Appliance Dealers Cooperative,APPDE,matched,normalized,0.95,,,unmatched,none,0.0,APP_CLEAN_LAUNDRY,"Washers, Dryers & Laundry Centers",APP_CLEAN,Cleaning & Laundry Appliances,3.0,"Cleaning & Laundry Appliances > Washers, Dryers & Laundry Centers",classified,candidate_match,0.88,"{""color_finish"": {""value"": ""Stainless Steel"", ""confidence"": 0.98, ""evidence"": ""SS"", ""method"": ""rule""}}",partial,rule,0.98,partial
C7CEBBS4RW3,C7CEBBS4RW3 Café Auto Espresso Machine Wh,,,,Appliance Dealers Cooperative (APPDE),C7CEBBS4RW3,,,,,partial,0.35,Appliance Dealers Cooperative,APPDE,matched,normalized,0.95,,,unmatched,none,0.0,APP_CLEAN_LAUNDRY,"Washers, Dryers & Laundry Centers",APP_CLEAN,Cleaning & Laundry Appliances,3.0,"Cleaning & Laundry Appliances > Washers, Dryers & Laundry Centers",classified,candidate_match,0.88,{},none,none,0.0,invalid
C7CESAS2RS3,C7CESAS2RS3 Café Espresso SS,,,,Appliance Dealers Cooperative (APPDE),C7CESAS2RS3,,,,,partial,0.35,Appliance Dealers Cooperative,APPDE,matched,normalized,0.95,,,unmatched,none,0.0,APP_CLEAN_LAUNDRY,"Washers, Dryers & Laundry Centers",APP_CLEAN,Cleaning & Laundry Appliances,3.0,"Cleaning & Laundry Appliances > Washers, Dryers & Laundry Centers",classified,candidate_match,0.88,"{""color_finish"": {""value"": ""Stainless Steel"", ""confidence"": 0.98, ""evidence"": ""SS"", ""method"": ""rule""}}",partial,rule,0.98,partial
C7CESAS3RD3,C7CESAS3RD3 Café Espresso Machine MB,,,,Appliance Dealers Cooperative (APPDE),C7CESAS3RD3,,,,,partial,0.35,Appliance Dealers Cooperative,APPDE,matched,normalized,0.95,,,unmatched,none,0.0,APP_CLEAN_LAUNDRY,"Washers, Dryers & Laundry Centers",APP_CLEAN,Cleaning & Laundry Appliances,3.0,"Cleaning & Laundry Appliances > Washers, Dryers & Laundry Centers",classified,candidate_match,0.88,{},none,none,0.0,invalid
C7CESAS4RW3,C7CESAS4RW3 Cafe Espresso Wh,,,,Appliance Dealers Cooperative (APPDE),C7CESAS4RW3,,,,,partial,0.35,Appliance Dealers Cooperative,APPDE,matched,normalized,0.95,,,unmatched,none,0.0,APP_CLEAN_LAUNDRY,"Washers, Dryers & Laundry Centers",APP_CLEAN,Cleaning & Laundry Appliances,3.0,"Cleaning & Laundry Appliances > Washers, Dryers & Laundry Centers",classified,candidate_match,0.88,{},none,none,0.0,invalid
WOSP30100SS,WOSP30100SS Beko Wall Oven SS,,,,Appliance Dealers Cooperative (APPDE),WOSP30100SS,,,,,partial,0.35,Appliance Dealers Cooperative,APPDE,matched,normalized,0.95,,,unmatched,none,0.0,APP_CLEAN_LAUNDRY,"Washers, Dryers & Laundry Centers",APP_CLEAN,Cleaning & Laundry Appliances,3.0,"Cleaning & Laundry Appliances > Washers, Dryers & Laundry Centers",classified,candidate_match,0.88,"{""color_finish"": {""value"": ""Stainless Steel"", ""confidence"": 0.98, ""evidence"": ""SS"", ""method"": ""rule""}}",partial,rule,0.98,partial
MSER2090S,MSER2090S LG Microwave SS,,,,Appliance Dealers Cooperative (APPDE),MSER2090S,LG,,,,partial,0.6,Appliance Dealers Cooperative,APPDE,matched,normalized,0.95,LG,BRD_LG,matched,exact,1.0,APP_KITCHEN_MICROWAVE,Microwaves & Ranges,APP_KITCHEN,Kitchen Appliances & Cooking,3.0,Kitchen Appliances & Cooking > Microwaves & Ranges,classified,rule_keyword,0.94,"{""color_finish"": {""value"": ""Stainless Steel"", ""confidence"": 0.98, ""evidence"": ""SS"", ""method"": ""rule""}}",partial,rule,0.98,partial
GCST16S1WSS,GCST16S1WSS GE Microwave SS,,,,Appliance Dealers Cooperative (APPDE),GCST16S1WSS,GE,,,,partial,0.6,Appliance Dealers Cooperative,APPDE,matched,normalized,0.95,GE,BRD_GE,matched,exact,1.0,APP_KITCHEN_MICROWAVE,Microwaves & Ranges,APP_KITCHEN,Kitchen Appliances & Cooking,3.0,Kitchen Appliances & Cooking > Microwaves & Ranges,classified,rule_keyword,0.94,"{""color_finish"": {""value"": ""Stainless Steel"", ""confidence"": 0.98, ""evidence"": ""SS"", ""method"": ""rule""}}",partial,rule,0.98,partial
PCWK15C1WSS,PCWK15C1WSS GE Microwave,,,,Appliance Dealers Cooperative (APPDE),PCWK15C1WSS,GE,,,,partial,0.6,Appliance Dealers Cooperative,APPDE,matched,normalized,0.95,GE,BRD_GE,matched,exact,1.0,APP_KITCHEN_MICROWAVE,Microwaves & Ranges,APP_KITCHEN,Kitchen Appliances & Cooking,3.0,Kitchen Appliances & Cooking > Microwaves & Ranges,classified,rule_keyword,0.94,{},none,none,0.0,invalid
SMC2266KS,SMC2266KS Microwave SS Display Only,,,,Appliance Dealers Cooperative (APPDE),SMC2266KS,,,,,partial,0.35,Appliance Dealers Cooperative,APPDE,matched,normalized,0.95,,,unmatched,none,0.0,APP_KITCHEN_MICROWAVE,Microwaves & Ranges,APP_KITCHEN,Kitchen Appliances & Cooking,3.0,Kitchen Appliances & Cooking > Microwaves & Ranges,classified,rule_keyword,0.94,"{""color_finish"": {""value"": ""Stainless Steel"", ""confidence"": 0.98, ""evidence"": ""SS"", ""method"": ""rule""}}",partial,rule,0.98,partial
SMD2479JS,SMD2479JS Microwave Drawer SS Display Only,,,,Appliance Dealers Cooperative (APPDE),SMD2479JS,,,,,partial,0.35,Appliance Dealers Cooperative,APPDE,matched,normalized,0.95,,,unmatched,none,0.0,APP_KITCHEN_MICROWAVE,Microwaves & Ranges,APP_KITCHEN,Kitchen Appliances & Cooking,3.0,Kitchen Appliances & Cooking > Microwaves & Ranges,classified,rule_keyword,0.94,"{""color_finish"": {""value"": ""Stainless Steel"", ""confidence"": 0.98, ""evidence"": ""SS"", ""method"": ""rule""}}",partial,rule,0.98,partial
PEP9030DTBB,"PEP9030DTBB 30"" GE Cooktop Bk",,,,Appliance Dealers Cooperative (APPDE),PEP9030DTBB,GE,,30 in,,partial,0.7,Appliance Dealers Cooperative,APPDE,matched,normalized,0.95,GE,BRD_GE,matched,exact,1.0,APP_CLEAN_DISH,Built-In Dishwashers,APP_CLEAN,Cleaning & Laundry Appliances,3.0,Cleaning & Laundry Appliances > Built-In Dishwashers,classified,candidate_match,0.88,{},none,none,0.0,invalid
CES700P3MD1,"CES700P3MD1 Cafe 30"" Range Bk - Display",,,,Appliance Dealers Cooperative (APPDE),CES700P3MD1,,,30 in,,partial,0.45,Appliance Dealers Cooperative,APPDE,matched,normalized,0.95,,,unmatched,none,0.0,APP_CLEAN_LAUNDRY,"Washers, Dryers & Laundry Centers",APP_CLEAN,Cleaning & Laundry Appliances,3.0,"Cleaning & Laundry Appliances > Washers, Dryers & Laundry Centers",classified,candidate_match,0.88,{},none,none,0.0,invalid
PS960YPFS,"PS960YPFS 30"" GE Electric Range SS - Display Only",,,,Appliance Dealers Cooperative (APPDE),PS960YPFS,GE,,30 in,,partial,0.7,Appliance Dealers Cooperative,APPDE,matched,normalized,0.95,GE,BRD_GE,matched,exact,1.0,APP_KITCHEN,Kitchen Appliances & Cooking,APP,Home Appliances,2.0,Home Appliances > Kitchen Appliances & Cooking,classified,candidate_match,0.88,"{""color_finish"": {""value"": ""Stainless Steel"", ""confidence"": 0.98, ""evidence"": ""SS"", ""method"": ""rule""}}",partial,rule,0.98,partial
PB900YVFS,"PB900YVFS Elect 30"" Range SS",,,,Appliance Dealers Cooperative (APPDE),PB900YVFS,,,30 in,,partial,0.45,Appliance Dealers Cooperative,APPDE,matched,normalized,0.95,,,unmatched,none,0.0,APP_KITCHEN_MICROWAVE,Microwaves & Ranges,APP_KITCHEN,Kitchen Appliances & Cooking,3.0,Kitchen Appliances & Cooking > Microwaves & Ranges,classified,candidate_match,0.88,"{""color_finish"": {""value"": ""Stainless Steel"", ""confidence"": 0.98, ""evidence"": ""SS"", ""method"": ""rule""}}",partial,rule,0.98,partial
PCFE3080AF,"PCFE3080AF 30"" Elect Range SS - Display Only",,,,Appliance Dealers Cooperative (APPDE),PCFE3080AF,,,30 in,,partial,0.45,Appliance Dealers Cooperative,APPDE,matched,normalized,0.95,,,unmatched,none,0.0,APP_KITCHEN,Kitchen Appliances & Cooking,APP,Home Appliances,2.0,Home Appliances > Kitchen Appliances & Cooking,classified,candidate_match,0.88,"{""color_finish"": {""value"": ""Stainless Steel"", ""confidence"": 0.98, ""evidence"": ""SS"", ""method"": ""rule""}}",partial,rule,0.98,partial
SLER30524SS,"SLER30524SS 30"" Elect Range SS",,,,Appliance Dealers Cooperative (APPDE),SLER30524SS,,,30 in,,partial,0.45,Appliance Dealers Cooperative,APPDE,matched,normalized,0.95,,,unmatched,none,0.0,APP_CLEAN_LAUNDRY,"Washers, Dryers & Laundry Centers",APP_CLEAN,Cleaning & Laundry Appliances,3.0,"Cleaning & Laundry Appliances > Washers, Dryers & Laundry Centers",classified,candidate_match,0.88,"{""color_finish"": {""value"": ""Stainless Steel"", ""confidence"": 0.98, ""evidence"": ""SS"", ""method"": ""rule""}}",partial,rule,0.98,partial
LSEL6333ZE,"LSEL6333ZE LG 30"" Elec Range BS-Display Only",,,,Appliance Dealers Cooperative (APPDE),LSEL6333ZE,LG,,30 in,,partial,0.7,Appliance Dealers Cooperative,APPDE,matched,normalized,0.95,LG,BRD_LG,matched,exact,1.0,APP_KITCHEN,Kitchen Appliances & Cooking,APP,Home Appliances,2.0,Home Appliances > Kitchen Appliances & Cooking,classified,candidate_match,0.88,{},none,none,0.0,invalid
KSES530SBE,"KSES530SBE 30"" Elect Range BO Display Only",,,,Appliance Dealers Cooperative (APPDE),KSES530SBE,,,30 in,,partial,0.45,Appliance Dealers Cooperative,APPDE,matched,normalized,0.95,,,unmatched,none,0.0,APP_KITCHEN,Kitchen Appliances & Cooking,APP,Home Appliances,2.0,Home Appliances > Kitchen Appliances & Cooking,classified,candidate_match,0.88,{},none,none,0.0,invalid
GCFG3661AF,"GCFG3661AF 36"" Frigidaire Gas Range SS",,,,Appliance Dealers Cooperative (APPDE),GCFG3661AF,,,36 in,,partial,0.45,Appliance Dealers Cooperative,APPDE,matched,normalized,0.95,,,unmatched,none,0.0,APP_KITCHEN_MICROWAVE,Microwaves & Ranges,APP_KITCHEN,Kitchen Appliances & Cooking,3.0,Kitchen Appliances & Cooking > Microwaves & Ranges,classified,candidate_match,0.88,"{""color_finish"": {""value"": ""Stainless Steel"", ""confidence"": 0.98, ""evidence"": ""SS"", ""method"": ""rule""}}",partial,rule,0.98,partial
WSGS7530RZ,"WSGS7530RZ 30"" Gas Range SS - Display Only",,,,Appliance Dealers Cooperative (APPDE),WSGS7530RZ,,,30 in,,partial,0.45,Appliance Dealers Cooperative,APPDE,matched,normalized,0.95,,,unmatched,none,0.0,APP_CLEAN_LAUNDRY,"Washers, Dryers & Laundry Centers",APP_CLEAN,Cleaning & Laundry Appliances,3.0,"Cleaning & Laundry Appliances > Washers, Dryers & Laundry Centers",classified,candidate_match,0.88,"{""color_finish"": {""value"": ""Stainless Steel"", ""confidence"": 0.98, ""evidence"": ""SS"", ""method"": ""rule""}}",partial,rule,0.98,partial
CHP90301TBB,CHP90301TBB Café Cooktop Bk,,,,Appliance Dealers Cooperative (APPDE),CHP90301TBB,,,,,partial,0.35,Appliance Dealers Cooperative,APPDE,matched,normalized,0.95,,,unmatched,none,0.0,APP_KITCHEN_MICROWAVE,Microwaves & Ranges,APP_KITCHEN,Kitchen Appliances & Cooking,3.0,Kitchen Appliances & Cooking > Microwaves & Ranges,classified,candidate_match,0.88,{},none,none,0.0,invalid
CVM517P3RD1,CVM517P3RD1 Cafe Microwave Bk - Display,,,,Appliance Dealers Cooperative (APPDE),CVM517P3RD1,,,,,partial,0.35,Appliance Dealers Cooperative,APPDE,matched,normalized,0.95,,,unmatched,none,0.0,APP_KITCHEN_MICROWAVE,Microwaves & Ranges,APP_KITCHEN,Kitchen Appliances & Cooking,3.0,Kitchen Appliances & Cooking > Microwaves & Ranges,classified,rule_keyword,0.94,{},none,none,0.0,invalid
PMOS1980AF,PMOS1980AF OTR Microwave SS - Display Only,,,,Appliance Dealers Cooperative (APPDE),PMOS1980AF,,,,,partial,0.35,Appliance Dealers Cooperative,APPDE,matched,normalized,0.95,,,unmatched,none,0.0,APP_KITCHEN_MICROWAVE,Microwaves & Ranges,APP_KITCHEN,Kitchen Appliances & Cooking,3.0,Kitchen Appliances & Cooking > Microwaves & Ranges,classified,rule_keyword,0.94,"{""color_finish"": {""value"": ""Stainless Steel"", ""confidence"": 0.98, ""evidence"": ""SS"", ""method"": ""rule""}}",partial,rule,0.98,partial
WMMS3330RZ,WMMS3330RZ OTR Mocrowave SS - Display Only,,,,Appliance Dealers Cooperative (APPDE),WMMS3330RZ,,,,,partial,0.35,Appliance Dealers Cooperative,APPDE,matched,normalized,0.95,,,unmatched,none,0.0,APP_CLEAN_LAUNDRY,"Washers, Dryers & Laundry Centers",APP_CLEAN,Cleaning & Laundry Appliances,3.0,"Cleaning & Laundry Appliances > Washers, Dryers & Laundry Centers",classified,candidate_match,0.88,"{""color_finish"": {""value"": ""Stainless Steel"", ""confidence"": 0.98, ""evidence"": ""SS"", ""method"": ""rule""}}",partial,rule,0.98,partial
KMMF530PBE,KMMF530PBE OTR Microwave BO Display Only,,,,Appliance Dealers Cooperative (APPDE),KMMF530PBE,,,,,partial,0.35,Appliance Dealers Cooperative,APPDE,matched,normalized,0.95,,,unmatched,none,0.0,APP_KITCHEN_MICROWAVE,Microwaves & Ranges,APP_KITCHEN,Kitchen Appliances & Cooking,3.0,Kitchen Appliances & Cooking > Microwaves & Ranges,classified,rule_keyword,0.94,{},none,none,0.0,invalid
JXGRILL1,JXGRILL1 GE Range Grill,,,,Appliance Dealers Cooperative (APPDE),JXGRILL1,GE,,,,partial,0.6,Appliance Dealers Cooperative,APPDE,matched,normalized,0.95,GE,BRD_GE,matched,exact,1.0,APP_KITCHEN,Kitchen Appliances & Cooking,APP,Home Appliances,2.0,Home Appliances > Kitchen Appliances & Cooking,classified,candidate_match,0.88,{},none,none,0.0,invalid
C9TMA2S3PD3,C9TMA2S3PD3 Café Toaster MB,,,,Appliance Dealers Cooperative (APPDE),C9TMA2S3PD3,,,,,partial,0.35,Appliance Dealers Cooperative,APPDE,matched,normalized,0.95,,,unmatched,none,0.0,APP_CLEAN_LAUNDRY,"Washers, Dryers & Laundry Centers",APP_CLEAN,Cleaning & Laundry Appliances,3.0,"Cleaning & Laundry Appliances > Washers, Dryers & Laundry Centers",classified,candidate_match,0.88,{},none,none,0.0,invalid
C9TMA2S4PW3,C9TMA2S4PW3 Café Toaster MW,,,,Appliance Dealers Cooperative (APPDE),C9TMA2S4PW3,,,,,partial,0.35,Appliance Dealers Cooperative,APPDE,matched,normalized,0.95,,,unmatched,none,0.0,APP_CLEAN_LAUNDRY,"Washers, Dryers & Laundry Centers",APP_CLEAN,Cleaning & Laundry Appliances,3.0,"Cleaning & Laundry Appliances > Washers, Dryers & Laundry Centers",classified,candidate_match,0.88,{},none,none,0.0,invalid
C90AAAS2RS3,C90AAAS2RS3 Cafe Toast Oven SS,,,,Appliance Dealers Cooperative (APPDE),C90AAAS2RS3,,,,,partial,0.35,Appliance Dealers Cooperative,APPDE,matched,normalized,0.95,,,unmatched,none,0.0,APP_CLEAN_LAUNDRY,"Washers, Dryers & Laundry Centers",APP_CLEAN,Cleaning & Laundry Appliances,3.0,"Cleaning & Laundry Appliances > Washers, Dryers & Laundry Centers",classified,candidate_match,0.88,"{""color_finish"": {""value"": ""Stainless Steel"", ""confidence"": 0.98, ""evidence"": ""SS"", ""method"": ""rule""}}",partial,rule,0.98,partial
C9TMA2SP2PS3,C9TMA2S2PS3 Cafe Toaster SS,,,,Appliance Dealers Cooperative (APPDE),C9TMA2S2PS3,,,,,partial,0.35,Appliance Dealers Cooperative,APPDE,matched,normalized,0.95,,,unmatched,none,0.0,APP_CLEAN_LAUNDRY,"Washers, Dryers & Laundry Centers",APP_CLEAN,Cleaning & Laundry Appliances,3.0,"Cleaning & Laundry Appliances > Washers, Dryers & Laundry Centers",classified,candidate_match,0.88,"{""color_finish"": {""value"": ""Stainless Steel"", ""confidence"": 0.98, ""evidence"": ""SS"", ""method"": ""rule""}}",partial,rule,0.98,partial
GDE21EMKES,GDE21EMKES GE 21CF Fridge SL Display Only,,,,Appliance Dealers Cooperative (APPDE),GDE21EMKES,GE,,,,partial,0.6,Appliance Dealers Cooperative,APPDE,matched,normalized,0.95,GE,BRD_GE,matched,exact,1.0,APP_KITCHEN_MICROWAVE,Microwaves & Ranges,APP_KITCHEN,Kitchen Appliances & Cooking,3.0,Kitchen Appliances & Cooking > Microwaves & Ranges,classified,candidate_match,0.88,{},none,none,0.0,invalid
FCM16SLWW,FCM16SLWW 16CF GE Freezer Chest MH,,,,Appliance Dealers Cooperative (APPDE),FCM16SLWW,GE,,,,partial,0.6,Appliance Dealers Cooperative,APPDE,matched,normalized,0.95,GE,BRD_GE,matched,exact,1.0,APP_CLEAN_LAUNDRY,"Washers, Dryers & Laundry Centers",APP_CLEAN,Cleaning & Laundry Appliances,3.0,"Cleaning & Laundry Appliances > Washers, Dryers & Laundry Centers",classified,candidate_match,0.88,{},none,none,0.0,invalid
GNE27JYMFS,GNE27JYMFS GE Fridge SS,,,,Appliance Dealers Cooperative (APPDE),GNE27JYMFS,GE,,,,partial,0.6,Appliance Dealers Cooperative,APPDE,matched,normalized,0.95,GE,BRD_GE,matched,exact,1.0,APP_KITCHEN_MICROWAVE,Microwaves & Ranges,APP_KITCHEN,Kitchen Appliances & Cooking,3.0,Kitchen Appliances & Cooking > Microwaves & Ranges,classified,candidate_match,0.88,"{""color_finish"": {""value"": ""Stainless Steel"", ""confidence"": 0.98, ""evidence"": ""SS"", ""method"": ""rule""}}",partial,rule,0.98,partial
CVE28DP3ND1,CVE28DP3ND1 Cafe Fridge Bk,,,,Appliance Dealers Cooperative (APPDE),CVE28DP3ND1,,,,,partial,0.35,Appliance Dealers Cooperative,APPDE,matched,normalized,0.95,,,unmatched,none,0.0,APP_KITCHEN_MICROWAVE,Microwaves & Ranges,APP_KITCHEN,Kitchen Appliances & Cooking,3.0,Kitchen Appliances & Cooking > Microwaves & Ranges,classified,candidate_match,0.88,{},none,none,0.0,invalid
GNE25JMKES,GNE25JMKES GE Fridge Slate - Display,,,,Appliance Dealers Cooperative (APPDE),GNE25JMKES,GE,,,,partial,0.6,Appliance Dealers Cooperative,APPDE,matched,normalized,0.95,GE,BRD_GE,matched,exact,1.0,APP_KITCHEN_MICROWAVE,Microwaves & Ranges,APP_KITCHEN,Kitchen Appliances & Cooking,3.0,Kitchen Appliances & Cooking > Microwaves & Ranges,classified,candidate_match,0.88,{},none,none,0.0,invalid
PRFS2883AF,"PRFS2883AF 36"" Fridge SS - Display Only",,,,Appliance Dealers Cooperative (APPDE),PRFS2883AF,,,36 in,,partial,0.45,Appliance Dealers Cooperative,APPDE,matched,normalized,0.95,,,unmatched,none,0.0,APP_KITCHEN_MICROWAVE,Microwaves & Ranges,APP_KITCHEN,Kitchen Appliances & Cooking,3.0,Kitchen Appliances & Cooking > Microwaves & Ranges,classified,candidate_match,0.88,"{""color_finish"": {""value"": ""Stainless Steel"", ""confidence"": 0.98, ""evidence"": ""SS"", ""method"": ""rule""}}",partial,rule,0.98,partial
PAD28BYTFS,PAD28BYTFS GE Fridge SS,,,,Appliance Dealers Cooperative (APPDE),PAD28BYTFS,GE,,,,partial,0.6,Appliance Dealers Cooperative,APPDE,matched,normalized,0.95,GE,BRD_GE,matched,exact,1.0,APP_KITCHEN_MICROWAVE,Microwaves & Ranges,APP_KITCHEN,Kitchen Appliances & Cooking,3.0,Kitchen Appliances & Cooking > Microwaves & Ranges,classified,candidate_match,0.88,"{""color_finish"": {""value"": ""Stainless Steel"", ""confidence"": 0.98, ""evidence"": ""SS"", ""method"": ""rule""}}",partial,rule,0.98,partial
PGE29BYTFS,PGE29BYTFS GE Fridge SS,,,,Appliance Dealers Cooperative (APPDE),PGE29BYTFS,GE,,,,partial,0.6,Appliance Dealers Cooperative,APPDE,matched,normalized,0.95,GE,BRD_GE,matched,exact,1.0,APP_KITCHEN_MICROWAVE,Microwaves & Ranges,APP_KITCHEN,Kitchen Appliances & Cooking,3.0,Kitchen Appliances & Cooking > Microwaves & Ranges,classified,candidate_match,0.88,"{""color_finish"": {""value"": ""Stainless Steel"", ""confidence"": 0.98, ""evidence"": ""SS"", ""method"": ""rule""}}",partial,rule,0.98,partial
ERFD19CGCS,ERFD19CGCS Element Fridge SS,,,,Appliance Dealers Cooperative (APPDE),ERFD19CGCS,,,,,partial,0.35,Appliance Dealers Cooperative,APPDE,matched,normalized,0.95,,,unmatched,none,0.0,APP_KITCHEN_MICROWAVE,Microwaves & Ranges,APP_KITCHEN,Kitchen Appliances & Cooking,3.0,Kitchen Appliances & Cooking > Microwaves & Ranges,classified,candidate_match,0.88,"{""color_finish"": {""value"": ""Stainless Steel"", ""confidence"": 0.98, ""evidence"": ""SS"", ""method"": ""rule""}}",partial,rule,0.98,partial
LT18S2100W,LT18S2100W LG Fridge Wh,,,,Appliance Dealers Cooperative (APPDE),LT18S2100W,LG,,,,partial,0.6,Appliance Dealers Cooperative,APPDE,matched,normalized,0.95,LG,BRD_LG,matched,exact,1.0,APP_KITCHEN_MICROWAVE,Microwaves & Ranges,APP_KITCHEN,Kitchen Appliances & Cooking,3.0,Kitchen Appliances & Cooking > Microwaves & Ranges,classified,candidate_match,0.88,{},none,none,0.0,invalid
LT18S2100SS,LT18S2100S 18CF LG Fridge SS,,,,Appliance Dealers Cooperative (APPDE),LT18S2100S,LG,,,,partial,0.6,Appliance Dealers Cooperative,APPDE,matched,normalized,0.95,LG,BRD_LG,matched,exact,1.0,APP_KITCHEN_MICROWAVE,Microwaves & Ranges,APP_KITCHEN,Kitchen Appliances & Cooking,3.0,Kitchen Appliances & Cooking > Microwaves & Ranges,classified,candidate_match,0.88,"{""color_finish"": {""value"": ""Stainless Steel"", ""confidence"": 0.98, ""evidence"": ""SS"", ""method"": ""rule""}}",partial,rule,0.98,partial
EUF17CDBW,EUF17CDBW Element 17CF Freezer - Upright,,,,Appliance Dealers Cooperative (APPDE),EUF17CDBW,,,,,partial,0.35,Appliance Dealers Cooperative,APPDE,matched,normalized,0.95,,,unmatched,none,0.0,APP_CLEAN_LAUNDRY,"Washers, Dryers & Laundry Centers",APP_CLEAN,Cleaning & Laundry Appliances,3.0,"Cleaning & Laundry Appliances > Washers, Dryers & Laundry Centers",classified,candidate_match,0.88,{},none,none,0.0,invalid
EUF21CDBW,EUF21CDBW Element 21CF Freezer - Upright,,,,Appliance Dealers Cooperative (APPDE),EUF21CDBW,,,,,partial,0.35,Appliance Dealers Cooperative,APPDE,matched,normalized,0.95,,,unmatched,none,0.0,APP_CLEAN_LAUNDRY,"Washers, Dryers & Laundry Centers",APP_CLEAN,Cleaning & Laundry Appliances,3.0,"Cleaning & Laundry Appliances > Washers, Dryers & Laundry Centers",classified,candidate_match,0.88,{},none,none,0.0,invalid
TP-1935,TP-1935 Hole Drilling System,,,,-,TP-1935,,,,,partial,0.35,,,unmatched,none,0.0,,,unmatched,none,0.0,PWR_DRILL,Drills & Drivers,PWR,Power Tools & Equipment,2.0,Power Tools & Equipment > Drills & Drivers,classified,candidate_match,0.88,{},none,none,0.0,invalid
K527APBXR,"K527APBXR Senco .131x3"" SM BB - 500CT",,,,Senco Products Inc (4650),K527APBXR,,,3 in,,partial,0.45,Senco Products Inc,4650,matched,normalized,0.95,,,unmatched,none,0.0,,,,,,,unmatched,unmatched,0.0,{},none,none,0.0,invalid
603150,"603150 2-1/2"" Finish Nail 15GA - 4M",,,,National Nail Corp (7439),603150,,,2-1/2 in,,partial,0.45,National Nail Corp,7439,matched,normalized,0.95,,,unmatched,none,0.0,,,,,,,unmatched,unmatched,0.0,{},none,none,0.0,invalid
d10cnk,"D10CNK Prebena 1/2""x3/8"" - Staple",,,,Prebena (PREBE),D10CNK,,,1/2 in x 3/8 in,,partial,0.45,Prebena,PREBE,matched,normalized,0.95,,,unmatched,none,0.0,,,,,,,unmatched,unmatched,0.0,{},none,none,0.0,invalid
e28cnkha,"E28CNKHA Prebena 2/4""x1 1/8"" - Staple",,,,Prebena (PREBE),E28CNKHA,,,2/4 in x 1 1/8 in,,partial,0.45,Prebena,PREBE,matched,normalized,0.95,,,unmatched,none,0.0,,,,,,,unmatched,unmatched,0.0,{},none,none,0.0,invalid
51334,"51334 44"" Wh Gilmour Fan",,,,Hunter Fan Co (4381),51334,,,44 in,,partial,0.45,Hunter Fan Co,4381,matched,normalized,0.95,Hunter,BRD_HUNTER,matched,normalized,0.9,,,,,,,unmatched,unmatched,0.0,{},none,none,0.0,invalid
59210,"59210 52"" BZ Sent Hunter Fan",,,Hunter,Hunter Fan Co (4381),59210,,,52 in,,partial,0.45,Hunter Fan Co,4381,matched,normalized,0.95,Hunter,BRD_HUNTER,matched,normalized,0.9,,,,,,,unmatched,unmatched,0.0,{},none,none,0.0,invalid
52485,"52485 52"" MB Anisten Fan",,,,Hunter Fan Co (4381),52485,,,52 in,,partial,0.45,Hunter Fan Co,4381,matched,normalized,0.95,Hunter,BRD_HUNTER,matched,normalized,0.9,,,,,,,unmatched,unmatched,0.0,{},none,none,0.0,invalid
52486,"52486 44"" MB Anisten Fan",,,,Hunter Fan Co (4381),52486,,,44 in,,partial,0.45,Hunter Fan Co,4381,matched,normalized,0.95,Hunter,BRD_HUNTER,matched,normalized,0.9,,,,,,,unmatched,unmatched,0.0,{},none,none,0.0,invalid
52487,"52487 52"" WH Anisten Fan",,,,Hunter Fan Co (4381),52487,,,52 in,,partial,0.45,Hunter Fan Co,4381,matched,normalized,0.95,Hunter,BRD_HUNTER,matched,normalized,0.9,,,,,,,unmatched,unmatched,0.0,{},none,none,0.0,invalid
52488,"52488 44"" WH Anisten Fan",,,,Hunter Fan Co (4381),52488,,,44 in,,partial,0.45,Hunter Fan Co,4381,matched,normalized,0.95,Hunter,BRD_HUNTER,matched,normalized,0.9,,,,,,,unmatched,unmatched,0.0,{},none,none,0.0,invalid
52655,"52655 52"" MB Xidane Hunter Fan",,,,Hunter Fan Co (4381),52655,,,52 in,,partial,0.45,Hunter Fan Co,4381,matched,normalized,0.95,Hunter,BRD_HUNTER,matched,normalized,0.9,,,,,,,unmatched,unmatched,0.0,{},none,none,0.0,invalid
59261,"59261 52"" PB Cassius Fan",,,,Hunter Fan Co (4381),59261,,,52 in,,partial,0.45,Hunter Fan Co,4381,matched,normalized,0.95,Hunter,BRD_HUNTER,matched,normalized,0.9,,,,,,,unmatched,unmatched,0.0,{},none,none,0.0,invalid
51731,"51731 52"" MB Jetty Hunter Fan",,,,Hunter Fan Co (4381),51731,,,52 in,,partial,0.45,Hunter Fan Co,4381,matched,normalized,0.95,Hunter,BRD_HUNTER,matched,normalized,0.9,,,,,,,unmatched,unmatched,0.0,{},none,none,0.0,invalid
XLC10ZW,XLC10ZW Makita 18V Cordless Vacuum (Bare),,,,Makita Usa Inc (5142),XLC10ZW,Makita,,,,partial,0.6,Makita Usa Inc,5142,matched,normalized,0.95,Makita,BRD_MAKITA,matched,exact,1.0,PWR_ACC_EXTRACT,Dust Extractors,PWR_ACC,Tool Accessories & Attachments,3.0,Tool Accessories & Attachments > Dust Extractors,classified,candidate_match,0.88,"{""voltage"": {""value"": ""18V"", ""confidence"": 0.99, ""evidence"": ""18V"", ""method"": ""rule""}}",partial,rule,0.99,partial
HS-DA,HS-DA Motion Driveway Alert,,,,Sabre (9195),HS-DA,,,,,partial,0.35,Sabre,9195,matched,normalized,0.95,,,unmatched,none,0.0,APP_CLEAN_DISH,Built-In Dishwashers,APP_CLEAN,Cleaning & Laundry Appliances,3.0,Cleaning & Laundry Appliances > Built-In Dishwashers,classified,candidate_match,0.88,{},none,none,0.0,invalid
73002252,Black Gate Gravity Latch RDI,,,,-,Black,,,,,partial,0.35,,,unmatched,none,0.0,,,unmatched,none,0.0,BLD_DECK_RAIL,Railing & Fence Kits,BLD_DECK,Decking & Railing,3.0,Decking & Railing > Railing & Fence Kits,classified,candidate_match,0.88,{},none,none,0.0,invalid
48-22-8396R,48-22-8396R Milw 24oz Bottle - Insulated,,,,Milwaukee Accessory (4031),48-22-8396R,Milwaukee,,,,partial,0.6,Milwaukee Accessory,4031,matched,normalized,0.95,Milwaukee,BRD_MILWAUKEE,matched,exact,1.0,PWR_ACC_BLADE,Saw & Tile Blades,PWR_ACC,Tool Accessories & Attachments,3.0,Tool Accessories & Attachments > Saw & Tile Blades,classified,candidate_match,0.88,{},none,none,0.0,invalid
48-22-8397R,48-22-8397R Milw 36oz Bottle - Insulated,,,,Milwaukee Accessory (4031),48-22-8397R,Milwaukee,,,,partial,0.6,Milwaukee Accessory,4031,matched,normalized,0.95,Milwaukee,BRD_MILWAUKEE,matched,exact,1.0,PWR_ACC_BLADE,Saw & Tile Blades,PWR_ACC,Tool Accessories & Attachments,3.0,Tool Accessories & Attachments > Saw & Tile Blades,classified,candidate_match,0.88,{},none,none,0.0,invalid
DCGG581B,DCGG581B Dewalt 20V Grease Gun 2-Speed,,,,Black & Decker/dewlt (2585),DCGG581B,Dewalt,,,,partial,0.6,Black & Decker/dewlt,2585,matched,normalized,0.95,DEWALT,BRD_DEWALT,matched,exact,1.0,,,,,,,unmatched,unmatched,0.0,{},none,none,0.0,invalid
DCGG581GD1,DCGG581GD1 Dewalt 20V Grease Gun 2-Speed Kit,,,,Black & Decker/dewlt (2585),DCGG581GD1,Dewalt,,,,partial,0.6,Black & Decker/dewlt,2585,matched,normalized,0.95,DEWALT,BRD_DEWALT,matched,exact,1.0,,,,,,,unmatched,unmatched,0.0,{},none,none,0.0,invalid
DWST41092,"DWST41092 Dewalt Tool Chest 41"" Bottom",,,,Black & Decker/dewlt (2585),DWST41092,Dewalt,,41 in,,partial,0.7,Black & Decker/dewlt,2585,matched,normalized,0.95,DEWALT,BRD_DEWALT,matched,exact,1.0,PWR_ACC_LASER,Laser Levels,PWR_ACC,Tool Accessories & Attachments,3.0,Tool Accessories & Attachments > Laser Levels,classified,candidate_match,0.88,{},none,none,0.0,invalid
156436WHT,156436 Wh 4x4x120 Post Wrap,DSI Westbury,,,Palmer Donavin Mfg Company (PALDO),156436,,,,,partial,0.35,Palmer Donavin Mfg Company,PALDO,matched,normalized,0.95,DSI Westbury,BRD_DSIWESTBURY,matched,normalized,0.9,,,,,,,unmatched,unmatched,0.0,{},none,none,0.0,invalid
173950TBK,"4""x8'-6"" DSI SQ Black Alum Post Wrap",,,,Palmer Donavin Mfg Company (PALDO),,,,4 in,,partial,0.1,Palmer Donavin Mfg Company,PALDO,matched,normalized,0.95,DSI Westbury,BRD_DSIWESTBURY,matched,normalized,0.9,,,,,,,unmatched,unmatched,0.0,{},none,none,0.0,invalid
173951TBK,"6""x8'-6"" DSI SQ Black Alum Post Wrap",,,,Palmer Donavin Mfg Company (PALDO),,,,6 in,,partial,0.1,Palmer Donavin Mfg Company,PALDO,matched,normalized,0.95,DSI Westbury,BRD_DSIWESTBURY,matched,normalized,0.9,,,,,,,unmatched,unmatched,0.0,{},none,none,0.0,invalid
173952TBK,"6""x10' DSI SQ Black Alum Post Wrap",,,,Palmer Donavin Mfg Company (PALDO),,,,6 in,,partial,0.1,Palmer Donavin Mfg Company,PALDO,matched,normalized,0.95,DSI Westbury,BRD_DSIWESTBURY,matched,normalized,0.9,,,,,,,unmatched,unmatched,0.0,{},none,none,0.0,invalid
1624157,TW52 WH INSIDE CAS VIN WRAPPED,ANDERSEN,,,-,TW52,,,,,partial,0.35,,,unmatched,none,0.0,,,unmatched,none,0.0,,,,,,,unmatched,unmatched,0.0,{},none,none,0.0,invalid
40025,40025 TS-54 Wal-Board T-Square 009-008,,,,Marshalltown Trowel (5155),40025,,,,,partial,0.35,Marshalltown Trowel,5155,matched,normalized,0.95,,,unmatched,none,0.0,,,,,,,unmatched,unmatched,0.0,{},none,none,0.0,invalid
48-22-3301,48-22-3301 Milw Mechanical Pencil w/ Lead Pack,,,,Milwaukee Accessory (4031),48-22-3301,Milwaukee,,,,partial,0.6,Milwaukee Accessory,4031,matched,normalized,0.95,Milwaukee,BRD_MILWAUKEE,matched,exact,1.0,,,,,,,unmatched,unmatched,0.0,{},none,none,0.0,invalid
48-22-3302,48-22-3302 Milw Mechanical Pencil Replacement Lead,,,,Milwaukee Accessory (4031),48-22-3302,Milwaukee,,,,partial,0.6,Milwaukee Accessory,4031,matched,normalized,0.95,Milwaukee,BRD_MILWAUKEE,matched,exact,1.0,,,,,,,unmatched,unmatched,0.0,{},none,none,0.0,invalid
48-22-3303,48-22-3303 Milw Mechanical Pencil Replacement Lead-Color,,,,Milwaukee Accessory (4031),48-22-3303,Milwaukee,,,,partial,0.6,Milwaukee Accessory,4031,matched,normalized,0.95,Milwaukee,BRD_MILWAUKEE,matched,exact,1.0,,,,,,,unmatched,unmatched,0.0,{},none,none,0.0,invalid
TSDKAP218-G2,TSDKAP218-G2 Edge Safety - Khor Black Frame Polarized,,,,Edge Eyewear Inc (EDGSA),TSDKAP218-G2,,,,,partial,0.35,Edge Eyewear Inc,EDGSA,matched,normalized,0.95,,,unmatched,none,0.0,SAF,Safety & Workwear,,,1.0,Safety & Workwear,classified,rule_keyword,0.93,{},none,none,0.0,invalid
XPAP418,XPAP418 Edge Safety Glasses - Pumori Black Frame,,,,Edge Eyewear Inc (EDGSA),XPAP418,,,,,partial,0.35,Edge Eyewear Inc,EDGSA,matched,normalized,0.95,,,unmatched,none,0.0,SAF_WORK_HEATED,Heated Workwear & Gear,SAF_WORK,Workwear & Safety Gear,3.0,Workwear & Safety Gear > Heated Workwear & Gear,classified,rule_keyword,0.9,{},none,none,0.0,invalid
XDAP419,XDAP419 Edge Safety Glasses - Dawson Black Frame Red Lenses,,,,Edge Eyewear Inc (EDGSA),XDAP419,,,,,partial,0.35,Edge Eyewear Inc,EDGSA,matched,normalized,0.95,,,unmatched,none,0.0,SAF_WORK_HEATED,Heated Workwear & Gear,SAF_WORK,Workwear & Safety Gear,3.0,Workwear & Safety Gear > Heated Workwear & Gear,classified,rule_keyword,0.9,{},none,none,0.0,invalid
XB11PCVS,XB11PCVS Edge Safety Glasses - Photochromic Lense,,,,Edge Eyewear Inc (EDGSA),XB11PCVS,,,,,partial,0.35,Edge Eyewear Inc,EDGSA,matched,normalized,0.95,,,unmatched,none,0.0,SAF_WORK_HEATED,Heated Workwear & Gear,SAF_WORK,Workwear & Safety Gear,3.0,Workwear & Safety Gear > Heated Workwear & Gear,classified,rule_keyword,0.9,{},none,none,0.0,invalid
KB121VS,KB121VS Edge Safety Glasses - Kabru Black Frame,,,,Edge Eyewear Inc (EDGSA),KB121VS,,,,,partial,0.35,Edge Eyewear Inc,EDGSA,matched,normalized,0.95,,,unmatched,none,0.0,SAF_WORK_HEATED,Heated Workwear & Gear,SAF_WORK,Workwear & Safety Gear,3.0,Workwear & Safety Gear > Heated Workwear & Gear,classified,rule_keyword,0.9,{},none,none,0.0,invalid
KB126VS,KB126VS Edge Safety Glasses - Kabru Black Frame,,,,Edge Eyewear Inc (EDGSA),KB126VS,,,,,partial,0.35,Edge Eyewear Inc,EDGSA,matched,normalized,0.95,,,unmatched,none,0.0,SAF_WORK_HEATED,Heated Workwear & Gear,SAF_WORK,Workwear & Safety Gear,3.0,Workwear & Safety Gear > Heated Workwear & Gear,classified,rule_keyword,0.9,{},none,none,0.0,invalid
TC121VS,TC121VS Edge Safety Glasses - Tacana Black Frame,,,,Edge Eyewear Inc (EDGSA),TC121VS,,,,,partial,0.35,Edge Eyewear Inc,EDGSA,matched,normalized,0.95,,,unmatched,none,0.0,SAF_WORK_HEATED,Heated Workwear & Gear,SAF_WORK,Workwear & Safety Gear,3.0,Workwear & Safety Gear > Heated Workwear & Gear,classified,rule_keyword,0.9,{},none,none,0.0,invalid
TC126VS,TC126VS Edge Safety Glasses - Tacana Black Frame,,,,Edge Eyewear Inc (EDGSA),TC126VS,,,,,partial,0.35,Edge Eyewear Inc,EDGSA,matched,normalized,0.95,,,unmatched,none,0.0,SAF_WORK_HEATED,Heated Workwear & Gear,SAF_WORK,Workwear & Safety Gear,3.0,Workwear & Safety Gear > Heated Workwear & Gear,classified,rule_keyword,0.9,{},none,none,0.0,invalid
MK113MPAP,MK113MPAP Edge Safety Glasses - Makalu Black Frame Polarized,,,,Edge Eyewear Inc (EDGSA),MK113MPAP,,,,,partial,0.35,Edge Eyewear Inc,EDGSA,matched,normalized,0.95,,,unmatched,none,0.0,SAF_WORK_HEATED,Heated Workwear & Gear,SAF_WORK,Workwear & Safety Gear,3.0,Workwear & Safety Gear > Heated Workwear & Gear,classified,rule_keyword,0.9,{},none,none,0.0,invalid
LS117MPAP,LS117MPAP Edge Safety Glasses - Lassen Black Frame Polarized,,,,Edge Eyewear Inc (EDGSA),LS117MPAP,,,,,partial,0.35,Edge Eyewear Inc,EDGSA,matched,normalized,0.95,,,unmatched,none,0.0,SAF_WORK_HEATED,Heated Workwear & Gear,SAF_WORK,Workwear & Safety Gear,3.0,Workwear & Safety Gear > Heated Workwear & Gear,classified,rule_keyword,0.9,{},none,none,0.0,invalid
FE-EFX-6L,FEEFX6L Lith Fire Extinguisher,,,,Ohio Firewatch Protection Inc (HOLFS),FEEFX6L,,,,,partial,0.35,Ohio Firewatch Protection Inc,HOLFS,matched,normalized,0.95,,,unmatched,none,0.0,,,,,,,unmatched,unmatched,0.0,{},none,none,0.0,invalid
FE-EFX-9L,FEEFX9L Lith Fire Extinguisher,,,,Ohio Firewatch Protection Inc (HOLFS),FEEFX9L,,,,,partial,0.35,Ohio Firewatch Protection Inc,HOLFS,matched,normalized,0.95,,,unmatched,none,0.0,,,,,,,unmatched,unmatched,0.0,{},none,none,0.0,invalid
1046793,1046793 Smoke & CO Alarm,,,First Alert,First Alert - B R K Brands (2754),1046793,,,,,partial,0.35,First Alert - B R K Brands,2754,matched,normalized,0.95,,,unmatched,none,0.0,,,,,,,unmatched,unmatched,0.0,{},none,none,0.0,invalid
1046870,1046870 Smoke & CO Alarm,,,BRK,First Alert - B R K Brands (2754),1046870,,,,,partial,0.35,First Alert - B R K Brands,2754,matched,normalized,0.95,,,unmatched,none,0.0,,,,,,,unmatched,unmatched,0.0,{},none,none,0.0,invalid
M701B-21L,M701B-21L Milw L Black Heated Work Glove Liners,,,,Milwaukee Accessory (4031),M701B-21L,Milwaukee,,,,partial,0.6,Milwaukee Accessory,4031,matched,normalized,0.95,Milwaukee,BRD_MILWAUKEE,matched,exact,1.0,SAF_WORK_HEATED,Heated Workwear & Gear,SAF_WORK,Workwear & Safety Gear,3.0,Workwear & Safety Gear > Heated Workwear & Gear,classified,rule_keyword,0.94,{},none,none,0.0,invalid
M701B-21M,M701B-21M Milw M Black Heated Work Glove Liners,,,,Milwaukee Accessory (4031),M701B-21M,Milwaukee,,,,partial,0.6,Milwaukee Accessory,4031,matched,normalized,0.95,Milwaukee,BRD_MILWAUKEE,matched,exact,1.0,SAF_WORK_HEATED,Heated Workwear & Gear,SAF_WORK,Workwear & Safety Gear,3.0,Workwear & Safety Gear > Heated Workwear & Gear,classified,rule_keyword,0.94,{},none,none,0.0,invalid
M701B-21S,M701B-21S Milw S Black Heated Work Glove Liners,,,,Milwaukee Accessory (4031),M701B-21S,Milwaukee,,,,partial,0.6,Milwaukee Accessory,4031,matched,normalized,0.95,Milwaukee,BRD_MILWAUKEE,matched,exact,1.0,SAF_WORK_HEATED,Heated Workwear & Gear,SAF_WORK,Workwear & Safety Gear,3.0,Workwear & Safety Gear > Heated Workwear & Gear,classified,rule_keyword,0.94,{},none,none,0.0,invalid
M701B-21XL,M701B-21XL Milw XL Black Heated Work Glove Liners,,,,Milwaukee Accessory (4031),M701B-21XL,Milwaukee,,,,partial,0.6,Milwaukee Accessory,4031,matched,normalized,0.95,Milwaukee,BRD_MILWAUKEE,matched,exact,1.0,SAF_WORK_HEATED,Heated Workwear & Gear,SAF_WORK,Workwear & Safety Gear,3.0,Workwear & Safety Gear > Heated Workwear & Gear,classified,rule_keyword,0.94,{},none,none,0.0,invalid
MWUG42010124,UTW Pro Heated Glove Blk XS,,,,Tech Gear 5.7 Inc (TECGE),UTW,,,,,partial,0.35,Tech Gear 5.7 Inc,TECGE,matched,normalized,0.95,LG,BRD_LG,matched,normalized,0.9,SAF_WORK,Workwear & Safety Gear,SAF,Safety & Workwear,2.0,Safety & Workwear > Workwear & Safety Gear,classified,rule_keyword,0.89,{},none,none,0.0,invalid
MWUG42010224,UTW Pro Heated Glove Blk SM,,,,Tech Gear 5.7 Inc (TECGE),UTW,,,,,partial,0.35,Tech Gear 5.7 Inc,TECGE,matched,normalized,0.95,LG,BRD_LG,matched,normalized,0.9,SAF_WORK,Workwear & Safety Gear,SAF,Safety & Workwear,2.0,Safety & Workwear > Workwear & Safety Gear,classified,rule_keyword,0.89,{},none,none,0.0,invalid
MWUG42010324,UTW Pro Heated Glove Blk MD,,,,Tech Gear 5.7 Inc (TECGE),UTW,,,,,partial,0.35,Tech Gear 5.7 Inc,TECGE,matched,normalized,0.95,LG,BRD_LG,matched,normalized,0.9,SAF_WORK,Workwear & Safety Gear,SAF,Safety & Workwear,2.0,Safety & Workwear > Workwear & Safety Gear,classified,rule_keyword,0.89,{},none,none,0.0,invalid
MWUG42010424,UTW Pro Heated Glove Blk LG,,,,Tech Gear 5.7 Inc (TECGE),UTW,LG,,,,partial,0.6,Tech Gear 5.7 Inc,TECGE,matched,normalized,0.95,LG,BRD_LG,matched,exact,1.0,SAF_WORK,Workwear & Safety Gear,SAF,Safety & Workwear,2.0,Safety & Workwear > Workwear & Safety Gear,classified,rule_keyword,0.89,{},none,none,0.0,invalid
MWUG42010524,UTW Pro Heated Glove Blk XL,,,,Tech Gear 5.7 Inc (TECGE),UTW,,,,,partial,0.35,Tech Gear 5.7 Inc,TECGE,matched,normalized,0.95,LG,BRD_LG,matched,normalized,0.9,SAF_WORK,Workwear & Safety Gear,SAF,Safety & Workwear,2.0,Safety & Workwear > Workwear & Safety Gear,classified,rule_keyword,0.89,{},none,none,0.0,invalid
MWUG42010624,UTW Pro Heated Glove Blk 2X,,,,Tech Gear 5.7 Inc (TECGE),UTW,,,,,partial,0.35,Tech Gear 5.7 Inc,TECGE,matched,normalized,0.95,LG,BRD_LG,matched,normalized,0.9,SAF_WORK,Workwear & Safety Gear,SAF,Safety & Workwear,2.0,Safety & Workwear > Workwear & Safety Gear,classified,rule_keyword,0.89,{},none,none,0.0,invalid
MWUG36010225,MWUG36010225 BLK SM Aerial Snow Heated Glove,,,,Tech Gear 5.7 Inc (TECGE),MWUG36010225,,,,,partial,0.35,Tech Gear 5.7 Inc,TECGE,matched,normalized,0.95,LG,BRD_LG,matched,normalized,0.9,SAF_WORK,Workwear & Safety Gear,SAF,Safety & Workwear,2.0,Safety & Workwear > Workwear & Safety Gear,classified,rule_keyword,0.89,{},none,none,0.0,invalid
MWUG36010325,MWUG36010325 BLK MD Aerial Snow Heated Glove,,,,Tech Gear 5.7 Inc (TECGE),MWUG36010325,,,,,partial,0.35,Tech Gear 5.7 Inc,TECGE,matched,normalized,0.95,LG,BRD_LG,matched,normalized,0.9,SAF_WORK,Workwear & Safety Gear,SAF,Safety & Workwear,2.0,Safety & Workwear > Workwear & Safety Gear,classified,rule_keyword,0.89,{},none,none,0.0,invalid
MWUG36010425,MWUG36010425 BLK LG Aerial Snow Heated Glove,,,,Tech Gear 5.7 Inc (TECGE),MWUG36010425,LG,,,,partial,0.6,Tech Gear 5.7 Inc,TECGE,matched,normalized,0.95,LG,BRD_LG,matched,exact,1.0,SAF_WORK,Workwear & Safety Gear,SAF,Safety & Workwear,2.0,Safety & Workwear > Workwear & Safety Gear,classified,rule_keyword,0.89,{},none,none,0.0,invalid
MWUG36010525,MWUG36010525 BLK XL Aerial Snow Heated Glove,,,,Tech Gear 5.7 Inc (TECGE),MWUG36010525,,,,,partial,0.35,Tech Gear 5.7 Inc,TECGE,matched,normalized,0.95,LG,BRD_LG,matched,normalized,0.9,SAF_WORK,Workwear & Safety Gear,SAF,Safety & Workwear,2.0,Safety & Workwear > Workwear & Safety Gear,classified,rule_keyword,0.89,{},none,none,0.0,invalid
MWUG36010625,MWUG36010625 BLK 2X Aerial Snow Heated Glove,,,,Tech Gear 5.7 Inc (TECGE),MWUG36010625,,,,,partial,0.35,Tech Gear 5.7 Inc,TECGE,matched,normalized,0.95,LG,BRD_LG,matched,normalized,0.9,SAF_WORK,Workwear & Safety Gear,SAF,Safety & Workwear,2.0,Safety & Workwear > Workwear & Safety Gear,classified,rule_keyword,0.89,{},none,none,0.0,invalid
DPG15,DPG15 Dewalt AM/FM Hearing Protector,,,,Radians (7363),DPG15,Dewalt,,,,partial,0.6,Radians,7363,matched,normalized,0.95,DEWALT,BRD_DEWALT,matched,exact,1.0,,,,,,,unmatched,unmatched,0.0,{},none,none,0.0,invalid
F200B-21L,F200B-21L Milw M12 Womens - BLK Heated Hoodie Kit L,,,,Milwaukee Accessory (4031),F200B-21L,Milwaukee,,,,partial,0.6,Milwaukee Accessory,4031,matched,normalized,0.95,Milwaukee,BRD_MILWAUKEE,matched,exact,1.0,SAF_WORK_HEATED,Heated Workwear & Gear,SAF_WORK,Workwear & Safety Gear,3.0,Workwear & Safety Gear > Heated Workwear & Gear,classified,candidate_match,0.88,{},none,none,0.0,invalid
F200B-21M,F200B-21M Milw M12 Womens - BLK Heated Hoodie Kit M,,,,Milwaukee Accessory (4031),F200B-21M,Milwaukee,,,,partial,0.6,Milwaukee Accessory,4031,matched,normalized,0.95,Milwaukee,BRD_MILWAUKEE,matched,exact,1.0,SAF_WORK_HEATED,Heated Workwear & Gear,SAF_WORK,Workwear & Safety Gear,3.0,Workwear & Safety Gear > Heated Workwear & Gear,classified,candidate_match,0.88,{},none,none,0.0,invalid
M200B-21L,M200B-21L Milw M12 BLK - Heated Hoodie Kit L,,,,Milwaukee Accessory (4031),M200B-21L,Milwaukee,,,,partial,0.6,Milwaukee Accessory,4031,matched,normalized,0.95,Milwaukee,BRD_MILWAUKEE,matched,exact,1.0,SAF_WORK_HEATED,Heated Workwear & Gear,SAF_WORK,Workwear & Safety Gear,3.0,Workwear & Safety Gear > Heated Workwear & Gear,classified,candidate_match,0.88,{},none,none,0.0,invalid
M200B-21M,M200B-21M Milw M12 BLK - Heated Hoodie Kit M,,,,Milwaukee Accessory (4031),M200B-21M,Milwaukee,,,,partial,0.6,Milwaukee Accessory,4031,matched,normalized,0.95,Milwaukee,BRD_MILWAUKEE,matched,exact,1.0,SAF_WORK_HEATED,Heated Workwear & Gear,SAF_WORK,Workwear & Safety Gear,3.0,Workwear & Safety Gear > Heated Workwear & Gear,classified,candidate_match,0.88,{},none,none,0.0,invalid
M200B-21XL,M200B-21XL Milw M12 BLK - Heated Hoodie Kit XL,,,,Milwaukee Accessory (4031),M200B-21XL,Milwaukee,,,,partial,0.6,Milwaukee Accessory,4031,matched,normalized,0.95,Milwaukee,BRD_MILWAUKEE,matched,exact,1.0,SAF_WORK_HEATED,Heated Workwear & Gear,SAF_WORK,Workwear & Safety Gear,3.0,Workwear & Safety Gear > Heated Workwear & Gear,classified,candidate_match,0.88,{},none,none,0.0,invalid
M200G-21L,M200G-21L Milw M12 Gray - Heated Hoodie Kit L,,,,Milwaukee Accessory (4031),M200G-21L,Milwaukee,,,,partial,0.6,Milwaukee Accessory,4031,matched,normalized,0.95,Milwaukee,BRD_MILWAUKEE,matched,exact,1.0,SAF_WORK_HEATED,Heated Workwear & Gear,SAF_WORK,Workwear & Safety Gear,3.0,Workwear & Safety Gear > Heated Workwear & Gear,classified,candidate_match,0.88,{},none,none,0.0,invalid
M200G-21M,M200G-21M Milw M12 Gray - Heated Hoodie Kit M,,,,Milwaukee Accessory (4031),M200G-21M,Milwaukee,,,,partial,0.6,Milwaukee Accessory,4031,matched,normalized,0.95,Milwaukee,BRD_MILWAUKEE,matched,exact,1.0,SAF_WORK_HEATED,Heated Workwear & Gear,SAF_WORK,Workwear & Safety Gear,3.0,Workwear & Safety Gear > Heated Workwear & Gear,classified,candidate_match,0.88,{},none,none,0.0,invalid
M200G-21XL,M200G-21XL Milw M12 Gray - Heated Hoodie Kit XL,,,,Milwaukee Accessory (4031),M200G-21XL,Milwaukee,,,,partial,0.6,Milwaukee Accessory,4031,matched,normalized,0.95,Milwaukee,BRD_MILWAUKEE,matched,exact,1.0,SAF_WORK_HEATED,Heated Workwear & Gear,SAF_WORK,Workwear & Safety Gear,3.0,Workwear & Safety Gear > Heated Workwear & Gear,classified,candidate_match,0.88,{},none,none,0.0,invalid
48-11-2330,48-11-2330 Milw Heated Gear Power Source,,,,Milwaukee Accessory (4031),48-11-2330,Milwaukee,,,,partial,0.6,Milwaukee Accessory,4031,matched,normalized,0.95,Milwaukee,BRD_MILWAUKEE,matched,exact,1.0,SAF_WORK_HEATED,Heated Workwear & Gear,SAF_WORK,Workwear & Safety Gear,3.0,Workwear & Safety Gear > Heated Workwear & Gear,classified,rule_keyword,0.91,{},none,none,0.0,invalid
DCBP250C,DCBP520C Dewalt Starter Kit,,,DEWALT,Black & Decker/dewlt (2585),DCBP520C,Dewalt,,,,partial,0.6,Black & Decker/dewlt,2585,matched,normalized,0.95,DEWALT,BRD_DEWALT,matched,exact,1.0,BLD_LUMBER,Lumber & Structural Panels,BLD,"Building, Decking & Railing Materials",2.0,"Building, Decking & Railing Materials > Lumber & Structural Panels",classified,candidate_match,0.88,{},none,none,0.0,invalid
5328,5328 Lg. Leather Phone Holster - Clip-on,,,,-,5328,LG,,,,partial,0.6,,,unmatched,none,0.0,LG,BRD_LG,matched,exact,1.0,,,,,,,unmatched,unmatched,0.0,{},none,none,0.0,invalid
3200-20,3200-20 Milw Voltage Detector,,,,Milwaukee Accessory (4031),3200-20,Milwaukee,,,,partial,0.6,Milwaukee Accessory,4031,matched,normalized,0.95,Milwaukee,BRD_MILWAUKEE,matched,exact,1.0,PWR_ACC_BLADE,Saw & Tile Blades,PWR_ACC,Tool Accessories & Attachments,3.0,Tool Accessories & Attachments > Saw & Tile Blades,classified,candidate_match,0.88,{},none,none,0.0,invalid
3202-20,3202-20 Milw Voltage Detector w/ LED,,,,Milwaukee Accessory (4031),3202-20,Milwaukee,,,,partial,0.6,Milwaukee Accessory,4031,matched,normalized,0.95,Milwaukee,BRD_MILWAUKEE,matched,exact,1.0,PWR_ACC_BLADE,Saw & Tile Blades,PWR_ACC,Tool Accessories & Attachments,3.0,Tool Accessories & Attachments > Saw & Tile Blades,classified,candidate_match,0.88,{},none,none,0.0,invalid
3203-20,3203-20 Milw Dual Range Voltage Detector w/ LED,,,,Milwaukee Accessory (4031),3203-20,Milwaukee,,,,partial,0.6,Milwaukee Accessory,4031,matched,normalized,0.95,Milwaukee,BRD_MILWAUKEE,matched,exact,1.0,,,,,,,unmatched,unmatched,0.0,{},none,none,0.0,invalid
BC-12300,"BC-12300 BigCal 12""/300mm",,,,Woodpeckers Inc (WOODP),BC-12300,,,12 in,,partial,0.45,Woodpeckers Inc,WOODP,matched,normalized,0.95,,,unmatched,none,0.0,,,,,,,unmatched,unmatched,0.0,{},none,none,0.0,invalid
BC-24600,"BC-24600 BigCal 24""/600mm",,,,Woodpeckers Inc (WOODP),BC-24600,,,24 in,,partial,0.45,Woodpeckers Inc,WOODP,matched,normalized,0.95,,,unmatched,none,0.0,,,,,,,unmatched,unmatched,0.0,{},none,none,0.0,invalid
DW08302CG,DW08302CG Dewalt Laser - Green 3 Spot,,,DEWALT,Black & Decker/dewlt (2585),DW08302CG,Dewalt,,,,partial,0.6,Black & Decker/dewlt,2585,matched,normalized,0.95,DEWALT,BRD_DEWALT,matched,exact,1.0,PWR_ACC_LASER,Laser Levels,PWR_ACC,Tool Accessories & Attachments,3.0,Tool Accessories & Attachments > Laser Levels,classified,candidate_match,0.88,{},none,none,0.0,invalid
GCL165-42GL,GCL165--42GL Cross Line Laser,,,,Robt Bosch Tool Corp (6564),,,,,,failed,0.0,Robt Bosch Tool Corp,6564,matched,normalized,0.95,Dremel,BRD_DREMEL,matched,normalized,0.9,PWR_ACC_LASER,Laser Levels,PWR_ACC,Tool Accessories & Attachments,3.0,Tool Accessories & Attachments > Laser Levels,classified,rule_keyword,0.94,{},none,none,0.0,invalid
DW08802CG,DW08802CG Dewalt Laser Green - Self-Level Cross Line,,,DEWALT,Black & Decker/dewlt (2585),DW08802CG,Dewalt,,,,partial,0.6,Black & Decker/dewlt,2585,matched,normalized,0.95,DEWALT,BRD_DEWALT,matched,exact,1.0,PWR_ACC_LASER,Laser Levels,PWR_ACC,Tool Accessories & Attachments,3.0,Tool Accessories & Attachments > Laser Levels,classified,candidate_match,0.88,{},none,none,0.0,invalid
DW088CG,DW088CG Dewalt Laser - Green Cross Line,,,DEWALT,Black & Decker/dewlt (2585),DW088CG,Dewalt,,,,partial,0.6,Black & Decker/dewlt,2585,matched,normalized,0.95,DEWALT,BRD_DEWALT,matched,exact,1.0,PWR_ACC_LASER,Laser Levels,PWR_ACC,Tool Accessories & Attachments,3.0,Tool Accessories & Attachments > Laser Levels,classified,candidate_match,0.88,{},none,none,0.0,invalid
DW089CG,DW089CG Dewalt Laser Level - 3 Line 30ft Range,,,DEWALT,Black & Decker/dewlt (2585),DW089CG,Dewalt,,,,partial,0.6,Black & Decker/dewlt,2585,matched,normalized,0.95,DEWALT,BRD_DEWALT,matched,exact,1.0,PWR_ACC_LASER,Laser Levels,PWR_ACC,Tool Accessories & Attachments,3.0,Tool Accessories & Attachments > Laser Levels,classified,rule_keyword,0.94,{},none,none,0.0,invalid
DCLE34520GB,DCLE34520GB Dewalt Laser 20V - Cross Line 5 Spot (Bare),,,DEWALT,Black & Decker/dewlt (2585),DCLE34520GB,Dewalt,,,,partial,0.6,Black & Decker/dewlt,2585,matched,normalized,0.95,DEWALT,BRD_DEWALT,matched,exact,1.0,PWR_ACC_LASER,Laser Levels,PWR_ACC,Tool Accessories & Attachments,3.0,Tool Accessories & Attachments > Laser Levels,classified,candidate_match,0.88,"{""voltage"": {""value"": ""20V"", ""confidence"": 0.99, ""evidence"": ""20V"", ""method"": ""rule""}}",partial,rule,0.99,partial
DCLE34031B,DCLE34031B Dewalt Line Laser - 20V Self-Leveling (Bare),,,DEWALT,Black & Decker/dewlt (2585),DCLE34031B,Dewalt,,,,partial,0.6,Black & Decker/dewlt,2585,matched,normalized,0.95,DEWALT,BRD_DEWALT,matched,exact,1.0,PWR_ACC_LASER,Laser Levels,PWR_ACC,Tool Accessories & Attachments,3.0,Tool Accessories & Attachments > Laser Levels,classified,rule_keyword,0.92,"{""voltage"": {""value"": ""20V"", ""confidence"": 0.99, ""evidence"": ""20V"", ""method"": ""rule""}}",partial,rule,0.99,partial
DW0822CG,DW0822CG Dewalt Cross Line - Plumb Spots Laser-Green,,,DEWALT,Black & Decker/dewlt (2585),DW0822CG,Dewalt,,,,partial,0.6,Black & Decker/dewlt,2585,matched,normalized,0.95,DEWALT,BRD_DEWALT,matched,exact,1.0,PWR_ACC_LASER,Laser Levels,PWR_ACC,Tool Accessories & Attachments,3.0,Tool Accessories & Attachments > Laser Levels,classified,candidate_match,0.88,{},none,none,0.0,invalid
25459,25459 Mason Line Brd Orange - 500',,,,U S Tape Company (6694),25459,,,,,partial,0.35,U S Tape Company,6694,matched,normalized,0.95,CENTURY COMPONENTS,BRD_CENTURYCOMPONENTS,matched,normalized,0.9,LGT_ELEC_WIRE,Electrical Wire & Cable,LGT_ELEC,Electrical Boxes & Wiring,3.0,Electrical Boxes & Wiring > Electrical Wire & Cable,classified,candidate_match,0.88,{},none,none,0.0,invalid
35459,35459 Mason Line Brd Orange - 500' Replacement,,,,U S Tape Company (6694),35459,,,,,partial,0.35,U S Tape Company,6694,matched,normalized,0.95,CENTURY COMPONENTS,BRD_CENTURYCOMPONENTS,matched,normalized,0.9,LGT_ELEC_WIRE,Electrical Wire & Cable,LGT_ELEC,Electrical Boxes & Wiring,3.0,Electrical Boxes & Wiring > Electrical Wire & Cable,classified,candidate_match,0.88,{},none,none,0.0,invalid
25759,25759 Mason Line Brd Orange - 1000',,,,U S Tape Company (6694),25759,,,,,partial,0.35,U S Tape Company,6694,matched,normalized,0.95,CENTURY COMPONENTS,BRD_CENTURYCOMPONENTS,matched,normalized,0.9,LGT_ELEC_WIRE,Electrical Wire & Cable,LGT_ELEC,Electrical Boxes & Wiring,3.0,Electrical Boxes & Wiring > Electrical Wire & Cable,classified,candidate_match,0.88,{},none,none,0.0,invalid
35112,35112 Mason Line Twist Yellow - 270',,,,U S Tape Company (6694),35112,,,,,partial,0.35,U S Tape Company,6694,matched,normalized,0.95,CENTURY COMPONENTS,BRD_CENTURYCOMPONENTS,matched,normalized,0.9,LGT_ELEC_WIRE,Electrical Wire & Cable,LGT_ELEC,Electrical Boxes & Wiring,3.0,Electrical Boxes & Wiring > Electrical Wire & Cable,classified,candidate_match,0.88,{},none,none,0.0,invalid
35115,35115 Mason Line Twist Green - 270',,,,U S Tape Company (6694),35115,,,,,partial,0.35,U S Tape Company,6694,matched,normalized,0.95,CENTURY COMPONENTS,BRD_CENTURYCOMPONENTS,matched,normalized,0.9,LGT_ELEC_WIRE,Electrical Wire & Cable,LGT_ELEC,Electrical Boxes & Wiring,3.0,Electrical Boxes & Wiring > Electrical Wire & Cable,classified,candidate_match,0.88,{},none,none,0.0,invalid
25168,25168 Mason Line Brd Green - 250',CENTURY COMPONENTS,,,U S Tape Company (6694),25168,,,,,partial,0.35,U S Tape Company,6694,matched,normalized,0.95,CENTURY COMPONENTS,BRD_CENTURYCOMPONENTS,matched,normalized,0.9,LGT_ELEC_WIRE,Electrical Wire & Cable,LGT_ELEC,Electrical Boxes & Wiring,3.0,Electrical Boxes & Wiring > Electrical Wire & Cable,classified,candidate_match,0.88,{},none,none,0.0,invalid
35468,35468 Mason Line Brd Green - 500' Replacement,,,,U S Tape Company (6694),35468,,,,,partial,0.35,U S Tape Company,6694,matched,normalized,0.95,CENTURY COMPONENTS,BRD_CENTURYCOMPONENTS,matched,normalized,0.9,LGT_ELEC_WIRE,Electrical Wire & Cable,LGT_ELEC,Electrical Boxes & Wiring,3.0,Electrical Boxes & Wiring > Electrical Wire & Cable,classified,candidate_match,0.88,{},none,none,0.0,invalid
35494,35494 Mason Line Brd Blk/Yellw - 500' Replacement,,,,U S Tape Company (6694),35494,,,,,partial,0.35,U S Tape Company,6694,matched,normalized,0.95,CENTURY COMPONENTS,BRD_CENTURYCOMPONENTS,matched,normalized,0.9,LGT_ELEC_WIRE,Electrical Wire & Cable,LGT_ELEC,Electrical Boxes & Wiring,3.0,Electrical Boxes & Wiring > Electrical Wire & Cable,classified,candidate_match,0.88,{},none,none,0.0,invalid
MLSQ0120,"MLSQ0120 Milw 12"" RafterSquare",,,,Milwaukee Accessory (4031),MLSQ0120,Milwaukee,,12 in,,partial,0.7,Milwaukee Accessory,4031,matched,normalized,0.95,Milwaukee,BRD_MILWAUKEE,matched,exact,1.0,PWR_ACC_BATT,Batteries & Chargers,PWR_ACC,Tool Accessories & Attachments,3.0,Tool Accessories & Attachments > Batteries & Chargers,classified,candidate_match,0.88,{},none,none,0.0,invalid
MLSQ1120,MLSQ1120 Milw 300mm Rafter - Square (Metric),,,,Milwaukee Accessory (4031),MLSQ1120,Milwaukee,,,,partial,0.6,Milwaukee Accessory,4031,matched,normalized,0.95,Milwaukee,BRD_MILWAUKEE,matched,exact,1.0,,,,,,,unmatched,unmatched,0.0,{},none,none,0.0,invalid
55227,"55227 Amana Countersink/Stop 1/8"" Drill TB",,,,Amana Tool Corp (AMATO),55227,,,1/8 in,,partial,0.45,Amana Tool Corp,AMATO,matched,normalized,0.95,,,unmatched,none,0.0,,,,,,,unmatched,unmatched,0.0,{},none,none,0.0,invalid
37300952,"095842 Fisch Plug Cutter 3/8""",,,,-,095842,,,3/8 in,,partial,0.45,,,unmatched,none,0.0,,,unmatched,none,0.0,,,,,,,unmatched,unmatched,0.0,{},none,none,0.0,invalid
6008,6008 Whiteside Router Bit,,,,Whiteside Machine & Repair Co (WHIMA),6008,,,,,partial,0.35,Whiteside Machine & Repair Co,WHIMA,matched,normalized,0.95,,,unmatched,none,0.0,,,,,,,unmatched,unmatched,0.0,{},none,none,0.0,invalid
6009,6009 Whiteside Router Bit,,,,Whiteside Machine & Repair Co (WHIMA),6009,,,,,partial,0.35,Whiteside Machine & Repair Co,WHIMA,matched,normalized,0.95,,,unmatched,none,0.0,,,,,,,unmatched,unmatched,0.0,{},none,none,0.0,invalid
3000A,3000A Whiteside Router Bit,,,,Whiteside Machine & Repair Co (WHIMA),3000A,,,,,partial,0.35,Whiteside Machine & Repair Co,WHIMA,matched,normalized,0.95,,,unmatched,none,0.0,PWR_ACC,Tool Accessories & Attachments,PWR,Power Tools & Equipment,2.0,Power Tools & Equipment > Tool Accessories & Attachments,classified,candidate_match,0.88,{},none,none,0.0,invalid
MID6630201US,MID6630201US Deos663XCV Sander,,,,Mirka Abrasives Inc (MIRUS),MID6630201US,,,,,partial,0.35,Mirka Abrasives Inc,MIRUS,matched,normalized,0.95,,,unmatched,none,0.0,ABR,Abrasives & Cutting Accessories,,,1.0,Abrasives & Cutting Accessories,classified,candidate_match,0.88,{},none,none,0.0,invalid
DCF6202,DCF6202 Dewalt Collated Attach,,,DEWALT,Black & Decker/dewlt (2585),DCF6202,Dewalt,,,,partial,0.6,Black & Decker/dewlt,2585,matched,normalized,0.95,DEWALT,BRD_DEWALT,matched,exact,1.0,,,,,,,unmatched,unmatched,0.0,{},none,none,0.0,invalid
25468,25468 Mason Line Brd Green - 500',,,,U S Tape Company (6694),25468,,,,,partial,0.35,U S Tape Company,6694,matched,normalized,0.95,CENTURY COMPONENTS,BRD_CENTURYCOMPONENTS,matched,normalized,0.9,LGT_ELEC_WIRE,Electrical Wire & Cable,LGT_ELEC,Electrical Boxes & Wiring,3.0,Electrical Boxes & Wiring > Electrical Wire & Cable,classified,candidate_match,0.88,{},none,none,0.0,invalid
25762,25762 Mason Line Brd Pink - 1000',,,,U S Tape Company (6694),25762,,,,,partial,0.35,U S Tape Company,6694,matched,normalized,0.95,CENTURY COMPONENTS,BRD_CENTURYCOMPONENTS,matched,normalized,0.9,LGT_ELEC_WIRE,Electrical Wire & Cable,LGT_ELEC,Electrical Boxes & Wiring,3.0,Electrical Boxes & Wiring > Electrical Wire & Cable,classified,candidate_match,0.88,{},none,none,0.0,invalid
21839NN,"21839NN File Bstd Mill 10""",,,Nicholson,-,21839NN,,,10 in,,partial,0.45,,,unmatched,none,0.0,,,unmatched,none,0.0,,,,,,,unmatched,unmatched,0.0,{},none,none,0.0,invalid
VN56920,"VN56920 10 1/2"" Saw Blade",,,,Marshalltown Trowel (5155),VN56920,,,10 1/2 in,,partial,0.45,Marshalltown Trowel,5155,matched,normalized,0.95,,,unmatched,none,0.0,PWR_ACC_BLADE,Saw & Tile Blades,PWR_ACC,Tool Accessories & Attachments,3.0,Tool Accessories & Attachments > Saw & Tile Blades,classified,rule_keyword,0.94,{},none,none,0.0,invalid
133164,133164 950/9 Hex Plus Spks - Multicolor,,,,Wera Tools NA Inc (WERTO),133164,,,,,partial,0.35,Wera Tools NA Inc,WERTO,matched,normalized,0.95,,,unmatched,none,0.0,PWR_ACC_ROTARY,Rotary Tools,PWR_ACC,Tool Accessories & Attachments,3.0,Tool Accessories & Attachments > Rotary Tools,classified,candidate_match,0.88,{},none,none,0.0,invalid
DWHT10993,DWHT10993 Folding Knife,,,DEWALT,Black & Decker/dewlt (2585),DWHT10993,,,,,partial,0.35,Black & Decker/dewlt,2585,matched,normalized,0.95,DEWALT,BRD_DEWALT,matched,normalized,0.9,,,,,,,unmatched,unmatched,0.0,{},none,none,0.0,invalid
DWHT10994,DWHT10994 Folding Knife,,,DEWALT,Black & Decker/dewlt (2585),DWHT10994,,,,,partial,0.35,Black & Decker/dewlt,2585,matched,normalized,0.95,DEWALT,BRD_DEWALT,matched,normalized,0.9,,,,,,,unmatched,unmatched,0.0,{},none,none,0.0,invalid
QB22RU,QB22RU Vessel Carrying Bit Holder (Red),,,,Vessel Tools USA Inc (VESTO),QB22RU,,,,,partial,0.35,Vessel Tools USA Inc,VESTO,matched,normalized,0.95,,,unmatched,none,0.0,PWR_ACC_ROTARY,Rotary Tools,PWR_ACC,Tool Accessories & Attachments,3.0,Tool Accessories & Attachments > Rotary Tools,classified,candidate_match,0.88,{},none,none,0.0,invalid
QB22KU,QB22KU Vessel Carrying Bit Holder (Black),,,,Vessel Tools USA Inc (VESTO),QB22KU,,,,,partial,0.35,Vessel Tools USA Inc,VESTO,matched,normalized,0.95,,,unmatched,none,0.0,PWR_ACC_ROTARY,Rotary Tools,PWR_ACC,Tool Accessories & Attachments,3.0,Tool Accessories & Attachments > Rotary Tools,classified,candidate_match,0.88,{},none,none,0.0,invalid
AVM6EV,AVM6 EV Mini Snip Red,,,,Malco Prod (2370),AVM6,,,,,partial,0.35,Malco Prod,2370,matched,normalized,0.95,,,unmatched,none,0.0,,,,,,,unmatched,unmatched,0.0,{},none,none,0.0,invalid
AVM6EV,AVM7 EV Mini Snip Green,,,,Malco Prod (2370),AVM7,,,,,partial,0.35,Malco Prod,2370,matched,normalized,0.95,,,unmatched,none,0.0,,,,,,,unmatched,unmatched,0.0,{},none,none,0.0,invalid
DSA0250B,"DSA0250B 1/4"" Square x1/4"" Hex - Socket Adapter",,,Diablo,Freud Inc (2435),DSA0250B,,,1/4 in,,partial,0.45,Freud Inc,2435,matched,normalized,0.95,Diablo,BRD_DIABLO,matched,normalized,0.9,,,,,,,unmatched,unmatched,0.0,{},none,none,0.0,invalid
DSA0375B,"DSA0375B 3/8"" Square x1/4"" Hex - Socket Adapter",,,Diablo,Freud Inc (2435),DSA0375B,,,3/8 in,,partial,0.45,Freud Inc,2435,matched,normalized,0.95,Diablo,BRD_DIABLO,matched,normalized,0.9,,,,,,,unmatched,unmatched,0.0,{},none,none,0.0,invalid
DSA0500B,"DSA0500B 1/2"" Square x1/4"" Hex - Socket Adapter",,,Diablo,Freud Inc (2435),DSA0500B,,,1/2 in,,partial,0.45,Freud Inc,2435,matched,normalized,0.95,Diablo,BRD_DIABLO,matched,normalized,0.9,,,,,,,unmatched,unmatched,0.0,{},none,none,0.0,invalid
42-04-9107,"42-04-9107 Milw 3/8"" Drive Universal Joint",,,,Milwaukee Accessory (4031),42-04-9107,Milwaukee,,3/8 in,,partial,0.7,Milwaukee Accessory,4031,matched,normalized,0.95,Milwaukee,BRD_MILWAUKEE,matched,exact,1.0,PWR_ACC_BIT,Drive Bits,PWR_ACC,Tool Accessories & Attachments,3.0,Tool Accessories & Attachments > Drive Bits,classified,candidate_match,0.88,"{""drive_size"": {""value"": ""3/8 in"", ""confidence"": 0.99, ""evidence"": ""3/8\"" Drive"", ""method"": ""rule""}}",partial,rule,0.99,partial
48-22-9491,48-22-9491 Milw 242pc Ratchet & Socket Set 4-Drawer Tool Box,,,,Milwaukee Accessory (4031),48-22-9491,Milwaukee,,,242.0,partial,0.65,Milwaukee Accessory,4031,matched,normalized,0.95,Milwaukee,BRD_MILWAUKEE,matched,exact,1.0,PWR_ACC_ORG,Tool Organizers & Boxes,PWR_ACC,Tool Accessories & Attachments,3.0,Tool Accessories & Attachments > Tool Organizers & Boxes,classified,rule_keyword,0.9,"{""piece_count"": {""value"": 242, ""confidence"": 1.0, ""evidence"": ""242.0"", ""method"": ""rule""}}",partial,rule,1.0,partial
DWMT45422,"DWMT45422 Dewalt 1/4"" Drive - 50pc Mechanics Set",,,,Black & Decker/dewlt (2585),DWMT45422,Dewalt,,1/4 in,50.0,success,0.75,Black & Decker/dewlt,2585,matched,normalized,0.95,DEWALT,BRD_DEWALT,matched,exact,1.0,PWR_ACC_BIT,Drive Bits,PWR_ACC,Tool Accessories & Attachments,3.0,Tool Accessories & Attachments > Drive Bits,classified,candidate_match,0.88,"{""drive_size"": {""value"": ""1/4 in"", ""confidence"": 0.99, ""evidence"": ""1/4\"" Drive"", ""method"": ""rule""}, ""piece_count"": {""value"": 50, ""confidence"": 1.0, ""evidence"": ""50.0"", ""method"": ""rule""}}",complete,rule,0.995,valid
DWMT45424,"DWMT45424 Dewalt 3/8"" Drive - 84pc Mechanics Set",,,,Black & Decker/dewlt (2585),DWMT45424,Dewalt,,3/8 in,84.0,success,0.75,Black & Decker/dewlt,2585,matched,normalized,0.95,DEWALT,BRD_DEWALT,matched,exact,1.0,PWR_ACC_BIT,Drive Bits,PWR_ACC,Tool Accessories & Attachments,3.0,Tool Accessories & Attachments > Drive Bits,classified,candidate_match,0.88,"{""drive_size"": {""value"": ""3/8 in"", ""confidence"": 0.99, ""evidence"": ""3/8\"" Drive"", ""method"": ""rule""}, ""piece_count"": {""value"": 84, ""confidence"": 1.0, ""evidence"": ""84.0"", ""method"": ""rule""}}",complete,rule,0.995,valid
48-22-9483,48-22-9483 Milw Packout 15pc - Metric Wrench Set,,,,Milwaukee Accessory (4031),48-22-9483,Milwaukee,,,15.0,partial,0.65,Milwaukee Accessory,4031,matched,normalized,0.95,Milwaukee,BRD_MILWAUKEE,matched,exact,1.0,,,,,,,unmatched,unmatched,0.0,{},none,none,0.0,invalid
48-22-9484,48-22-9484 Milw Packout 15pc - SAE Wrench Set,,,,Milwaukee Accessory (4031),48-22-9484,Milwaukee,,,15.0,partial,0.65,Milwaukee Accessory,4031,matched,normalized,0.95,Milwaukee,BRD_MILWAUKEE,matched,exact,1.0,PWR_ACC_ORG,Tool Organizers & Boxes,PWR_ACC,Tool Accessories & Attachments,3.0,Tool Accessories & Attachments > Tool Organizers & Boxes,classified,candidate_match,0.88,"{""piece_count"": {""value"": 15, ""confidence"": 1.0, ""evidence"": ""15.0"", ""method"": ""rule""}}",partial,rule,1.0,partial
48-22-9485,48-22-9485 Milw Packout 30pc - Metric & SAE Wrench Set,,,,Milwaukee Accessory (4031),48-22-9485,Milwaukee,,,30.0,partial,0.65,Milwaukee Accessory,4031,matched,normalized,0.95,Milwaukee,BRD_MILWAUKEE,matched,exact,1.0,,,,,,,unmatched,unmatched,0.0,{},none,none,0.0,invalid
48-44-2770,48-44-2770 Milw Pole Pruning - Shears Replacement Blade,,,,Milwaukee Accessory (4031),48-44-2770,Milwaukee,,,,partial,0.6,Milwaukee Accessory,4031,matched,normalized,0.95,Milwaukee,BRD_MILWAUKEE,matched,exact,1.0,PWR_ACC_BLADE,Saw & Tile Blades,PWR_ACC,Tool Accessories & Attachments,3.0,Tool Accessories & Attachments > Saw & Tile Blades,classified,rule_keyword,0.94,{},none,none,0.0,invalid
IWHT48441RC,IWHT48441RC Irwin 100ft - Red Chalk & Reel Set,,,Irwin,Irwin Industrial Tools (5863),IWHT48441RC,,,,,partial,0.35,Irwin Industrial Tools,5863,matched,normalized,0.95,Irwin,BRD_IRWIN,matched,normalized,0.9,PWR_ACC_ROTARY,Rotary Tools,PWR_ACC,Tool Accessories & Attachments,3.0,Tool Accessories & Attachments > Rotary Tools,classified,candidate_match,0.88,{},none,none,0.0,invalid
XRU23SM1,"XRU23SM1 Makita 18V 13"" - String Trimmer Kit",,,,Makita Usa Inc (5142),XRU23SM1,Makita,,13 in,,partial,0.7,Makita Usa Inc,5142,matched,normalized,0.95,Makita,BRD_MAKITA,matched,exact,1.0,,,,,,,unmatched,unmatched,0.0,{},none,none,0.0,invalid
XRU15PT1,XRU15PT1 Makita String Trimmer,,,,Makita Usa Inc (5142),XRU15PT1,Makita,,,,partial,0.6,Makita Usa Inc,5142,matched,normalized,0.95,Makita,BRD_MAKITA,matched,exact,1.0,,,,,,,unmatched,unmatched,0.0,{},none,none,0.0,invalid
XRU23Z,XRU23Z Makita 18V Trimmer Tool - Only,,,,Makita Usa Inc (5142),XRU23Z,Makita,,,,partial,0.6,Makita Usa Inc,5142,matched,normalized,0.95,Makita,BRD_MAKITA,matched,exact,1.0,,,,,,,unmatched,unmatched,0.0,{},none,none,0.0,invalid
0887-20,0887-20 Milw M18 Brushless Precision Blower,,,,Milwaukee Accessory (4031),0887-20,Milwaukee,,,,partial,0.6,Milwaukee Accessory,4031,matched,normalized,0.95,Milwaukee,BRD_MILWAUKEE,matched,exact,1.0,,,,,,,unmatched,unmatched,0.0,{},none,none,0.0,invalid
DCBL724B,DCBL724B Dewalt 20V Max XR Blower (Bare),,,,Black & Decker/dewlt (2585),DCBL724B,Dewalt,,,,partial,0.6,Black & Decker/dewlt,2585,matched,normalized,0.95,DEWALT,BRD_DEWALT,matched,exact,1.0,,,,,,,unmatched,unmatched,0.0,{},none,none,0.0,invalid
2954-20,2954-20 Milw M18 Bluetooth Jobsite Speaker,,,,Milwaukee Accessory (4031),2954-20,Milwaukee,,,,partial,0.6,Milwaukee Accessory,4031,matched,normalized,0.95,Milwaukee,BRD_MILWAUKEE,matched,exact,1.0,,,,,,,unmatched,unmatched,0.0,{},none,none,0.0,invalid
2955-20,2955-20 Milw M12 Bluetooth - Jobsite Speaker w/Packout,,,,Milwaukee Accessory (4031),2955-20,Milwaukee,,,,partial,0.6,Milwaukee Accessory,4031,matched,normalized,0.95,Milwaukee,BRD_MILWAUKEE,matched,exact,1.0,,,,,,,unmatched,unmatched,0.0,{},none,none,0.0,invalid
9A-219-180,9A-219-180 Abranet 4x6x6,,,,Mirka Abrasives Inc (MIRUS),9A-219-180,Abranet,Abrasive Disc,,,success,0.85,Mirka Abrasives Inc,MIRUS,matched,normalized,0.95,Abranet,BRD_ABRANET,matched,exact,1.0,ABR_DISC_GEN,Abrasive Sanding Discs,ABR_DISC,Abrasive Discs & Wheels,3.0,Abrasive Discs & Wheels > Abrasive Sanding Discs,classified,rule_exact,1.0,{},none,none,0.0,invalid
9A-219-120RP,9A-219-120RP Abranet 4x6x6,,,,Mirka Abrasives Inc (MIRUS),9A-219-120RP,Abranet,Abrasive Disc,,,success,0.85,Mirka Abrasives Inc,MIRUS,matched,normalized,0.95,Abranet,BRD_ABRANET,matched,exact,1.0,ABR_DISC_GEN,Abrasive Sanding Discs,ABR_DISC,Abrasive Discs & Wheels,3.0,Abrasive Discs & Wheels > Abrasive Sanding Discs,classified,rule_exact,1.0,{},none,none,0.0,invalid
3033-20,"3033-20 Milw M18 24"" - Hedge Trimmer",,,Milwaukee,Milwaukee Accessory (4031),3033-20,Milwaukee,,24 in,,partial,0.7,Milwaukee Accessory,4031,matched,normalized,0.95,Milwaukee,BRD_MILWAUKEE,matched,exact,1.0,,,,,,,unmatched,unmatched,0.0,{},none,none,0.0,invalid
3033-21,"3033-21 Milw M18 24"" - Hedge Trimmer Kit",,,,Milwaukee Accessory (4031),3033-21,Milwaukee,,24 in,,partial,0.7,Milwaukee Accessory,4031,matched,normalized,0.95,Milwaukee,BRD_MILWAUKEE,matched,exact,1.0,,,,,,,unmatched,unmatched,0.0,{},none,none,0.0,invalid
3034-20,"3034-20 Milw M18 30"" - Hedge Trimmer",,,Milwaukee,Milwaukee Accessory (4031),3034-20,Milwaukee,,30 in,,partial,0.7,Milwaukee Accessory,4031,matched,normalized,0.95,Milwaukee,BRD_MILWAUKEE,matched,exact,1.0,,,,,,,unmatched,unmatched,0.0,{},none,none,0.0,invalid
D25333K,D25333K Dewalt Hammer Drill,,,,Black & Decker/dewlt (2585),D25333K,Dewalt,,,,partial,0.6,Black & Decker/dewlt,2585,matched,normalized,0.95,DEWALT,BRD_DEWALT,matched,exact,1.0,,,,,,,unmatched,unmatched,0.0,{},none,none,0.0,invalid
DCD803B,DCD803B Dewalt Multi-Head Drill Driver,,,,Black & Decker/dewlt (2585),DCD803B,Dewalt,,,,partial,0.6,Black & Decker/dewlt,2585,matched,normalized,0.95,DEWALT,BRD_DEWALT,matched,exact,1.0,PWR_DRILL,Drills & Drivers,PWR,Power Tools & Equipment,2.0,Power Tools & Equipment > Drills & Drivers,classified,rule_keyword,0.89,{},none,none,0.0,invalid
DCF860B,DCF860B Dewalt 20V Impact - Driver Drill,,,,Black & Decker/dewlt (2585),DCF860B,Dewalt,,,,partial,0.6,Black & Decker/dewlt,2585,matched,normalized,0.95,DEWALT,BRD_DEWALT,matched,exact,1.0,PWR_DRILL_IMP,Impact Drivers & Nailers,PWR_DRILL,Drills & Drivers,3.0,Drills & Drivers > Impact Drivers & Nailers,classified,rule_keyword,0.92,{},none,none,0.0,invalid
3401-20,3401-20 Milw M12 Drill Driver - Brushless Compact (Bare),,,,Milwaukee Accessory (4031),3401-20,Milwaukee,,,,partial,0.6,Milwaukee Accessory,4031,matched,normalized,0.95,Milwaukee,BRD_MILWAUKEE,matched,exact,1.0,PWR_DRILL,Drills & Drivers,PWR,Power Tools & Equipment,2.0,Power Tools & Equipment > Drills & Drivers,classified,rule_keyword,0.89,{},none,none,0.0,invalid
KPTDR050A,KPTDR050A Kreg 20V Ionic Compact Drill,,,,Kreg Tool Company (KRETO),KPTDR050A,Kreg,,,,partial,0.6,Kreg Tool Company,KRETO,matched,normalized,0.95,Kreg,BRD_KREG,matched,exact,1.0,PWR_DRILL,Drills & Drivers,PWR,Power Tools & Equipment,2.0,Power Tools & Equipment > Drills & Drivers,classified,candidate_match,0.88,{},none,none,0.0,invalid
DCD1007B,"DCD1007B Dewalt 20V Cordless - 1/2"" Hammer Drill (Bare)",,,DEWALT,Black & Decker/dewlt (2585),DCD1007B,Dewalt,,1/2 in,,partial,0.7,Black & Decker/dewlt,2585,matched,normalized,0.95,DEWALT,BRD_DEWALT,matched,exact,1.0,,,,,,,unmatched,unmatched,0.0,{},none,none,0.0,invalid
DCD799B,DCD799B Dewalt Drill,,,,Black & Decker/dewlt (2585),DCD799B,Dewalt,,,,partial,0.6,Black & Decker/dewlt,2585,matched,normalized,0.95,DEWALT,BRD_DEWALT,matched,exact,1.0,BLD,"Building, Decking & Railing Materials",,,1.0,"Building, Decking & Railing Materials",classified,candidate_match,0.88,{},none,none,0.0,invalid
58006,58006 Voyager Drill Press,,,,King Canada Inc (KINCA),58006,,,,,partial,0.35,King Canada Inc,KINCA,matched,normalized,0.95,,,unmatched,none,0.0,PWR_DRILL_IMP,Impact Drivers & Nailers,PWR_DRILL,Drills & Drivers,3.0,Drills & Drivers > Impact Drivers & Nailers,classified,candidate_match,0.88,{},none,none,0.0,invalid
2909-20,2909-20 Milw Roofing Nailer - M18,,,Milwaukee,Milwaukee Accessory (4031),2909-20,Milwaukee,,,,partial,0.6,Milwaukee Accessory,4031,matched,normalized,0.95,Milwaukee,BRD_MILWAUKEE,matched,exact,1.0,PWR_ACC_BLADE,Saw & Tile Blades,PWR_ACC,Tool Accessories & Attachments,3.0,Tool Accessories & Attachments > Saw & Tile Blades,classified,candidate_match,0.88,{},none,none,0.0,invalid
2909-21,2909-21 Milw M18 Coil Roofing - Nailer Kit,,,Milwaukee,Milwaukee Accessory (4031),2909-21,Milwaukee,,,,partial,0.6,Milwaukee Accessory,4031,matched,normalized,0.95,Milwaukee,BRD_MILWAUKEE,matched,exact,1.0,PWR_ACC_BLADE,Saw & Tile Blades,PWR_ACC,Tool Accessories & Attachments,3.0,Tool Accessories & Attachments > Saw & Tile Blades,classified,candidate_match,0.88,{},none,none,0.0,invalid
918200,918200 Paslode CT200S24 18Ga ST Brad Nailer,,,,National Nail Corp (7439),918200,,,,,partial,0.35,National Nail Corp,7439,matched,normalized,0.95,,,unmatched,none,0.0,,,,,,,unmatched,unmatched,0.0,{},none,none,0.0,invalid
2541-20,2541-20 Milw M12 - Compact Brad Nailer (Bare),,,,Milwaukee Accessory (4031),2541-20,Milwaukee,,,,partial,0.6,Milwaukee Accessory,4031,matched,normalized,0.95,Milwaukee,BRD_MILWAUKEE,matched,exact,1.0,PWR_ACC_BLADE,Saw & Tile Blades,PWR_ACC,Tool Accessories & Attachments,3.0,Tool Accessories & Attachments > Saw & Tile Blades,classified,candidate_match,0.88,{},none,none,0.0,invalid
DCN930B,DCN930B Dewalt 20V 30 Degree - Framing Nailer,,,DEWALT,Black & Decker/dewlt (2585),DCN930B,Dewalt,,,,partial,0.6,Black & Decker/dewlt,2585,matched,normalized,0.95,DEWALT,BRD_DEWALT,matched,exact,1.0,PWR_DRILL_IMP,Impact Drivers & Nailers,PWR_DRILL,Drills & Drivers,3.0,Drills & Drivers > Impact Drivers & Nailers,classified,rule_keyword,0.9,{},none,none,0.0,invalid
DCN930P1,DCN930P1 Dewalt 20V 30 Degree - Framing Nailer Kit,,,DEWALT,Black & Decker/dewlt (2585),DCN930P1,Dewalt,,,,partial,0.6,Black & Decker/dewlt,2585,matched,normalized,0.95,DEWALT,BRD_DEWALT,matched,exact,1.0,PWR_DRILL_IMP,Impact Drivers & Nailers,PWR_DRILL,Drills & Drivers,3.0,Drills & Drivers > Impact Drivers & Nailers,classified,rule_keyword,0.9,{},none,none,0.0,invalid
XNB04Z,"XNB04Z Makita 18V 2"" Brad Nailer 18GA (Bare)",,,,Makita Usa Inc (5142),XNB04Z,Makita,,2 in,,partial,0.7,Makita Usa Inc,5142,matched,normalized,0.95,Makita,BRD_MAKITA,matched,exact,1.0,PWR_DRILL_IMP,Impact Drivers & Nailers,PWR_DRILL,Drills & Drivers,3.0,Drills & Drivers > Impact Drivers & Nailers,classified,candidate_match,0.88,{},none,none,0.0,invalid
XNB05Z,"XNB05Z Makita 18V 2-1/2"" Straight Finish Nailer 16GA",,,,Makita Usa Inc (5142),XNB05Z,Makita,,2-1/2 in,,partial,0.7,Makita Usa Inc,5142,matched,normalized,0.95,Makita,BRD_MAKITA,matched,exact,1.0,,,,,,,unmatched,unmatched,0.0,{},none,none,0.0,invalid
XNB06Z,"XNB06Z Makita 18V 2-1/2"" Angled Finish Nailer 16GA",,,,Makita Usa Inc (5142),XNB06Z,Makita,,2-1/2 in,,partial,0.7,Makita Usa Inc,5142,matched,normalized,0.95,Makita,BRD_MAKITA,matched,exact,1.0,,,,,,,unmatched,unmatched,0.0,{},none,none,0.0,invalid
XNB07Z,XNB07Z Makita 18V LXT BL 30 Nailer (Bare),,,,Makita Usa Inc (5142),XNB07Z,Makita,,,,partial,0.6,Makita Usa Inc,5142,matched,normalized,0.95,Makita,BRD_MAKITA,matched,exact,1.0,,,,,,,unmatched,unmatched,0.0,{},none,none,0.0,invalid
DZN930,DZN930 Dewalt 30 Degree - Framing Magazine,,,,Black & Decker/dewlt (2585),DZN930,Dewalt,,,,partial,0.6,Black & Decker/dewlt,2585,matched,normalized,0.95,DEWALT,BRD_DEWALT,matched,exact,1.0,,,,,,,unmatched,unmatched,0.0,{},none,none,0.0,invalid
220USB25U,220USB25U Vessel Screwdriver w/25pc Bit Set,,,,Vessel Tools USA Inc (VESTO),220USB25U,,,,25.0,partial,0.4,Vessel Tools USA Inc,VESTO,matched,normalized,0.95,,,unmatched,none,0.0,PWR_ACC_ROTARY,Rotary Tools,PWR_ACC,Tool Accessories & Attachments,3.0,Tool Accessories & Attachments > Rotary Tools,classified,candidate_match,0.88,"{""piece_count"": {""value"": 25, ""confidence"": 1.0, ""evidence"": ""25.0"", ""method"": ""rule""}}",partial,rule,1.0,partial
XRF03Z,XRF03Z Makita 18V Screwdriver - Autofeed,,,,Makita Usa Inc (5142),XRF03Z,Makita,,,,partial,0.6,Makita Usa Inc,5142,matched,normalized,0.95,Makita,BRD_MAKITA,matched,exact,1.0,,,,,,,unmatched,unmatched,0.0,{},none,none,0.0,invalid
220USBP5U,220USBP5U Vessel Screwdriver Plus w/5pc Bit Set,,,,Vessel Tools USA Inc (VESTO),220USBP5U,,,,5.0,partial,0.4,Vessel Tools USA Inc,VESTO,matched,normalized,0.95,,,unmatched,none,0.0,PWR_ACC_ROTARY,Rotary Tools,PWR_ACC,Tool Accessories & Attachments,3.0,Tool Accessories & Attachments > Rotary Tools,classified,candidate_match,0.88,"{""piece_count"": {""value"": 5, ""confidence"": 1.0, ""evidence"": ""5.0"", ""method"": ""rule""}}",partial,rule,1.0,partial
49-66-4567,"49-66-4567 Milw 6"" Magnetic - Impact Driver Set 6pc",,,,Milwaukee Accessory (4031),49-66-4567,Milwaukee,,6 in,6.0,success,0.75,Milwaukee Accessory,4031,matched,normalized,0.95,Milwaukee,BRD_MILWAUKEE,matched,exact,1.0,PWR_DRILL_IMP,Impact Drivers & Nailers,PWR_DRILL,Drills & Drivers,3.0,Drills & Drivers > Impact Drivers & Nailers,classified,rule_keyword,0.9,{},none,none,0.0,invalid
IBMG90K003,"IBMG90K003 Vessel Impact Ball Torsion Bit Assort 5pc 3.5""",,,,Vessel Tools USA Inc (VESTO),IBMG90K003,,,3.5 in,5.0,partial,0.5,Vessel Tools USA Inc,VESTO,matched,normalized,0.95,,,unmatched,none,0.0,PWR_ACC_ROTARY,Rotary Tools,PWR_ACC,Tool Accessories & Attachments,3.0,Tool Accessories & Attachments > Rotary Tools,classified,candidate_match,0.88,"{""piece_count"": {""value"": 5, ""confidence"": 1.0, ""evidence"": ""5.0"", ""method"": ""rule""}}",partial,rule,1.0,partial
IBPH250P15T,"IBPH250P15T Vessel Torsion Bit 2"" 15pc",,,,Vessel Tools USA Inc (VESTO),IBPH250P15T,,,2 in,15.0,partial,0.5,Vessel Tools USA Inc,VESTO,matched,normalized,0.95,,,unmatched,none,0.0,PWR_ACC_ROTARY,Rotary Tools,PWR_ACC,Tool Accessories & Attachments,3.0,Tool Accessories & Attachments > Rotary Tools,classified,candidate_match,0.88,"{""piece_count"": {""value"": 15, ""confidence"": 1.0, ""evidence"": ""15.0"", ""method"": ""rule""}}",partial,rule,1.0,partial
DPH12B,"DPH12B 2"" #1 Phillips Drive - Bit",,,Diablo,Freud Inc (2435),DPH12B,,,2 in,,partial,0.45,Freud Inc,2435,matched,normalized,0.95,Diablo,BRD_DIABLO,matched,normalized,0.9,PWR_ACC_BIT,Drive Bits,PWR_ACC,Tool Accessories & Attachments,3.0,Tool Accessories & Attachments > Drive Bits,classified,rule_keyword,0.94,{},none,none,0.0,invalid
DPH135B,"DPH135B 3-1/2"" #1 Phillips - Drive Bit",,,Diablo,Freud Inc (2435),DPH135B,,,3-1/2 in,,partial,0.45,Freud Inc,2435,matched,normalized,0.95,Diablo,BRD_DIABLO,matched,normalized,0.9,PWR_ACC_BIT,Drive Bits,PWR_ACC,Tool Accessories & Attachments,3.0,Tool Accessories & Attachments > Drive Bits,classified,rule_keyword,0.94,{},none,none,0.0,invalid
DPH21B,"DPH21B 1"" #2 Phillips Drive - Bit",,,Diablo,Freud Inc (2435),DPH21B,,,1 in,,partial,0.45,Freud Inc,2435,matched,normalized,0.95,Diablo,BRD_DIABLO,matched,normalized,0.9,PWR_ACC_BIT,Drive Bits,PWR_ACC,Tool Accessories & Attachments,3.0,Tool Accessories & Attachments > Drive Bits,classified,rule_keyword,0.94,{},none,none,0.0,invalid
DPH22B,"DPH22B 2"" #2 Phillips Drive - Bit",,,Diablo,Freud Inc (2435),DPH22B,,,2 in,,partial,0.45,Freud Inc,2435,matched,normalized,0.95,Diablo,BRD_DIABLO,matched,normalized,0.9,PWR_ACC_BIT,Drive Bits,PWR_ACC,Tool Accessories & Attachments,3.0,Tool Accessories & Attachments > Drive Bits,classified,rule_keyword,0.94,{},none,none,0.0,invalid
DPH235B,"DPH235B 3-1/2"" #2 Phillips - Drive Bit",,,Diablo,Freud Inc (2435),DPH235B,,,3-1/2 in,,partial,0.45,Freud Inc,2435,matched,normalized,0.95,Diablo,BRD_DIABLO,matched,normalized,0.9,PWR_ACC_BIT,Drive Bits,PWR_ACC,Tool Accessories & Attachments,3.0,Tool Accessories & Attachments > Drive Bits,classified,rule_keyword,0.94,{},none,none,0.0,invalid
DPH26B,"DPH26B 6"" #2 Phillips Drive - Bit",,,Diablo,Freud Inc (2435),DPH26B,,,6 in,,partial,0.45,Freud Inc,2435,matched,normalized,0.95,Diablo,BRD_DIABLO,matched,normalized,0.9,PWR_ACC_BIT,Drive Bits,PWR_ACC,Tool Accessories & Attachments,3.0,Tool Accessories & Attachments > Drive Bits,classified,rule_keyword,0.94,{},none,none,0.0,invalid
DPH2R1B,"DPH2R1B 1"" #2 Phillips Drywall - Screws Drive Bit",,,Diablo,Freud Inc (2435),DPH2R1B,,,1 in,,partial,0.45,Freud Inc,2435,matched,normalized,0.95,Diablo,BRD_DIABLO,matched,normalized,0.9,PWR_ACC_BIT,Drive Bits,PWR_ACC,Tool Accessories & Attachments,3.0,Tool Accessories & Attachments > Drive Bits,classified,rule_keyword,0.94,{},none,none,0.0,invalid
DPH31B,"DPH31B 1"" #3 Phillips Drive - Bit",,,Diablo,Freud Inc (2435),DPH31B,,,1 in,,partial,0.45,Freud Inc,2435,matched,normalized,0.95,Diablo,BRD_DIABLO,matched,normalized,0.9,PWR_ACC_BIT,Drive Bits,PWR_ACC,Tool Accessories & Attachments,3.0,Tool Accessories & Attachments > Drive Bits,classified,rule_keyword,0.94,{},none,none,0.0,invalid
DPH32B,"DPH32B 2"" #3 Phillips Drive - Bit",,,Diablo,Freud Inc (2435),DPH32B,,,2 in,,partial,0.45,Freud Inc,2435,matched,normalized,0.95,Diablo,BRD_DIABLO,matched,normalized,0.9,PWR_ACC_BIT,Drive Bits,PWR_ACC,Tool Accessories & Attachments,3.0,Tool Accessories & Attachments > Drive Bits,classified,rule_keyword,0.94,{},none,none,0.0,invalid
DPH335B,"DPH335B 3-1/2"" #3 Phillips - Drive Bit",,,Diablo,Freud Inc (2435),DPH335B,,,3-1/2 in,,partial,0.45,Freud Inc,2435,matched,normalized,0.95,Diablo,BRD_DIABLO,matched,normalized,0.9,PWR_ACC_BIT,Drive Bits,PWR_ACC,Tool Accessories & Attachments,3.0,Tool Accessories & Attachments > Drive Bits,classified,rule_keyword,0.94,{},none,none,0.0,invalid
DSQ12B,"DSQ12B 2"" #1 Square Drive Bit",,,Diablo,Freud Inc (2435),DSQ12B,,,2 in,,partial,0.45,Freud Inc,2435,matched,normalized,0.95,Diablo,BRD_DIABLO,matched,normalized,0.9,PWR_ACC_BIT,Drive Bits,PWR_ACC,Tool Accessories & Attachments,3.0,Tool Accessories & Attachments > Drive Bits,classified,rule_keyword,0.94,{},none,none,0.0,invalid
DSQ22B,"DSQ22B 2"" #2 Square Drive Bit",,,Diablo,Freud Inc (2435),DSQ22B,,,2 in,,partial,0.45,Freud Inc,2435,matched,normalized,0.95,Diablo,BRD_DIABLO,matched,normalized,0.9,PWR_ACC_BIT,Drive Bits,PWR_ACC,Tool Accessories & Attachments,3.0,Tool Accessories & Attachments > Drive Bits,classified,rule_keyword,0.94,{},none,none,0.0,invalid
DSQ26B,"DSQ26B 6"" #2 Square Drive Bit",,,Diablo,Freud Inc (2435),DSQ26B,,,6 in,,partial,0.45,Freud Inc,2435,matched,normalized,0.95,Diablo,BRD_DIABLO,matched,normalized,0.9,PWR_ACC_BIT,Drive Bits,PWR_ACC,Tool Accessories & Attachments,3.0,Tool Accessories & Attachments > Drive Bits,classified,rule_keyword,0.94,{},none,none,0.0,invalid
DSQ32B,"DSQ32B 2"" #3 Square Drive Bit",,,Diablo,Freud Inc (2435),DSQ32B,,,2 in,,partial,0.45,Freud Inc,2435,matched,normalized,0.95,Diablo,BRD_DIABLO,matched,normalized,0.9,PWR_ACC_BIT,Drive Bits,PWR_ACC,Tool Accessories & Attachments,3.0,Tool Accessories & Attachments > Drive Bits,classified,rule_keyword,0.94,{},none,none,0.0,invalid
DT102B,"DT102B 2"" #10 Torx Drive Bit",,,Diablo,Freud Inc (2435),DT102B,,,2 in,,partial,0.45,Freud Inc,2435,matched,normalized,0.95,Diablo,BRD_DIABLO,matched,normalized,0.9,PWR_ACC_BIT,Drive Bits,PWR_ACC,Tool Accessories & Attachments,3.0,Tool Accessories & Attachments > Drive Bits,classified,rule_keyword,0.94,{},none,none,0.0,invalid
DT152B,"DT152B 2"" #15 Torx Drive Bit",,,Diablo,Freud Inc (2435),DT152B,,,2 in,,partial,0.45,Freud Inc,2435,matched,normalized,0.95,Diablo,BRD_DIABLO,matched,normalized,0.9,PWR_ACC_BIT,Drive Bits,PWR_ACC,Tool Accessories & Attachments,3.0,Tool Accessories & Attachments > Drive Bits,classified,rule_keyword,0.94,{},none,none,0.0,invalid
DT1535B,"DT1535B 3-1/2"" #15 Torx Drive - Bit",,,Diablo,Freud Inc (2435),DT1535B,,,3-1/2 in,,partial,0.45,Freud Inc,2435,matched,normalized,0.95,Diablo,BRD_DIABLO,matched,normalized,0.9,PWR_ACC_BIT,Drive Bits,PWR_ACC,Tool Accessories & Attachments,3.0,Tool Accessories & Attachments > Drive Bits,classified,rule_keyword,0.94,{},none,none,0.0,invalid
DT202B,"DT202B 2"" #20 Torx Drive Bit",,,Diablo,Freud Inc (2435),DT202B,,,2 in,,partial,0.45,Freud Inc,2435,matched,normalized,0.95,Diablo,BRD_DIABLO,matched,normalized,0.9,PWR_ACC_BIT,Drive Bits,PWR_ACC,Tool Accessories & Attachments,3.0,Tool Accessories & Attachments > Drive Bits,classified,rule_keyword,0.94,{},none,none,0.0,invalid
DT2035B,"DT2035B 3-1/2"" #20 Torx Drive - Bit",,,Diablo,Freud Inc (2435),DT2035B,,,3-1/2 in,,partial,0.45,Freud Inc,2435,matched,normalized,0.95,Diablo,BRD_DIABLO,matched,normalized,0.9,PWR_ACC_BIT,Drive Bits,PWR_ACC,Tool Accessories & Attachments,3.0,Tool Accessories & Attachments > Drive Bits,classified,rule_keyword,0.94,{},none,none,0.0,invalid
DT206B,"DT206B 6"" #20 Torx Drive Bit",,,Diablo,Freud Inc (2435),DT206B,,,6 in,,partial,0.45,Freud Inc,2435,matched,normalized,0.95,Diablo,BRD_DIABLO,matched,normalized,0.9,PWR_ACC_BIT,Drive Bits,PWR_ACC,Tool Accessories & Attachments,3.0,Tool Accessories & Attachments > Drive Bits,classified,rule_keyword,0.94,{},none,none,0.0,invalid
DT252B,"DT252B 2"" #25 Trox Drive Bit",,,Diablo,Freud Inc (2435),DT252B,,,2 in,,partial,0.45,Freud Inc,2435,matched,normalized,0.95,Diablo,BRD_DIABLO,matched,normalized,0.9,PWR_ACC_BIT,Drive Bits,PWR_ACC,Tool Accessories & Attachments,3.0,Tool Accessories & Attachments > Drive Bits,classified,rule_keyword,0.94,{},none,none,0.0,invalid
DT2535B,"DT2535B 3-1/4"" #25 Torx Drive - Bit",,,Diablo,Freud Inc (2435),DT2535B,,,3-1/4 in,,partial,0.45,Freud Inc,2435,matched,normalized,0.95,Diablo,BRD_DIABLO,matched,normalized,0.9,PWR_ACC_BIT,Drive Bits,PWR_ACC,Tool Accessories & Attachments,3.0,Tool Accessories & Attachments > Drive Bits,classified,rule_keyword,0.94,{},none,none,0.0,invalid
DT256B,"DT256B 6"" #25 Torx Drive Bit",,,Diablo,Freud Inc (2435),DT256B,,,6 in,,partial,0.45,Freud Inc,2435,matched,normalized,0.95,Diablo,BRD_DIABLO,matched,normalized,0.9,PWR_ACC_BIT,Drive Bits,PWR_ACC,Tool Accessories & Attachments,3.0,Tool Accessories & Attachments > Drive Bits,classified,rule_keyword,0.94,{},none,none,0.0,invalid
DT302B,"DT302B 2"" #30 Torx Drive Bit",,,Diablo,Freud Inc (2435),DT302B,,,2 in,,partial,0.45,Freud Inc,2435,matched,normalized,0.95,Diablo,BRD_DIABLO,matched,normalized,0.9,PWR_ACC_BIT,Drive Bits,PWR_ACC,Tool Accessories & Attachments,3.0,Tool Accessories & Attachments > Drive Bits,classified,rule_keyword,0.94,{},none,none,0.0,invalid
DT402B,"DT402B 2"" #40 Torx Drive Bit",,,Diablo,Freud Inc (2435),DT402B,,,2 in,,partial,0.45,Freud Inc,2435,matched,normalized,0.95,Diablo,BRD_DIABLO,matched,normalized,0.9,PWR_ACC_BIT,Drive Bits,PWR_ACC,Tool Accessories & Attachments,3.0,Tool Accessories & Attachments > Drive Bits,classified,rule_keyword,0.94,{},none,none,0.0,invalid
DDWSSB,DDWSSB #2 Drywall Screw Setter,,,Diablo,Freud Inc (2435),DDWSSB,,,,,partial,0.35,Freud Inc,2435,matched,normalized,0.95,Diablo,BRD_DIABLO,matched,normalized,0.9,,,,,,,unmatched,unmatched,0.0,{},none,none,0.0,invalid
191V02-0,191V02-0 Makita #2 Phillips Bit 5pk,,,,Makita Usa Inc (5142),191V02-0,Makita,,,5.0,partial,0.65,Makita Usa Inc,5142,matched,normalized,0.95,Makita,BRD_MAKITA,matched,exact,1.0,,,,,,,unmatched,unmatched,0.0,{},none,none,0.0,invalid
XTS02Z,"XTS02Z Makita 18V 1/4"" Narrow Crown Stapler 18GA",,,,Makita Usa Inc (5142),XTS02Z,Makita,,1/4 in,,partial,0.7,Makita Usa Inc,5142,matched,normalized,0.95,Makita,BRD_MAKITA,matched,exact,1.0,,,,,,,unmatched,unmatched,0.0,{},none,none,0.0,invalid
DCF809D1,"DCF809D1 Dewalt Atomic 20V 1/4"" Impact Driver Kit",,,DEWALT,Black & Decker/dewlt (2585),DCF809D1,Dewalt,,1/4 in,,partial,0.7,Black & Decker/dewlt,2585,matched,normalized,0.95,DEWALT,BRD_DEWALT,matched,exact,1.0,PWR_DRILL_IMP,Impact Drivers & Nailers,PWR_DRILL,Drills & Drivers,3.0,Drills & Drivers > Impact Drivers & Nailers,classified,rule_keyword,0.9,{},none,none,0.0,invalid
2761-20,"2761-20 Milw M18 1/4"" Hex Hydraulic Driver",,,,Milwaukee Accessory (4031),2761-20,Milwaukee,,18 1/4 in,,partial,0.7,Milwaukee Accessory,4031,matched,normalized,0.95,Milwaukee,BRD_MILWAUKEE,matched,exact,1.0,PWR_DRILL_IMP,Impact Drivers & Nailers,PWR_DRILL,Drills & Drivers,3.0,Drills & Drivers > Impact Drivers & Nailers,classified,rule_keyword,0.9,{},none,none,0.0,invalid
2761-22,2761-22 Milw M18 Surge Kit,,,,Milwaukee Accessory (4031),2761-22,Milwaukee,,,,partial,0.6,Milwaukee Accessory,4031,matched,normalized,0.95,Milwaukee,BRD_MILWAUKEE,matched,exact,1.0,,,,,,,unmatched,unmatched,0.0,{},none,none,0.0,invalid
3450-20,3450-20 Milw M12 Impact Driver - Brushless Compact (Bare),,,,Milwaukee Accessory (4031),3450-20,Milwaukee,,,,partial,0.6,Milwaukee Accessory,4031,matched,normalized,0.95,Milwaukee,BRD_MILWAUKEE,matched,exact,1.0,PWR_DRILL_IMP,Impact Drivers & Nailers,PWR_DRILL,Drills & Drivers,3.0,Drills & Drivers > Impact Drivers & Nailers,classified,rule_keyword,0.9,{},none,none,0.0,invalid
KPTDV025A,KPTDV025A Kreg 20V Ionic Compact Impact Driver,,,,Kreg Tool Company (KRETO),KPTDV025A,Kreg,,,,partial,0.6,Kreg Tool Company,KRETO,matched,normalized,0.95,Kreg,BRD_KREG,matched,exact,1.0,PWR_DRILL_IMP,Impact Drivers & Nailers,PWR_DRILL,Drills & Drivers,3.0,Drills & Drivers > Impact Drivers & Nailers,classified,rule_keyword,0.9,{},none,none,0.0,invalid
3048-20,"3048-20 Milw M12 1/4"" Impact Wrench w/Friction Ring",,,,Milwaukee Accessory (4031),3048-20,Milwaukee,,12 1/4 in,,partial,0.7,Milwaukee Accessory,4031,matched,normalized,0.95,Milwaukee,BRD_MILWAUKEE,matched,exact,1.0,,,,,,,unmatched,unmatched,0.0,{},none,none,0.0,invalid
3049-20,"3049-20 Milw M12 3/8"" Impact Wrench w/Friction Ring",,,,Milwaukee Accessory (4031),3049-20,Milwaukee,,12 3/8 in,,partial,0.7,Milwaukee Accessory,4031,matched,normalized,0.95,Milwaukee,BRD_MILWAUKEE,matched,exact,1.0,,,,,,,unmatched,unmatched,0.0,{},none,none,0.0,invalid
2563-20,"2563-20 Milw M12 Stubby 1/2"" Impact Wrench",,,,Milwaukee Accessory (4031),2563-20,Milwaukee,,1/2 in,,partial,0.7,Milwaukee Accessory,4031,matched,normalized,0.95,Milwaukee,BRD_MILWAUKEE,matched,exact,1.0,,,,,,,unmatched,unmatched,0.0,{},none,none,0.0,invalid
DCF961B,"Dewalt DCF961B 20V 1/2"" Impact - Bare Tool",,,DEWALT,Black & Decker/dewlt (2585),Dewalt,Dewalt,,1/2 in,,partial,0.7,Black & Decker/dewlt,2585,matched,normalized,0.95,DEWALT,BRD_DEWALT,matched,exact,1.0,,,,,,,unmatched,unmatched,0.0,{},none,none,0.0,invalid
DCF964B,"DCF964B Dewalt 20V 3/4"" Impact - Wrench (Bare)",,,DEWALT,Black & Decker/dewlt (2585),DCF964B,Dewalt,,3/4 in,,partial,0.7,Black & Decker/dewlt,2585,matched,normalized,0.95,DEWALT,BRD_DEWALT,matched,exact,1.0,,,,,,,unmatched,unmatched,0.0,{},none,none,0.0,invalid
2563P-20,"2563P-20 Milw M12 1/2"" Stubby - Impact Wrench w/Pin Detent",,,,Milwaukee Accessory (4031),2563P-20,Milwaukee,,12 1/2 in,,partial,0.7,Milwaukee Accessory,4031,matched,normalized,0.95,Milwaukee,BRD_MILWAUKEE,matched,exact,1.0,,,,,,,unmatched,unmatched,0.0,{},none,none,0.0,invalid
DCF921P2,DCF921P2 Dewalt 20V 1/2 Impact,,,,Black & Decker/dewlt (2585),DCF921P2,Dewalt,,,,partial,0.6,Black & Decker/dewlt,2585,matched,normalized,0.95,DEWALT,BRD_DEWALT,matched,exact,1.0,,,,,,,unmatched,unmatched,0.0,{},none,none,0.0,invalid
XLT03Z,"XLT03Z Makita 3/8"" 18V Angle Impact",,,,Makita Usa Inc (5142),XLT03Z,Makita,,3/8 in,,partial,0.7,Makita Usa Inc,5142,matched,normalized,0.95,Makita,BRD_MAKITA,matched,exact,1.0,,,,,,,unmatched,unmatched,0.0,{},none,none,0.0,invalid
XLT04Z,"XLT04Z Makita 1/4"" 18V Angle Impact",,,,Makita Usa Inc (5142),XLT04Z,Makita,,1/4 in,,partial,0.7,Makita Usa Inc,5142,matched,normalized,0.95,Makita,BRD_MAKITA,matched,exact,1.0,,,,,,,unmatched,unmatched,0.0,{},none,none,0.0,invalid
XLT05Z,"XLT05Z Makita 1/2"" 18V Angle Impact",,,,Makita Usa Inc (5142),XLT05Z,Makita,,1/2 in,,partial,0.7,Makita Usa Inc,5142,matched,normalized,0.95,Makita,BRD_MAKITA,matched,exact,1.0,,,,,,,unmatched,unmatched,0.0,{},none,none,0.0,invalid
DCF510B,Dewalt DCF510B 20V Rachet - Interchangeable Anvil,,,DEWALT,Black & Decker/dewlt (2585),Dewalt,Dewalt,,,,partial,0.6,Black & Decker/dewlt,2585,matched,normalized,0.95,DEWALT,BRD_DEWALT,matched,exact,1.0,,,,,,,unmatched,unmatched,0.0,{},none,none,0.0,invalid
3052-20,"3052-20 Milw M12 Fuel 1/4"" Rachet",,,,Milwaukee Accessory (4031),3052-20,Milwaukee,,1/4 in,,partial,0.7,Milwaukee Accessory,4031,matched,normalized,0.95,Milwaukee,BRD_MILWAUKEE,matched,exact,1.0,,,,,,,unmatched,unmatched,0.0,{},none,none,0.0,invalid
3054-20,"3054-20 Milw M12 1/2"" Ratchet (Bare)",,,,Milwaukee Accessory (4031),3054-20,Milwaukee,,12 1/2 in,,partial,0.7,Milwaukee Accessory,4031,matched,normalized,0.95,Milwaukee,BRD_MILWAUKEE,matched,exact,1.0,,,,,,,unmatched,unmatched,0.0,{},none,none,0.0,invalid
DCF513EB,"DCF513EB Dewalt 3/8"" Open Head Rachet",,,,Black & Decker/dewlt (2585),DCF513EB,Dewalt,,3/8 in,,partial,0.7,Black & Decker/dewlt,2585,matched,normalized,0.95,DEWALT,BRD_DEWALT,matched,exact,1.0,,,,,,,unmatched,unmatched,0.0,{},none,none,0.0,invalid
XVP01Z,"XVP01Z Makita 18V 3"" Polisher/ 2"" Sander",,,,Makita Usa Inc (5142),XVP01Z,Makita,,3 in,,partial,0.7,Makita Usa Inc,5142,matched,normalized,0.95,Makita,BRD_MAKITA,matched,exact,1.0,,,,,,,unmatched,unmatched,0.0,{},none,none,0.0,invalid
DCM200B,DCM200B Dewalt 1/2in x 18in - Band File,,,DEWALT,Black & Decker/dewlt (2585),DCM200B,Dewalt,,1/2 in x 18 in,,partial,0.7,Black & Decker/dewlt,2585,matched,normalized,0.95,DEWALT,BRD_DEWALT,matched,exact,1.0,,,,,,,unmatched,unmatched,0.0,{},none,none,0.0,invalid
DCG410B,"DCG410B Dewalt 20V 4-1/2""-5"" - Angle Grinder (Bare)",,,DEWALT,Black & Decker/dewlt (2585),DCG410B,Dewalt,,4-1/2 in,,partial,0.7,Black & Decker/dewlt,2585,matched,normalized,0.95,DEWALT,BRD_DEWALT,matched,exact,1.0,,,,,,,unmatched,unmatched,0.0,{},none,none,0.0,invalid
DCG460B,"DCG460B Dewalt 60V Grinder - 7-9""",,,DEWALT,Black & Decker/dewlt (2585),DCG460B,Dewalt,,9 in,,partial,0.7,Black & Decker/dewlt,2585,matched,normalized,0.95,DEWALT,BRD_DEWALT,matched,exact,1.0,,,,,,,unmatched,unmatched,0.0,{},none,none,0.0,invalid
DCG402B,"DCG402B Dewalt 20V 4.5"" Angle Grinder (Bare)",,,,Black & Decker/dewlt (2585),DCG402B,Dewalt,,4.5 in,,partial,0.7,Black & Decker/dewlt,2585,matched,normalized,0.95,DEWALT,BRD_DEWALT,matched,exact,1.0,,,,,,,unmatched,unmatched,0.0,{},none,none,0.0,invalid
3485-20,"3485-20 Milw M12 1/4"" Right Angle Die Grinder",,,,Milwaukee Accessory (4031),3485-20,Milwaukee,,12 1/4 in,,partial,0.7,Milwaukee Accessory,4031,matched,normalized,0.95,Milwaukee,BRD_MILWAUKEE,matched,exact,1.0,ABR_DISC_GRIND,Grinding Wheels,ABR_DISC,Abrasive Discs & Wheels,3.0,Abrasive Discs & Wheels > Grinding Wheels,classified,candidate_match,0.88,"{""diameter"": {""value"": ""12 1/4 in"", ""confidence"": 1.0, ""evidence"": ""12 1/4 in"", ""method"": ""rule""}}",partial,rule,1.0,partial
DCG420B,DCG420B Dewalt 20V Die Grinder (Bare),,,,Black & Decker/dewlt (2585),DCG420B,Dewalt,,,,partial,0.6,Black & Decker/dewlt,2585,matched,normalized,0.95,DEWALT,BRD_DEWALT,matched,exact,1.0,,,,,,,unmatched,unmatched,0.0,{},none,none,0.0,invalid
DCG422B,DCG422B Dewalt 20V Right Angle Die Grinder (Bare),,,,Black & Decker/dewlt (2585),DCG422B,Dewalt,,,,partial,0.6,Black & Decker/dewlt,2585,matched,normalized,0.95,DEWALT,BRD_DEWALT,matched,exact,1.0,,,,,,,unmatched,unmatched,0.0,{},none,none,0.0,invalid
924422,924422 Mafell Carpentry - Planing Machine ZH 320 Ec 120V,,,,-,924422,,,,,partial,0.35,,,unmatched,none,0.0,,,unmatched,none,0.0,,,,,,,unmatched,unmatched,0.0,{},none,none,0.0,invalid
DCW620B,DCW620B Dewalt 20V Plunge - Router,,,,Black & Decker/dewlt (2585),DCW620B,Dewalt,,,,partial,0.6,Black & Decker/dewlt,2585,matched,normalized,0.95,DEWALT,BRD_DEWALT,matched,exact,1.0,BLD_LUMBER,Lumber & Structural Panels,BLD,"Building, Decking & Railing Materials",2.0,"Building, Decking & Railing Materials > Lumber & Structural Panels",classified,candidate_match,0.88,{},none,none,0.0,invalid
2535-20,"2535-20 Milw 3"" Orbit Sander - M12",,,,Milwaukee Accessory (4031),2535-20,Milwaukee,,3 in,,partial,0.7,Milwaukee Accessory,4031,matched,normalized,0.95,Milwaukee,BRD_MILWAUKEE,matched,exact,1.0,PWR_ACC,Tool Accessories & Attachments,PWR,Power Tools & Equipment,2.0,Power Tools & Equipment > Tool Accessories & Attachments,classified,candidate_match,0.88,{},none,none,0.0,invalid
2837-20,"2837-20 Milw M18 5"" Sander - Orbital (Bare)",,,Milwaukee,Milwaukee Accessory (4031),2837-20,Milwaukee,,5 in,,partial,0.7,Milwaukee Accessory,4031,matched,normalized,0.95,Milwaukee,BRD_MILWAUKEE,matched,exact,1.0,PWR_ACC,Tool Accessories & Attachments,PWR,Power Tools & Equipment,2.0,Power Tools & Equipment > Tool Accessories & Attachments,classified,candidate_match,0.88,{},none,none,0.0,invalid
577728,577728 Festool Cordless Sander - ETSC 2 150 I-Plus,,,,Festool USA (FESTO),577728,Festool,,,,partial,0.6,Festool USA,FESTO,matched,normalized,0.95,Festool,BRD_FESTOOL,matched,exact,1.0,,,,,,,unmatched,unmatched,0.0,{},none,none,0.0,invalid
577738,577738 Festool Cordless Sander - ETSC 2 125 I-Plus,,,,Festool USA (FESTO),577738,Festool,,,,partial,0.6,Festool USA,FESTO,matched,normalized,0.95,Festool,BRD_FESTOOL,matched,exact,1.0,,,,,,,unmatched,unmatched,0.0,{},none,none,0.0,invalid
KPTRS500A,"KPTRS500A Kreg 20V Ionic 5"" Random Orbit Sander",,,,Kreg Tool Company (KRETO),KPTRS500A,Kreg,,5 in,,partial,0.7,Kreg Tool Company,KRETO,matched,normalized,0.95,Kreg,BRD_KREG,matched,exact,1.0,,,,,,,unmatched,unmatched,0.0,{},none,none,0.0,invalid
24-35M-320,"24-35M-320 Iridium Grip - 3.2"" x 5.2"" Grip",,,,Mirka Abrasives Inc (MIRUS),24-35M-320,,,3.2 in x 5.2 in,,partial,0.45,Mirka Abrasives Inc,MIRUS,matched,normalized,0.95,,,unmatched,none,0.0,ABR,Abrasives & Cutting Accessories,,,1.0,Abrasives & Cutting Accessories,classified,candidate_match,0.88,"{""diameter"": {""value"": ""3.2 in"", ""confidence"": 0.98, ""evidence"": ""3.2 in"", ""method"": ""rule""}}",partial,rule,0.98,partial
9A-129-120,9A-129-120 Abranet 3x4 - 50 Sheets/Box,,,,Mirka Abrasives Inc (MIRUS),9A-129-120,Abranet,Abrasive Disc,,,success,0.85,Mirka Abrasives Inc,MIRUS,matched,normalized,0.95,Abranet,BRD_ABRANET,matched,exact,1.0,ABR_DISC_GEN,Abrasive Sanding Discs,ABR_DISC,Abrasive Discs & Wheels,3.0,Abrasive Discs & Wheels > Abrasive Sanding Discs,classified,rule_exact,1.0,{},none,none,0.0,invalid
578800,578800 Festool 80x133 M GR PRO/10,,,,Festool USA (FESTO),578800,Festool,,,,partial,0.6,Festool USA,FESTO,matched,normalized,0.95,Festool,BRD_FESTOOL,matched,exact,1.0,,,,,,,unmatched,unmatched,0.0,{},none,none,0.0,invalid
578801,578801 Festool 80x133 F GR PRO/10,,,,Festool USA (FESTO),578801,Festool,,,,partial,0.6,Festool USA,FESTO,matched,normalized,0.95,Festool,BRD_FESTOOL,matched,exact,1.0,,,,,,,unmatched,unmatched,0.0,{},none,none,0.0,invalid
578802,578802 Festool 80x133 S GR PRO/10,,,,Festool USA (FESTO),578802,Festool,,,,partial,0.6,Festool USA,FESTO,matched,normalized,0.95,Festool,BRD_FESTOOL,matched,exact,1.0,,,,,,,unmatched,unmatched,0.0,{},none,none,0.0,invalid
578808,578808 Festool 3x4 M GR PRO/10,,,,Festool USA (FESTO),578808,Festool,,,,partial,0.6,Festool USA,FESTO,matched,normalized,0.95,Festool,BRD_FESTOOL,matched,exact,1.0,,,,,,,unmatched,unmatched,0.0,{},none,none,0.0,invalid
578809,578809 Festool 3x4 F GR PRO/10,,,,Festool USA (FESTO),578809,Festool,,,,partial,0.6,Festool USA,FESTO,matched,normalized,0.95,Festool,BRD_FESTOOL,matched,exact,1.0,,,,,,,unmatched,unmatched,0.0,{},none,none,0.0,invalid
578810,578810 Festool 3x4 S GR PRO/10,,,,Festool USA (FESTO),578810,Festool,,,,partial,0.6,Festool USA,FESTO,matched,normalized,0.95,Festool,BRD_FESTOOL,matched,exact,1.0,,,,,,,unmatched,unmatched,0.0,{},none,none,0.0,invalid
578811,578811 Festool 3x4 GR PRO/10-Set,,,,Festool USA (FESTO),578811,Festool,,,,partial,0.6,Festool USA,FESTO,matched,normalized,0.95,Festool,BRD_FESTOOL,matched,exact,1.0,,,,,,,unmatched,unmatched,0.0,{},none,none,0.0,invalid
578192,578192 Festool D 150 GR SYS - Systainer Abrasive Set,,,,Festool USA (FESTO),578192,Festool,,,,partial,0.6,Festool USA,FESTO,matched,normalized,0.95,Festool,BRD_FESTOOL,matched,exact,1.0,ABR_BELT,Abrasive Belts,ABR,Abrasives & Cutting Accessories,2.0,Abrasives & Cutting Accessories > Abrasive Belts,classified,candidate_match,0.88,{},none,none,0.0,invalid
578806,578806 Festool Delta S GR PRO/10,,,,Festool USA (FESTO),578806,Festool,,,,partial,0.6,Festool USA,FESTO,matched,normalized,0.95,Festool,BRD_FESTOOL,matched,exact,1.0,,,,,,,unmatched,unmatched,0.0,{},none,none,0.0,invalid
D0860X,"D0860X Diablo 8-1/4"" 60 Tooth - Fine Finish Saw Blade",,,,Freud Inc (2435),D0860X,Diablo,,8-1/4 in,,partial,0.7,Freud Inc,2435,matched,normalized,0.95,Diablo,BRD_DIABLO,matched,exact,1.0,PWR_ACC_BLADE,Saw & Tile Blades,PWR_ACC,Tool Accessories & Attachments,3.0,Tool Accessories & Attachments > Saw & Tile Blades,classified,rule_keyword,0.94,{},none,none,0.0,invalid
48-40-0740,48-40-0740 Milw 7-1/4in. 24T - Framing Circ Saw Blade,,,Milwaukee,Milwaukee Accessory (4031),48-40-0740,Milwaukee,Circular Saw,7-1/4 in,,success,0.95,Milwaukee Accessory,4031,matched,normalized,0.95,Milwaukee,BRD_MILWAUKEE,matched,exact,1.0,PWR_SAW_CIRC,Circular Saws & Kits,PWR_SAW,Power Saws,3.0,Power Saws > Circular Saws & Kits,classified,rule_exact,1.0,{},none,none,0.0,invalid
48-41-0740,48-41-0740 Milw7-1/4 24TFrming - Blade,,,,Milwaukee Accessory (4031),48-41-0740,,,,,partial,0.35,Milwaukee Accessory,4031,matched,normalized,0.95,Milwaukee,BRD_MILWAUKEE,matched,normalized,0.9,PWR_ACC_BLADE,Saw & Tile Blades,PWR_ACC,Tool Accessories & Attachments,3.0,Tool Accessories & Attachments > Saw & Tile Blades,classified,rule_keyword,0.94,{},none,none,0.0,invalid
A-96095,"A-96095 Makita 5-7/8"" 32T Saw Blade",,,,Makita Usa Inc (5142),A-96095,Makita,,5-7/8 in,,partial,0.7,Makita Usa Inc,5142,matched,normalized,0.95,Makita,BRD_MAKITA,matched,exact,1.0,PWR_ACC_BLADE,Saw & Tile Blades,PWR_ACC,Tool Accessories & Attachments,3.0,Tool Accessories & Attachments > Saw & Tile Blades,classified,rule_keyword,0.94,{},none,none,0.0,invalid
D0760UX,"D0760UX Diablo 7-1/4"" 60T Circ - Saw Blade",,,Diablo,Freud Inc (2435),D0760UX,Diablo,,7-1/4 in,,partial,0.7,Freud Inc,2435,matched,normalized,0.95,Diablo,BRD_DIABLO,matched,exact,1.0,PWR_SAW_CIRC,Circular Saws & Kits,PWR_SAW,Power Saws,3.0,Power Saws > Circular Saws & Kits,classified,rule_keyword,0.94,{},none,none,0.0,invalid
230.312.08,230.312.08 CMT Locked Dado Pro Set,,,,CMT USA Inc (CMTUS),230.312.08,,,,,partial,0.35,CMT USA Inc,CMTUS,matched,normalized,0.95,,,unmatched,none,0.0,,,,,,,unmatched,unmatched,0.0,{},none,none,0.0,invalid
D0708LF,"D0708LF Saw Blade 7-1/4""x8 - Laminate & Wood Flooring",,,,Freud Inc (2435),D0708LF,,,7-1/4 in x 8 in,,partial,0.45,Freud Inc,2435,matched,normalized,0.95,Diablo,BRD_DIABLO,matched,normalized,0.9,PWR_ACC_BLADE,Saw & Tile Blades,PWR_ACC,Tool Accessories & Attachments,3.0,Tool Accessories & Attachments > Saw & Tile Blades,classified,rule_keyword,0.94,{},none,none,0.0,invalid
D1012LF,"D1012LF Saw Blade 10""x12Teeth - Laminate & Wood Flooring",,,,Freud Inc (2435),D1012LF,,,10 in,,partial,0.45,Freud Inc,2435,matched,normalized,0.95,Diablo,BRD_DIABLO,matched,normalized,0.9,PWR_ACC_BLADE,Saw & Tile Blades,PWR_ACC,Tool Accessories & Attachments,3.0,Tool Accessories & Attachments > Saw & Tile Blades,classified,rule_keyword,0.94,{},none,none,0.0,invalid
D1216LF,"D1216LF Saw Blade 12""x16Teeth - Laminate & Wood Flooring",,,,Freud Inc (2435),D1216LF,,,12 in,,partial,0.45,Freud Inc,2435,matched,normalized,0.95,Diablo,BRD_DIABLO,matched,normalized,0.9,PWR_ACC_BLADE,Saw & Tile Blades,PWR_ACC,Tool Accessories & Attachments,3.0,Tool Accessories & Attachments > Saw & Tile Blades,classified,rule_keyword,0.94,{},none,none,0.0,invalid
DWA47421,"DWA47421 Dewalt 14"" Segmented - Rim Diamond Blade",,,DEWALT,Black & Decker/dewlt (2585),DWA47421,Dewalt,,14 in,,partial,0.7,Black & Decker/dewlt,2585,matched,normalized,0.95,DEWALT,BRD_DEWALT,matched,exact,1.0,PWR_ACC_BLADE,Saw & Tile Blades,PWR_ACC,Tool Accessories & Attachments,3.0,Tool Accessories & Attachments > Saw & Tile Blades,classified,rule_keyword,0.94,{},none,none,0.0,invalid
DWA4769,"DWA4769 Dewalt Rim Glass Tile - Blade 10""",,,,Black & Decker/dewlt (2585),DWA4769,Dewalt,,10 in,,partial,0.7,Black & Decker/dewlt,2585,matched,normalized,0.95,DEWALT,BRD_DEWALT,matched,exact,1.0,PWR_ACC_BLADE,Saw & Tile Blades,PWR_ACC,Tool Accessories & Attachments,3.0,Tool Accessories & Attachments > Saw & Tile Blades,classified,rule_keyword,0.94,{},none,none,0.0,invalid
49-93-9204,"49-93-9204 Milw 4-1/2"" Diamond - Tile Blade",,,,Milwaukee Accessory (4031),49-93-9204,Milwaukee,,4-1/2 in,,partial,0.7,Milwaukee Accessory,4031,matched,normalized,0.95,Milwaukee,BRD_MILWAUKEE,matched,exact,1.0,PWR_ACC_BLADE,Saw & Tile Blades,PWR_ACC,Tool Accessories & Attachments,3.0,Tool Accessories & Attachments > Saw & Tile Blades,classified,rule_keyword,0.94,{},none,none,0.0,invalid
49-93-9207,"49-93-9207 Milw 7"" Diamond - Tile Blade",,,,Milwaukee Accessory (4031),49-93-9207,Milwaukee,,7 in,,partial,0.7,Milwaukee Accessory,4031,matched,normalized,0.95,Milwaukee,BRD_MILWAUKEE,matched,exact,1.0,PWR_ACC_BLADE,Saw & Tile Blades,PWR_ACC,Tool Accessories & Attachments,3.0,Tool Accessories & Attachments > Saw & Tile Blades,classified,rule_keyword,0.94,{},none,none,0.0,invalid
49-93-9210,"49-93-9210 Milw 10"" Diamond - Tile Blade",,,,Milwaukee Accessory (4031),49-93-9210,Milwaukee,,10 in,,partial,0.7,Milwaukee Accessory,4031,matched,normalized,0.95,Milwaukee,BRD_MILWAUKEE,matched,exact,1.0,PWR_ACC_BLADE,Saw & Tile Blades,PWR_ACC,Tool Accessories & Attachments,3.0,Tool Accessories & Attachments > Saw & Tile Blades,classified,rule_keyword,0.94,{},none,none,0.0,invalid
49-93-9202,"49-93-9202 Milw 4"" Diamond - Tile Blade",,,,Milwaukee Accessory (4031),49-93-9202,Milwaukee,,4 in,,partial,0.7,Milwaukee Accessory,4031,matched,normalized,0.95,Milwaukee,BRD_MILWAUKEE,matched,exact,1.0,PWR_ACC_BLADE,Saw & Tile Blades,PWR_ACC,Tool Accessories & Attachments,3.0,Tool Accessories & Attachments > Saw & Tile Blades,classified,rule_keyword,0.94,{},none,none,0.0,invalid
49-93-9205,"49-93-9205 Milw 5"" Diamond - Tile Blade",,,,Milwaukee Accessory (4031),49-93-9205,Milwaukee,,5 in,,partial,0.7,Milwaukee Accessory,4031,matched,normalized,0.95,Milwaukee,BRD_MILWAUKEE,matched,exact,1.0,PWR_ACC_BLADE,Saw & Tile Blades,PWR_ACC,Tool Accessories & Attachments,3.0,Tool Accessories & Attachments > Saw & Tile Blades,classified,rule_keyword,0.94,{},none,none,0.0,invalid
49-22-4702,49-22-4702 Milw 13pc Quik-Lock Hole Dozer Kit,,,,Milwaukee Accessory (4031),49-22-4702,Milwaukee,,,13.0,partial,0.65,Milwaukee Accessory,4031,matched,normalized,0.95,Milwaukee,BRD_MILWAUKEE,matched,exact,1.0,,,,,,,unmatched,unmatched,0.0,{},none,none,0.0,invalid
DJT155HHM,"DJT155HHM Diablo 3-3/5"" 10 TPI - Jig Saw Blade",,,,Freud Inc (2435),DJT155HHM,Diablo,Jig Saw,3-3/5 in,,success,0.95,Freud Inc,2435,matched,normalized,0.95,Diablo,BRD_DIABLO,matched,exact,1.0,PWR_SAW_JIG,Jig Saws,PWR_SAW,Power Saws,3.0,Power Saws > Jig Saws,classified,rule_exact,1.0,{},none,none,0.0,invalid
790.82,790.820 CMT Planer Blade 2pc,,,,CMT USA Inc (CMTUS),790.820,,Planer,,2.0,success,0.65,CMT USA Inc,CMTUS,matched,normalized,0.95,,,unmatched,none,0.0,PWR_BENCH_PLANER,Planers & Jointers,PWR_BENCH,Woodworking & Machinery,3.0,Woodworking & Machinery > Planers & Jointers,classified,rule_exact,1.0,{},none,none,0.0,invalid
794.321,794.321 HS Planer Knives 3pc,,,,CMT USA Inc (CMTUS),794.321,,Planer,,3.0,success,0.65,CMT USA Inc,CMTUS,matched,normalized,0.95,,,unmatched,none,0.0,PWR_BENCH_PLANER,Planers & Jointers,PWR_BENCH,Woodworking & Machinery,3.0,Woodworking & Machinery > Planers & Jointers,classified,rule_exact,1.0,{},none,none,0.0,invalid
49-22-5641,49-22-5641 Milw Packout 15pc - Sawzall Blade Kit,,,,Milwaukee Accessory (4031),49-22-5641,Milwaukee,,,15.0,partial,0.65,Milwaukee Accessory,4031,matched,normalized,0.95,Milwaukee,BRD_MILWAUKEE,matched,exact,1.0,PWR_ACC_BLADE,Saw & Tile Blades,PWR_ACC,Tool Accessories & Attachments,3.0,Tool Accessories & Attachments > Saw & Tile Blades,classified,rule_keyword,0.94,"{""piece_count"": {""value"": 15, ""confidence"": 1.0, ""evidence"": ""15.0"", ""method"": ""rule""}}",partial,rule,1.0,partial
D0604TSH,"D0604TSH Diablo 6-1/2"" 4-Tooth - Cement Track Saw Blade",,,,Freud Inc (2435),D0604TSH,Diablo,,6-1/2 in,,partial,0.7,Freud Inc,2435,matched,normalized,0.95,Diablo,BRD_DIABLO,matched,exact,1.0,PWR_ACC_BLADE,Saw & Tile Blades,PWR_ACC,Tool Accessories & Attachments,3.0,Tool Accessories & Attachments > Saw & Tile Blades,classified,rule_keyword,0.94,{},none,none,0.0,invalid
D0620TSR,"D0620TSR Diablo 6-1/2""20 Tooth - Framing Saw Blade",,,,Freud Inc (2435),D0620TSR,Diablo,,6-1/2 in,,partial,0.7,Freud Inc,2435,matched,normalized,0.95,Diablo,BRD_DIABLO,matched,exact,1.0,PWR_ACC_BLADE,Saw & Tile Blades,PWR_ACC,Tool Accessories & Attachments,3.0,Tool Accessories & Attachments > Saw & Tile Blades,classified,rule_keyword,0.94,{},none,none,0.0,invalid
D0648TSF,"D0648TSF Diablo 6-1/2""48 Tooth - Plywood Track Saw Blade",,,,Freud Inc (2435),D0648TSF,Diablo,,6-1/2 in,,partial,0.7,Freud Inc,2435,matched,normalized,0.95,Diablo,BRD_DIABLO,matched,exact,1.0,PWR_ACC_BLADE,Saw & Tile Blades,PWR_ACC,Tool Accessories & Attachments,3.0,Tool Accessories & Attachments > Saw & Tile Blades,classified,rule_keyword,0.94,{},none,none,0.0,invalid
D0652TSL,"D0652TSL Diablo 6-1/2""52 Tooth - Laminate Track Saw Blade",,,,Freud Inc (2435),D0652TSL,Diablo,,6-1/2 in,,partial,0.7,Freud Inc,2435,matched,normalized,0.95,Diablo,BRD_DIABLO,matched,exact,1.0,PWR_ACC_BLADE,Saw & Tile Blades,PWR_ACC,Tool Accessories & Attachments,3.0,Tool Accessories & Attachments > Saw & Tile Blades,classified,rule_keyword,0.94,{},none,none,0.0,invalid
JT1-549,"JT1-549 JWBS18SFX 18"" Bandsaw - 1.75HP 1PH 115V",,,,JPW Industries (JPWIN),JT1-549,,,18 in,,partial,0.45,JPW Industries,JPWIN,matched,normalized,0.95,,,unmatched,none,0.0,,,,,,,unmatched,unmatched,0.0,{},none,none,0.0,invalid
JT1-1371,"JWBS14-SFX-BLK Jet 14"" Bandsaw - JT1-1371",,,,JPW Industries (JPWIN),JWBS14-SFX-BLK,,,14 in,,partial,0.45,JPW Industries,JPWIN,matched,normalized,0.95,,,unmatched,none,0.0,,,,,,,unmatched,unmatched,0.0,{},none,none,0.0,invalid
JT9-714400K,"JWBS-14SFX 14"" Bandsaw JTP-714400K",,,,JPW Industries (JPWIN),JWBS-14SFX,,,14 in,,partial,0.45,JPW Industries,JPWIN,matched,normalized,0.95,,,unmatched,none,0.0,,,,,,,unmatched,unmatched,0.0,{},none,none,0.0,invalid
2834-21HD,"2834-21HD Milw M18 7-1/4"" Circ - Saw Kit",,,Milwaukee,Milwaukee Accessory (4031),2834-21HD,Milwaukee,Circular Saw Kit,7-1/4 in,,success,0.95,Milwaukee Accessory,4031,matched,normalized,0.95,Milwaukee,BRD_MILWAUKEE,matched,exact,1.0,PWR_SAW_CIRC,Circular Saws & Kits,PWR_SAW,Power Saws,3.0,Power Saws > Circular Saws & Kits,classified,rule_exact,1.0,{},none,none,0.0,invalid
DCS383B,"DCS383B Dewalt 20V 7-1/4"" - Metal Cutting Circ Saw",,,,Black & Decker/dewlt (2585),DCS383B,Dewalt,Circular Saw,7-1/4 in,,success,0.95,Black & Decker/dewlt,2585,matched,normalized,0.95,DEWALT,BRD_DEWALT,matched,exact,1.0,PWR_SAW_CIRC,Circular Saws & Kits,PWR_SAW,Power Saws,3.0,Power Saws > Circular Saws & Kits,classified,rule_exact,1.0,{},none,none,0.0,invalid
DCS590B,"DCS590B Dewalt 20V Cordless - 7-1/4"" Circular Saw (Bare)",,,DEWALT,Black & Decker/dewlt (2585),DCS590B,Dewalt,Circular Saw,7-1/4 in,,success,0.95,Black & Decker/dewlt,2585,matched,normalized,0.95,DEWALT,BRD_DEWALT,matched,exact,1.0,PWR_SAW_CIRC,Circular Saws & Kits,PWR_SAW,Power Saws,3.0,Power Saws > Circular Saws & Kits,classified,rule_exact,1.0,{},none,none,0.0,invalid
KPTCS725A,"KPTCS725A Kreg 20V Ionic 7-1/4"" Circ Saw",,,,Kreg Tool Company (KRETO),KPTCS725A,Kreg,Circular Saw,7-1/4 in,,success,0.95,Kreg Tool Company,KRETO,matched,normalized,0.95,Kreg,BRD_KREG,matched,exact,1.0,PWR_SAW_CIRC,Circular Saws & Kits,PWR_SAW,Power Saws,3.0,Power Saws > Circular Saws & Kits,classified,rule_exact,1.0,{},none,none,0.0,invalid
KPTCS450A,"KPTCS450A Kreg 20V Ionic 4-1/2"" Circ Saw",,,,Kreg Tool Company (KRETO),KPTCS450A,Kreg,Circular Saw,4-1/2 in,,success,0.95,Kreg Tool Company,KRETO,matched,normalized,0.95,Kreg,BRD_KREG,matched,exact,1.0,PWR_SAW_CIRC,Circular Saws & Kits,PWR_SAW,Power Saws,3.0,Power Saws > Circular Saws & Kits,classified,rule_exact,1.0,{},none,none,0.0,invalid
2545-20,2545-20 Milw M12 Jig Saw,,,Milwaukee,Milwaukee Accessory (4031),2545-20,Milwaukee,Jig Saw,,,success,0.85,Milwaukee Accessory,4031,matched,normalized,0.95,Milwaukee,BRD_MILWAUKEE,matched,exact,1.0,PWR_SAW_JIG,Jig Saws,PWR_SAW,Power Saws,3.0,Power Saws > Jig Saws,classified,rule_exact,1.0,{},none,none,0.0,invalid
KPTJS100A,KPTJS100A Kreg 20V Ionic Barrel Grip Jigsaw,,,,Kreg Tool Company (KRETO),KPTJS100A,Kreg,Jig Saw,,,success,0.85,Kreg Tool Company,KRETO,matched,normalized,0.95,Kreg,BRD_KREG,matched,exact,1.0,PWR_SAW_JIG,Jig Saws,PWR_SAW,Power Saws,3.0,Power Saws > Jig Saws,classified,rule_exact,1.0,{},none,none,0.0,invalid
DCS714B,"DCS714B Dewalt 20V Miter Saw - (Bare) 10"" Double Bevel Fixed",,,,Black & Decker/dewlt (2585),DCS714B,Dewalt,,10 in,,partial,0.7,Black & Decker/dewlt,2585,matched,normalized,0.95,DEWALT,BRD_DEWALT,matched,exact,1.0,PWR_SAW,Power Saws,PWR,Power Tools & Equipment,2.0,Power Tools & Equipment > Power Saws,classified,rule_keyword,0.89,{},none,none,0.0,invalid
DCS785B,"DCS785B Dewalt 20V Miter Saw - Kit 12"" Double Bevel Sliding",,,,Black & Decker/dewlt (2585),DCS785B,Dewalt,,12 in,,partial,0.7,Black & Decker/dewlt,2585,matched,normalized,0.95,DEWALT,BRD_DEWALT,matched,exact,1.0,PWR_SAW,Power Saws,PWR,Power Tools & Equipment,2.0,Power Tools & Equipment > Power Saws,classified,rule_keyword,0.89,{},none,none,0.0,invalid
GSL02M1,"GSL02M1 Makita Miter Saw - 40V 8-1/2""",,,,Makita Usa Inc (5142),GSL02M1,Makita,,8-1/2 in,,partial,0.7,Makita Usa Inc,5142,matched,normalized,0.95,Makita,BRD_MAKITA,matched,exact,1.0,PWR_SAW,Power Saws,PWR,Power Tools & Equipment,2.0,Power Tools & Equipment > Power Saws,classified,rule_keyword,0.89,{},none,none,0.0,invalid
DW7029,DW7029 Dewalt Miter Saw - Stand Support/Stop,,,,Black & Decker/dewlt (2585),DW7029,Dewalt,,,,partial,0.6,Black & Decker/dewlt,2585,matched,normalized,0.95,DEWALT,BRD_DEWALT,matched,exact,1.0,PWR_SAW,Power Saws,PWR,Power Tools & Equipment,2.0,Power Tools & Equipment > Power Saws,classified,rule_keyword,0.89,{},none,none,0.0,invalid
DCS384B,DCS384B Dewalt 20V Brushless - Cordless Recip Saw (Bare),,,DEWALT,Black & Decker/dewlt (2585),DCS384B,Dewalt,,,,partial,0.6,Black & Decker/dewlt,2585,matched,normalized,0.95,DEWALT,BRD_DEWALT,matched,exact,1.0,,,,,,,unmatched,unmatched,0.0,{},none,none,0.0,invalid
XRJ08Z,XRJ08Z Makita 18V Recip Saw - Bare Tool,,,,Makita Usa Inc (5142),XRJ08Z,Makita,,,,partial,0.6,Makita Usa Inc,5142,matched,normalized,0.95,Makita,BRD_MAKITA,matched,exact,1.0,PWR_SAW,Power Saws,PWR,Power Tools & Equipment,2.0,Power Tools & Equipment > Power Saws,classified,candidate_match,0.88,{},none,none,0.0,invalid
G0771Z,"Grizzly G0771Z 30"" Table Saw",,,,Woodstock Intl (3658),Grizzly,Grizzly,,30 in,,partial,0.7,Woodstock Intl,3658,matched,normalized,0.95,Grizzly,BRD_GRIZZLY,matched,exact,1.0,PWR_SAW,Power Saws,PWR,Power Tools & Equipment,2.0,Power Tools & Equipment > Power Saws,classified,rule_keyword,0.92,{},none,none,0.0,invalid
TS1017,TS1017 Table Saw Zero-Clearance Insert,,,,Robt Bosch Tool Corp (6564),TS1017,,,,,partial,0.35,Robt Bosch Tool Corp,6564,matched,normalized,0.95,Dremel,BRD_DREMEL,matched,normalized,0.9,PWR_SAW,Power Saws,PWR,Power Tools & Equipment,2.0,Power Tools & Equipment > Power Saws,classified,rule_keyword,0.92,{},none,none,0.0,invalid
XT524,"XT524 24"" XT XTENDER Fence",,,,Bow Products (BOWPR),XT524,,Fence,24 in,,success,0.7,Bow Products,BOWPR,matched,normalized,0.95,,,unmatched,none,0.0,BLD_DECK_RAIL,Railing & Fence Kits,BLD_DECK,Decking & Railing,3.0,Decking & Railing > Railing & Fence Kits,classified,rule_exact,1.0,{},none,none,0.0,invalid
XT536,"XT536 36"" XT XTENDER Fence",,,,Bow Products (BOWPR),XT536,,Fence,36 in,,success,0.7,Bow Products,BOWPR,matched,normalized,0.95,,,unmatched,none,0.0,BLD_DECK_RAIL,Railing & Fence Kits,BLD_DECK,Decking & Railing,3.0,Decking & Railing > Railing & Fence Kits,classified,rule_exact,1.0,{},none,none,0.0,invalid
XT546,"XT546 46"" XT XTENDER Fence",,,,Bow Products (BOWPR),XT546,,Fence,46 in,,success,0.7,Bow Products,BOWPR,matched,normalized,0.95,,,unmatched,none,0.0,BLD_DECK_RAIL,Railing & Fence Kits,BLD_DECK,Decking & Railing,3.0,Decking & Railing > Railing & Fence Kits,classified,rule_exact,1.0,{},none,none,0.0,invalid
XTP235,"35"" XTP XTENDER PRO Fence - XTP235",,,,Bow Products (BOWPR),,,Fence,35 in,,partial,0.35,Bow Products,BOWPR,matched,normalized,0.95,,,unmatched,none,0.0,BLD_DECK_RAIL,Railing & Fence Kits,BLD_DECK,Decking & Railing,3.0,Decking & Railing > Railing & Fence Kits,classified,rule_exact,1.0,{},none,none,0.0,invalid
TGP2-FA,TGP2-FA T-Glide Fence Professional,,,,Saw Stop LLC (SAWST),TGP2-FA,,Fence,,,success,0.6,Saw Stop LLC,SAWST,matched,normalized,0.95,,,unmatched,none,0.0,BLD_DECK_RAIL,Railing & Fence Kits,BLD_DECK,Decking & Railing,3.0,Decking & Railing > Railing & Fence Kits,classified,rule_exact,1.0,{},none,none,0.0,invalid
ATGI-FA,ATGI-FA T-Glide Advanced Fence Industrial,,,,Saw Stop LLC (SAWST),ATGI-FA,,Fence,,,success,0.6,Saw Stop LLC,SAWST,matched,normalized,0.95,,,unmatched,none,0.0,BLD_DECK_RAIL,Railing & Fence Kits,BLD_DECK,Decking & Railing,3.0,Decking & Railing > Railing & Fence Kits,classified,rule_exact,1.0,{},none,none,0.0,invalid
ATGP-FA,ATGP-FA T-Glide Advance Fence Professional,,,,Saw Stop LLC (SAWST),ATGP-FA,,Fence,,,success,0.6,Saw Stop LLC,SAWST,matched,normalized,0.95,,,unmatched,none,0.0,BLD_DECK_RAIL,Railing & Fence Kits,BLD_DECK,Decking & Railing,3.0,Decking & Railing > Railing & Fence Kits,classified,rule_exact,1.0,{},none,none,0.0,invalid
TGI2-FA,TGI2-FA T-Glide Fence Indudtrial,,,,Saw Stop LLC (SAWST),TGI2-FA,,Fence,,,success,0.6,Saw Stop LLC,SAWST,matched,normalized,0.95,,,unmatched,none,0.0,BLD_DECK_RAIL,Railing & Fence Kits,BLD_DECK,Decking & Railing,3.0,Decking & Railing > Railing & Fence Kits,classified,rule_exact,1.0,{},none,none,0.0,invalid
TGI2-T36A,"TGI2-T36A 36"" Table Assembly Industrial",,,,Saw Stop LLC (SAWST),TGI2-T36A,,,36 in,,partial,0.45,Saw Stop LLC,SAWST,matched,normalized,0.95,,,unmatched,none,0.0,,,,,,,unmatched,unmatched,0.0,{},none,none,0.0,invalid
KPTBPS100A,"KPTBPS100A Kreg 20V Ionic 6-1/2"" Plunge-Cut Track Saw Kit",,,,Kreg Tool Company (KRETO),KPTBPS100A,Kreg,,6-1/2 in,,partial,0.7,Kreg Tool Company,KRETO,matched,normalized,0.95,Kreg,BRD_KREG,matched,exact,1.0,,,,,,,unmatched,unmatched,0.0,{},none,none,0.0,invalid
DCB606C,DCB606C Dewalt Flexvolt Starter Kit,,,,Black & Decker/dewlt (2585),DCB606C,Dewalt,,,,partial,0.6,Black & Decker/dewlt,2585,matched,normalized,0.95,DEWALT,BRD_DEWALT,matched,exact,1.0,BLD_LUMBER,Lumber & Structural Panels,BLD,"Building, Decking & Railing Materials",2.0,"Building, Decking & Railing Materials > Lumber & Structural Panels",classified,candidate_match,0.88,{},none,none,0.0,invalid
BL1850BDC1,BL1850BDC1 Makita Starter Kit,,,,Makita Usa Inc (5142),BL1850BDC1,Makita,,,,partial,0.6,Makita Usa Inc,5142,matched,normalized,0.95,Makita,BRD_MAKITA,matched,exact,1.0,BLD,"Building, Decking & Railing Materials",,,1.0,"Building, Decking & Railing Materials",classified,candidate_match,0.88,{},none,none,0.0,invalid
DCB205C,DCB205C 20V Starter Kit,,,DEWALT,Black & Decker/dewlt (2585),DCB205C,,,,,partial,0.35,Black & Decker/dewlt,2585,matched,normalized,0.95,DEWALT,BRD_DEWALT,matched,normalized,0.9,BLD_LUMBER,Lumber & Structural Panels,BLD,"Building, Decking & Railing Materials",2.0,"Building, Decking & Railing Materials > Lumber & Structural Panels",classified,candidate_match,0.88,{},none,none,0.0,invalid
DCB2108,DCB2108 Dewalt 20V 8Ah Battery - Max XR Powerpack,,,DEWALT,Black & Decker/dewlt (2585),DCB2108,Dewalt,Battery,,,success,0.85,Black & Decker/dewlt,2585,matched,normalized,0.95,DEWALT,BRD_DEWALT,matched,exact,1.0,PWR_ACC_BATT,Batteries & Chargers,PWR_ACC,Tool Accessories & Attachments,3.0,Tool Accessories & Attachments > Batteries & Chargers,classified,rule_exact,1.0,"{""voltage"": {""value"": ""20V"", ""confidence"": 0.99, ""evidence"": ""20V"", ""method"": ""rule""}}",partial,rule,0.99,partial
DCB2108-2,DCB2108-2 Dewalt 20V 8Ah 2pk - Battery Max XR Powerpack,,,,Black & Decker/dewlt (2585),DCB2108-2,Dewalt,Battery Pack,,2.0,success,0.9,Black & Decker/dewlt,2585,matched,normalized,0.95,DEWALT,BRD_DEWALT,matched,exact,1.0,PWR_ACC_BATT,Batteries & Chargers,PWR_ACC,Tool Accessories & Attachments,3.0,Tool Accessories & Attachments > Batteries & Chargers,classified,rule_exact,1.0,"{""voltage"": {""value"": ""20V"", ""confidence"": 0.99, ""evidence"": ""20V"", ""method"": ""rule""}, ""piece_count"": {""value"": 2, ""confidence"": 1.0, ""evidence"": ""2.0"", ""method"": ""rule""}}",complete,rule,0.995,valid
VB0212,VB0212 Senco 18V 2.0 AH Lithium Battery,,,,Senco Products Inc (4650),VB0212,,Battery,,,success,0.6,Senco Products Inc,4650,matched,normalized,0.95,,,unmatched,none,0.0,PWR_ACC_BATT,Batteries & Chargers,PWR_ACC,Tool Accessories & Attachments,3.0,Tool Accessories & Attachments > Batteries & Chargers,classified,rule_exact,1.0,"{""voltage"": {""value"": ""18V"", ""confidence"": 0.99, ""evidence"": ""18V"", ""method"": ""rule""}}",partial,rule,0.99,partial
BCB2A20A,BCB2A20A Kreg 20V Battery/Charger Starter Kit,,,,Kreg Tool Company (KRETO),BCB2A20A,Kreg,Battery,,,success,0.85,Kreg Tool Company,KRETO,matched,normalized,0.95,Kreg,BRD_KREG,matched,exact,1.0,PWR_ACC_BATT,Batteries & Chargers,PWR_ACC,Tool Accessories & Attachments,3.0,Tool Accessories & Attachments > Batteries & Chargers,classified,rule_exact,1.0,"{""voltage"": {""value"": ""20V"", ""confidence"": 0.99, ""evidence"": ""20V"", ""method"": ""rule""}}",partial,rule,0.99,partial
BATT4A,BATT4A Kreg 20V 4ah Battery Pack,,,,Kreg Tool Company (KRETO),BATT4A,Kreg,Battery,,,success,0.85,Kreg Tool Company,KRETO,matched,normalized,0.95,Kreg,BRD_KREG,matched,exact,1.0,PWR_ACC_BATT,Batteries & Chargers,PWR_ACC,Tool Accessories & Attachments,3.0,Tool Accessories & Attachments > Batteries & Chargers,classified,rule_exact,1.0,"{""voltage"": {""value"": ""20V"", ""confidence"": 0.99, ""evidence"": ""20V"", ""method"": ""rule""}}",partial,rule,0.99,partial
BATT2A,BATT2A Kreg 20V 2ah Battery Pack,,,,Kreg Tool Company (KRETO),BATT2A,Kreg,Battery,,,success,0.85,Kreg Tool Company,KRETO,matched,normalized,0.95,Kreg,BRD_KREG,matched,exact,1.0,PWR_ACC_BATT,Batteries & Chargers,PWR_ACC,Tool Accessories & Attachments,3.0,Tool Accessories & Attachments > Batteries & Chargers,classified,rule_exact,1.0,"{""voltage"": {""value"": ""20V"", ""confidence"": 0.99, ""evidence"": ""20V"", ""method"": ""rule""}}",partial,rule,0.99,partial
BL1850BDC2X1,BL1850BDC2X1 Makita Starter Kit,,,,Makita Usa Inc (5142),BL1850BDC2X1,Makita,,,,partial,0.6,Makita Usa Inc,5142,matched,normalized,0.95,Makita,BRD_MAKITA,matched,exact,1.0,,,,,,,unmatched,unmatched,0.0,{},none,none,0.0,invalid
48-11-2422,48-11-2422 Milw M12 CP2.0 Battery Two Pack,,,,Milwaukee Accessory (4031),48-11-2422,Milwaukee,Battery,,,success,0.85,Milwaukee Accessory,4031,matched,normalized,0.95,Milwaukee,BRD_MILWAUKEE,matched,exact,1.0,PWR_ACC_BATT,Batteries & Chargers,PWR_ACC,Tool Accessories & Attachments,3.0,Tool Accessories & Attachments > Batteries & Chargers,classified,rule_exact,1.0,{},none,none,0.0,invalid
DCB1104,DCB1104 Dewalt 12V/20V Charger - 4 Amp,,,,Black & Decker/dewlt (2585),DCB1104,Dewalt,Battery Charger,,,success,0.85,Black & Decker/dewlt,2585,matched,normalized,0.95,DEWALT,BRD_DEWALT,matched,exact,1.0,PWR_ACC_BATT,Batteries & Chargers,PWR_ACC,Tool Accessories & Attachments,3.0,Tool Accessories & Attachments > Batteries & Chargers,classified,rule_exact,1.0,"{""voltage"": {""value"": ""12V"", ""confidence"": 0.99, ""evidence"": ""12V"", ""method"": ""rule""}}",partial,rule,0.99,partial
48-59-1804,48-59-1804 Milw M18 and M12 Rapid Charger,,,,Milwaukee Accessory (4031),48-59-1804,Milwaukee,Battery Charger,,,success,0.85,Milwaukee Accessory,4031,matched,normalized,0.95,Milwaukee,BRD_MILWAUKEE,matched,exact,1.0,PWR_ACC_BATT,Batteries & Chargers,PWR_ACC,Tool Accessories & Attachments,3.0,Tool Accessories & Attachments > Batteries & Chargers,classified,rule_exact,1.0,{},none,none,0.0,invalid
CRGR401A,CRGR401A Kreg 20V Fast Charger,,,,Kreg Tool Company (KRETO),CRGR401A,Kreg,Battery Charger,,,success,0.85,Kreg Tool Company,KRETO,matched,normalized,0.95,Kreg,BRD_KREG,matched,exact,1.0,PWR_ACC_BATT,Batteries & Chargers,PWR_ACC,Tool Accessories & Attachments,3.0,Tool Accessories & Attachments > Batteries & Chargers,classified,rule_exact,1.0,"{""voltage"": {""value"": ""20V"", ""confidence"": 0.99, ""evidence"": ""20V"", ""method"": ""rule""}}",partial,rule,0.99,partial
48-59-1211,48-59-1211 Milw Power Supply - Charger,,,Milwaukee,Milwaukee Accessory (4031),48-59-1211,Milwaukee,Battery Charger,,,success,0.85,Milwaukee Accessory,4031,matched,normalized,0.95,Milwaukee,BRD_MILWAUKEE,matched,exact,1.0,PWR_ACC_BATT,Batteries & Chargers,PWR_ACC,Tool Accessories & Attachments,3.0,Tool Accessories & Attachments > Batteries & Chargers,classified,rule_exact,1.0,{},none,none,0.0,invalid
2847-20,2847-20 Milw M18 Charger and Power Supply,,,,Milwaukee Accessory (4031),2847-20,Milwaukee,Battery Charger,,,success,0.85,Milwaukee Accessory,4031,matched,normalized,0.95,Milwaukee,BRD_MILWAUKEE,matched,exact,1.0,PWR_ACC_BATT,Batteries & Chargers,PWR_ACC,Tool Accessories & Attachments,3.0,Tool Accessories & Attachments > Batteries & Chargers,classified,rule_exact,1.0,{},none,none,0.0,invalid
DWV9401,DWV9401 Dewalt Paper Bag - 5pk,,,,Black & Decker/dewlt (2585),DWV9401,Dewalt,,,5.0,partial,0.65,Black & Decker/dewlt,2585,matched,normalized,0.95,DEWALT,BRD_DEWALT,matched,exact,1.0,,,,,,,unmatched,unmatched,0.0,{},none,none,0.0,invalid
578512,578512 Festool Dust Extractor-CT MIDI I HEPA,,,,Festool USA (FESTO),578512,Festool,Dust Extractor,,,success,0.85,Festool USA,FESTO,matched,normalized,0.95,Festool,BRD_FESTOOL,matched,exact,1.0,PWR_ACC_EXTRACT,Dust Extractors,PWR_ACC,Tool Accessories & Attachments,3.0,Tool Accessories & Attachments > Dust Extractors,classified,rule_exact,1.0,{},none,none,0.0,invalid
577871,577871 Festool Dust Extractor - CT 26,,,,Festool USA (FESTO),577871,Festool,Dust Extractor,,,success,0.85,Festool USA,FESTO,matched,normalized,0.95,Festool,BRD_FESTOOL,matched,exact,1.0,PWR_ACC_EXTRACT,Dust Extractors,PWR_ACC,Tool Accessories & Attachments,3.0,Tool Accessories & Attachments > Dust Extractors,classified,rule_exact,1.0,{},none,none,0.0,invalid
577874,577874 Festool Dust Extractor - CT 36,,,,Festool USA (FESTO),577874,Festool,Dust Extractor,,,success,0.85,Festool USA,FESTO,matched,normalized,0.95,Festool,BRD_FESTOOL,matched,exact,1.0,PWR_ACC_EXTRACT,Dust Extractors,PWR_ACC,Tool Accessories & Attachments,3.0,Tool Accessories & Attachments > Dust Extractors,classified,rule_exact,1.0,{},none,none,0.0,invalid
577876,577876 Festool Dust Extractor - CT 48,,,,Festool USA (FESTO),577876,Festool,Dust Extractor,,,success,0.85,Festool USA,FESTO,matched,normalized,0.95,Festool,BRD_FESTOOL,matched,exact,1.0,PWR_ACC_EXTRACT,Dust Extractors,PWR_ACC,Tool Accessories & Attachments,3.0,Tool Accessories & Attachments > Dust Extractors,classified,rule_exact,1.0,{},none,none,0.0,invalid
578441,578441 Festool Dust Extractor-CT 15 HEPA,,,,Festool USA (FESTO),578441,Festool,Dust Extractor,,,success,0.85,Festool USA,FESTO,matched,normalized,0.95,Festool,BRD_FESTOOL,matched,exact,1.0,PWR_ACC_EXTRACT,Dust Extractors,PWR_ACC,Tool Accessories & Attachments,3.0,Tool Accessories & Attachments > Dust Extractors,classified,rule_exact,1.0,{},none,none,0.0,invalid
DCK225D2,DCK225D2 Dewalt Impact/Drill - Kit,,,DEWALT,Black & Decker/dewlt (2585),DCK225D2,Dewalt,Combo Kit,,,success,0.85,Black & Decker/dewlt,2585,matched,normalized,0.95,DEWALT,BRD_DEWALT,matched,exact,1.0,PWR_DRILL_IMP,Impact Drivers & Nailers,PWR_DRILL,Drills & Drivers,3.0,Drills & Drivers > Impact Drivers & Nailers,classified,rule_exact,1.0,{},none,none,0.0,invalid
DCK2101QQ2,Dewalt DCK2101QQ2 20V 2Pc Kit,,,,Black & Decker/dewlt (2585),Dewalt,Dewalt,,,2.0,partial,0.65,Black & Decker/dewlt,2585,matched,normalized,0.95,DEWALT,BRD_DEWALT,matched,exact,1.0,,,,,,,unmatched,unmatched,0.0,{},none,none,0.0,invalid
4000-2/32,4000-2/32 DREMEL ROTARY TOOL,,,Dremel,Robt Bosch Tool Corp (6564),,Dremel,Rotary Tool,,,success,0.5,Robt Bosch Tool Corp,6564,matched,normalized,0.95,Dremel,BRD_DREMEL,matched,exact,1.0,PWR_ACC_ROTARY,Rotary Tools,PWR_ACC,Tool Accessories & Attachments,3.0,Tool Accessories & Attachments > Rotary Tools,classified,rule_exact,1.0,{},none,none,0.0,invalid
3100-1/15,3100-1/15 Dremel Rotary Tool - Kit 15pc,,,Dremel,Robt Bosch Tool Corp (6564),,Dremel,Rotary Tool,,15.0,success,0.55,Robt Bosch Tool Corp,6564,matched,normalized,0.95,Dremel,BRD_DREMEL,matched,exact,1.0,PWR_ACC_ROTARY,Rotary Tools,PWR_ACC,Tool Accessories & Attachments,3.0,Tool Accessories & Attachments > Rotary Tools,classified,rule_exact,1.0,"{""piece_count"": {""value"": 15, ""confidence"": 1.0, ""evidence"": ""15.0"", ""method"": ""rule""}}",partial,rule,1.0,partial
T-90043,T-90043 Deep Medium Organizer,,,,Makita Usa Inc (5142),T-90043,,Organizer,,,success,0.6,Makita Usa Inc,5142,matched,normalized,0.95,Makita,BRD_MAKITA,matched,normalized,0.9,PWR_ACC_ORG,Tool Organizers & Boxes,PWR_ACC,Tool Accessories & Attachments,3.0,Tool Accessories & Attachments > Tool Organizers & Boxes,classified,rule_exact,1.0,{},none,none,0.0,invalid
T-90059,T-90059 Low Profile Medium - Organizer,,,,Makita Usa Inc (5142),T-90059,,Organizer,,,success,0.6,Makita Usa Inc,5142,matched,normalized,0.95,Makita,BRD_MAKITA,matched,normalized,0.9,PWR_ACC_ORG,Tool Organizers & Boxes,PWR_ACC,Tool Accessories & Attachments,3.0,Tool Accessories & Attachments > Tool Organizers & Boxes,classified,rule_exact,1.0,{},none,none,0.0,invalid
T-90065,T-90065 Deep Compact Organizer,,,,Makita Usa Inc (5142),T-90065,,Organizer,,,success,0.6,Makita Usa Inc,5142,matched,normalized,0.95,Makita,BRD_MAKITA,matched,normalized,0.9,PWR_ACC_ORG,Tool Organizers & Boxes,PWR_ACC,Tool Accessories & Attachments,3.0,Tool Accessories & Attachments > Tool Organizers & Boxes,classified,rule_exact,1.0,{},none,none,0.0,invalid
10047VS,10047VS Oliver 3HP 230V 1PH Shaper 1-1/4 Spindle,,,,Oliver Machinery Company (OLIMA),10047VS,Oliver,Shaper,,,success,0.85,Oliver Machinery Company,OLIMA,matched,normalized,0.95,Oliver,BRD_OLIVER,matched,exact,1.0,PWR_BENCH_PLANER,Planers & Jointers,PWR_BENCH,Woodworking & Machinery,3.0,Woodworking & Machinery > Planers & Jointers,classified,rule_exact,1.0,{},none,none,0.0,invalid
MAG:2044-230-1,2044-230-1 Stock Feeder 4-Roll - Steff,,,,J&G Machinery (JGMAC),2044-230-1,Steff,Stock Feeder,,,success,0.85,J&G Machinery,JGMAC,matched,normalized,0.95,Steff,BRD_STEFF,matched,exact,1.0,PWR_BENCH_PLANER,Planers & Jointers,PWR_BENCH,Woodworking & Machinery,3.0,Woodworking & Machinery > Planers & Jointers,classified,rule_keyword,0.9,{},none,none,0.0,invalid
XTP242,"42"" XTP XTENDER PRO Fence - XTP242",,,,Bow Products (BOWPR),,,Fence,42 in,,partial,0.35,Bow Products,BOWPR,matched,normalized,0.95,,,unmatched,none,0.0,BLD_DECK_RAIL,Railing & Fence Kits,BLD_DECK,Decking & Railing,3.0,Decking & Railing > Railing & Fence Kits,classified,rule_exact,1.0,{},none,none,0.0,invalid
AAS-P,AAS-P Align-A-Saw Plate Only,,,,Woodpeckers Inc (WOODP),AAS-P,,,,,partial,0.35,Woodpeckers Inc,WOODP,matched,normalized,0.95,,,unmatched,none,0.0,BLD_LUMBER_BOARDS,Lumber & Building Supplies,BLD_LUMBER,Lumber & Panels,3.0,Lumber & Panels > Lumber & Building Supplies,classified,candidate_match,0.88,{},none,none,0.0,invalid
SSCMS,SSCMS Stealthstop Miter Sled,,,,Woodpeckers Inc (WOODP),SSCMS,,Miter Sled,,,success,0.6,Woodpeckers Inc,WOODP,matched,normalized,0.95,,,unmatched,none,0.0,PWR_BENCH_PLANER,Planers & Jointers,PWR_BENCH,Woodworking & Machinery,3.0,Woodworking & Machinery > Planers & Jointers,classified,rule_keyword,0.9,{},none,none,0.0,invalid
4225.201,"4225.201 Oliver 6"" HH Jointer Paralleogram",,,,Oliver Machinery Company (OLIMA),4225.201,Oliver,Jointer,6 in,,success,0.95,Oliver Machinery Company,OLIMA,matched,normalized,0.95,Oliver,BRD_OLIVER,matched,exact,1.0,PWR_BENCH_PLANER,Planers & Jointers,PWR_BENCH,Woodworking & Machinery,3.0,Woodworking & Machinery > Planers & Jointers,classified,rule_exact,1.0,{},none,none,0.0,invalid
KC-426C,"KC-426C 12"" Portable Planer",,,,King Canada Inc (KINCA),KC-426C,,Planer,12 in,,success,0.7,King Canada Inc,KINCA,matched,normalized,0.95,,,unmatched,none,0.0,PWR_BENCH_PLANER,Planers & Jointers,PWR_BENCH,Woodworking & Machinery,3.0,Woodworking & Machinery > Planers & Jointers,classified,rule_exact,1.0,{},none,none,0.0,invalid
10045.201,"10045.201 Oliver 13"" Benchtop Planer 2HP,115V 1Ph",,,,Oliver Machinery Company (OLIMA),10045.201,Oliver,Planer,13 in,,success,0.95,Oliver Machinery Company,OLIMA,matched,normalized,0.95,Oliver,BRD_OLIVER,matched,exact,1.0,PWR_BENCH_PLANER,Planers & Jointers,PWR_BENCH,Woodworking & Machinery,3.0,Woodworking & Machinery > Planers & Jointers,classified,rule_exact,1.0,{},none,none,0.0,invalid
10014.201,"10014.201 Oliver 15"" Planer 3HP 1Ph 220V",,,,Oliver Machinery Company (OLIMA),10014.201,Oliver,Planer,15 in,,success,0.95,Oliver Machinery Company,OLIMA,matched,normalized,0.95,Oliver,BRD_OLIVER,matched,exact,1.0,PWR_BENCH_PLANER,Planers & Jointers,PWR_BENCH,Woodworking & Machinery,3.0,Woodworking & Machinery > Planers & Jointers,classified,rule_exact,1.0,{},none,none,0.0,invalid
4430.201,"4430.201 Oliver 20"" Planer 5HP 1Ph 230V",,,,Oliver Machinery Company (OLIMA),4430.201,Oliver,Planer,20 in,,success,0.95,Oliver Machinery Company,OLIMA,matched,normalized,0.95,Oliver,BRD_OLIVER,matched,exact,1.0,PWR_BENCH_PLANER,Planers & Jointers,PWR_BENCH,Woodworking & Machinery,3.0,Woodworking & Machinery > Planers & Jointers,classified,rule_exact,1.0,{},none,none,0.0,invalid
10055.201,"10055.201 Oliver 15"" Benchtop Planer 2.5HP 1Ph 230V",,,,Oliver Machinery Company (OLIMA),10055.201,Oliver,Planer,15 in,,success,0.95,Oliver Machinery Company,OLIMA,matched,normalized,0.95,Oliver,BRD_OLIVER,matched,exact,1.0,PWR_BENCH_PLANER,Planers & Jointers,PWR_BENCH,Woodworking & Machinery,3.0,Woodworking & Machinery > Planers & Jointers,classified,rule_exact,1.0,{},none,none,0.0,invalid
T27417,T27417 Grizzly OscillatingEdge - Belt and Spindle Sander,,,,Woodstock Intl (3658),T27417,Grizzly,,,,partial,0.6,Woodstock Intl,3658,matched,normalized,0.95,Grizzly,BRD_GRIZZLY,matched,exact,1.0,,,,,,,unmatched,unmatched,0.0,{},none,none,0.0,invalid
