product_id,mpn,product_name,brand,manufacturer,category,validation_status,confidence_score,mfg_part_num,e1_brand,unilog_brand,dib_brand,part_manuf,dimensions,quantity
PROD-0001,DCB518ASTS06G,"DCB518ASTS06G Diablo 1/2""x18"" - Sanding Belt 6pc",Diablo,Freud Inc,Abrasive Belts > Sanding Belts,approved,0.97,DCB518ASTS06G,-- Unbranded --,-- No Unilog Brand --,-- No DIB Brand --,Freud Inc (2435),1/2 in x 18 in,6
PROD-0002,3MABR-7100075678,3M 775L Stikit Film P150 - Cubitron II 50 Disc/Box,3M,Jam Industrial Supply LLC,Abrasive Discs & Wheels > Stikit Film Discs,approved,0.97,3MABR-7100075678,-- Unbranded --,-- No Unilog Brand --,-- No DIB Brand --,Jam Industrial Supply LLC (JAMIN),,50
PROD-0003,3MABR-7100045865,3M 775L Stikit Film P120 - Cubitron II 50 Disc/Box,3M,Jam Industrial Supply LLC,Abrasive Discs & Wheels > Stikit Film Discs,approved,0.97,3MABR-7100045865,-- Unbranded --,-- No Unilog Brand --,-- No DIB Brand --,Jam Industrial Supply LLC (JAMIN),,50
PROD-0004,3MABR-7100048736,3M 775L Stikit Film P80 - Cubitron II 50 Disc/Box,3M,Jam Industrial Supply LLC,Abrasive Discs & Wheels > Stikit Film Discs,approved,0.97,3MABR-7100048736,-- Unbranded --,-- No Unilog Brand --,-- No DIB Brand --,Jam Industrial Supply LLC (JAMIN),,50
PROD-0005,3MABR-7100075690,3M 775L Stikit Film P180 - Cubitron II 50 Disc/Box,3M,Jam Industrial Supply LLC,Abrasive Discs & Wheels > Stikit Film Discs,approved,0.97,3MABR-7100075690,-- Unbranded --,-- No Unilog Brand --,-- No DIB Brand --,Jam Industrial Supply LLC (JAMIN),,50
PROD-0006,3MABR-7100075692,3M 775L Stikit Film P220 - Cubitron II 50 Disc/Box,3M,Jam Industrial Supply LLC,Abrasive Discs & Wheels > Stikit Film Discs,approved,0.97,3MABR-7100075692,-- Unbranded --,-- No Unilog Brand --,-- No DIB Brand --,Jam Industrial Supply LLC (JAMIN),,50
PROD-0007,3MABR-7100145365,3M 775L Stikit Film P320 - Cubitron II 50 Disc/Box,3M,Jam Industrial Supply LLC,Abrasive Discs & Wheels > Stikit Film Discs,approved,0.97,3MABR-7100145365,-- Unbranded --,-- No Unilog Brand --,-- No DIB Brand --,Jam Industrial Supply LLC (JAMIN),,50
PROD-0008,5B-332-080,"5B-332-080 HIOLIT 5"" P80",HIOLIT,Mirka Abrasives Inc,Abrasives & Cutting Accessories,approved,0.96,5B-332-080,-- Unbranded --,-- No Unilog Brand --,-- No DIB Brand --,Mirka Abrasives Inc (MIRUS),5 in,
PROD-0009,5B-332-120,"5B-332-120 HIOLIT 5"" P120",HIOLIT,Mirka Abrasives Inc,Abrasives & Cutting Accessories,approved,0.96,5B-332-120,-- Unbranded --,-- No Unilog Brand --,-- No DIB Brand --,Mirka Abrasives Inc (MIRUS),5 in,
PROD-0010,9A-570-240,9A-570-240 Abranet 2.75x30,Abranet,Mirka Abrasives Inc,Abrasives & Cutting Accessories,approved,0.96,9A-570-240,-- Unbranded --,-- No Unilog Brand --,-- No DIB Brand --,Mirka Abrasives Inc (MIRUS),2.75 in x 30 in,
PROD-0011,9A-570-320,9A-570-320 Abranet 2.75x30,Abranet,Mirka Abrasives Inc,Abrasives & Cutting Accessories,approved,0.96,9A-570-320,-- Unbranded --,-- No Unilog Brand --,-- No DIB Brand --,Mirka Abrasives Inc (MIRUS),2.75 in x 30 in,
PROD-0012,DBD090094101F,"DBD090094101F Diablo 9"" - Metal Cut-Off Disc",Diablo,Freud Inc,Abrasive Discs & Wheels > Cut-Off Discs,approved,0.97,DBD090094101F,-- Unbranded --,-- No Unilog Brand --,-- No DIB Brand --,Freud Inc (2435),9 in,
PROD-0013,DBDS12125A01F,"DBDS12125A01F Diablo 12"" - Steel Demon Metal Cut-Off Disc",Diablo,Freud Inc,Abrasive Discs & Wheels > Cut-Off Discs,approved,0.97,DBDS12125A01F,-- Unbranded --,-- No Unilog Brand --,-- No DIB Brand --,Freud Inc (2435),12 in,
PROD-0014,DBDS12125G01F,"DBDS12125G01F Diablo 12""x20mm - Speed Demon Metal Cut-Off Disc",Diablo,Freud Inc,Abrasive Discs & Wheels > Cut-Off Discs,approved,0.97,DBDS12125G01F,-- Unbranded --,-- No Unilog Brand --,-- No DIB Brand --,Freud Inc (2435),12 in,
PROD-0015,DBDS14125A01F,"DBDS14125A01F Diablo 14""x1"" - Steel Demon Metal Cut-Off Disc",Diablo,Freud Inc,Abrasive Discs & Wheels > Cut-Off Discs,approved,0.97,DBDS14125A01F,-- Unbranded --,-- No Unilog Brand --,-- No DIB Brand --,Freud Inc (2435),14 in,
PROD-0016,DBDS14125G01F,"DBDS14125G01F Diablo 14""x20mm - Steel Demon Metal Cut-Off Disc",Diablo,Freud Inc,Abrasive Discs & Wheels > Cut-Off Discs,approved,0.97,DBDS14125G01F,-- Unbranded --,-- No Unilog Brand --,-- No DIB Brand --,Freud Inc (2435),14 in,
PROD-0017,49-94-0013,"49-94-0013 Milw 5""x.045""x7/8"" Metal Cut Off Disc",-- Unbranded --,Milwaukee Accessory,Abrasive Discs & Wheels > Cut-Off Discs,approved,0.92,49-94-0013,-- Unbranded --,-- No Unilog Brand --,-- No DIB Brand --,Milwaukee Accessory (4031),5 in,
PROD-0018,49-94-0029,"49-94-0029 Milw 6-1/2""x1/8""x5/8"" DKO Metal Cut Off Disc",-- Unbranded --,Milwaukee Accessory,Abrasive Discs & Wheels > Cut-Off Discs,approved,0.92,49-94-0029,-- Unbranded --,-- No Unilog Brand --,-- No DIB Brand --,Milwaukee Accessory (4031),6-1/2 in x 1/8 in,
PROD-0019,49-94-0033,"49-94-0033 Milw 7""x1/16""x7/8"" Metal Cut Off Disc",-- Unbranded --,Milwaukee Accessory,Abrasive Discs & Wheels > Cut-Off Discs,approved,0.92,49-94-0033,-- Unbranded --,-- No Unilog Brand --,-- No DIB Brand --,Milwaukee Accessory (4031),1/16 in x 7/8 in,
PROD-0020,49-94-0001,"49-94-0001 Milw 4""x.040""x5/8"" Metal Cut Off Disc",-- Unbranded --,Milwaukee Accessory,Abrasive Discs & Wheels > Cut-Off Discs,approved,0.92,49-94-0001,-- Unbranded --,-- No Unilog Brand --,-- No DIB Brand --,Milwaukee Accessory (4031),4 in,
PROD-0021,49-94-0039,"49-94-0039 Milw 7""x1/8""x5/8"" DKO Metal Cut Off Disc",-- Unbranded --,Milwaukee Accessory,Abrasive Discs & Wheels > Cut-Off Discs,approved,0.92,49-94-0039,-- Unbranded --,-- No Unilog Brand --,-- No DIB Brand --,Milwaukee Accessory (4031),1/8 in x 5/8 in,
PROD-0022,49-94-0043,"49-94-0043 Milw 9""x3/32""x7/8"" Metal Cut Off Disc",-- Unbranded --,Milwaukee Accessory,Abrasive Discs & Wheels > Cut-Off Discs,approved,0.92,49-94-0043,-- Unbranded --,-- No Unilog Brand --,-- No DIB Brand --,Milwaukee Accessory (4031),3/32 in x 7/8 in,
PROD-0023,49-94-0048,"49-94-0048 Milw 12""x7/64""x1"" Metal Cut Off Disc General Purpose",GE,Milwaukee Accessory,Abrasive Discs & Wheels > Cut-Off Discs,approved,0.97,49-94-0048,-- Unbranded --,-- No Unilog Brand --,-- No DIB Brand --,Milwaukee Accessory (4031),7/64 in x 1 in,
PROD-0024,49-94-0053,"49-94-0053 Milw 12""x1/8""x1"" Metal Cut Off Disc",-- Unbranded --,Milwaukee Accessory,Abrasive Discs & Wheels > Cut-Off Discs,approved,0.92,49-94-0053,-- Unbranded --,-- No Unilog Brand --,-- No DIB Brand --,Milwaukee Accessory (4031),1/8 in x 1 in,
PROD-0025,49-94-0058,"49-94-0058 Milw 12""x1/8""x20mm Metal Cut Off Disc",-- Unbranded --,Milwaukee Accessory,Abrasive Discs & Wheels > Cut-Off Discs,approved,0.92,49-94-0058,-- Unbranded --,-- No Unilog Brand --,-- No DIB Brand --,Milwaukee Accessory (4031),1/8 in x 20 in,
PROD-0026,49-94-0063,"49-94-0063 Milw 14""x7/64""x1"" Metal Cut Off Disc General Purpose",GE,Milwaukee Accessory,Abrasive Discs & Wheels > Cut-Off Discs,approved,0.97,49-94-0063,-- Unbranded --,-- No Unilog Brand --,-- No DIB Brand --,Milwaukee Accessory (4031),7/64 in x 1 in,
PROD-0027,49-94-0068,"49-94-0068 Milw 14""x1/8""x20mm Metal Cut Off Disc",-- Unbranded --,Milwaukee Accessory,Abrasive Discs & Wheels > Cut-Off Discs,approved,0.92,49-94-0068,-- Unbranded --,-- No Unilog Brand --,-- No DIB Brand --,Milwaukee Accessory (4031),1/8 in x 20 in,
PROD-0028,49-94-0073,"49-94-0073 Milw 14""x1/8""x1"" Metal Cut Off Disc",-- Unbranded --,Milwaukee Accessory,Abrasive Discs & Wheels > Cut-Off Discs,approved,0.92,49-94-0073,-- Unbranded --,-- No Unilog Brand --,-- No DIB Brand --,Milwaukee Accessory (4031),1/8 in x 1 in,
PROD-0029,49-94-0101,"49-94-0101 Milw 4-1/2""x.045""x7/8"" Perform+ Metal Cut Off Disc 10pc",-- Unbranded --,Milwaukee Accessory,Abrasive Discs & Wheels > Cut-Off Discs,approved,0.92,49-94-0101,-- Unbranded --,-- No Unilog Brand --,-- No DIB Brand --,Milwaukee Accessory (4031),4-1/2 in,10
PROD-0030,49-94-0107,"49-94-0107 Milw 4-1/2""x.045""x7/8"" Performance+ Metal Cut Off Disc",-- Unbranded --,Milwaukee Accessory,Abrasive Discs & Wheels > Cut-Off Discs,approved,0.92,49-94-0107,-- Unbranded --,-- No Unilog Brand --,-- No DIB Brand --,Milwaukee Accessory (4031),4-1/2 in,
PROD-0031,49-94-0117,"49-94-0117 Milw 5""x.045""x7/8"" Performance+ Metal Cut Off Disc",-- Unbranded --,Milwaukee Accessory,Abrasive Discs & Wheels > Cut-Off Discs,approved,0.92,49-94-0117,-- Unbranded --,-- No Unilog Brand --,-- No DIB Brand --,Milwaukee Accessory (4031),5 in,
PROD-0032,49-94-0123,"49-94-0123 Milw 6""x.045""x7/8"" Performance+ Metal Cut Off Disc",-- Unbranded --,Milwaukee Accessory,Abrasive Discs & Wheels > Cut-Off Discs,approved,0.92,49-94-0123,-- Unbranded --,-- No Unilog Brand --,-- No DIB Brand --,Milwaukee Accessory (4031),6 in,
PROD-0033,49-94-0023,"49-94-0023 Milw 6""x.045""x7/8"" Metal Cut Off Disc",-- Unbranded --,Milwaukee Accessory,Abrasive Discs & Wheels > Cut-Off Discs,approved,0.92,49-94-0023,-- Unbranded --,-- No Unilog Brand --,-- No DIB Brand --,Milwaukee Accessory (4031),6 in,
PROD-0034,49-94-0121,"49-94-0121 Milw 6""x.045""x7/8"" Performance+ Metal Cut Off Disc 10pc",-- Unbranded --,Milwaukee Accessory,Abrasive Discs & Wheels > Cut-Off Discs,approved,0.92,49-94-0121,-- Unbranded --,-- No Unilog Brand --,-- No DIB Brand --,Milwaukee Accessory (4031),6 in,10
PROD-0035,49-94-0127,"49-94-0127 Milw 6""x.045""x7/8"" Performance+Metal Cut Off Disc",-- Unbranded --,Milwaukee Accessory,Abrasive Discs & Wheels > Cut-Off Discs,approved,0.92,49-94-0127,-- Unbranded --,-- No Unilog Brand --,-- No DIB Brand --,Milwaukee Accessory (4031),6 in,
PROD-0036,49-94-0137,"49-94-0137 Milw 7""x3/32""x7/8"" Performance+ Metal Cut Off Disc",-- Unbranded --,Milwaukee Accessory,Abrasive Discs & Wheels > Cut-Off Discs,approved,0.92,49-94-0137,-- Unbranded --,-- No Unilog Brand --,-- No DIB Brand --,Milwaukee Accessory (4031),3/32 in x 7/8 in,
PROD-0037,49-94-0160,"49-94-0160 Milw 14""x7/64""x1"" Performance+ Metal Cut Off Disc",-- Unbranded --,Milwaukee Accessory,Abrasive Discs & Wheels > Cut-Off Discs,approved,0.92,49-94-0160,-- Unbranded --,-- No Unilog Brand --,-- No DIB Brand --,Milwaukee Accessory (4031),7/64 in x 1 in,
PROD-0038,49-94-0223,"49-94-0223 Milw 6""x.045""x7/8"" Ceramic+ Metal Cut Off Disc",-- Unbranded --,Milwaukee Accessory,Abrasive Discs & Wheels > Cut-Off Discs,approved,0.92,49-94-0223,-- Unbranded --,-- No Unilog Brand --,-- No DIB Brand --,Milwaukee Accessory (4031),6 in,
PROD-0039,49-94-0445,"49-94-0445 Milw 10""x3/32""x5/8"" Performance+ Metal Cut Off Disc",-- Unbranded --,Milwaukee Accessory,Abrasive Discs & Wheels > Cut-Off Discs,approved,0.92,49-94-0445,-- Unbranded --,-- No Unilog Brand --,-- No DIB Brand --,Milwaukee Accessory (4031),3/32 in x 5/8 in,
PROD-0040,49-94-0803,"49-94-0803 Milw 4-1/2""x1/8""x7/8"" Dual Metal Cut and Grind Disc",-- Unbranded --,Milwaukee Accessory,Abrasive Discs & Wheels > Cut and Grind Discs,approved,0.92,49-94-0803,-- Unbranded --,-- No Unilog Brand --,-- No DIB Brand --,Milwaukee Accessory (4031),4-1/2 in x 1/8 in,
PROD-0041,49-94-0903,"49-94-0903 Milw 4-1/2""x1/8""x7/8""Perform+Dual Metal Cut and Grind Disc",-- Unbranded --,Milwaukee Accessory,Abrasive Discs & Wheels > Cut and Grind Discs,approved,0.92,49-94-0903,-- Unbranded --,-- No Unilog Brand --,-- No DIB Brand --,Milwaukee Accessory (4031),4-1/2 in x 1/8 in,
PROD-0042,49-94-0907,"49-94-0907 Milw 4-1/2""x1/8""x5/8-11""Perform+Dual Metal Cut n Grind Disc",-- Unbranded --,Milwaukee Accessory,Abrasive Discs & Wheels > Abrasive Sanding Discs,approved,0.91,49-94-0907,-- Unbranded --,-- No Unilog Brand --,-- No DIB Brand --,Milwaukee Accessory (4031),4-1/2 in x 1/8 in,
PROD-0043,49-94-0923,"49-94-0923 Milw 6""x1/8""x7/8"" Perform+Dual Metal Cut and Grind Disc",-- Unbranded --,Milwaukee Accessory,Abrasive Discs & Wheels > Cut and Grind Discs,approved,0.92,49-94-0923,-- Unbranded --,-- No Unilog Brand --,-- No DIB Brand --,Milwaukee Accessory (4031),1/8 in x 7/8 in,
PROD-0044,49-94-1900,"49-94-1900 Milw 4""x1/8""x5/8"" Masonry Cut Off Disc",-- Unbranded --,Milwaukee Accessory,Abrasive Discs & Wheels > Cut-Off Discs,approved,0.92,49-94-1900,-- Unbranded --,-- No Unilog Brand --,-- No DIB Brand --,Milwaukee Accessory (4031),1/8 in x 5/8 in,
PROD-0045,49-94-1905,"49-94-1905 Milw 4-1/2""x1/8""x7/8"" Masonry Cut Off Disc",-- Unbranded --,Milwaukee Accessory,Abrasive Discs & Wheels > Cut-Off Discs,approved,0.92,49-94-1905,-- Unbranded --,-- No Unilog Brand --,-- No DIB Brand --,Milwaukee Accessory (4031),4-1/2 in x 1/8 in,
PROD-0046,49-94-1915,"49-94-1915 Milw 6-1/2""x1/8""x5/8"" DKO Masonry Cut Off Disc",-- Unbranded --,Milwaukee Accessory,Abrasive Discs & Wheels > Cut-Off Discs,approved,0.92,49-94-1915,-- Unbranded --,-- No Unilog Brand --,-- No DIB Brand --,Milwaukee Accessory (4031),6-1/2 in x 1/8 in,
PROD-0047,49-94-1920,"49-94-1920 Milw 7""x1/8""x5/8"" DKO Masonry Cut Off Disc",-- Unbranded --,Milwaukee Accessory,Abrasive Discs & Wheels > Cut-Off Discs,approved,0.92,49-94-1920,-- Unbranded --,-- No Unilog Brand --,-- No DIB Brand --,Milwaukee Accessory (4031),1/8 in x 5/8 in,
PROD-0048,49-94-1925,"49-94-1925 Milw 10""x1/8""x5/8"" Masonry Cut Off Disc",-- Unbranded --,Milwaukee Accessory,Abrasive Discs & Wheels > Cut-Off Discs,approved,0.92,49-94-1925,-- Unbranded --,-- No Unilog Brand --,-- No DIB Brand --,Milwaukee Accessory (4031),1/8 in x 5/8 in,
PROD-0049,49-94-1935,"49-94-1935 Milw 12""x1/8""x1"" Masonry Cut Off Disc",-- Unbranded --,Milwaukee Accessory,Abrasive Discs & Wheels > Cut-Off Discs,approved,0.92,49-94-1935,-- Unbranded --,-- No Unilog Brand --,-- No DIB Brand --,Milwaukee Accessory (4031),1/8 in x 1 in,
PROD-0050,49-94-1940,"49-94-1940 Milw 14""x1/8""x1"" Masonry Cut Off Disc",-- Unbranded --,Milwaukee Accessory,Abrasive Discs & Wheels > Cut-Off Discs,approved,0.92,49-94-1940,-- Unbranded --,-- No Unilog Brand --,-- No DIB Brand --,Milwaukee Accessory (4031),1/8 in x 1 in,
PROD-0051,49-94-0501,"49-94-0501 Milw 4""x1/4""x5/8"" Metal Grinding Wheel",-- Unbranded --,Milwaukee Accessory,Abrasive Discs & Wheels > Grinding Wheels,approved,0.92,49-94-0501,-- Unbranded --,-- No Unilog Brand --,-- No DIB Brand --,Milwaukee Accessory (4031),1/4 in x 5/8 in,
PROD-0052,49-94-0503,"49-94-0503 Milw 4-1/2""x1/4""x7/8"" Metal Grinding Wheel",-- Unbranded --,Milwaukee Accessory,Abrasive Discs & Wheels > Grinding Wheels,approved,0.92,49-94-0503,-- Unbranded --,-- No Unilog Brand --,-- No DIB Brand --,Milwaukee Accessory (4031),4-1/2 in x 1/4 in,
PROD-0053,49-94-0523,"49-94-0523 Milw 6""x1/4""x7/8"" Metal Grinding Wheel",-- Unbranded --,Milwaukee Accessory,Abrasive Discs & Wheels > Grinding Wheels,approved,0.92,49-94-0523,-- Unbranded --,-- No Unilog Brand --,-- No DIB Brand --,Milwaukee Accessory (4031),1/4 in x 7/8 in,
PROD-0054,49-94-1955,"49-94-1955 Milw 4-1/2""x1/4""x7/8"" Masonry Grinding Wheel",-- Unbranded --,Milwaukee Accessory,Abrasive Discs & Wheels > Grinding Wheels,approved,0.92,49-94-1955,-- Unbranded --,-- No Unilog Brand --,-- No DIB Brand --,Milwaukee Accessory (4031),4-1/2 in x 1/4 in,
PROD-0055,49-94-1965,"49-94-1965 Milw 7""x1/4""x7/8"" Masonry Grinding Wheel",-- Unbranded --,Milwaukee Accessory,Abrasive Discs & Wheels > Grinding Wheels,approved,0.92,49-94-1965,-- Unbranded --,-- No Unilog Brand --,-- No DIB Brand --,Milwaukee Accessory (4031),1/4 in x 7/8 in,
PROD-0056,49-94-0513,"49-94-0513 Milw 5""x1/4""x7/8"" Metal Grinding Wheel",-- Unbranded --,Milwaukee Accessory,Abrasive Discs & Wheels > Grinding Wheels,approved,0.92,49-94-0513,-- Unbranded --,-- No Unilog Brand --,-- No DIB Brand --,Milwaukee Accessory (4031),1/4 in x 7/8 in,
PROD-0057,49-94-0533,"49-94-0533 Milw 7""x1/4""x7/8"" Metal Grinding Wheel",-- Unbranded --,Milwaukee Accessory,Abrasive Discs & Wheels > Grinding Wheels,approved,0.92,49-94-0533,-- Unbranded --,-- No Unilog Brand --,-- No DIB Brand --,Milwaukee Accessory (4031),1/4 in x 7/8 in,
PROD-0058,DFBLBLOMFN01G,DFBLBLOMFN01G Diablo 220 Grit - Flat Edge Sanding Sponge,Diablo,Freud Inc,Abrasive Discs & Wheels > Abrasive Sanding Discs,approved,0.96,DFBLBLOMFN01G,-- Unbranded --,-- No Unilog Brand --,-- No DIB Brand --,Freud Inc (2435),,
PROD-0059,1700-1PK-BB40,3/4x60' Vinyl Elect Tape,-- Unbranded --,3 M Co,Electrical Boxes & Wiring > Electrical Wire & Cable,approved,0.92,1700-1PK-BB40,-- Unbranded --,-- No Unilog Brand --,3M,3 M Co (5293),3/4 in x 60 in,
PROD-0060,ASH-40-40-04,1.5x1.5x13' Legacy Emseal Tape,-- Unbranded --,Emseal Joint Systems Ltd,Electrical Boxes & Wiring > Electrical Wire & Cable,approved,0.92,ASH-40-40-04,-- Unbranded --,-- No Unilog Brand --,-- No DIB Brand --,Emseal Joint Systems Ltd (EMSJO),1.5 in x 1.5 in,
PROD-0061,KDFM404KPS,KDFM404KPS Dishwasher SS,-- Unbranded --,Appliance Dealers Cooperative,Cleaning & Laundry Appliances > Built-In Dishwashers,approved,0.92,KDFM404KPS,-- Unbranded --,-- No Unilog Brand --,-- No DIB Brand --,Appliance Dealers Cooperative (APPDE),,
PROD-0062,PDSH4816AF,PDSH4816AF Dishwasher SS - Display Only,-- Unbranded --,Appliance Dealers Cooperative,Cleaning & Laundry Appliances > Built-In Dishwashers,approved,0.92,PDSH4816AF,-- Unbranded --,-- No Unilog Brand --,-- No DIB Brand --,Appliance Dealers Cooperative (APPDE),,
PROD-0063,PDT715SYVFS,PDT715SYVFS Ge Dishwasher SS,GE,Appliance Dealers Cooperative,Cleaning & Laundry Appliances > Built-In Dishwashers,approved,0.97,PDT715SYVFS,-- Unbranded --,-- No Unilog Brand --,-- No DIB Brand --,Appliance Dealers Cooperative (APPDE),,
PROD-0064,LDPH5554D,LDPH5554D LG Dishwasher BSS,LG,Appliance Dealers Cooperative,Cleaning & Laundry Appliances > Built-In Dishwashers,approved,0.97,LDPH5554D,-- Unbranded --,-- No Unilog Brand --,-- No DIB Brand --,Appliance Dealers Cooperative (APPDE),,
PROD-0065,WDTS7024RZ,WDTS7024RZ Dishwasher SS - Display Only,-- Unbranded --,Appliance Dealers Cooperative,Cleaning & Laundry Appliances > Built-In Dishwashers,approved,0.92,WDTS7024RZ,-- Unbranded --,-- No Unilog Brand --,-- No DIB Brand --,Appliance Dealers Cooperative (APPDE),,
PROD-0066,PDD415PYYFS,PDD415PYYFS GE Dishwasher SS,GE,Appliance Dealers Cooperative,Cleaning & Laundry Appliances > Built-In Dishwashers,approved,0.97,PDD415PYYFS,-- Unbranded --,-- No Unilog Brand --,-- No DIB Brand --,Appliance Dealers Cooperative (APPDE),,
PROD-0067,KDTS424SBE,KDTS424SBE Kitchen Aid Dishwasher Bk,-- Unbranded --,Appliance Dealers Cooperative,Cleaning & Laundry Appliances > Built-In Dishwashers,approved,0.92,KDTS424SBE,-- Unbranded --,-- No Unilog Brand --,-- No DIB Brand --,Appliance Dealers Cooperative (APPDE),,
PROD-0068,KDTS324SPS,KDTS324SPS Kitchen Aid Dishwasher SS,-- Unbranded --,Appliance Dealers Cooperative,Cleaning & Laundry Appliances > Built-In Dishwashers,approved,0.92,KDTS324SPS,-- Unbranded --,-- No Unilog Brand --,-- No DIB Brand --,Appliance Dealers Cooperative (APPDE),,
PROD-0069,KDPS624SJP,KDPS624SJP Dishwasher Juniper - Display Only,-- Unbranded --,Appliance Dealers Cooperative,Cleaning & Laundry Appliances > Built-In Dishwashers,approved,0.92,KDPS624SJP,-- Unbranded --,-- No Unilog Brand --,-- No DIB Brand --,Appliance Dealers Cooperative (APPDE),,
PROD-0070,KDTS624SBE,KDTS624SBE Dishwasher BO Display Only,-- Unbranded --,Appliance Dealers Cooperative,Cleaning & Laundry Appliances > Built-In Dishwashers,approved,0.92,KDTS624SBE,-- Unbranded --,-- No Unilog Brand --,-- No DIB Brand --,Appliance Dealers Cooperative (APPDE),,
PROD-0071,D519127,D519127 Heater Kit,-- Unbranded --,V & V Appliance Parts Inc,Kitchen Appliances & Cooking > Microwaves & Ranges,approved,0.91,D519127,-- Unbranded --,-- No Unilog Brand --,-- No DIB Brand --,V & V Appliance Parts Inc (VVAPP),,
PROD-0072,DF7004WE,DF7004WE Speed Queen Elect Dryer Wh,Speed Queen,Appliance Dealers Cooperative,"Cleaning & Laundry Appliances > Washers, Dryers & Laundry Centers",approved,0.96,DF7004WE,-- Unbranded --,-- No Unilog Brand --,-- No DIB Brand --,Appliance Dealers Cooperative (APPDE),,
PROD-0073,DR7004BE,DR7004BE SQ Elect Dryer Bk,-- Unbranded --,Appliance Dealers Cooperative,"Cleaning & Laundry Appliances > Washers, Dryers & Laundry Centers",approved,0.91,DR7004BE,-- Unbranded --,-- No Unilog Brand --,-- No DIB Brand --,Appliance Dealers Cooperative (APPDE),,
PROD-0074,DV2000WE,DV2000WE SQ Elect Dryer Wh,-- Unbranded --,Appliance Dealers Cooperative,"Cleaning & Laundry Appliances > Washers, Dryers & Laundry Centers",approved,0.91,DV2000WE,-- Unbranded --,-- No Unilog Brand --,-- No DIB Brand --,Appliance Dealers Cooperative (APPDE),,
PROD-0075,DC5004WE,DC5004WE SQ Elect Dryer Wh,-- Unbranded --,Appliance Dealers Cooperative,"Cleaning & Laundry Appliances > Washers, Dryers & Laundry Centers",approved,0.91,DC5004WE,-- Unbranded --,-- No Unilog Brand --,-- No DIB Brand --,Appliance Dealers Cooperative (APPDE),,
PROD-0076,DC5004BE,DC5004BE SQ Elect Dryer Bk,-- Unbranded --,Appliance Dealers Cooperative,"Cleaning & Laundry Appliances > Washers, Dryers & Laundry Centers",approved,0.91,DC5004BE,-- Unbranded --,-- No Unilog Brand --,-- No DIB Brand --,Appliance Dealers Cooperative (APPDE),,
PROD-0077,WKE100HWA,WKE100HWA LG Laundry Center Wh - Display,LG,Appliance Dealers Cooperative,"Cleaning & Laundry Appliances > Washers, Dryers & Laundry Centers",approved,0.97,WKE100HWA,-- Unbranded --,-- No Unilog Brand --,-- No DIB Brand --,Appliance Dealers Cooperative (APPDE),,
PROD-0078,FF7011WN,FF7011WN Speed Queen Washer Wh,Speed Queen,Appliance Dealers Cooperative,"Cleaning & Laundry Appliances > Washers, Dryers & Laundry Centers",approved,0.97,FF7011WN,-- Unbranded --,-- No Unilog Brand --,-- No DIB Brand --,Appliance Dealers Cooperative (APPDE),,
PROD-0079,PTD70GBPTDG,PTD70GBPTDG GE Gas Dryer DG,GE,Appliance Dealers Cooperative,"Cleaning & Laundry Appliances > Washers, Dryers & Laundry Centers",approved,0.96,PTD70GBPTDG,-- Unbranded --,-- No Unilog Brand --,-- No DIB Brand --,Appliance Dealers Cooperative (APPDE),,
PROD-0080,PTD70GBSTWS,PTD70GBSTWS GE Gas Dryer Wh,GE,Appliance Dealers Cooperative,"Cleaning & Laundry Appliances > Washers, Dryers & Laundry Centers",approved,0.96,PTD70GBSTWS,-- Unbranded --,-- No Unilog Brand --,-- No DIB Brand --,Appliance Dealers Cooperative (APPDE),,
PROD-0081,DR5004WG,DR5004WG SQ Gas Dryer Wh,-- Unbranded --,Appliance Dealers Cooperative,"Cleaning & Laundry Appliances > Washers, Dryers & Laundry Centers",approved,0.91,DR5004WG,-- Unbranded --,-- No Unilog Brand --,-- No DIB Brand --,Appliance Dealers Cooperative (APPDE),,
PROD-0082,DR7004BG,DR7004BG SQ Gas Dryer Bk,-- Unbranded --,Appliance Dealers Cooperative,"Cleaning & Laundry Appliances > Washers, Dryers & Laundry Centers",approved,0.91,DR7004BG,-- Unbranded --,-- No Unilog Brand --,-- No DIB Brand --,Appliance Dealers Cooperative (APPDE),,
PROD-0083,DR7004WG,DR7004WG SQ Gas Dryer Wh,-- Unbranded --,Appliance Dealers Cooperative,"Cleaning & Laundry Appliances > Washers, Dryers & Laundry Centers",approved,0.91,DR7004WG,-- Unbranded --,-- No Unilog Brand --,-- No DIB Brand --,Appliance Dealers Cooperative (APPDE),,
PROD-0084,DV2000WG,DV2000WG SQ Gas Dryer Wh,-- Unbranded --,Appliance Dealers Cooperative,"Cleaning & Laundry Appliances > Washers, Dryers & Laundry Centers",approved,0.91,DV2000WG,-- Unbranded --,-- No Unilog Brand --,-- No DIB Brand --,Appliance Dealers Cooperative (APPDE),,
PROD-0085,DC5004WG,DC5004WG SQ Gas Dryer Wh,-- Unbranded --,Appliance Dealers Cooperative,"Cleaning & Laundry Appliances > Washers, Dryers & Laundry Centers",approved,0.91,DC5004WG,-- Unbranded --,-- No Unilog Brand --,-- No DIB Brand --,Appliance Dealers Cooperative (APPDE),,
PROD-0086,DC5004BG,DC5004BG SQ Gas Dryer Bk,-- Unbranded --,Appliance Dealers Cooperative,"Cleaning & Laundry Appliances > Washers, Dryers & Laundry Centers",approved,0.91,DC5004BG,-- Unbranded --,-- No Unilog Brand --,-- No DIB Brand --,Appliance Dealers Cooperative (APPDE),,
PROD-0087,PTW705BSTWS,PTW705BSTWS GE Washer Wh,GE,Appliance Dealers Cooperative,"Cleaning & Laundry Appliances > Washers, Dryers & Laundry Centers",approved,0.97,PTW705BSTWS,-- Unbranded --,-- No Unilog Brand --,-- No DIB Brand --,Appliance Dealers Cooperative (APPDE),,
PROD-0088,MVWP586GW,MVWP586GW Washer Wh - Display,-- Unbranded --,Appliance Dealers Cooperative,"Cleaning & Laundry Appliances > Washers, Dryers & Laundry Centers",approved,0.92,MVWP586GW,-- Unbranded --,-- No Unilog Brand --,-- No DIB Brand --,Appliance Dealers Cooperative (APPDE),,
PROD-0089,TV2000WN,TV2000WN SQ Elect Washer,-- Unbranded --,Appliance Dealers Cooperative,"Cleaning & Laundry Appliances > Washers, Dryers & Laundry Centers",approved,0.92,TV2000WN,-- Unbranded --,-- No Unilog Brand --,-- No DIB Brand --,Appliance Dealers Cooperative (APPDE),,
PROD-0090,TC5003BN,TC5003BN SQ Washer Bk,-- Unbranded --,Appliance Dealers Cooperative,"Cleaning & Laundry Appliances > Washers, Dryers & Laundry Centers",approved,0.92,TC5003BN,-- Unbranded --,-- No Unilog Brand --,-- No DIB Brand --,Appliance Dealers Cooperative (APPDE),,
PROD-0091,TR7006WN,TR7006WN Speed Queen Washer Wh,Speed Queen,Appliance Dealers Cooperative,"Cleaning & Laundry Appliances > Washers, Dryers & Laundry Centers",approved,0.97,TR7006WN,-- Unbranded --,-- No Unilog Brand --,-- No DIB Brand --,Appliance Dealers Cooperative (APPDE),,
PROD-0092,TR7006BN,TR7006BN Speed Queen Washer Bk,Speed Queen,Appliance Dealers Cooperative,"Cleaning & Laundry Appliances > Washers, Dryers & Laundry Centers",approved,0.97,TR7006BN,-- Unbranded --,-- No Unilog Brand --,-- No DIB Brand --,Appliance Dealers Cooperative (APPDE),,
PROD-0093,TR5006WN,TR5006WN Speed Queen Washer Wh,Speed Queen,Appliance Dealers Cooperative,"Cleaning & Laundry Appliances > Washers, Dryers & Laundry Centers",approved,0.97,TR5006WN,-- Unbranded --,-- No Unilog Brand --,-- No DIB Brand --,Appliance Dealers Cooperative (APPDE),,
PROD-0094,5134545001,9516 Kneeling Pad& Bttl Opener,-- Unbranded --,Wera Tools NA Inc,Tool Accessories & Attachments > Rotary Tools,approved,0.91,5134545001,-- Unbranded --,-- No Unilog Brand --,-- No DIB Brand --,Wera Tools NA Inc (WERTO),,
PROD-0095,LNL65301,LNL65301 Digital Tire Pressure - Inflator Gauge,GE,-,Hardware & Industrial Supplies,needs_review,0.72,LNL65301,-- Unbranded --,-- No Unilog Brand --,-- No DIB Brand --,-,,
PROD-0096,25-A,Charcoal Black 25-A Mortar - Type N,-- Unbranded --,Rees Cast Stone Company,Lumber & Panels > Lumber & Building Supplies,approved,0.92,25-A,-- Unbranded --,-- No Unilog Brand --,-- No DIB Brand --,Rees Cast Stone Company (REECA),,
PROD-0097,38-E,Dark Chocolate 38-E Mortar - Type N,-- Unbranded --,Rees Cast Stone Company,Lumber & Panels > Lumber & Building Supplies,approved,0.92,38-E,-- Unbranded --,-- No Unilog Brand --,-- No DIB Brand --,Rees Cast Stone Company (REECA),,
PROD-0098,59-J,Light Buff 59-J Mortar - Type N,-- Unbranded --,Rees Cast Stone Company,Lumber & Panels > Lumber & Building Supplies,approved,0.92,59-J,-- Unbranded --,-- No Unilog Brand --,-- No DIB Brand --,Rees Cast Stone Company (REECA),,
PROD-0099,44-A,Light Chocolate 44-A Mortar - Type N,-- Unbranded --,Rees Cast Stone Company,Lumber & Panels > Lumber & Building Supplies,approved,0.92,44-A,-- Unbranded --,-- No Unilog Brand --,-- No DIB Brand --,Rees Cast Stone Company (REECA),,
PROD-0100,543302126,6' Wh Select T-Rail Kit Horiz - w/Sq Composite Balusters,TREX,U S Lumber,Decking & Railing > Railing & Fence Kits,approved,0.98,543302126,TREX,-- No Unilog Brand --,-- No DIB Brand --,U S Lumber (3073),,
PROD-0101,543302146,8' Wh Select T-Rail Kit Horiz - w/Sq Composite Balusters,TREX,U S Lumber,Decking & Railing > Railing & Fence Kits,approved,0.98,543302146,TREX,-- No Unilog Brand --,-- No DIB Brand --,U S Lumber (3073),,
PROD-0102,73019603,Finyline Wh 6' Fl Rail Kit Sq,-- Unbranded --,-,Decking & Railing > Railing & Fence Kits,approved,0.85,73019603,-- Unbranded --,-- No Unilog Brand --,-- No DIB Brand --,-,,
PROD-0103,73019652,Finyline Wh 8' Fl Rail Kit Sq,-- Unbranded --,-,Decking & Railing > Railing & Fence Kits,approved,0.85,73019652,-- Unbranded --,-- No Unilog Brand --,-- No DIB Brand --,-,,
PROD-0104,73019517,Finyline Wh 10' Fl Rail Kit Sq,-- Unbranded --,-,Decking & Railing > Railing & Fence Kits,approved,0.85,73019517,-- Unbranded --,-- No Unilog Brand --,-- No DIB Brand --,-,,
PROD-0105,73019602,Finyline Wh 6' Fl Rail Kit Rd - w/Black Alum Balusters,-- Unbranded --,-,Decking & Railing > Railing & Fence Kits,approved,0.85,73019602,-- Unbranded --,-- No Unilog Brand --,-- No DIB Brand --,-,,
PROD-0106,73019651,Finyline Wh 8' Fl Rail Kit Rd - w/Black Alum Balusters,-- Unbranded --,-,Decking & Railing > Railing & Fence Kits,approved,0.85,73019651,-- Unbranded --,-- No Unilog Brand --,-- No DIB Brand --,-,,
PROD-0107,73019516,Finyline Wh 10' Fl Rail Kit Rd - w/Black Alum Balusters,-- Unbranded --,-,Decking & Railing > Railing & Fence Kits,approved,0.85,73019516,-- Unbranded --,-- No Unilog Brand --,-- No DIB Brand --,-,,
PROD-0108,543300256,6' Black Select Classic Horiz - Rail w/Rnd Black Alum Baluster,TREX,Boise Cascade Building Materials,Decking & Railing > Railing & Fence Kits,approved,0.98,543300256,TREX,-- No Unilog Brand --,-- No DIB Brand --,Boise Cascade Building Materials (BOICA),,
PROD-0109,543300276,8' Black Select Classic Horiz - Rail w/Rnd Black Alum Baluster,TREX,Boise Cascade Building Materials,Decking & Railing > Railing & Fence Kits,approved,0.98,543300276,TREX,-- No Unilog Brand --,-- No DIB Brand --,Boise Cascade Building Materials (BOICA),,
PROD-0110,73045028,Custom Finyline Wh Gate Sq Bal,-- Unbranded --,-,Decking & Railing > Railing & Fence Kits,approved,0.85,73045028,-- Unbranded --,-- No Unilog Brand --,-- No DIB Brand --,-,,
PROD-0111,73045031,Custom Finyline Wh Gate Rd - w/Black Alum Balusters,-- Unbranded --,-,Decking & Railing > Railing & Fence Kits,approved,0.86,73045031,-- Unbranded --,-- No Unilog Brand --,-- No DIB Brand --,-,,
PROD-0112,543340126,"6'x36"" Select Alm w/Sq Bal Hor - Assembled Black Rail Panel",TREX,Boise Cascade Building Materials,Decking & Railing > Railing & Fence Kits,approved,0.98,543340126,TREX,-- No Unilog Brand --,-- No DIB Brand --,Boise Cascade Building Materials (BOICA),6 ft x 36 in,
PROD-0113,543340127,"6'x36"" Select Alm w/Sq Bal Str - Assembled Black Rail Panel",TREX,Boise Cascade Building Materials,Decking & Railing > Railing & Fence Kits,approved,0.98,543340127,TREX,-- No Unilog Brand --,-- No DIB Brand --,Boise Cascade Building Materials (BOICA),6 ft x 36 in,
PROD-0114,543340146,"8'x36"" Select Alm w/Sq Bal Hor - Assembled Black Rail Panel",TREX,Boise Cascade Building Materials,Decking & Railing > Railing & Fence Kits,approved,0.98,543340146,TREX,-- No Unilog Brand --,-- No DIB Brand --,Boise Cascade Building Materials (BOICA),8 ft x 36 in,
PROD-0115,543340147,"8'x36"" Select Alm w/Sq Bal Str - Assembled Black Rail Panel",TREX,Boise Cascade Building Materials,Decking & Railing > Railing & Fence Kits,approved,0.98,543340147,TREX,-- No Unilog Brand --,-- No DIB Brand --,Boise Cascade Building Materials (BOICA),8 ft x 36 in,
PROD-0116,ADB15516CS,1x6-16' Coastline Sq Edge - Vintage Azek PVC Decking,TIMBERTECH,Parksite,Decking & Railing > PVC & Composite Decking,approved,0.98,ADB15516CS,TIMBERTECH,-- No Unilog Brand --,-- No DIB Brand --,Parksite (6151),1 in x 6 in x 16 ft,
PROD-0117,ADB15520CS,1x6-20' Coastline Sq Edge - Vintage Azek PVC Decking,TIMBERTECH,Parksite,Decking & Railing > PVC & Composite Decking,approved,0.98,ADB15520CS,TIMBERTECH,-- No Unilog Brand --,-- No DIB Brand --,Parksite (6151),1 in x 6 in x 20 ft,
PROD-0118,ADB15516EW,1x6-16' English Walnut Sq Edge - Vintage Azek PVC Decking,TIMBERTECH,Parksite,Decking & Railing > PVC & Composite Decking,approved,0.98,ADB15516EW,TIMBERTECH,-- No Unilog Brand --,-- No DIB Brand --,Parksite (6151),1 in x 6 in x 16 ft,
PROD-0119,ADB15520EW,1x6-20' English Walnut Sq Edge - Vintage Azek PVC Decking,TIMBERTECH,Parksite,Decking & Railing > PVC & Composite Decking,approved,0.98,ADB15520EW,TIMBERTECH,-- No Unilog Brand --,-- No DIB Brand --,Parksite (6151),1 in x 6 in x 20 ft,
PROD-0120,ADB15516MH,1x6-16' Mahogany Sq Edge - Vintage Azek PVC Decking,TIMBERTECH,Parksite,Decking & Railing > PVC & Composite Decking,approved,0.98,ADB15516MH,TIMBERTECH,-- No Unilog Brand --,-- No DIB Brand --,Parksite (6151),1 in x 6 in x 16 ft,
PROD-0121,ADB15520MH,1x6-20' Mahogany Sq Edge - Vintage Azek PVC Decking,TIMBERTECH,Parksite,Decking & Railing > PVC & Composite Decking,approved,0.98,ADB15520MH,TIMBERTECH,-- No Unilog Brand --,-- No DIB Brand --,Parksite (6151),1 in x 6 in x 20 ft,
PROD-0122,ADB15516WT,1x6-16' Weathered Teak Sq Edge - Vintage Azek PVC Decking,TIMBERTECH,Parksite,Decking & Railing > PVC & Composite Decking,approved,0.98,ADB15516WT,TIMBERTECH,-- No Unilog Brand --,-- No DIB Brand --,Parksite (6151),1 in x 6 in x 16 ft,
PROD-0123,ADB15520WT,1x6-20' Weathered Teak Sq Edge - Vintage Azek PVC Decking,TIMBERTECH,Parksite,Decking & Railing > PVC & Composite Decking,approved,0.98,ADB15520WT,TIMBERTECH,-- No Unilog Brand --,-- No DIB Brand --,Parksite (6151),1 in x 6 in x 20 ft,
PROD-0124,AGB15512CS,1x6-12' Coastline Grooved - Vintage Azek PVC Decking,TIMBERTECH,Parksite,Decking & Railing > PVC & Composite Decking,approved,0.98,AGB15512CS,TIMBERTECH,-- No Unilog Brand --,-- No DIB Brand --,Parksite (6151),1 in x 6 in x 12 ft,
PROD-0125,AGB15516CS,1x6-16' Coastline Grooved - Vintage Azek PVC Decking,TIMBERTECH,Parksite,Decking & Railing > PVC & Composite Decking,approved,0.98,AGB15516CS,TIMBERTECH,-- No Unilog Brand --,-- No DIB Brand --,Parksite (6151),1 in x 6 in x 16 ft,
PROD-0126,AGB15520CS,1x6-20' Coastline Grooved - Vintage Azek PVC Decking,TIMBERTECH,Parksite,Decking & Railing > PVC & Composite Decking,approved,0.98,AGB15520CS,TIMBERTECH,-- No Unilog Brand --,-- No DIB Brand --,Parksite (6151),1 in x 6 in x 20 ft,
PROD-0127,AGB15512EW,1x6-12' English Walnut Grooved - Vintage Azek PVC Decking,TIMBERTECH,Parksite,Decking & Railing > PVC & Composite Decking,approved,0.98,AGB15512EW,TIMBERTECH,-- No Unilog Brand --,-- No DIB Brand --,Parksite (6151),1 in x 6 in x 12 ft,
PROD-0128,AGB15516EW,1x6-16' English Walnut Grooved - Vintage Azek PVC Decking,TIMBERTECH,Parksite,Decking & Railing > PVC & Composite Decking,approved,0.98,AGB15516EW,TIMBERTECH,-- No Unilog Brand --,-- No DIB Brand --,Parksite (6151),1 in x 6 in x 16 ft,
PROD-0129,AGB15520EW,1x6-20' English Walnut Grooved - Vintage Azek PVC Decking,TIMBERTECH,Parksite,Decking & Railing > PVC & Composite Decking,approved,0.98,AGB15520EW,TIMBERTECH,-- No Unilog Brand --,-- No DIB Brand --,Parksite (6151),1 in x 6 in x 20 ft,
PROD-0130,AGB15512MH,1x6-12' Mahogany Grooved - Vintage Azek PVC Decking,TIMBERTECH,Parksite,Decking & Railing > PVC & Composite Decking,approved,0.98,AGB15512MH,TIMBERTECH,-- No Unilog Brand --,-- No DIB Brand --,Parksite (6151),1 in x 6 in x 12 ft,
PROD-0131,AGB15516MH,1x6-16' Mahogany Grooved - Vintage Azek PVC Decking,TIMBERTECH,Parksite,Decking & Railing > PVC & Composite Decking,approved,0.98,AGB15516MH,TIMBERTECH,-- No Unilog Brand --,-- No DIB Brand --,Parksite (6151),1 in x 6 in x 16 ft,
PROD-0132,AGB15520MH,1x6-20' Mahogany Grooved - Vintage Azek PVC Decking,TIMBERTECH,Parksite,Decking & Railing > PVC & Composite Decking,approved,0.98,AGB15520MH,TIMBERTECH,-- No Unilog Brand --,-- No DIB Brand --,Parksite (6151),1 in x 6 in x 20 ft,
PROD-0133,AGB15512WT,1x6-12' Weathered Teak Grooved - Vintage Azek PVC Decking,TIMBERTECH,Parksite,Decking & Railing > PVC & Composite Decking,approved,0.98,AGB15512WT,TIMBERTECH,-- No Unilog Brand --,-- No DIB Brand --,Parksite (6151),1 in x 6 in x 12 ft,
PROD-0134,AGB15516WT,1x6-16' Weathered Teak Grooved - Vintage Azek PVC Decking,TIMBERTECH,Parksite,Decking & Railing > PVC & Composite Decking,approved,0.98,AGB15516WT,TIMBERTECH,-- No Unilog Brand --,-- No DIB Brand --,Parksite (6151),1 in x 6 in x 16 ft,
PROD-0135,AGB15520WT,1x6-20' Weathered Teak Grooved - Vintage Azek PVC Decking,TIMBERTECH,Parksite,Decking & Railing > PVC & Composite Decking,approved,0.98,AGB15520WT,TIMBERTECH,-- No Unilog Brand --,-- No DIB Brand --,Parksite (6151),1 in x 6 in x 20 ft,
PROD-0136,ADB15516AW,1x6-16' American Walnut Sq Edg - Landmark Azek PVC Decking,TIMBERTECH,Parksite,Decking & Railing > PVC & Composite Decking,approved,0.98,ADB15516AW,TIMBERTECH,-- No Unilog Brand --,-- No DIB Brand --,Parksite (6151),1 in x 6 in x 16 ft,
PROD-0137,ADB15520AW,1x6-20' American Walnut Sq Edg - Landmark Azek PVC Decking,TIMBERTECH,Parksite,Decking & Railing > PVC & Composite Decking,approved,0.98,ADB15520AW,TIMBERTECH,-- No Unilog Brand --,-- No DIB Brand --,Parksite (6151),1 in x 6 in x 20 ft,
PROD-0138,ADB15516CG,1x6-16' Castle Gate Sq Edge - Landmark Azek PVC Decking,TIMBERTECH,Parksite,Decking & Railing > PVC & Composite Decking,approved,0.98,ADB15516CG,TIMBERTECH,-- No Unilog Brand --,-- No DIB Brand --,Parksite (6151),1 in x 6 in x 16 ft,
PROD-0139,ADB15520CG,1x6-20' Castle Gate Sq Edge - Landmark Azek PVC Decking,TIMBERTECH,Parksite,Decking & Railing > PVC & Composite Decking,approved,0.98,ADB15520CG,TIMBERTECH,-- No Unilog Brand --,-- No DIB Brand --,Parksite (6151),1 in x 6 in x 20 ft,
PROD-0140,ADB15516FW,1x6-16' French White Oak Sq Ed - Landmark Azek PVC Decking,TIMBERTECH,Parksite,Decking & Railing > PVC & Composite Decking,approved,0.98,ADB15516FW,TIMBERTECH,-- No Unilog Brand --,-- No DIB Brand --,Parksite (6151),1 in x 6 in x 16 ft,
PROD-0141,ADB15520FW,1x6-20' French White Oak Sq Ed - Landmark Azek PVC Decking,TIMBERTECH,Parksite,Decking & Railing > PVC & Composite Decking,approved,0.98,ADB15520FW,TIMBERTECH,-- No Unilog Brand --,-- No DIB Brand --,Parksite (6151),1 in x 6 in x 20 ft,
PROD-0142,AGB15512AW,1x6-12' American Walnut Groove - Landmark Azek PVC Decking,TIMBERTECH,Parksite,Decking & Railing > PVC & Composite Decking,approved,0.98,AGB15512AW,TIMBERTECH,-- No Unilog Brand --,-- No DIB Brand --,Parksite (6151),1 in x 6 in x 12 ft,
PROD-0143,AGB15516AW,1x6-16' American Walnut Groove - Landmark Azek PVC Decking,TIMBERTECH,Parksite,Decking & Railing > PVC & Composite Decking,approved,0.98,AGB15516AW,TIMBERTECH,-- No Unilog Brand --,-- No DIB Brand --,Parksite (6151),1 in x 6 in x 16 ft,
PROD-0144,AGB15520AW,1x6-20' American Walnut Groove - Landmark Azek PVC Decking,TIMBERTECH,Parksite,Decking & Railing > PVC & Composite Decking,approved,0.98,AGB15520AW,TIMBERTECH,-- No Unilog Brand --,-- No DIB Brand --,Parksite (6151),1 in x 6 in x 20 ft,
PROD-0145,AGB15512CG,1x6-12' Castle Gate Grooved - Landmark Azek PVC Decking,TIMBERTECH,Parksite,Decking & Railing > PVC & Composite Decking,approved,0.98,AGB15512CG,TIMBERTECH,-- No Unilog Brand --,-- No DIB Brand --,Parksite (6151),1 in x 6 in x 12 ft,
PROD-0146,AGB15516CG,1x6-16' Castle Gate Grooved - Landmark Azek PVC Decking,TIMBERTECH,Parksite,Decking & Railing > PVC & Composite Decking,approved,0.98,AGB15516CG,TIMBERTECH,-- No Unilog Brand --,-- No DIB Brand --,Parksite (6151),1 in x 6 in x 16 ft,
PROD-0147,AGB15520CG,1x6-20' Castle Gate Grooved - Landmark Azek PVC Decking,TIMBERTECH,Parksite,Decking & Railing > PVC & Composite Decking,approved,0.98,AGB15520CG,TIMBERTECH,-- No Unilog Brand --,-- No DIB Brand --,Parksite (6151),1 in x 6 in x 20 ft,
PROD-0148,AGB15512FW,1x6-12' French White Oak Groov - Landmark Azek PVC Decking,TIMBERTECH,Parksite,Decking & Railing > PVC & Composite Decking,approved,0.98,AGB15512FW,TIMBERTECH,-- No Unilog Brand --,-- No DIB Brand --,Parksite (6151),1 in x 6 in x 12 ft,
PROD-0149,AGB15516FW,1x6-16' French White Oak Groov - Landmark Azek PVC Decking,TIMBERTECH,Parksite,Decking & Railing > PVC & Composite Decking,approved,0.98,AGB15516FW,TIMBERTECH,-- No Unilog Brand --,-- No DIB Brand --,Parksite (6151),1 in x 6 in x 16 ft,
PROD-0150,AGB15520FW,1x6-20' French White Oak Groov - Landmark Azek PVC Decking,TIMBERTECH,Parksite,Decking & Railing > PVC & Composite Decking,approved,0.98,AGB15520FW,TIMBERTECH,-- No Unilog Brand --,-- No DIB Brand --,Parksite (6151),1 in x 6 in x 20 ft,
PROD-0151,ADCB15516BS,1x6-16' Brownstone Sq Edge - Harvest Azek PVC Decking,TIMBERTECH,Parksite,Decking & Railing > PVC & Composite Decking,approved,0.98,ADCB15516BS,TIMBERTECH,-- No Unilog Brand --,-- No DIB Brand --,Parksite (6151),1 in x 6 in x 16 ft,
PROD-0152,ADCB15520BS,1x6-20' Brownstone Sq Edge - Harvest Azek PVC Decking,TIMBERTECH,Parksite,Decking & Railing > PVC & Composite Decking,approved,0.98,ADCB15520BS,TIMBERTECH,-- No Unilog Brand --,-- No DIB Brand --,Parksite (6151),1 in x 6 in x 20 ft,
PROD-0153,ADCB15516SG,1x6-16' Slate Gray Sq Edge - Harvest Azek PVC Decking,TIMBERTECH,Parksite,Decking & Railing > PVC & Composite Decking,approved,0.98,ADCB15516SG,TIMBERTECH,-- No Unilog Brand --,-- No DIB Brand --,Parksite (6151),1 in x 6 in x 16 ft,
PROD-0154,ADCB15520SG,1x6-20' Slate Gray Sq Edge - Harvest Azek PVC Decking,TIMBERTECH,Parksite,Decking & Railing > PVC & Composite Decking,approved,0.98,ADCB15520SG,TIMBERTECH,-- No Unilog Brand --,-- No DIB Brand --,Parksite (6151),1 in x 6 in x 20 ft,
PROD-0155,AGB15512BS,1x6-12' Brownstone Grooved - Harvest Azek PVC Decking,TIMBERTECH,Parksite,Decking & Railing > PVC & Composite Decking,approved,0.98,AGB15512BS,TIMBERTECH,-- No Unilog Brand --,-- No DIB Brand --,Parksite (6151),1 in x 6 in x 12 ft,
PROD-0156,AGB15516BS,1x6-16' Brownstone Grooved - Harvest Azek PVC Decking,TIMBERTECH,Parksite,Decking & Railing > PVC & Composite Decking,approved,0.98,AGB15516BS,TIMBERTECH,-- No Unilog Brand --,-- No DIB Brand --,Parksite (6151),1 in x 6 in x 16 ft,
PROD-0157,AGB15520BS,1x6-20' Brownstone Grooved - Harvest Azek PVC Decking,TIMBERTECH,Parksite,Decking & Railing > PVC & Composite Decking,approved,0.98,AGB15520BS,TIMBERTECH,-- No Unilog Brand --,-- No DIB Brand --,Parksite (6151),1 in x 6 in x 20 ft,
PROD-0158,AGB15512SG,1x6-12' Slate Gray Grooved - Harvest Azek PVC Decking,TIMBERTECH,Parksite,Decking & Railing > PVC & Composite Decking,approved,0.98,AGB15512SG,TIMBERTECH,-- No Unilog Brand --,-- No DIB Brand --,Parksite (6151),1 in x 6 in x 12 ft,
PROD-0159,AGB15516SG,1x6-16' Slate Gray Grooved - Harvest Azek PVC Decking,TIMBERTECH,Parksite,Decking & Railing > PVC & Composite Decking,approved,0.98,AGB15516SG,TIMBERTECH,-- No Unilog Brand --,-- No DIB Brand --,Parksite (6151),1 in x 6 in x 16 ft,
PROD-0160,AGB15520SG,1x6-20' Slate Gray Grooved - Harvest Azek PVC Decking,TIMBERTECH,Parksite,Decking & Railing > PVC & Composite Decking,approved,0.98,AGB15520SG,TIMBERTECH,-- No Unilog Brand --,-- No DIB Brand --,Parksite (6151),1 in x 6 in x 20 ft,
PROD-0161,543140016,1nx6-16' Biscayne Sq Edge - Trex Transcend Lineage Decking,TREX,U S Lumber,Decking & Railing > PVC & Composite Decking,approved,0.98,543140016,TREX,-- No Unilog Brand --,-- No DIB Brand --,U S Lumber (3073),,
PROD-0162,543140020,1nx6-20' Biscayne Sq Edge - Trex Transcend Lineage Decking,TREX,U S Lumber,Decking & Railing > PVC & Composite Decking,approved,0.98,543140020,TREX,-- No Unilog Brand --,-- No DIB Brand --,U S Lumber (3073),,
PROD-0163,543142016,1nx6-16' Carmel Sq Edge - Trex Transcend Lineage Decking,TREX,U S Lumber,Decking & Railing > PVC & Composite Decking,approved,0.98,543142016,TREX,-- No Unilog Brand --,-- No DIB Brand --,U S Lumber (3073),,
PROD-0164,543142020,1nx6-20' Carmel Sq Edge - Trex Transcend Lineage Decking,TREX,U S Lumber,Decking & Railing > PVC & Composite Decking,approved,0.98,543142020,TREX,-- No Unilog Brand --,-- No DIB Brand --,U S Lumber (3073),,
PROD-0165,543144016,1nx6-16' Island Mist Sq Edge - Trex Transcend Lineage Decking,TREX,U S Lumber,Decking & Railing > PVC & Composite Decking,approved,0.98,543144016,TREX,-- No Unilog Brand --,-- No DIB Brand --,U S Lumber (3073),,
PROD-0166,543144020,1nx6-20' Island Mist Sq Edge - Trex Transcend Lineage Decking,TREX,U S Lumber,Decking & Railing > PVC & Composite Decking,approved,0.98,543144020,TREX,-- No Unilog Brand --,-- No DIB Brand --,U S Lumber (3073),,
PROD-0167,543143016,1nx6-16' Jasper Sq Edge - Trex Transcend Lineage Decking,TREX,U S Lumber,Decking & Railing > PVC & Composite Decking,approved,0.98,543143016,TREX,-- No Unilog Brand --,-- No DIB Brand --,U S Lumber (3073),,
PROD-0168,543143020,1nx6-20' Jasper Sq Edge - Trex Transcend Lineage Decking,TREX,U S Lumber,Decking & Railing > PVC & Composite Decking,approved,0.98,543143020,TREX,-- No Unilog Brand --,-- No DIB Brand --,U S Lumber (3073),,
PROD-0169,543141016,1nx6-16' Rainier Sq Edge - Trex Transcend Lineage Decking,TREX,U S Lumber,Decking & Railing > PVC & Composite Decking,approved,0.98,543141016,TREX,-- No Unilog Brand --,-- No DIB Brand --,U S Lumber (3073),,
PROD-0170,543141020,1nx6-20' Rainier Sq Edge - Trex Transcend Lineage Decking,TREX,U S Lumber,Decking & Railing > PVC & Composite Decking,approved,0.98,543141020,TREX,-- No Unilog Brand --,-- No DIB Brand --,U S Lumber (3073),,
PROD-0171,543140412,1nx6-12' Biscayne Grooved - Trex Transcend Lineage Decking,TREX,U S Lumber,Decking & Railing > PVC & Composite Decking,approved,0.98,543140412,TREX,-- No Unilog Brand --,-- No DIB Brand --,U S Lumber (3073),,
PROD-0172,543140416,1nx6-16' Biscayne Grooved - Trex Transcend Lineage Decking,TREX,U S Lumber,Decking & Railing > PVC & Composite Decking,approved,0.98,543140416,TREX,-- No Unilog Brand --,-- No DIB Brand --,U S Lumber (3073),,
PROD-0173,543140420,1nx6-20' Biscayne Grooved - Trex Transcend Lineage Decking,TREX,U S Lumber,Decking & Railing > PVC & Composite Decking,approved,0.98,543140420,TREX,-- No Unilog Brand --,-- No DIB Brand --,U S Lumber (3073),,
PROD-0174,543142412,1nx6-12' Carmel Grooved - Trex Transcend Lineage Decking,TREX,U S Lumber,Decking & Railing > PVC & Composite Decking,approved,0.98,543142412,TREX,-- No Unilog Brand --,-- No DIB Brand --,U S Lumber (3073),,
PROD-0175,543142416,1nx6-16' Carmel Grooved - Trex Transcend Lineage Decking,TREX,U S Lumber,Decking & Railing > PVC & Composite Decking,approved,0.98,543142416,TREX,-- No Unilog Brand --,-- No DIB Brand --,U S Lumber (3073),,
PROD-0176,543142420,1nx6-20' Carmel Grooved - Trex Transcend Lineage Decking,TREX,U S Lumber,Decking & Railing > PVC & Composite Decking,approved,0.98,543142420,TREX,-- No Unilog Brand --,-- No DIB Brand --,U S Lumber (3073),,
PROD-0177,543144412,1nx6-12' Island Mist Grooved - Trex Transcend Lineage Decking,TREX,U S Lumber,Decking & Railing > PVC & Composite Decking,approved,0.98,543144412,TREX,-- No Unilog Brand --,-- No DIB Brand --,U S Lumber (3073),,
PROD-0178,543144416,1nx6-16' Island Mist Grooved - Trex Transcend Lineage Decking,TREX,U S Lumber,Decking & Railing > PVC & Composite Decking,approved,0.98,543144416,TREX,-- No Unilog Brand --,-- No DIB Brand --,U S Lumber (3073),,
PROD-0179,543144420,1nx6-20' Island Mist Grooved - Trex Transcend Lineage Decking,TREX,U S Lumber,Decking & Railing > PVC & Composite Decking,approved,0.98,543144420,TREX,-- No Unilog Brand --,-- No DIB Brand --,U S Lumber (3073),,
PROD-0180,543143412,1nx6-12' Jasper Grooved - Trex Transcend Lineage Decking,TREX,U S Lumber,Decking & Railing > PVC & Composite Decking,approved,0.98,543143412,TREX,-- No Unilog Brand --,-- No DIB Brand --,U S Lumber (3073),,
PROD-0181,543143416,1nx6-16' Jasper Grooved - Trex Transcend Lineage Decking,TREX,U S Lumber,Decking & Railing > PVC & Composite Decking,approved,0.98,543143416,TREX,-- No Unilog Brand --,-- No DIB Brand --,U S Lumber (3073),,
PROD-0182,543143420,1nx6-20' Jasper Grooved - Trex Transcend Lineage Decking,TREX,U S Lumber,Decking & Railing > PVC & Composite Decking,approved,0.98,543143420,TREX,-- No Unilog Brand --,-- No DIB Brand --,U S Lumber (3073),,
PROD-0183,543141412,1nx6-12' Rainier Grooved - Trex Transcend Lineage Decking,TREX,U S Lumber,Decking & Railing > PVC & Composite Decking,approved,0.98,543141412,TREX,-- No Unilog Brand --,-- No DIB Brand --,U S Lumber (3073),,
PROD-0184,543141416,1nx6-16' Rainier Grooved - Trex Transcend Lineage Decking,TREX,U S Lumber,Decking & Railing > PVC & Composite Decking,approved,0.98,543141416,TREX,-- No Unilog Brand --,-- No DIB Brand --,U S Lumber (3073),,
PROD-0185,543141420,1nx6-20' Rainier Grooved - Trex Transcend Lineage Decking,TREX,U S Lumber,Decking & Railing > PVC & Composite Decking,approved,0.98,543141420,TREX,-- No Unilog Brand --,-- No DIB Brand --,U S Lumber (3073),,
PROD-0186,1513703,1nx6-16' Hatteras Sq Edge - Trex Transcend Lineage Decking,TREX,Boise Cascade Building Materials,Decking & Railing > PVC & Composite Decking,approved,0.98,1513703,TREX,-- No Unilog Brand --,-- No DIB Brand --,Boise Cascade Building Materials (BOICA),,
PROD-0187,1513704,1nx6-20' Hatteras Sq Edge - Trex Transcend Lineage Decking,TREX,Boise Cascade Building Materials,Decking & Railing > PVC & Composite Decking,approved,0.98,1513704,TREX,-- No Unilog Brand --,-- No DIB Brand --,Boise Cascade Building Materials (BOICA),,
PROD-0188,1513705,1nx6-12' Hatteras Grooved - Trex Transcend Lineage Decking,TREX,Boise Cascade Building Materials,Decking & Railing > PVC & Composite Decking,approved,0.98,1513705,TREX,-- No Unilog Brand --,-- No DIB Brand --,Boise Cascade Building Materials (BOICA),,
PROD-0189,1513706,1nx6-16' Hatteras Grooved - Trex Transcend Lineage Decking,TREX,Boise Cascade Building Materials,Decking & Railing > PVC & Composite Decking,approved,0.98,1513706,TREX,-- No Unilog Brand --,-- No DIB Brand --,Boise Cascade Building Materials (BOICA),,
PROD-0190,1513707,1nx6-20' Hatteras Grooved - Trex Transcend Lineage Decking,TREX,Boise Cascade Building Materials,Decking & Railing > PVC & Composite Decking,approved,0.98,1513707,TREX,-- No Unilog Brand --,-- No DIB Brand --,Boise Cascade Building Materials (BOICA),,
PROD-0191,1513708,1nx6-16' Salt Flat Sq Edge - Trex Transcend Lineage Decking,TREX,Boise Cascade Building Materials,Decking & Railing > PVC & Composite Decking,approved,0.98,1513708,TREX,-- No Unilog Brand --,-- No DIB Brand --,Boise Cascade Building Materials (BOICA),,
PROD-0192,1513709,1nx6-20' Salt Flat Sq Edge - Trex Transcend Lineage Decking,TREX,Boise Cascade Building Materials,Decking & Railing > PVC & Composite Decking,approved,0.98,1513709,TREX,-- No Unilog Brand --,-- No DIB Brand --,Boise Cascade Building Materials (BOICA),,
PROD-0193,1513710,1nx6-12' Salt Flat Grooved - Trex Transcend Lineage Decking,TREX,Boise Cascade Building Materials,Decking & Railing > PVC & Composite Decking,approved,0.98,1513710,TREX,-- No Unilog Brand --,-- No DIB Brand --,Boise Cascade Building Materials (BOICA),,
PROD-0194,1513711,1nx6-16' Salt Flat Grooved - Trex Transcend Lineage Decking,TREX,Boise Cascade Building Materials,Decking & Railing > PVC & Composite Decking,approved,0.98,1513711,TREX,-- No Unilog Brand --,-- No DIB Brand --,Boise Cascade Building Materials (BOICA),,
PROD-0195,1513712,1nx6-20' Salt Flat Grooved - Trex Transcend Lineage Decking,TREX,Boise Cascade Building Materials,Decking & Railing > PVC & Composite Decking,approved,0.98,1513712,TREX,-- No Unilog Brand --,-- No DIB Brand --,Boise Cascade Building Materials (BOICA),,
PROD-0196,1513717,1nx6-16' Honey Grove Sq Edge - Trex Enhance Naturals Decking,TREX,Boise Cascade Building Materials,Decking & Railing > PVC & Composite Decking,approved,0.98,1513717,TREX,-- No Unilog Brand --,-- No DIB Brand --,Boise Cascade Building Materials (BOICA),,
PROD-0197,1513718,1nx6-20' Honey Grove Sq Edge - Trex Enhance Naturals Decking,TREX,Boise Cascade Building Materials,Decking & Railing > PVC & Composite Decking,approved,0.98,1513718,TREX,-- No Unilog Brand --,-- No DIB Brand --,Boise Cascade Building Materials (BOICA),,
PROD-0198,1513719,1nx6-12' Honey Grove Grooved - Trex Enhance Naturals Decking,TREX,Boise Cascade Building Materials,Decking & Railing > PVC & Composite Decking,approved,0.98,1513719,TREX,-- No Unilog Brand --,-- No DIB Brand --,Boise Cascade Building Materials (BOICA),,
PROD-0199,1513720,1nx6-16' Honey Grove Grooved - Trex Enhance Naturals Decking,TREX,Boise Cascade Building Materials,Decking & Railing > PVC & Composite Decking,approved,0.98,1513720,TREX,-- No Unilog Brand --,-- No DIB Brand --,Boise Cascade Building Materials (BOICA),,
PROD-0200,1513721,1nx6-20' Honey Grove Grooved - Trex Enhance Naturals Decking,TREX,Boise Cascade Building Materials,Decking & Railing > PVC & Composite Decking,approved,0.98,1513721,TREX,-- No Unilog Brand --,-- No DIB Brand --,Boise Cascade Building Materials (BOICA),,
PROD-0201,1513724,1nx6-16' Tide Pool Sq Edge - Trex Enhance Basics Decking,TREX,Boise Cascade Building Materials,Decking & Railing > PVC & Composite Decking,approved,0.98,1513724,TREX,-- No Unilog Brand --,-- No DIB Brand --,Boise Cascade Building Materials (BOICA),,
PROD-0202,1513725,1nx6-20' Tide Pool Sq Edge - Trex Enhance Basics Decking,TREX,Boise Cascade Building Materials,Decking & Railing > PVC & Composite Decking,approved,0.98,1513725,TREX,-- No Unilog Brand --,-- No DIB Brand --,Boise Cascade Building Materials (BOICA),,
PROD-0203,1513726,1nx6-12' Tide Pool Grooved - Trex Enhance Basics Decking,TREX,Boise Cascade Building Materials,Decking & Railing > PVC & Composite Decking,approved,0.98,1513726,TREX,-- No Unilog Brand --,-- No DIB Brand --,Boise Cascade Building Materials (BOICA),,
PROD-0204,1513727,1nx6-16' Tide Pool Grooved - Trex Enhance Basics Decking,TREX,Boise Cascade Building Materials,Decking & Railing > PVC & Composite Decking,approved,0.98,1513727,TREX,-- No Unilog Brand --,-- No DIB Brand --,Boise Cascade Building Materials (BOICA),,
PROD-0205,1513728,1nx6-20' Tide Pool Grooved - Trex Enhance Basics Decking,TREX,Boise Cascade Building Materials,Decking & Railing > PVC & Composite Decking,approved,0.98,1513728,TREX,-- No Unilog Brand --,-- No DIB Brand --,Boise Cascade Building Materials (BOICA),,
PROD-0206,543076016,1nx6-16' Cinnamon Cove Sq Edge - Trex Enhance Naturals Decking,TREX,Boise Cascade Building Materials,Decking & Railing > PVC & Composite Decking,approved,0.98,543076016,TREX,-- No Unilog Brand --,-- No DIB Brand --,Boise Cascade Building Materials (BOICA),,
PROD-0207,543076020,1nx6-20' Cinnamon Cove Sq Edge - Trex Enhance Naturals Decking,TREX,Boise Cascade Building Materials,Decking & Railing > PVC & Composite Decking,approved,0.98,543076020,TREX,-- No Unilog Brand --,-- No DIB Brand --,Boise Cascade Building Materials (BOICA),,
PROD-0208,543076412,1nx6-12' Cinnamon Cove Grooved - Trex Enhance Naturals Decking,TREX,Boise Cascade Building Materials,Decking & Railing > PVC & Composite Decking,approved,0.98,543076412,TREX,-- No Unilog Brand --,-- No DIB Brand --,Boise Cascade Building Materials (BOICA),,
PROD-0209,543076416,1nx6-16' Cinnamon Cove Grooved - Trex Enhance Naturals Decking,TREX,Boise Cascade Building Materials,Decking & Railing > PVC & Composite Decking,approved,0.98,543076416,TREX,-- No Unilog Brand --,-- No DIB Brand --,Boise Cascade Building Materials (BOICA),,
PROD-0210,543076420,1nx6-20' Cinnamon Cove Grooved - Trex Enhance Naturals Decking,TREX,Boise Cascade Building Materials,Decking & Railing > PVC & Composite Decking,approved,0.98,543076420,TREX,-- No Unilog Brand --,-- No DIB Brand --,Boise Cascade Building Materials (BOICA),,
PROD-0211,1516870,1nx6-16' Golden Hour Sq Edge - Trex Enhance Naturals Decking,TREX,Boise Cascade Building Materials,Decking & Railing > PVC & Composite Decking,approved,0.98,1516870,TREX,-- No Unilog Brand --,-- No DIB Brand --,Boise Cascade Building Materials (BOICA),,
PROD-0212,1516871,1nx6-20' Golden Hour Sq Edge - Trex Enhance Naturals Decking,TREX,Boise Cascade Building Materials,Decking & Railing > PVC & Composite Decking,approved,0.98,1516871,TREX,-- No Unilog Brand --,-- No DIB Brand --,Boise Cascade Building Materials (BOICA),,
PROD-0213,1516872,1nx6-12' Golden Hour Grooved - Trex Enhance Naturals Decking,TREX,Boise Cascade Building Materials,Decking & Railing > PVC & Composite Decking,approved,0.98,1516872,TREX,-- No Unilog Brand --,-- No DIB Brand --,Boise Cascade Building Materials (BOICA),,
PROD-0214,1516873,1nx6-16' Golden Hour Grooved - Trex Enhance Naturals Decking,TREX,Boise Cascade Building Materials,Decking & Railing > PVC & Composite Decking,approved,0.98,1516873,TREX,-- No Unilog Brand --,-- No DIB Brand --,Boise Cascade Building Materials (BOICA),,
PROD-0215,1516874,1nx6-20' Golden Hour Grooved - Trex Enhance Naturals Decking,TREX,Boise Cascade Building Materials,Decking & Railing > PVC & Composite Decking,approved,0.98,1516874,TREX,-- No Unilog Brand --,-- No DIB Brand --,Boise Cascade Building Materials (BOICA),,
PROD-0216,1516879,1nx6-16' Pebble Beach Sq Edge - Trex Enhance Basics Decking,TREX,Boise Cascade Building Materials,Decking & Railing > PVC & Composite Decking,approved,0.98,1516879,TREX,-- No Unilog Brand --,-- No DIB Brand --,Boise Cascade Building Materials (BOICA),,
PROD-0217,1516880,1nx6-20' Pebble Beach Sq Edge - Trex Enhance Basics Decking,TREX,Boise Cascade Building Materials,Decking & Railing > PVC & Composite Decking,approved,0.98,1516880,TREX,-- No Unilog Brand --,-- No DIB Brand --,Boise Cascade Building Materials (BOICA),,
PROD-0218,1516881,1nx6-12' Pebble Beach Grooved - Trex Enhance Basics Decking,TREX,Boise Cascade Building Materials,Decking & Railing > PVC & Composite Decking,approved,0.98,1516881,TREX,-- No Unilog Brand --,-- No DIB Brand --,Boise Cascade Building Materials (BOICA),,
PROD-0219,1516882,1nx6-16' Pebble Beach Grooved - Trex Enhance Basics Decking,TREX,Boise Cascade Building Materials,Decking & Railing > PVC & Composite Decking,approved,0.98,1516882,TREX,-- No Unilog Brand --,-- No DIB Brand --,Boise Cascade Building Materials (BOICA),,
PROD-0220,1516883,1nx6-20' Pebble Beach Grooved - Trex Enhance Basics Decking,TREX,Boise Cascade Building Materials,Decking & Railing > PVC & Composite Decking,approved,0.98,1516883,TREX,-- No Unilog Brand --,-- No DIB Brand --,Boise Cascade Building Materials (BOICA),,
PROD-0221,543005016,7/8nx6-16' Malted Barley Sq Edge - Trex Select 2.0 Decking,TREX,Boise Cascade Building Materials,Decking & Railing > PVC & Composite Decking,approved,0.98,543005016,TREX,-- No Unilog Brand --,-- No DIB Brand --,Boise Cascade Building Materials (BOICA),,
PROD-0222,543005020,7/8nx6-20' Malted Barley Sq Edge - Trex Select 2.0 Decking,TREX,Boise Cascade Building Materials,Decking & Railing > PVC & Composite Decking,approved,0.98,543005020,TREX,-- No Unilog Brand --,-- No DIB Brand --,Boise Cascade Building Materials (BOICA),,
PROD-0223,543005412,7/8nx6-12' Malted Barley Grooved - Trex Select 2.0 Decking,TREX,Boise Cascade Building Materials,Decking & Railing > PVC & Composite Decking,approved,0.98,543005412,TREX,-- No Unilog Brand --,-- No DIB Brand --,Boise Cascade Building Materials (BOICA),,
PROD-0224,543005416,7/8nx6-16' Malted Barley Grooved - Trex Select 2.0 Decking,TREX,Boise Cascade Building Materials,Decking & Railing > PVC & Composite Decking,approved,0.98,543005416,TREX,-- No Unilog Brand --,-- No DIB Brand --,Boise Cascade Building Materials (BOICA),,
PROD-0225,543005420,7/8nx6-20' Malted Barley Grooved - Trex Select 2.0 Decking,TREX,Boise Cascade Building Materials,Decking & Railing > PVC & Composite Decking,approved,0.98,543005420,TREX,-- No Unilog Brand --,-- No DIB Brand --,Boise Cascade Building Materials (BOICA),,
PROD-0226,1516891,7/8nx6-16' Millstone Sq Edge - Trex Select 2.0 Decking,TREX,Boise Cascade Building Materials,Decking & Railing > PVC & Composite Decking,approved,0.98,1516891,TREX,-- No Unilog Brand --,-- No DIB Brand --,Boise Cascade Building Materials (BOICA),,
PROD-0227,1516892,7/8nx6-20' Millstone Sq Edge -Trex Select 2.0 Decking,TREX,Boise Cascade Building Materials,Decking & Railing > PVC & Composite Decking,approved,0.98,1516892,TREX,-- No Unilog Brand --,-- No DIB Brand --,Boise Cascade Building Materials (BOICA),,
PROD-0228,1516893,7/8nx6-12' Millstone Grooved - Trex Select 2.0 Decking,TREX,Boise Cascade Building Materials,Decking & Railing > PVC & Composite Decking,approved,0.98,1516893,TREX,-- No Unilog Brand --,-- No DIB Brand --,Boise Cascade Building Materials (BOICA),,
PROD-0229,1516894,7/8nx6-16' Millstone Grooved - Trex Select 2.0 Decking,TREX,Boise Cascade Building Materials,Decking & Railing > PVC & Composite Decking,approved,0.98,1516894,TREX,-- No Unilog Brand --,-- No DIB Brand --,Boise Cascade Building Materials (BOICA),,
PROD-0230,1516895,7/8nx6-20' Millstone Grooved - Trex Select 2.0 Decking,TREX,Boise Cascade Building Materials,Decking & Railing > PVC & Composite Decking,approved,0.98,1516895,TREX,-- No Unilog Brand --,-- No DIB Brand --,Boise Cascade Building Materials (BOICA),,
PROD-0231,543007016,7/8nx6-16' Whiskey Barrel Sq Edge - Trex Select 2.0 Decking,TREX,Boise Cascade Building Materials,Decking & Railing > PVC & Composite Decking,approved,0.98,543007016,TREX,-- No Unilog Brand --,-- No DIB Brand --,Boise Cascade Building Materials (BOICA),,
PROD-0232,543007020,7/8nx6-20' Whiskey Barrel Sq Edge - Trex Select 2.0 Decking,TREX,Boise Cascade Building Materials,Decking & Railing > PVC & Composite Decking,approved,0.98,543007020,TREX,-- No Unilog Brand --,-- No DIB Brand --,Boise Cascade Building Materials (BOICA),,
PROD-0233,543007412,7/8nx6-12' Whiskey Barrel Grooved - Trex Select 2.0 Decking,TREX,Boise Cascade Building Materials,Decking & Railing > PVC & Composite Decking,approved,0.98,543007412,TREX,-- No Unilog Brand --,-- No DIB Brand --,Boise Cascade Building Materials (BOICA),,
PROD-0234,543007416,7/8nx6-16' Whiskey Barrel Grooved - Trex Select 2.0 Decking,TREX,Boise Cascade Building Materials,Decking & Railing > PVC & Composite Decking,approved,0.98,543007416,TREX,-- No Unilog Brand --,-- No DIB Brand --,Boise Cascade Building Materials (BOICA),,
PROD-0235,543007420,7/8nx6-20' Whiskey Barrel Grooved - Trex Select 2.0 Decking,TREX,Boise Cascade Building Materials,Decking & Railing > PVC & Composite Decking,approved,0.98,543007420,TREX,-- No Unilog Brand --,-- No DIB Brand --,Boise Cascade Building Materials (BOICA),,
PROD-0236,ADR5117512CS,1x12-12' Coastline - Vintage Azek PVC Fascia,TIMBERTECH,Parksite,Decking & Railing > PVC & Composite Decking,approved,0.97,ADR5117512CS,TIMBERTECH,-- No Unilog Brand --,-- No DIB Brand --,Parksite (6151),1 in x 12 in x 12 ft,
PROD-0237,ADR5117512MH,1x12-12' Mahogany - Vintage Azek PVC Fascia,TIMBERTECH,Parksite,Decking & Railing > PVC & Composite Decking,approved,0.97,ADR5117512MH,TIMBERTECH,-- No Unilog Brand --,-- No DIB Brand --,Parksite (6151),1 in x 12 in x 12 ft,
PROD-0238,ADR5117512WT,1x12-12' Weathered Teak - Vintage Azek PVC Fascia,TIMBERTECH,Parksite,Decking & Railing > PVC & Composite Decking,approved,0.97,ADR5117512WT,TIMBERTECH,-- No Unilog Brand --,-- No DIB Brand --,Parksite (6151),1 in x 12 in x 12 ft,
PROD-0239,ADR5117512AW,1x12-12' American Walnut - Landmark Azek PVC Fascia,TIMBERTECH,Parksite,Decking & Railing > PVC & Composite Decking,approved,0.97,ADR5117512AW,TIMBERTECH,-- No Unilog Brand --,-- No DIB Brand --,Parksite (6151),1 in x 12 in x 12 ft,
PROD-0240,ADR5117512CG,1x12-12' Castle Gate - Landmark Azek PVC Fascia,TIMBERTECH,Parksite,Hardware & Industrial Supplies,needs_review,0.79,ADR5117512CG,TIMBERTECH,-- No Unilog Brand --,-- No DIB Brand --,Parksite (6151),1 in x 12 in x 12 ft,
PROD-0241,ADR5117512FW,1x12-12' French White Oak - Landmark Azek PVC Fascia,TIMBERTECH,Parksite,Hardware & Industrial Supplies,needs_review,0.79,ADR5117512FW,TIMBERTECH,-- No Unilog Brand --,-- No DIB Brand --,Parksite (6151),1 in x 12 in x 12 ft,
PROD-0242,1508395,1x8-12' Brownstone - Harvest Azek PVC Fascia,TIMBERTECH,Parksite,Hardware & Industrial Supplies,needs_review,0.79,1508395,TIMBERTECH,-- No Unilog Brand --,-- No DIB Brand --,Parksite (6151),1 in x 8 in x 12 ft,
PROD-0243,1508396,1x8-12' Slate Gray - Harvest Azek PVC Fascia,TIMBERTECH,Parksite,Hardware & Industrial Supplies,needs_review,0.79,1508396,TIMBERTECH,-- No Unilog Brand --,-- No DIB Brand --,Parksite (6151),1 in x 8 in x 12 ft,
PROD-0244,ADCR5117512BS,1x12-12' Brownstone - Harvest Azek PVC Fascia,TIMBERTECH,Parksite,Hardware & Industrial Supplies,needs_review,0.79,ADCR5117512BS,TIMBERTECH,-- No Unilog Brand --,-- No DIB Brand --,Parksite (6151),1 in x 12 in x 12 ft,
PROD-0245,ADCR5117512SG,1x12-12' Slate Gray - Harvest Azek PVC Fascia,TIMBERTECH,Parksite,Hardware & Industrial Supplies,needs_review,0.79,ADCR5117512SG,TIMBERTECH,-- No Unilog Brand --,-- No DIB Brand --,Parksite (6151),1 in x 12 in x 12 ft,
PROD-0246,543140908,1x8-12' Biscayne - Trex Lineage,TREX,U S Lumber,Decking & Railing > PVC & Composite Decking,approved,0.97,543140908,TREX,-- No Unilog Brand --,-- No DIB Brand --,U S Lumber (3073),1 in x 8 in x 12 ft,
PROD-0247,543142908,1x8-12' Carmel - Trex Lineage,TREX,U S Lumber,Decking & Railing > PVC & Composite Decking,approved,0.97,543142908,TREX,-- No Unilog Brand --,-- No DIB Brand --,U S Lumber (3073),1 in x 8 in x 12 ft,
PROD-0248,543143908,1x8-12' Jasper - Trex Lineage,TREX,U S Lumber,Decking & Railing > PVC & Composite Decking,approved,0.97,543143908,TREX,-- No Unilog Brand --,-- No DIB Brand --,U S Lumber (3073),1 in x 8 in x 12 ft,
PROD-0249,543140912,1x12-12' Biscayne - Trex Lineage,TREX,U S Lumber,Decking & Railing > PVC & Composite Decking,approved,0.97,543140912,TREX,-- No Unilog Brand --,-- No DIB Brand --,U S Lumber (3073),1 in x 12 in x 12 ft,
PROD-0250,543142912,1x12-12' Carmel - Trex Lineage,TREX,U S Lumber,Decking & Railing > PVC & Composite Decking,approved,0.97,543142912,TREX,-- No Unilog Brand --,-- No DIB Brand --,U S Lumber (3073),1 in x 12 in x 12 ft,
PROD-0251,543143912,1x12-12' Jasper - Trex Lineage,TREX,U S Lumber,Decking & Railing > PVC & Composite Decking,approved,0.97,543143912,TREX,-- No Unilog Brand --,-- No DIB Brand --,U S Lumber (3073),1 in x 12 in x 12 ft,
PROD-0252,1513715,1x12-12' Hatteras - Trex Lineage,TREX,Boise Cascade Building Materials,Decking & Railing > PVC & Composite Decking,approved,0.97,1513715,TREX,-- No Unilog Brand --,-- No DIB Brand --,Boise Cascade Building Materials (BOICA),1 in x 12 in x 12 ft,
PROD-0253,1513716,1x12-12' Salt Flat - Trex Lineage,TREX,Boise Cascade Building Materials,Decking & Railing > PVC & Composite Decking,approved,0.97,1513716,TREX,-- No Unilog Brand --,-- No DIB Brand --,Boise Cascade Building Materials (BOICA),1 in x 12 in x 12 ft,
PROD-0254,1513722,1x8-12' Honey Grove - Trex Enhance Naturals Fascia,TREX,Boise Cascade Building Materials,Decking & Railing > PVC & Composite Decking,approved,0.97,1513722,TREX,-- No Unilog Brand --,-- No DIB Brand --,Boise Cascade Building Materials (BOICA),1 in x 8 in x 12 ft,
PROD-0255,1513723,1x12-12' Honey Grove - Trex Enhance Naturals Fascia,TREX,Boise Cascade Building Materials,Decking & Railing > PVC & Composite Decking,approved,0.97,1513723,TREX,-- No Unilog Brand --,-- No DIB Brand --,Boise Cascade Building Materials (BOICA),1 in x 12 in x 12 ft,
PROD-0256,1513729,1x8-12' Tide Pool - Trex Enhance Basics Fascia,TREX,Boise Cascade Building Materials,Decking & Railing > PVC & Composite Decking,approved,0.97,1513729,TREX,-- No Unilog Brand --,-- No DIB Brand --,Boise Cascade Building Materials (BOICA),1 in x 8 in x 12 ft,
PROD-0257,1513730,1x12-12' Tide Pool - Trex Enhance Basics Fascia,TREX,Boise Cascade Building Materials,Decking & Railing > PVC & Composite Decking,approved,0.97,1513730,TREX,-- No Unilog Brand --,-- No DIB Brand --,Boise Cascade Building Materials (BOICA),1 in x 12 in x 12 ft,
PROD-0258,543076916,1x8-12' Cinnamon Cove - Trex Enhance Naturals Fascia,TREX,Boise Cascade Building Materials,Decking & Railing > PVC & Composite Decking,approved,0.97,543076916,TREX,-- No Unilog Brand --,-- No DIB Brand --,Boise Cascade Building Materials (BOICA),1 in x 8 in x 12 ft,
PROD-0259,1516876,1x8-12' Golden Hour - Trex Enhance Naturals Fascia,TREX,Boise Cascade Building Materials,Decking & Railing > PVC & Composite Decking,approved,0.97,1516876,TREX,-- No Unilog Brand --,-- No DIB Brand --,Boise Cascade Building Materials (BOICA),1 in x 8 in x 12 ft,
PROD-0260,543076936,1x12-12' Cinnamon Cove - Trex Enhance Naturals Fascia,TREX,Boise Cascade Building Materials,Decking & Railing > PVC & Composite Decking,approved,0.97,543076936,TREX,-- No Unilog Brand --,-- No DIB Brand --,Boise Cascade Building Materials (BOICA),1 in x 12 in x 12 ft,
PROD-0261,1516878,1x12-12' Golden Hour - Trex Enhance Naturals Fascia,TREX,Boise Cascade Building Materials,Decking & Railing > PVC & Composite Decking,approved,0.97,1516878,TREX,-- No Unilog Brand --,-- No DIB Brand --,Boise Cascade Building Materials (BOICA),1 in x 12 in x 12 ft,
PROD-0262,1516884,1x8-12' Pebble Beach - Trex Enhance Basics Fascia,TREX,Boise Cascade Building Materials,Decking & Railing > PVC & Composite Decking,approved,0.97,1516884,TREX,-- No Unilog Brand --,-- No DIB Brand --,Boise Cascade Building Materials (BOICA),1 in x 8 in x 12 ft,
PROD-0263,1516885,1x12-12' Pebble Beach - Trex Enhance Basics Fascia,TREX,Boise Cascade Building Materials,Decking & Railing > PVC & Composite Decking,approved,0.97,1516885,TREX,-- No Unilog Brand --,-- No DIB Brand --,Boise Cascade Building Materials (BOICA),1 in x 12 in x 12 ft,
PROD-0264,543005916,1x8-12' Malted Barley - Trex Select 2.0 Fascia,TREX,Boise Cascade Building Materials,Decking & Railing > PVC & Composite Decking,approved,0.97,543005916,TREX,-- No Unilog Brand --,-- No DIB Brand --,Boise Cascade Building Materials (BOICA),1 in x 8 in x 12 ft,
PROD-0265,1516902,1x8-12' Millstone - Trex Select 2.0 Fascia,TREX,Boise Cascade Building Materials,Decking & Railing > PVC & Composite Decking,approved,0.97,1516902,TREX,-- No Unilog Brand --,-- No DIB Brand --,Boise Cascade Building Materials (BOICA),1 in x 8 in x 12 ft,
PROD-0266,543007916,1x8-12' Whiskey Barrel - Trex Select 2.0 Fascia,TREX,Boise Cascade Building Materials,Decking & Railing > PVC & Composite Decking,approved,0.97,543007916,TREX,-- No Unilog Brand --,-- No DIB Brand --,Boise Cascade Building Materials (BOICA),1 in x 8 in x 12 ft,
PROD-0267,543005936,1x12-12' Malted Barley - Trex Select 2.0 Fascia,TREX,Boise Cascade Building Materials,Decking & Railing > PVC & Composite Decking,approved,0.97,543005936,TREX,-- No Unilog Brand --,-- No DIB Brand --,Boise Cascade Building Materials (BOICA),1 in x 12 in x 12 ft,
PROD-0268,1516905,1x12-12' Millstone - Trex Select 2.0 Fascia,TREX,Boise Cascade Building Materials,Decking & Railing > PVC & Composite Decking,approved,0.97,1516905,TREX,-- No Unilog Brand --,-- No DIB Brand --,Boise Cascade Building Materials (BOICA),1 in x 12 in x 12 ft,
PROD-0269,543007936,1x12-12' Whiskey Barrel - Trex Select 2.0 Fascia,TREX,Boise Cascade Building Materials,Decking & Railing > PVC & Composite Decking,approved,0.97,543007936,TREX,-- No Unilog Brand --,-- No DIB Brand --,Boise Cascade Building Materials (BOICA),1 in x 12 in x 12 ft,
PROD-0270,543144908,1x8-12' Island Mist - Trex Lineage,TREX,U S Lumber,Decking & Railing > PVC & Composite Decking,approved,0.97,543144908,TREX,-- No Unilog Brand --,-- No DIB Brand --,U S Lumber (3073),1 in x 8 in x 12 ft,
PROD-0271,543141908,1x8-12' Rainier - Trex Lineage,TREX,U S Lumber,Decking & Railing > PVC & Composite Decking,approved,0.97,543141908,TREX,-- No Unilog Brand --,-- No DIB Brand --,U S Lumber (3073),1 in x 8 in x 12 ft,
PROD-0272,543144912,1x12-12' Island Mist - Trex Lineage,TREX,U S Lumber,Decking & Railing > PVC & Composite Decking,approved,0.97,543144912,TREX,-- No Unilog Brand --,-- No DIB Brand --,U S Lumber (3073),1 in x 12 in x 12 ft,
PROD-0273,543141912,1x12-12' Rainier - Trex Lineage,TREX,U S Lumber,Decking & Railing > PVC & Composite Decking,approved,0.97,543141912,TREX,-- No Unilog Brand --,-- No DIB Brand --,U S Lumber (3073),1 in x 12 in x 12 ft,
PROD-0274,1513713,1x8-12' Hatteras - Trex Lineage,TREX,Boise Cascade Building Materials,Decking & Railing > PVC & Composite Decking,approved,0.97,1513713,TREX,-- No Unilog Brand --,-- No DIB Brand --,Boise Cascade Building Materials (BOICA),1 in x 8 in x 12 ft,
PROD-0275,1513714,1x8-12' Salt Flat - Trex Lineage,TREX,Boise Cascade Building Materials,Decking & Railing > PVC & Composite Decking,approved,0.97,1513714,TREX,-- No Unilog Brand --,-- No DIB Brand --,Boise Cascade Building Materials (BOICA),1 in x 8 in x 12 ft,
PROD-0276,73012503,4x4 Wh Heritage Post Trim RDI,GE,-,Hardware & Industrial Supplies,needs_review,0.72,73012503,-- Unbranded --,-- No Unilog Brand --,-- No DIB Brand --,-,,
PROD-0277,73018131,6x6 Wh Elite Post Trim 4pc RDI,-- Unbranded --,-,Hardware & Industrial Supplies,needs_review,0.67,73018131,-- Unbranded --,-- No Unilog Brand --,-- No DIB Brand --,-,,4
PROD-0278,73018091,4x4 Wh Elite Post Trim RDI,-- Unbranded --,-,"Building, Decking & Railing Materials",approved,0.85,73018091,-- Unbranded --,-- No Unilog Brand --,-- No DIB Brand --,-,,
PROD-0279,73018066,Clay 6x6 Elite Post Trim RDI - 4pc,-- Unbranded --,-,Hardware & Industrial Supplies,needs_review,0.67,73018066,-- Unbranded --,-- No Unilog Brand --,-- No DIB Brand --,-,,4
PROD-0280,73018076,4x4 Wh Flat Post Cap RDI,-- Unbranded --,-,Hardware & Industrial Supplies,needs_review,0.67,73018076,-- Unbranded --,-- No Unilog Brand --,-- No DIB Brand --,-,,
PROD-0281,61109087,Wh 4x4-39 Blank Post RDI,-- Unbranded --,-,Hardware & Industrial Supplies,needs_review,0.67,61109087,-- Unbranded --,-- No Unilog Brand --,-- No DIB Brand --,-,,
PROD-0282,73018731,Wh 6x6-108 Post Sleeve RDI,-- Unbranded --,-,Decking & Railing > Railing & Fence Kits,approved,0.85,73018731,-- Unbranded --,-- No Unilog Brand --,-- No DIB Brand --,-,,
PROD-0283,61109090,Wh 4x4-108 Post Sleeve RDI,-- Unbranded --,-,Decking & Railing > Railing & Fence Kits,approved,0.85,61109090,-- Unbranded --,-- No Unilog Brand --,-- No DIB Brand --,-,,
PROD-0284,73053603,Clay 4x4-108 Post Sleeve RDI,-- Unbranded --,-,Decking & Railing > Railing & Fence Kits,approved,0.85,73053603,-- Unbranded --,-- No Unilog Brand --,-- No DIB Brand --,-,,
PROD-0285,73053608,Clay 6x6-108 Post Sleeve RDI,-- Unbranded --,-,Decking & Railing > Railing & Fence Kits,approved,0.85,73053608,-- Unbranded --,-- No Unilog Brand --,-- No DIB Brand --,-,,
PROD-0286,543340896,"4x4-37"" Black Alum Post Sleeve Select Alum Railing - w/Cap & Skirt",TREX,Boise Cascade Building Materials,Decking & Railing > Railing & Fence Kits,approved,0.98,543340896,TREX,-- No Unilog Brand --,-- No DIB Brand --,Boise Cascade Building Materials (BOICA),37 in,
PROD-0287,543340898,"4x4-43"" Black Alum Post Sleeve Select Alum Railing w/Cap & Skirt",TREX,Boise Cascade Building Materials,Decking & Railing > Railing & Fence Kits,approved,0.98,543340898,TREX,-- No Unilog Brand --,-- No DIB Brand --,Boise Cascade Building Materials (BOICA),43 in,
PROD-0288,73272TBK,6x6-10' Black Alum Deco - Support Post,DSI Westbury,Palmer Donavin Mfg Company,Hardware & Industrial Supplies,needs_review,0.79,73272TBK,DSI Westbury,-- No Unilog Brand --,-- No DIB Brand --,Palmer Donavin Mfg Company (PALDO),6 in x 6 in x 10 ft,
PROD-0289,543302127,6' Wh Select T-Rail Kit Stair - w/Sq Composite Balusters,TREX,U S Lumber,Decking & Railing > Railing & Fence Kits,approved,0.98,543302127,TREX,-- No Unilog Brand --,-- No DIB Brand --,U S Lumber (3073),,
PROD-0290,543302147,8' Wh Select T-Rail Kit Stair - w/Sq Composite Balusters,TREX,U S Lumber,Decking & Railing > Railing & Fence Kits,approved,0.98,543302147,TREX,-- No Unilog Brand --,-- No DIB Brand --,U S Lumber (3073),,
PROD-0291,73019599,Finyline Wh 6' Str Rail Kit Sq,-- Unbranded --,-,Decking & Railing > Railing & Fence Kits,approved,0.85,73019599,-- Unbranded --,-- No Unilog Brand --,-- No DIB Brand --,-,,
PROD-0292,73019648,Finyline Wh 8' Str Rail Kit Sq,-- Unbranded --,-,Decking & Railing > Railing & Fence Kits,approved,0.85,73019648,-- Unbranded --,-- No Unilog Brand --,-- No DIB Brand --,-,,
PROD-0293,73019598,Finyline Wh 6' Str Rail Kit Rd - w/Black Alum Balusters,-- Unbranded --,-,Decking & Railing > Railing & Fence Kits,approved,0.85,73019598,-- Unbranded --,-- No Unilog Brand --,-- No DIB Brand --,-,,
PROD-0294,73019647,Finyline Wh 8' Str Rail Kit Rd - w/Black Alum Balusters,-- Unbranded --,-,Decking & Railing > Railing & Fence Kits,approved,0.85,73019647,-- Unbranded --,-- No Unilog Brand --,-- No DIB Brand --,-,,
PROD-0295,543300257,6' Black Select Classic Stair - Rail w/Rnd Black Alum Baluster,TREX,Boise Cascade Building Materials,"Building, Decking & Railing Materials",approved,0.97,543300257,TREX,-- No Unilog Brand --,-- No DIB Brand --,Boise Cascade Building Materials (BOICA),,
PROD-0296,543300277,8' Black Select Classic Stair - Rail w/Rnd Black Alum Baluster,TREX,Boise Cascade Building Materials,"Building, Decking & Railing Materials",approved,0.97,543300277,TREX,-- No Unilog Brand --,-- No DIB Brand --,Boise Cascade Building Materials (BOICA),,
PROD-0297,SPB-44BPL,"Patriot 4""x4""x37""/43"" Adjustable Self Leveling Support Post",-- Unbranded --,-,Hardware & Industrial Supplies,needs_review,0.67,SPB-44BPL,-- Unbranded --,-- No Unilog Brand --,-- No DIB Brand --,-,4 in,
PROD-0298,925219,"2""x50' Deck Joist Tape - Protecto Wrap",-- Unbranded --,Palmer Donavin Mfg Company,Electrical Boxes & Wiring > Electrical Wire & Cable,approved,0.92,925219,-- Unbranded --,-- No Unilog Brand --,-- No DIB Brand --,Palmer Donavin Mfg Company (PALDO),2 in,
PROD-0299,27233,24x48 WH Attic Access Door,AJM,A J Manufacturing Inc,Hardware & Industrial Supplies,needs_review,0.79,27233,AJM,-- No Unilog Brand --,-- No DIB Brand --,A J Manufacturing Inc (AJMAN),,
PROD-0300,1517602,6068R Gliding Patio Dr 4500 United Blk Ext/WH Int LowE Arg w/J,United Window & Door,United Window & Door Manufacturing,Lumber & Panels > Lumber & Building Supplies,approved,0.97,1517602,United Window & Door,-- No Unilog Brand --,-- No DIB Brand --,United Window & Door Manufacturing (UNIWI),,
PROD-0301,1517603,6068L Gliding Patio Dr 4500 United Blk Ext/WH Int LowE Arg w/J,United Window & Door,United Window & Door Manufacturing,Lumber & Panels > Lumber & Building Supplies,approved,0.97,1517603,United Window & Door,-- No Unilog Brand --,-- No DIB Brand --,United Window & Door Manufacturing (UNIWI),,
PROD-0302,1517604,6068L Gliding Patio Dr 4500 United White LowE Arg w/J,United Window & Door,United Window & Door Manufacturing,Lumber & Panels > Lumber & Building Supplies,approved,0.97,1517604,United Window & Door,-- No Unilog Brand --,-- No DIB Brand --,United Window & Door Manufacturing (UNIWI),,
PROD-0303,1517605,6068R Gliding Patio Dr 4500 United White LowE Arg w/J,United Window & Door,United Window & Door Manufacturing,Lumber & Panels > Lumber & Building Supplies,approved,0.97,1517605,United Window & Door,-- No Unilog Brand --,-- No DIB Brand --,United Window & Door Manufacturing (UNIWI),,
PROD-0304,FS C01 2004S,"FS C01 Velux Fxd Skylt Gry/Wh - w/Solar Shade RO 21""x26-7/8""",-- Unbranded --,Velux America Inc,Hardware & Industrial Supplies,needs_review,0.73,FS C01 2004S,-- Unbranded --,-- No Unilog Brand --,-- No DIB Brand --,Velux America Inc (VELAM),21 in,
PROD-0305,FS C04 2004S,"FS C04 Velux Fxd Skylt Gry/Wh - w/Solar Shade RO 21""x37-7/8""",-- Unbranded --,Velux America Inc,Hardware & Industrial Supplies,needs_review,0.73,FS C04 2004S,-- Unbranded --,-- No Unilog Brand --,-- No DIB Brand --,Velux America Inc (VELAM),21 in,
PROD-0306,FS C06 2004S,"FS C06 Velux Fxd Skylt Gry/Wh - w/Solar Shade RO 21""x45-7/8""",-- Unbranded --,Velux America Inc,Hardware & Industrial Supplies,needs_review,0.73,FS C06 2004S,-- Unbranded --,-- No Unilog Brand --,-- No DIB Brand --,Velux America Inc (VELAM),21 in,
PROD-0307,1501831,31.5x14.75 Bsmt ecoLitePlus WH - Hopper DLA w/Screen,PROVIA,ProVia,Hardware & Industrial Supplies,needs_review,0.79,1501831,PROVIA,-- No Unilog Brand --,-- No DIB Brand --,ProVia (PRODO),31.5 in x 14.75 in,
PROD-0308,1501832,31.5x22.75 Bsmt ecoLitePlus WH - Hopper DLA w/Screen,PROVIA,ProVia,Hardware & Industrial Supplies,needs_review,0.79,1501832,PROVIA,-- No Unilog Brand --,-- No DIB Brand --,ProVia (PRODO),31.5 in x 22.75 in,
PROD-0309,1515974,3030 Slider 3900 United Black WH Int LowE-2 w/Half Scrn w/J,United Window & Door,-,"Building, Decking & Railing Materials",approved,0.91,1515974,United Window & Door,-- No Unilog Brand --,-- No DIB Brand --,-,,
PROD-0310,640383,"1/2"" 54""x10 Drywall Easi-Lite",-- Unbranded --,Certainteed Gypsum,Hardware & Industrial Supplies,needs_review,0.73,640383,-- Unbranded --,-- No Unilog Brand --,-- No DIB Brand --,Certainteed Gypsum (2765),1/2 in,
PROD-0311,653258,"5/8"" 4x9 Drywall Firelite",-- Unbranded --,Certainteed Gypsum,Hardware & Industrial Supplies,needs_review,0.73,653258,-- Unbranded --,-- No Unilog Brand --,-- No DIB Brand --,Certainteed Gypsum (2765),5/8 in,
PROD-0312,413S-DBA-36,"413S 36"" Alum Threshold DBZ",HAGER,Hager Hinge Co,Hardware & Industrial Supplies,needs_review,0.79,413S-DBA-36,HAGER,-- No Unilog Brand --,-- No DIB Brand --,Hager Hinge Co (4189),36 in,
PROD-0313,413S-DBA-72,"413S 72"" Alum Threshold DBZ",HAGER,Hager Hinge Co,Hardware & Industrial Supplies,needs_review,0.79,413S-DBA-72,HAGER,-- No Unilog Brand --,-- No DIB Brand --,Hager Hinge Co (4189),72 in,
PROD-0314,1511506,4'x65' Zip Rainscreen,-- Unbranded --,Huber Eng Wood LLC,Lumber & Panels > Lumber & Building Supplies,approved,0.91,1511506,-- Unbranded --,-- No Unilog Brand --,-- No DIB Brand --,Huber Eng Wood LLC (3158),4 ft,
PROD-0315,1513577,1x8-12' Doug Fir STK Smooth 1S2E,COMMODITY - UNBRANDED,Westwood Lumber Sales,Lumber & Panels > Lumber & Building Supplies,approved,0.97,1513577,COMMODITY - UNBRANDED,-- No Unilog Brand --,-- No DIB Brand --,Westwood Lumber Sales (WESLU),1 in x 8 in x 12 ft,
PROD-0316,1513578,1x8-16' Doug Fir STK Smooth 1S2E,COMMODITY - UNBRANDED,Westwood Lumber Sales,Lumber & Panels > Lumber & Building Supplies,approved,0.97,1513578,COMMODITY - UNBRANDED,-- No Unilog Brand --,-- No DIB Brand --,Westwood Lumber Sales (WESLU),1 in x 8 in x 16 ft,
PROD-0317,1513579,1x12-12 'Doug Fir STK Smooth 1S2E,COMMODITY - UNBRANDED,Westwood Lumber Sales,Lumber & Panels > Lumber & Building Supplies,approved,0.97,1513579,COMMODITY - UNBRANDED,-- No Unilog Brand --,-- No DIB Brand --,Westwood Lumber Sales (WESLU),1 in x 12 in x 12 ft,
PROD-0318,1513580,1x12-16' Doug Fir STK Smooth 1S2E,COMMODITY - UNBRANDED,Westwood Lumber Sales,Lumber & Panels > Lumber & Building Supplies,approved,0.97,1513580,COMMODITY - UNBRANDED,-- No Unilog Brand --,-- No DIB Brand --,Westwood Lumber Sales (WESLU),1 in x 12 in x 16 ft,
PROD-0319,1501767,"3/4"" 4x8T&G Huber Blue PlusOSB - Sub Floor",-- Unbranded --,-,Hardware & Industrial Supplies,needs_review,0.67,1501767,-- Unbranded --,-- No Unilog Brand --,-- No DIB Brand --,-,3/4 in,
PROD-0320,PP-8BL,8' Premier Rib XL Black,-- Unbranded --,Premier Metals,Hardware & Industrial Supplies,needs_review,0.73,PP-8BL,-- Unbranded --,-- No Unilog Brand --,-- No DIB Brand --,Premier Metals (PREME),,
PROD-0321,PP-10BL,10' Premier Rib XL Black,-- Unbranded --,Premier Metals,Hardware & Industrial Supplies,needs_review,0.73,PP-10BL,-- Unbranded --,-- No Unilog Brand --,-- No DIB Brand --,Premier Metals (PREME),,
PROD-0322,PP-12BL,12' Premier Rib XL Black,-- Unbranded --,Premier Metals,Hardware & Industrial Supplies,needs_review,0.73,PP-12BL,-- Unbranded --,-- No Unilog Brand --,-- No DIB Brand --,Premier Metals (PREME),,
PROD-0323,PP-8CH,8' Premier Rib XL Charcoal,-- Unbranded --,Premier Metals,Hardware & Industrial Supplies,needs_review,0.73,PP-8CH,-- Unbranded --,-- No Unilog Brand --,-- No DIB Brand --,Premier Metals (PREME),,
PROD-0324,PP-10CH,10' Premier Rib XL Charcoal,-- Unbranded --,Premier Metals,Hardware & Industrial Supplies,needs_review,0.73,PP-10CH,-- Unbranded --,-- No Unilog Brand --,-- No DIB Brand --,Premier Metals (PREME),,
PROD-0325,PP-12CH,12' Premier Rib XL Charcoal,-- Unbranded --,Premier Metals,Hardware & Industrial Supplies,needs_review,0.73,PP-12CH,-- Unbranded --,-- No Unilog Brand --,-- No DIB Brand --,Premier Metals (PREME),,
PROD-0326,PP-8WH,8' Premier Rib XL White,-- Unbranded --,Premier Metals,Hardware & Industrial Supplies,needs_review,0.73,PP-8WH,-- Unbranded --,-- No Unilog Brand --,-- No DIB Brand --,Premier Metals (PREME),,
PROD-0327,PP-10WH,10' Premier Rib XL White,-- Unbranded --,Premier Metals,Hardware & Industrial Supplies,needs_review,0.73,PP-10WH,-- Unbranded --,-- No Unilog Brand --,-- No DIB Brand --,Premier Metals (PREME),,
PROD-0328,1504345,OC Duration TruDef Wburg Gray (BDL),-- Unbranded --,Palmer Donavin Mfg Company,Hardware & Industrial Supplies,needs_review,0.73,1504345,-- Unbranded --,-- No Unilog Brand --,-- No DIB Brand --,Palmer Donavin Mfg Company (PALDO),,
PROD-0329,2733,3'x65' Henry Eaveguard - Ice Guard,-- Unbranded --,Palmer Donavin Mfg Company,Hardware & Industrial Supplies,needs_review,0.73,2733,-- Unbranded --,-- No Unilog Brand --,-- No DIB Brand --,Palmer Donavin Mfg Company (PALDO),3 ft,
PROD-0330,7547,Ice Guard OC Weathr Lk Mat 2sq,-- Unbranded --,-,Workwear & Safety Gear > Heated Workwear & Gear,approved,0.85,7547,-- Unbranded --,-- No Unilog Brand --,-- No DIB Brand --,-,,
PROD-0331,8912220,"7-1/4""x12' Hardie Sdg Smooth - Primed HardiePlank",JAMESHARDIE,Boise Cascade Building Materials,"Building, Decking & Railing Materials",approved,0.97,8912220,JAMESHARDIE,-- No Unilog Brand --,-- No DIB Brand --,Boise Cascade Building Materials (BOICA),7-1/4 in x 12 in,
PROD-0332,8904015,4'x10' HardiePanel Smooth - Primed,JAMESHARDIE,Boise Cascade Building Materials,"Building, Decking & Railing Materials",approved,0.97,8904015,JAMESHARDIE,-- No Unilog Brand --,-- No DIB Brand --,Boise Cascade Building Materials (BOICA),4 ft,
PROD-0333,25796,"6""x16' Smart Lap Sdg Cedar",LP SMARTSIDE,U S Lumber,"Building, Decking & Railing Materials > Lumber & Structural Panels",approved,0.97,25796,LP SMARTSIDE,-- No Unilog Brand --,-- No DIB Brand --,U S Lumber (3073),6 in,
PROD-0334,40503,"3/8"" 16""x16' Smart Pan Cedar - No-Groove Sq Edge B&B",LP SMARTSIDE,U S Lumber,Decking & Railing > PVC & Composite Decking,approved,0.97,40503,LP SMARTSIDE,-- No Unilog Brand --,-- No DIB Brand --,U S Lumber (3073),3/8 in,
PROD-0335,25825,"3/8"" 4x10 Smart Pan Cedar - No-Groove w/Shiplap Edges",LP SMARTSIDE,U S Lumber,Lumber & Panels > Lumber & Building Supplies,approved,0.97,25825,LP SMARTSIDE,-- No Unilog Brand --,-- No DIB Brand --,U S Lumber (3073),3/8 in,
PROD-0336,25822,"3/8"" 12""x16' Smart Vented Soff - Cedar Soffit",LP SMARTSIDE,U S Lumber,"Building, Decking & Railing Materials > Lumber & Structural Panels",approved,0.97,25822,LP SMARTSIDE,-- No Unilog Brand --,-- No DIB Brand --,U S Lumber (3073),3/8 in,
PROD-0337,543650101,Black Alum ADA Wall Mount Trex,TREX,Boise Cascade Building Materials,"Building, Decking & Railing Materials",approved,0.97,543650101,TREX,-- No Unilog Brand --,-- No DIB Brand --,Boise Cascade Building Materials (BOICA),,
PROD-0338,543650010,Black Alum ADA Int End Cap - Trex,TREX,Boise Cascade Building Materials,"Building, Decking & Railing Materials",approved,0.97,543650010,TREX,-- No Unilog Brand --,-- No DIB Brand --,Boise Cascade Building Materials (BOICA),,
PROD-0339,543650048,8' Black Alum ADA Rail Trex,TREX,Boise Cascade Building Materials,"Building, Decking & Railing Materials",approved,0.97,543650048,TREX,-- No Unilog Brand --,-- No DIB Brand --,Boise Cascade Building Materials (BOICA),,
PROD-0340,1506969,"1-1/2"" 4x8 Huber Zip R6.6 - Insulated R-Sheathing",-- Unbranded --,-,Hardware & Industrial Supplies,needs_review,0.67,1506969,-- Unbranded --,-- No Unilog Brand --,-- No DIB Brand --,-,1-1/2 in,
PROD-0341,1514681,"1"" 4x8 Huber Zip R3.6 - Insulated R-Sheathing",-- Unbranded --,-,Hardware & Industrial Supplies,needs_review,0.67,1514681,-- Unbranded --,-- No Unilog Brand --,-- No DIB Brand --,-,1 in,
PROD-0342,1514726,"2"" 4x8 Huber Zip R9.6 - Insulated R-Sheathing",-- Unbranded --,-,Hardware & Industrial Supplies,needs_review,0.67,1514726,-- Unbranded --,-- No Unilog Brand --,-- No DIB Brand --,-,2 in,
PROD-0343,1728ABL,2x2 Black Fine Fissured 1728BL,-- Unbranded --,Palmer Donavin Mfg Company,Hardware & Industrial Supplies,needs_review,0.73,1728ABL,-- Unbranded --,-- No Unilog Brand --,-- No DIB Brand --,Palmer Donavin Mfg Company (PALDO),,
PROD-0344,402-R,402R 12V12AH 8D Battery,-- Unbranded --,MillerTech Energy Solutions,Tool Accessories & Attachments > Batteries & Chargers,approved,0.92,402-R,-- Unbranded --,-- No Unilog Brand --,-- No DIB Brand --,MillerTech Energy Solutions (MILTE),,
PROD-0345,SL1672,SL1672 Jumpstart & Pwr Supply,-- Unbranded --,-,Hardware & Industrial Supplies,needs_review,0.67,SL1672,-- Unbranded --,-- No Unilog Brand --,Schumacher,-,,
PROD-0346,BM-DW20-YLW-6,BM-DW20-YLW-6 Dewalt - Battery Mounts 6pk,DEWALT,Metalmark Industrial Inc,Tool Accessories & Attachments > Batteries & Chargers,approved,0.97,BM-DW20-YLW-6,-- Unbranded --,-- No Unilog Brand --,StealthMounts,Metalmark Industrial Inc (METIN),,6
PROD-0347,BHA1-UPC,16-24 Adjust Hanger,GE,Southwire/g Turner,Hardware & Industrial Supplies,needs_review,0.78,BHA1-UPC,-- Unbranded --,-- No Unilog Brand --,Southwire,Southwire/g Turner (6603),,
PROD-0348,G1941-UPC,"G1941UPC 4"" Sq Cover Sw/Outlet",-- Unbranded --,Southwire/g Turner,Lighting & Electrical Supplies > Electrical Boxes & Wiring,approved,0.91,G1941-UPC,-- Unbranded --,-- No Unilog Brand --,Southwire,Southwire/g Turner (6603),4 in,
PROD-0349,G1950-UPC,4x4 2G GFI Box Cover,-- Unbranded --,Southwire/g Turner,Electrical Boxes & Wiring > Electrical Boxes & Covers,approved,0.92,G1950-UPC,-- Unbranded --,-- No Unilog Brand --,Southwire,Southwire/g Turner (6603),,
PROD-0350,A410RCAR,4x4 1G PVC Box Cover,-- Unbranded --,Thomas & Betts,Electrical Boxes & Wiring > Electrical Boxes & Covers,approved,0.91,A410RCAR,-- Unbranded --,-- No Unilog Brand --,Carlon,Thomas & Betts (7405),,
PROD-0351,G1951-UPC,4x4 2G GFCI Duplex Box Cover,-- Unbranded --,Southwire/g Turner,Electrical Boxes & Wiring > Electrical Boxes & Covers,approved,0.91,G1951-UPC,-- Unbranded --,-- No Unilog Brand --,Southwire,Southwire/g Turner (6603),,
PROD-0352,52C3-5/8-UPC,4x4 1G Box Cover,-- Unbranded --,Southwire/g Turner,Electrical Boxes & Wiring > Electrical Boxes & Covers,approved,0.91,52C3-5/8-UPC,-- Unbranded --,-- No Unilog Brand --,Southwire,Southwire/g Turner (6603),,
PROD-0353,52C14-5/8-UPC,4x4 1G Box Cover,-- Unbranded --,Southwire/g Turner,Electrical Boxes & Wiring > Electrical Boxes & Covers,approved,0.91,52C14-5/8-UPC,-- Unbranded --,-- No Unilog Brand --,Southwire,Southwire/g Turner (6603),,
PROD-0354,52C3-UPC,4x4 1G Box Cover,-- Unbranded --,Southwire/g Turner,Electrical Boxes & Wiring > Electrical Boxes & Covers,approved,0.91,52C3-UPC,-- Unbranded --,-- No Unilog Brand --,Southwire,Southwire/g Turner (6603),,
PROD-0355,54151-F-UPC,4x4x1-1/2 Oct Box w/Bracket,-- Unbranded --,Southwire/g Turner,Electrical Boxes & Wiring > Electrical Boxes & Covers,approved,0.91,54151-F-UPC,-- Unbranded --,-- No Unilog Brand --,Southwire,Southwire/g Turner (6603),,
PROD-0356,54151-HUR-UPC,4x4x1-1/2 Oct Box w/Hanger,GE,Southwire/g Turner,Electrical Boxes & Wiring > Electrical Boxes & Covers,approved,0.96,54151-HUR-UPC,-- Unbranded --,-- No Unilog Brand --,Southwire,Southwire/g Turner (6603),,
PROD-0357,54151-JR-UPC,4x4x1-1/2 Oct Box w/Brakcet,-- Unbranded --,Southwire/g Turner,Electrical Boxes & Wiring > Electrical Boxes & Covers,approved,0.91,54151-JR-UPC,-- Unbranded --,-- No Unilog Brand --,Southwire,Southwire/g Turner (6603),,
PROD-0358,54171-R-UPC,4x4x2 Oct Box,-- Unbranded --,Southwire/g Turner,Electrical Boxes & Wiring > Electrical Boxes & Covers,approved,0.91,54171-R-UPC,-- Unbranded --,-- No Unilog Brand --,Southwire,Southwire/g Turner (6603),,
PROD-0359,52151-S-UPC,4x4x1-1/2 Square Box,-- Unbranded --,Southwire/g Turner,Lighting & Electrical Supplies > Electrical Boxes & Wiring,approved,0.91,52151-S-UPC,-- Unbranded --,-- No Unilog Brand --,Southwire,Southwire/g Turner (6603),,
PROD-0360,72171-3/4-1W-UPC,4-1/2x4-1/2x2 2G Box,-- Unbranded --,Southwire/g Turner,Electrical Boxes & Wiring > Electrical Boxes & Covers,approved,0.91,72171-3/4-1W-UPC,-- Unbranded --,-- No Unilog Brand --,Southwire,Southwire/g Turner (6603),4-1/2 in x 4-1/2 in,
PROD-0361,5522-5EV,5522-5EV 2 Port Decor Plate,-- Unbranded --,Cooper Wiring Devices,Lighting & Electrical Supplies > Electrical Boxes & Wiring,approved,0.91,5522-5EV,-- Unbranded --,-- No Unilog Brand --,-- No DIB Brand --,Cooper Wiring Devices (3560),,
PROD-0362,AYCL-153PH-LA,AYCL-153PH-LA Lutron Dimmer LA,-- Unbranded --,Fenton Bros Electric Inc,Hardware & Industrial Supplies,needs_review,0.73,AYCL-153PH-LA,-- Unbranded --,-- No Unilog Brand --,-- No DIB Brand --,Fenton Bros Electric Inc (FENBR),,
PROD-0363,AYCL-153PH-WH,AYCL-153PH-WH Lutron Dimmer Wh,-- Unbranded --,Fenton Bros Electric Inc,Hardware & Industrial Supplies,needs_review,0.73,AYCL-153PH-WH,-- Unbranded --,-- No Unilog Brand --,-- No DIB Brand --,Fenton Bros Electric Inc (FENBR),,
PROD-0364,D23LP-R02-1RW,D23LPR021RW Plug In Dimmer Wh,-- Unbranded --,Leviton Mfg Co,Hardware & Industrial Supplies,needs_review,0.73,D23LP-R02-1RW,-- Unbranded --,-- No Unilog Brand --,Leviton,Leviton Mfg Co (4927),,
PROD-0365,TNOCD002,TNOCD002 125V Outdooor Timer,-- Unbranded --,Prime Wire & Cable,Electrical Boxes & Wiring > Electrical Wire & Cable,approved,0.91,TNOCD002,-- Unbranded --,-- No Unilog Brand --,Prime,Prime Wire & Cable (3562),,
PROD-0366,TNDHD002,TNDHD002 125V 7Day Timer,-- Unbranded --,Prime Wire & Cable,Electrical Boxes & Wiring > Electrical Wire & Cable,approved,0.91,TNDHD002,-- Unbranded --,-- No Unilog Brand --,Prime,Prime Wire & Cable (3562),,
PROD-0367,TNIDP12,TNIDP12 125V Dig Indoor Timer,-- Unbranded --,Prime Wire & Cable,Electrical Boxes & Wiring > Electrical Wire & Cable,approved,0.91,TNIDP12,-- Unbranded --,-- No Unilog Brand --,Prime,Prime Wire & Cable (3562),,
PROD-0368,TNIW24,TNIW24 125V 24hr Mech Timer,-- Unbranded --,Prime Wire & Cable,Electrical Boxes & Wiring > Electrical Wire & Cable,approved,0.91,TNIW24,-- Unbranded --,-- No Unilog Brand --,Prime,Prime Wire & Cable (3562),,
PROD-0369,65-1222,65-1222 1' Led Lt Multi CCT,-- Unbranded --,Satco Prod Inc,Lighting & Electrical Supplies > Light Bulbs,approved,0.91,65-1222,-- Unbranded --,-- No Unilog Brand --,-- No DIB Brand --,Satco Prod Inc (5573),,
PROD-0370,65-1224,65-1224 4' Led Strip Light,-- Unbranded --,Satco Prod Inc,Lighting & Electrical Supplies,approved,0.91,65-1224,-- Unbranded --,-- No Unilog Brand --,Satco,Satco Prod Inc (5573),,
PROD-0371,45297BK,45297BK Kichler Wall Lt,-- Unbranded --,Kichler Lighting,Light Fixtures > Wall Sconces & Bath Lights,approved,0.91,45297BK,-- Unbranded --,-- No Unilog Brand --,-- No DIB Brand --,Kichler Lighting (KICLI),,
PROD-0372,45573BK,45573BK Kichler Wall Light,-- Unbranded --,Kichler Lighting,Light Fixtures > Wall Sconces & Bath Lights,approved,0.92,45573BK,-- Unbranded --,-- No Unilog Brand --,-- No DIB Brand --,Kichler Lighting (KICLI),,
PROD-0373,37418A,37418A Kichler Bath Light,-- Unbranded --,Kichler Lighting,Light Fixtures > Wall Sconces & Bath Lights,approved,0.91,37418A,-- Unbranded --,-- No Unilog Brand --,-- No DIB Brand --,Kichler Lighting (KICLI),,
PROD-0374,37423A,37423A Kichler Bath Light,-- Unbranded --,Kichler Lighting,Light Fixtures > Wall Sconces & Bath Lights,approved,0.91,37423A,-- Unbranded --,-- No Unilog Brand --,-- No DIB Brand --,Kichler Lighting (KICLI),,
PROD-0375,45496BKCLR,45496BKCLR Kichler Bath Light,-- Unbranded --,Kichler Lighting,Light Fixtures > Wall Sconces & Bath Lights,approved,0.91,45496BKCLR,-- Unbranded --,-- No Unilog Brand --,-- No DIB Brand --,Kichler Lighting (KICLI),,
PROD-0376,45973BK,45973BK Kichler Wall Light,-- Unbranded --,Kichler Lighting,Light Fixtures > Wall Sconces & Bath Lights,approved,0.92,45973BK,-- Unbranded --,-- No Unilog Brand --,-- No DIB Brand --,Kichler Lighting (KICLI),,
PROD-0377,55155BK,55155BK Kichler Wall Lt,-- Unbranded --,Kichler Lighting,Light Fixtures > Wall Sconces & Bath Lights,approved,0.91,55155BK,-- Unbranded --,-- No Unilog Brand --,-- No DIB Brand --,Kichler Lighting (KICLI),,
PROD-0378,55157CPZ,55157CPZ Kichler Wall Light,-- Unbranded --,Kichler Lighting,Light Fixtures > Wall Sconces & Bath Lights,approved,0.92,55157CPZ,-- Unbranded --,-- No Unilog Brand --,-- No DIB Brand --,Kichler Lighting (KICLI),,
PROD-0379,55184BK,55184BK Kichler Wall Lt,-- Unbranded --,Kichler Lighting,Light Fixtures > Wall Sconces & Bath Lights,approved,0.91,55184BK,-- Unbranded --,-- No Unilog Brand --,-- No DIB Brand --,Kichler Lighting (KICLI),,
PROD-0380,55185BK,55185BK Kichler Wall Lt,-- Unbranded --,Kichler Lighting,Light Fixtures > Wall Sconces & Bath Lights,approved,0.91,55185BK,-- Unbranded --,-- No Unilog Brand --,-- No DIB Brand --,Kichler Lighting (KICLI),,
PROD-0381,55186CH,55186CH Kichler Wall Lt,-- Unbranded --,Kichler Lighting,Light Fixtures > Wall Sconces & Bath Lights,approved,0.91,55186CH,-- Unbranded --,-- No Unilog Brand --,-- No DIB Brand --,Kichler Lighting (KICLI),,
PROD-0382,55210NI,55210NI Kichler Wall Light,-- Unbranded --,Kichler Lighting,Light Fixtures > Wall Sconces & Bath Lights,approved,0.92,55210NI,-- Unbranded --,-- No Unilog Brand --,-- No DIB Brand --,Kichler Lighting (KICLI),,
PROD-0383,55211BK,55211BK Kichler Wall Light,-- Unbranded --,Kichler Lighting,Light Fixtures > Wall Sconces & Bath Lights,approved,0.92,55211BK,-- Unbranded --,-- No Unilog Brand --,-- No DIB Brand --,Kichler Lighting (KICLI),,
PROD-0384,55211NI,55211NI Kichler Wall Light,-- Unbranded --,Kichler Lighting,Light Fixtures > Wall Sconces & Bath Lights,approved,0.92,55211NI,-- Unbranded --,-- No Unilog Brand --,-- No DIB Brand --,Kichler Lighting (KICLI),,
PROD-0385,55212NI,55212NI Kichler Wall Light,-- Unbranded --,Kichler Lighting,Light Fixtures > Wall Sconces & Bath Lights,approved,0.92,55212NI,-- Unbranded --,-- No Unilog Brand --,-- No DIB Brand --,Kichler Lighting (KICLI),,
PROD-0386,55226BKLFU,55226BKFLU Kichler Wall Lt,-- Unbranded --,Kichler Lighting,Light Fixtures > Wall Sconces & Bath Lights,approved,0.91,55226BKLFU,-- Unbranded --,-- No Unilog Brand --,-- No DIB Brand --,Kichler Lighting (KICLI),,
PROD-0387,55239CPZLED,55239CPZLED Kichler Wall Lt,-- Unbranded --,Kichler Lighting,Light Fixtures > Wall Sconces & Bath Lights,approved,0.91,55239CPZLED,-- Unbranded --,-- No Unilog Brand --,-- No DIB Brand --,Kichler Lighting (KICLI),,
PROD-0388,44072DBK,44072DBK Kichler Chandelier Lt,-- Unbranded --,Kichler Lighting,Lighting & Electrical Supplies,approved,0.91,44072DBK,-- Unbranded --,-- No Unilog Brand --,-- No DIB Brand --,Kichler Lighting (KICLI),,
PROD-0389,44073NI,44073NI Kichler Chandelier Lt,-- Unbranded --,Kichler Lighting,Lighting & Electrical Supplies,approved,0.91,44073NI,-- Unbranded --,-- No Unilog Brand --,-- No DIB Brand --,Kichler Lighting (KICLI),,
PROD-0390,52033BK,52033BK Kichler Chandelier Lt,-- Unbranded --,Kichler Lighting,Lighting & Electrical Supplies,approved,0.91,52033BK,-- Unbranded --,-- No Unilog Brand --,-- No DIB Brand --,Kichler Lighting (KICLI),,
PROD-0391,84322WH,84322WH Kichler Chandelier Lt,-- Unbranded --,Kichler Lighting,Lighting & Electrical Supplies,approved,0.91,84322WH,-- Unbranded --,-- No Unilog Brand --,-- No DIB Brand --,Kichler Lighting (KICLI),,
PROD-0392,52404BK,52404BK Kichler Chandelier Lt,-- Unbranded --,Kichler Lighting,Lighting & Electrical Supplies,approved,0.91,52404BK,-- Unbranded --,-- No Unilog Brand --,-- No DIB Brand --,Kichler Lighting (KICLI),,
PROD-0393,34686A,34686A Kichler Chandelier Lt,-- Unbranded --,Kichler Lighting,Lighting & Electrical Supplies,approved,0.91,34686A,-- Unbranded --,-- No Unilog Brand --,-- No DIB Brand --,Kichler Lighting (KICLI),,
PROD-0394,34687A,34687A Kichler Chandelier Lt,-- Unbranded --,Kichler Lighting,Lighting & Electrical Supplies,approved,0.91,34687A,-- Unbranded --,-- No Unilog Brand --,-- No DIB Brand --,Kichler Lighting (KICLI),,
PROD-0395,34688A,34688A Kichler Chandelier Lt,-- Unbranded --,-,Light Fixtures > Chandeliers & Pendant Lights,approved,0.85,34688A,-- Unbranded --,-- No Unilog Brand --,-- No DIB Brand --,-,,
PROD-0396,43671BKCLR,43671BKCLR Kichler Chand Lt,-- Unbranded --,Kichler Lighting,Lighting & Electrical Supplies,approved,0.91,43671BKCLR,-- Unbranded --,-- No Unilog Brand --,-- No DIB Brand --,Kichler Lighting (KICLI),,
PROD-0397,52616BK,52616BK Kichler Chandelier Lt,-- Unbranded --,Kichler Lighting,Lighting & Electrical Supplies,approved,0.91,52616BK,-- Unbranded --,-- No Unilog Brand --,-- No DIB Brand --,Kichler Lighting (KICLI),,
PROD-0398,52616NI,52616NI Kichler Chandelier Lt,-- Unbranded --,Kichler Lighting,Lighting & Electrical Supplies,approved,0.91,52616NI,-- Unbranded --,-- No Unilog Brand --,-- No DIB Brand --,Kichler Lighting (KICLI),,
PROD-0399,52678BK,52678BK Kichler Chandelier Lt,-- Unbranded --,Kichler Lighting,Lighting & Electrical Supplies,approved,0.91,52678BK,-- Unbranded --,-- No Unilog Brand --,-- No DIB Brand --,Kichler Lighting (KICLI),,
PROD-0400,52680CPZ,52680CPZ Kichler Chandelier Lt,-- Unbranded --,Kichler Lighting,Lighting & Electrical Supplies,approved,0.91,52680CPZ,-- Unbranded --,-- No Unilog Brand --,-- No DIB Brand --,Kichler Lighting (KICLI),,
PROD-0401,52772BK,52772BK Kichler Chandelier Lt,-- Unbranded --,Kichler Lighting,Lighting & Electrical Supplies,approved,0.91,52772BK,-- Unbranded --,-- No Unilog Brand --,-- No DIB Brand --,Kichler Lighting (KICLI),,
PROD-0402,82399,82399 Kichler Chandelier Lt,-- Unbranded --,Kichler Lighting,Lighting & Electrical Supplies,approved,0.91,82399,-- Unbranded --,-- No Unilog Brand --,-- No DIB Brand --,Kichler Lighting (KICLI),,
PROD-0403,65-771R3,65-771R3 Nuvo Highbay Light,-- Unbranded --,Satco Prod Inc,Lighting & Electrical Supplies > Light Bulbs,approved,0.91,65-771R3,-- Unbranded --,-- No Unilog Brand --,-- No DIB Brand --,Satco Prod Inc (5573),,
PROD-0404,42955BK,42955BK Kichler Ceiling Lt,-- Unbranded --,Kichler Lighting,Light Fixtures > Chandeliers & Pendant Lights,approved,0.91,42955BK,-- Unbranded --,-- No Unilog Brand --,-- No DIB Brand --,Kichler Lighting (KICLI),,
PROD-0405,42275BK,42275BK Kichler Ceiling Lt,-- Unbranded --,Kichler Lighting,Light Fixtures > Chandeliers & Pendant Lights,approved,0.91,42275BK,-- Unbranded --,-- No Unilog Brand --,-- No DIB Brand --,Kichler Lighting (KICLI),,
PROD-0406,62-1850,"62-1850 11"" Led Ceiling Light",-- Unbranded --,Satco Prod Inc,Light Fixtures > Chandeliers & Pendant Lights,approved,0.92,62-1850,-- Unbranded --,-- No Unilog Brand --,-- No DIB Brand --,Satco Prod Inc (5573),11 in,
PROD-0407,62-1852,"62-1852 14"" Satco Led Ceiling Lt",Satco,Satco Prod Inc,Light Fixtures > Chandeliers & Pendant Lights,approved,0.96,62-1852,-- Unbranded --,-- No Unilog Brand --,-- No DIB Brand --,Satco Prod Inc (5573),14 in,
PROD-0408,62-1875,"62-1875 10"" Led Ceiling Lt Bn",-- Unbranded --,Satco Prod Inc,Light Fixtures > Chandeliers & Pendant Lights,approved,0.91,62-1875,-- Unbranded --,-- No Unilog Brand --,-- No DIB Brand --,Satco Prod Inc (5573),10 in,
PROD-0409,62-1876,"62-1876 13"" Satco Ceiling Light BN",Satco,Satco Prod Inc,Light Fixtures > Chandeliers & Pendant Lights,approved,0.97,62-1876,-- Unbranded --,-- No Unilog Brand --,-- No DIB Brand --,Satco Prod Inc (5573),13 in,
PROD-0410,42296BK,42296BK Kichler Ceiling Lt,-- Unbranded --,Kichler Lighting,Light Fixtures > Chandeliers & Pendant Lights,approved,0.91,42296BK,-- Unbranded --,-- No Unilog Brand --,-- No DIB Brand --,Kichler Lighting (KICLI),,
PROD-0411,43913BK,43913BK Kichler Pendant Lt,-- Unbranded --,Kichler Lighting,Light Fixtures > Chandeliers & Pendant Lights,approved,0.92,43913BK,-- Unbranded --,-- No Unilog Brand --,-- No DIB Brand --,Kichler Lighting (KICLI),,
PROD-0412,HLSMS9129FS1E,"HLSMS9129FS1E 9"" Motion Lt",-- Unbranded --,Cooper Lighting,Lighting & Electrical Supplies,approved,0.91,HLSMS9129FS1E,-- Unbranded --,-- No Unilog Brand --,-- No DIB Brand --,Cooper Lighting (7638),9 in,
PROD-0413,64-110,64-110 Satco Tape Light 16',Satco,Satco Prod Inc,Electrical Boxes & Wiring > Electrical Wire & Cable,approved,0.97,64-110,-- Unbranded --,-- No Unilog Brand --,-- No DIB Brand --,Satco Prod Inc (5573),,
PROD-0414,603571,603571 3' Strip Light Ext,-- Unbranded --,Phillips Lighting,Lighting & Electrical Supplies,approved,0.91,603571,-- Unbranded --,-- No Unilog Brand --,Wiz,Phillips Lighting (5831),,
PROD-0415,65-572R1,65572 Satco 2x4 Led Flat Panel,Satco,Satco Prod Inc,Hardware & Industrial Supplies,needs_review,0.78,65-572R1,-- Unbranded --,-- No Unilog Brand --,-- No DIB Brand --,Satco Prod Inc (5573),,
PROD-0416,52476AVI,52476AVI Kichler Pendant Lt,-- Unbranded --,Kichler Lighting,Light Fixtures > Chandeliers & Pendant Lights,approved,0.92,52476AVI,-- Unbranded --,-- No Unilog Brand --,-- No DIB Brand --,Kichler Lighting (KICLI),,
PROD-0417,42199BK,42199BK Kichler Pendant Lt,-- Unbranded --,Kichler Lighting,Light Fixtures > Chandeliers & Pendant Lights,approved,0.92,42199BK,-- Unbranded --,-- No Unilog Brand --,-- No DIB Brand --,Kichler Lighting (KICLI),,
PROD-0418,42199BKCS,42199BKCS Kichler Pendant Lt,-- Unbranded --,Kichler Lighting,Light Fixtures > Chandeliers & Pendant Lights,approved,0.92,42199BKCS,-- Unbranded --,-- No Unilog Brand --,-- No DIB Brand --,Kichler Lighting (KICLI),,
PROD-0419,42200BK,42200BK Kichler Pendant Lt,-- Unbranded --,Kichler Lighting,Light Fixtures > Chandeliers & Pendant Lights,approved,0.92,42200BK,-- Unbranded --,-- No Unilog Brand --,-- No DIB Brand --,Kichler Lighting (KICLI),,
PROD-0420,42200BKCS,42200BKCS Kichler Pendant Lt,-- Unbranded --,Kichler Lighting,Light Fixtures > Chandeliers & Pendant Lights,approved,0.92,42200BKCS,-- Unbranded --,-- No Unilog Brand --,-- No DIB Brand --,Kichler Lighting (KICLI),,
PROD-0421,43851BK,43851BK Kichler Pendant Lt,-- Unbranded --,Kichler Lighting,Light Fixtures > Chandeliers & Pendant Lights,approved,0.92,43851BK,-- Unbranded --,-- No Unilog Brand --,-- No DIB Brand --,Kichler Lighting (KICLI),,
PROD-0422,43852BK,43852BK Kichler Pendant Lt,-- Unbranded --,Kichler Lighting,Light Fixtures > Chandeliers & Pendant Lights,approved,0.92,43852BK,-- Unbranded --,-- No Unilog Brand --,-- No DIB Brand --,Kichler Lighting (KICLI),,
PROD-0423,43853BK,43853BK Kichler Pendant Lt,-- Unbranded --,Kichler Lighting,Light Fixtures > Chandeliers & Pendant Lights,approved,0.92,43853BK,-- Unbranded --,-- No Unilog Brand --,-- No DIB Brand --,Kichler Lighting (KICLI),,
PROD-0424,43905BK,43905BK Kichler Pendant Lt,-- Unbranded --,Kichler Lighting,Light Fixtures > Chandeliers & Pendant Lights,approved,0.92,43905BK,-- Unbranded --,-- No Unilog Brand --,-- No DIB Brand --,Kichler Lighting (KICLI),,
PROD-0425,43911BK,43911BK Kichler Pendant Lt,-- Unbranded --,Kichler Lighting,Light Fixtures > Chandeliers & Pendant Lights,approved,0.92,43911BK,-- Unbranded --,-- No Unilog Brand --,-- No DIB Brand --,Kichler Lighting (KICLI),,
PROD-0426,52529BK,52529BK Kichler Pendant Light,-- Unbranded --,Kichler Lighting,Light Fixtures > Chandeliers & Pendant Lights,approved,0.91,52529BK,-- Unbranded --,-- No Unilog Brand --,-- No DIB Brand --,Kichler Lighting (KICLI),,
PROD-0427,52662BKCLR,52662BKCLR Kichler Pendant Lt,-- Unbranded --,Kichler Lighting,Light Fixtures > Chandeliers & Pendant Lights,approved,0.92,52662BKCLR,-- Unbranded --,-- No Unilog Brand --,-- No DIB Brand --,Kichler Lighting (KICLI),,
PROD-0428,52734CPZ,52734CPZ Kichler Pendant Light,-- Unbranded --,Kichler Lighting,Light Fixtures > Chandeliers & Pendant Lights,approved,0.91,52734CPZ,-- Unbranded --,-- No Unilog Brand --,-- No DIB Brand --,Kichler Lighting (KICLI),,
PROD-0429,82400,82400 Kichler Pendant Lt,-- Unbranded --,Kichler Lighting,Light Fixtures > Chandeliers & Pendant Lights,approved,0.92,82400,-- Unbranded --,-- No Unilog Brand --,-- No DIB Brand --,Kichler Lighting (KICLI),,
PROD-0430,S11606,"S11606 8"" Round Down Lt 30K",-- Unbranded --,Satco Prod Inc,Hardware & Industrial Supplies,needs_review,0.73,S11606,-- Unbranded --,-- No Unilog Brand --,-- No DIB Brand --,Satco Prod Inc (5573),8 in,
PROD-0431,S11828,"S11828 8"" Led Down Light",-- Unbranded --,Satco Prod Inc,Light Fixtures > Chandeliers & Pendant Lights,approved,0.91,S11828,-- Unbranded --,-- No Unilog Brand --,-- No DIB Brand --,Satco Prod Inc (5573),8 in,
PROD-0432,801274,"801274 10w LED 6"" Retro 50k",-- Unbranded --,Phillips Lighting,Lighting & Electrical Supplies,approved,0.91,801274,-- Unbranded --,-- No Unilog Brand --,Philips,Phillips Lighting (5831),6 in,
PROD-0433,S11860,"S11860 6"" Downlight White 5 CCT",-- Unbranded --,Satco Prod Inc,Lighting & Electrical Supplies,approved,0.91,S11860,-- Unbranded --,-- No Unilog Brand --,-- No DIB Brand --,Satco Prod Inc (5573),6 in,
PROD-0434,S11562,"S11562 Starfish 6"" D/W Downlight",-- Unbranded --,Satco Prod Inc,Lighting & Electrical Supplies,approved,0.91,S11562,-- Unbranded --,-- No Unilog Brand --,-- No DIB Brand --,Satco Prod Inc (5573),6 in,
PROD-0435,S11646,"S11646 6"" Downlight Wh",-- Unbranded --,Satco Prod Inc,Lighting & Electrical Supplies,approved,0.91,S11646,-- Unbranded --,-- No Unilog Brand --,-- No DIB Brand --,Satco Prod Inc (5573),6 in,
PROD-0436,S11801R1,"S11801R1 6"" Led Downlight Wh",-- Unbranded --,Satco Prod Inc,Lighting & Electrical Supplies,approved,0.91,S11801R1,-- Unbranded --,-- No Unilog Brand --,-- No DIB Brand --,Satco Prod Inc (5573),6 in,
PROD-0437,S11848,"S11848 10"" Down Light Wh",-- Unbranded --,Satco Prod Inc,Light Fixtures > Chandeliers & Pendant Lights,approved,0.91,S11848,-- Unbranded --,-- No Unilog Brand --,-- No DIB Brand --,Satco Prod Inc (5573),10 in,
PROD-0438,S11849,"S11849 12"" Down Light Wh",-- Unbranded --,Satco Prod Inc,Light Fixtures > Chandeliers & Pendant Lights,approved,0.91,S11849,-- Unbranded --,-- No Unilog Brand --,-- No DIB Brand --,Satco Prod Inc (5573),12 in,
PROD-0439,HLBSL609FS5,"HLBSL609FS5 6"" Down Light",-- Unbranded --,Cooper Lighting,Light Fixtures > Chandeliers & Pendant Lights,approved,0.91,HLBSL609FS5,-- Unbranded --,-- No Unilog Brand --,-- No DIB Brand --,Cooper Lighting (7638),6 in,
PROD-0440,WF4REGSWW590CRIMW,"WF4REGSWW590CRIMW 4"" Down Light",-- Unbranded --,Lithonia Lighting,Light Fixtures > Chandeliers & Pendant Lights,approved,0.91,WF4REGSWW590CRIMW,-- Unbranded --,-- No Unilog Brand --,-- No DIB Brand --,Lithonia Lighting (2776),4 in,
PROD-0441,43849WH5CCT,43849WH5CCT Kichler Ceiling Lt,-- Unbranded --,Kichler Lighting,Light Fixtures > Chandeliers & Pendant Lights,approved,0.91,43849WH5CCT,-- Unbranded --,-- No Unilog Brand --,-- No DIB Brand --,Kichler Lighting (KICLI),,
PROD-0442,62-1777,"62-1777 15"" Ceiling Lt Wh",-- Unbranded --,Satco Prod Inc,Light Fixtures > Chandeliers & Pendant Lights,approved,0.91,62-1777,-- Unbranded --,-- No Unilog Brand --,-- No DIB Brand --,Satco Prod Inc (5573),15 in,
PROD-0443,62-1778,"62-1778 19"" Ceiling Lt Wh",-- Unbranded --,Satco Prod Inc,Light Fixtures > Chandeliers & Pendant Lights,approved,0.91,62-1778,-- Unbranded --,-- No Unilog Brand --,-- No DIB Brand --,Satco Prod Inc (5573),19 in,
PROD-0444,62-1784,62-1784 24x24 Led Ceiling Lt,-- Unbranded --,Satco Prod Inc,Light Fixtures > Chandeliers & Pendant Lights,approved,0.91,62-1784,-- Unbranded --,-- No Unilog Brand --,-- No DIB Brand --,Satco Prod Inc (5573),,
PROD-0445,62-1787,"62-1787 15"" Ceiling Lt Bk",-- Unbranded --,Satco Prod Inc,Light Fixtures > Chandeliers & Pendant Lights,approved,0.91,62-1787,-- Unbranded --,-- No Unilog Brand --,-- No DIB Brand --,Satco Prod Inc (5573),15 in,
PROD-0446,62-1788,"62-1788 19"" Ceiling Lt Bk",-- Unbranded --,Satco Prod Inc,Light Fixtures > Chandeliers & Pendant Lights,approved,0.91,62-1788,-- Unbranded --,-- No Unilog Brand --,-- No DIB Brand --,Satco Prod Inc (5573),19 in,
PROD-0447,SHOP/4X2/840/V1,4' Feit Shop Light 4500L 40k,-- Unbranded --,Feit Electric,Lighting & Electrical Supplies > Light Bulbs,approved,0.91,SHOP/4X2/840/V1,-- Unbranded --,-- No Unilog Brand --,Feit Electric,Feit Electric (3468),,
PROD-0448,45495BKCLR,45495BKCLR Kichler Wall Lt,-- Unbranded --,Kichler Lighting,Light Fixtures > Wall Sconces & Bath Lights,approved,0.91,45495BKCLR,-- Unbranded --,-- No Unilog Brand --,-- No DIB Brand --,Kichler Lighting (KICLI),,
PROD-0449,55209NI,55209NI Kichler Wall Sconce,-- Unbranded --,Kichler Lighting,Light Fixtures > Wall Sconces & Bath Lights,approved,0.91,55209NI,-- Unbranded --,-- No Unilog Brand --,-- No DIB Brand --,Kichler Lighting (KICLI),,
PROD-0450,65-1210,65-1210 2' LED Wrap Lt,-- Unbranded --,Satco Prod Inc,Hardware & Industrial Supplies,needs_review,0.73,65-1210,-- Unbranded --,-- No Unilog Brand --,-- No DIB Brand --,Satco Prod Inc (5573),,
PROD-0451,65-1211,65-1211 4' Led Wrap Light,-- Unbranded --,Satco Prod Inc,Lighting & Electrical Supplies,approved,0.91,65-1211,-- Unbranded --,-- No Unilog Brand --,-- No DIB Brand --,Satco Prod Inc (5573),,
PROD-0452,141465,"141465 15W Flor 18"" T12 27k",-- Unbranded --,Phillips Lighting,Lighting & Electrical Supplies,approved,0.91,141465,-- Unbranded --,-- No Unilog Brand --,Philips,Phillips Lighting (5831),18 in,
PROD-0453,391227,"391227 32W Led 12"" T9 30K",-- Unbranded --,Phillips Lighting,Lighting & Electrical Supplies,approved,0.91,391227,-- Unbranded --,-- No Unilog Brand --,Philips,Phillips Lighting (5831),12 in,
PROD-0454,392225,"392225 22W Flor 8"" T9 30k",-- Unbranded --,Phillips Lighting,Lighting & Electrical Supplies,approved,0.91,392225,-- Unbranded --,-- No Unilog Brand --,Philips,Phillips Lighting (5831),8 in,
PROD-0455,S3539,S3539 20W Halogen Pin T4,GE,Satco Prod Inc,Hardware & Industrial Supplies,needs_review,0.78,S3539,-- Unbranded --,-- No Unilog Brand --,Satco,Satco Prod Inc (5573),,
PROD-0456,S3496,S3496 300W Halogen T3 Bulb,GE,Satco Prod Inc,Hardware & Industrial Supplies,needs_review,0.78,S3496,-- Unbranded --,-- No Unilog Brand --,Satco,Satco Prod Inc (5573),,
PROD-0457,467316,467316 150W Sodium Med 21k,-- Unbranded --,Phillips Lighting,Lighting & Electrical Supplies,approved,0.91,467316,-- Unbranded --,-- No Unilog Brand --,Philips,Phillips Lighting (5831),,
PROD-0458,S3709,S3709 25W Incan 27K,-- Unbranded --,Satco Prod Inc,Hardware & Industrial Supplies,needs_review,0.73,S3709,-- Unbranded --,-- No Unilog Brand --,Satco,Satco Prod Inc (5573),,
PROD-0459,S4720,S4720 25W Incan 27K,-- Unbranded --,Satco Prod Inc,Hardware & Industrial Supplies,needs_review,0.73,S4720,-- Unbranded --,-- No Unilog Brand --,Satco,Satco Prod Inc (5573),,
PROD-0460,S3720,S3720 40w Inc A15 Med 26k,-- Unbranded --,Satco Prod Inc,Hardware & Industrial Supplies,needs_review,0.73,S3720,-- Unbranded --,-- No Unilog Brand --,Satco,Satco Prod Inc (5573),,
PROD-0461,S3702,S3702 40W Incan Med 27K,-- Unbranded --,Satco Prod Inc,Hardware & Industrial Supplies,needs_review,0.73,S3702,-- Unbranded --,-- No Unilog Brand --,Satco,Satco Prod Inc (5573),,
PROD-0462,S3703,S3703 40W Incan Med 27K,-- Unbranded --,Satco Prod Inc,Hardware & Industrial Supplies,needs_review,0.73,S3703,-- Unbranded --,-- No Unilog Brand --,Satco,Satco Prod Inc (5573),,
PROD-0463,S3797,S3797 4W Incan Cand 27K 2pk,-- Unbranded --,Satco Prod Inc,Light Bulbs > LED Light Bulbs,approved,0.91,S3797,-- Unbranded --,-- No Unilog Brand --,Satco,Satco Prod Inc (5573),,2
PROD-0464,S4724,S4724 4W Incan Cand 27K 4pk,-- Unbranded --,Satco Prod Inc,Light Bulbs > LED Light Bulbs,approved,0.91,S4724,-- Unbranded --,-- No Unilog Brand --,Satco,Satco Prod Inc (5573),,4
PROD-0465,S4717,S4717 6W Incan Cand 27k 2pk,-- Unbranded --,Satco Prod Inc,Light Bulbs > LED Light Bulbs,approved,0.91,S4717,-- Unbranded --,-- No Unilog Brand --,Satco,Satco Prod Inc (5573),,2
PROD-0466,S3794,S3794 7W Incan Med 27K,-- Unbranded --,Satco Prod Inc,Hardware & Industrial Supplies,needs_review,0.73,S3794,-- Unbranded --,-- No Unilog Brand --,Satco,Satco Prod Inc (5573),,
PROD-0467,S3795,S3795 7W Incan Med 27K,-- Unbranded --,Satco Prod Inc,Hardware & Industrial Supplies,needs_review,0.73,S3795,-- Unbranded --,-- No Unilog Brand --,Satco,Satco Prod Inc (5573),,
PROD-0468,S4726,S4726 7W Incan Cand 27K 4pk,-- Unbranded --,Satco Prod Inc,Light Bulbs > LED Light Bulbs,approved,0.91,S4726,-- Unbranded --,-- No Unilog Brand --,Satco,Satco Prod Inc (5573),,4
PROD-0469,S11429,S11429 60W Led Bulb 27K,-- Unbranded --,Satco Prod Inc,Light Bulbs > LED Light Bulbs,approved,0.92,S11429,-- Unbranded --,-- No Unilog Brand --,Satco,Satco Prod Inc (5573),,
PROD-0470,S21354,S21354 8W Led T9 Med 27k,-- Unbranded --,Satco Prod Inc,Hardware & Industrial Supplies,needs_review,0.73,S21354,-- Unbranded --,-- No Unilog Brand --,-- No DIB Brand --,Satco Prod Inc (5573),,
PROD-0471,S21363,S21363 8W Led Edison ST19 27K,-- Unbranded --,Satco Prod Inc,Hardware & Industrial Supplies,needs_review,0.73,S21363,-- Unbranded --,-- No Unilog Brand --,-- No DIB Brand --,Satco Prod Inc (5573),,
PROD-0472,S11445,S11445 12W Led Med 30k Motion,-- Unbranded --,Satco Prod Inc,Light Bulbs > LED Light Bulbs,approved,0.91,S11445,-- Unbranded --,-- No Unilog Brand --,-- No DIB Brand --,Satco Prod Inc (5573),,
PROD-0473,567313,567313 50W Led MR16 30K 3pk,-- Unbranded --,Phillips Lighting,Lighting & Electrical Supplies,approved,0.91,567313,-- Unbranded --,-- No Unilog Brand --,Philips,Phillips Lighting (5831),,3
PROD-0474,586875,586875 60W Led Multi CCT 4pk,-- Unbranded --,Phillips Lighting,Light Bulbs > LED Light Bulbs,approved,0.91,586875,-- Unbranded --,-- No Unilog Brand --,Philips,Phillips Lighting (5831),,4
PROD-0475,576355,576355 60/100/150 Led Med 50k,-- Unbranded --,Phillips Lighting,Light Bulbs > LED Light Bulbs,approved,0.91,576355,-- Unbranded --,-- No Unilog Brand --,Philips,Phillips Lighting (5831),,
PROD-0476,576363,576363 100/150/200 Led Med 27k,-- Unbranded --,Phillips Lighting,Light Bulbs > LED Light Bulbs,approved,0.91,576363,-- Unbranded --,-- No Unilog Brand --,Philips,Phillips Lighting (5831),,
PROD-0477,565374,565374 75W Led A19 Med 27k 4pk,-- Unbranded --,Phillips Lighting,Light Bulbs > LED Light Bulbs,approved,0.91,565374,-- Unbranded --,-- No Unilog Brand --,Philips,Phillips Lighting (5831),,4
PROD-0478,565390,565390 75W Led A19 Med 50k 4pk,-- Unbranded --,Phillips Lighting,Light Bulbs > LED Light Bulbs,approved,0.91,565390,-- Unbranded --,-- No Unilog Brand --,Philips,Phillips Lighting (5831),,4
PROD-0479,576371,576371 100/150/200 Led Med 50k,-- Unbranded --,Phillips Lighting,Light Bulbs > LED Light Bulbs,approved,0.91,576371,-- Unbranded --,-- No Unilog Brand --,Philips,Phillips Lighting (5831),,
PROD-0480,576496,576496 45W Led R20 Med 27k,-- Unbranded --,Phillips Lighting,Lighting & Electrical Supplies,approved,0.91,576496,-- Unbranded --,-- No Unilog Brand --,Philips,Phillips Lighting (5831),,
PROD-0481,564856,564856 40W Led ST19 27k 2pk,-- Unbranded --,Phillips Lighting,Light Bulbs > LED Light Bulbs,approved,0.91,564856,-- Unbranded --,-- No Unilog Brand --,Philips,Phillips Lighting (5831),,2
PROD-0482,565796,565796 60W Led A19 Med 20k,-- Unbranded --,Phillips Lighting,Light Bulbs > LED Light Bulbs,approved,0.91,565796,-- Unbranded --,-- No Unilog Brand --,Philips,Phillips Lighting (5831),,
PROD-0483,576389,576389 100/200/300 Led Med 27k,-- Unbranded --,Phillips Lighting,Light Bulbs > LED Light Bulbs,approved,0.91,576389,-- Unbranded --,-- No Unilog Brand --,Philips,Phillips Lighting (5831),,
PROD-0484,564492,564492 75W Adj Base 27k 3pk,-- Unbranded --,Phillips Lighting,Lighting & Electrical Supplies,approved,0.91,564492,-- Unbranded --,-- No Unilog Brand --,Philips,Phillips Lighting (5831),,3
PROD-0485,603449,603449 Wiz 60W Led Med Clr Ch,Wiz,Phillips Lighting,Light Bulbs > LED Light Bulbs,approved,0.97,603449,-- Unbranded --,-- No Unilog Brand --,Wiz,Phillips Lighting (5831),,
PROD-0486,586909,586909 Led 60W Med A19 27K,-- Unbranded --,Phillips Lighting,Lighting & Electrical Supplies,approved,0.91,586909,-- Unbranded --,-- No Unilog Brand --,Philips,Phillips Lighting (5831),,
PROD-0487,566364,566364 75W Led ST19 27k 4pk,-- Unbranded --,Phillips Lighting,Light Bulbs > LED Light Bulbs,approved,0.92,566364,-- Unbranded --,-- No Unilog Brand --,Philips,Phillips Lighting (5831),,4
PROD-0488,576397,576394 100/200/300 Led A23 50k,-- Unbranded --,Phillips Lighting,Lighting & Electrical Supplies,approved,0.91,576397,-- Unbranded --,-- No Unilog Brand --,Philips,Phillips Lighting (5831),,
PROD-0489,571497,571497 150W Led Med 27k,-- Unbranded --,Phillips Lighting,Light Bulbs > LED Light Bulbs,approved,0.92,571497,-- Unbranded --,-- No Unilog Brand --,Philips,Phillips Lighting (5831),,
PROD-0490,576306,576306 40W Led A19 5CCT 4pk,-- Unbranded --,Phillips Lighting,Lighting & Electrical Supplies,approved,0.91,576306,-- Unbranded --,-- No Unilog Brand --,Philips,Phillips Lighting (5831),,4
PROD-0491,588533,588533 40W Led Cand 3pk,-- Unbranded --,Phillips Lighting,Light Bulbs > LED Light Bulbs,approved,0.91,588533,-- Unbranded --,-- No Unilog Brand --,Philips,Phillips Lighting (5831),,3
PROD-0492,576520,576520 65W Led Med 27k,-- Unbranded --,Phillips Lighting,Light Bulbs > LED Light Bulbs,approved,0.91,576520,-- Unbranded --,-- No Unilog Brand --,Philips,Phillips Lighting (5831),,
PROD-0493,574004,574004 75W Led ST19 27k 2pk,-- Unbranded --,Phillips Lighting,Light Bulbs > LED Light Bulbs,approved,0.92,574004,-- Unbranded --,-- No Unilog Brand --,Philips,Phillips Lighting (5831),,2
PROD-0494,574012,574012 75W Led ST19 50k 2pk,-- Unbranded --,Phillips Lighting,Light Bulbs > LED Light Bulbs,approved,0.92,574012,-- Unbranded --,-- No Unilog Brand --,Philips,Phillips Lighting (5831),,2
PROD-0495,573971,573971 75W Led ST19 20k 4pk,-- Unbranded --,Phillips Lighting,Light Bulbs > LED Light Bulbs,approved,0.92,573971,-- Unbranded --,-- No Unilog Brand --,Philips,Phillips Lighting (5831),,4
PROD-0496,573989,573989 40W Led Med 27K 4pk,-- Unbranded --,Phillips Lighting,Light Bulbs > LED Light Bulbs,approved,0.91,573989,-- Unbranded --,-- No Unilog Brand --,Philips,Phillips Lighting (5831),,4
PROD-0497,576769,576769 65W Led BR30 Med 27k,-- Unbranded --,Phillips Lighting,Lighting & Electrical Supplies,approved,0.91,576769,-- Unbranded --,-- No Unilog Brand --,Philips,Phillips Lighting (5831),,
PROD-0498,567446,567446 60W Led Med 50K 3pk,-- Unbranded --,Phillips Lighting,Light Bulbs > LED Light Bulbs,approved,0.92,567446,-- Unbranded --,-- No Unilog Brand --,Philips,Phillips Lighting (5831),,3
PROD-0499,573997,573997 40W Led Med 50k 4pk,-- Unbranded --,Phillips Lighting,Light Bulbs > LED Light Bulbs,approved,0.91,573997,-- Unbranded --,-- No Unilog Brand --,Philips,Phillips Lighting (5831),,4
PROD-0500,571463,571463 100W Led BR30 Med 50k,-- Unbranded --,Phillips Lighting,Lighting & Electrical Supplies,approved,0.91,571463,-- Unbranded --,-- No Unilog Brand --,Philips,Phillips Lighting (5831),,
PROD-0501,576512,576512 65W Led BR40 Med 27k,-- Unbranded --,Phillips Lighting,Lighting & Electrical Supplies,approved,0.91,576512,-- Unbranded --,-- No Unilog Brand --,Philips,Phillips Lighting (5831),,
PROD-0502,581181,581181 40W Led Med 2pk,-- Unbranded --,Phillips Lighting,Light Bulbs > LED Light Bulbs,approved,0.91,581181,-- Unbranded --,-- No Unilog Brand --,Philips,Phillips Lighting (5831),,2
PROD-0503,GT-CB-100C,GTCB100C Led 100W Cob Bulb,-- Unbranded --,Keystone,Lighting & Electrical Supplies > Light Bulbs,approved,0.91,GT-CB-100C,-- Unbranded --,-- No Unilog Brand --,GT-Lite,Keystone (5702),,
PROD-0504,566430,566430 75W Led Med 50k 4pk,-- Unbranded --,Phillips Lighting,Light Bulbs > LED Light Bulbs,approved,0.92,566430,-- Unbranded --,-- No Unilog Brand --,Philips,Phillips Lighting (5831),,4
PROD-0505,568337,568337 120W Led Par38 Med 50k,-- Unbranded --,Phillips Lighting,Lighting & Electrical Supplies,approved,0.91,568337,-- Unbranded --,-- No Unilog Brand --,Philips,Phillips Lighting (5831),,
PROD-0506,565788,565788 40W Led A19 Med 27k,-- Unbranded --,Phillips Lighting,Lighting & Electrical Supplies,approved,0.91,565788,-- Unbranded --,-- No Unilog Brand --,Philips,Phillips Lighting (5831),,
PROD-0507,565770,565770 40W Led A19 Med 50k,-- Unbranded --,Phillips Lighting,Lighting & Electrical Supplies,approved,0.91,565770,-- Unbranded --,-- No Unilog Brand --,Philips,Phillips Lighting (5831),,
PROD-0508,573436,573436 60W Led A19 Med 27k 2pk,-- Unbranded --,Phillips Lighting,Light Bulbs > LED Light Bulbs,approved,0.91,573436,-- Unbranded --,-- No Unilog Brand --,Philips,Phillips Lighting (5831),,2
PROD-0509,576538,576538 65W Led BR30 Med 50k,-- Unbranded --,Phillips Lighting,Lighting & Electrical Supplies,approved,0.91,576538,-- Unbranded --,-- No Unilog Brand --,Philips,Phillips Lighting (5831),,
PROD-0510,573451,573451 40W Led Med 27k 2pk,-- Unbranded --,Phillips Lighting,Light Bulbs > LED Light Bulbs,approved,0.91,573451,-- Unbranded --,-- No Unilog Brand --,Philips,Phillips Lighting (5831),,2
PROD-0511,586883,586883 100W Led Multi CCT 2pk,-- Unbranded --,Phillips Lighting,Lighting & Electrical Supplies,approved,0.91,586883,-- Unbranded --,-- No Unilog Brand --,Philips,Phillips Lighting (5831),,2
PROD-0512,586859,586859 40W Led Med 27K Back Up,-- Unbranded --,Phillips Lighting,Light Bulbs > LED Light Bulbs,approved,0.91,586859,-- Unbranded --,-- No Unilog Brand --,Philips,Phillips Lighting (5831),,
PROD-0513,576488,576488 45W Led R20 Med 50k,-- Unbranded --,Phillips Lighting,Lighting & Electrical Supplies,approved,0.91,576488,-- Unbranded --,-- No Unilog Brand --,Philips,Phillips Lighting (5831),,
PROD-0514,575217,575217 60W Led Med 50k 2pk,-- Unbranded --,Phillips Lighting,Light Bulbs > LED Light Bulbs,approved,0.92,575217,-- Unbranded --,-- No Unilog Brand --,Philips,Phillips Lighting (5831),,2
PROD-0515,586479,586479 90W Led Med Multi CCT,-- Unbranded --,Phillips Lighting,Light Bulbs > LED Light Bulbs,approved,0.91,586479,-- Unbranded --,-- No Unilog Brand --,Philips,Phillips Lighting (5831),,
PROD-0516,571471,571471 100W Led BR30 Med 27k,-- Unbranded --,Phillips Lighting,Lighting & Electrical Supplies,approved,0.91,571471,-- Unbranded --,-- No Unilog Brand --,Philips,Phillips Lighting (5831),,
PROD-0517,570762,570762 50W Led Par16 30k 3pk,-- Unbranded --,Phillips Lighting,Lighting & Electrical Supplies,approved,0.91,570762,-- Unbranded --,-- No Unilog Brand --,Philips,Phillips Lighting (5831),,3
PROD-0518,533352,571505 150W Led Med 50k,-- Unbranded --,Phillips Lighting,Light Bulbs > LED Light Bulbs,approved,0.92,533352,-- Unbranded --,-- No Unilog Brand --,Philips,Phillips Lighting (5831),,
PROD-0519,573519,573519 100W Led A21 27k 2pk,-- Unbranded --,Phillips Lighting,Lighting & Electrical Supplies,approved,0.91,573519,-- Unbranded --,-- No Unilog Brand --,Philips,Phillips Lighting (5831),,2
PROD-0520,573378,573378 60W Led Med 27k 3pk,-- Unbranded --,Phillips Lighting,Light Bulbs > LED Light Bulbs,approved,0.92,573378,-- Unbranded --,-- No Unilog Brand --,Philips,Phillips Lighting (5831),,3
PROD-0521,565622,565622 60W Led Med 20k,-- Unbranded --,Phillips Lighting,Light Bulbs > LED Light Bulbs,approved,0.92,565622,-- Unbranded --,-- No Unilog Brand --,Philips,Phillips Lighting (5831),,
PROD-0522,586891,586891 Led 60W Med A19 27k,-- Unbranded --,Phillips Lighting,Lighting & Electrical Supplies,approved,0.91,586891,-- Unbranded --,-- No Unilog Brand --,Philips,Phillips Lighting (5831),,
PROD-0523,585448,585448 120W Led Motion Bulb,-- Unbranded --,Phillips Lighting,Lighting & Electrical Supplies > Light Bulbs,approved,0.91,585448,-- Unbranded --,-- No Unilog Brand --,Philips,Phillips Lighting (5831),,
PROD-0524,573444,573444 60W Led A19 Med 50k 2pk,-- Unbranded --,Phillips Lighting,Light Bulbs > LED Light Bulbs,approved,0.91,573444,-- Unbranded --,-- No Unilog Brand --,Philips,Phillips Lighting (5831),,2
PROD-0525,566687,566687 60W Cand Led 27k 3pk,-- Unbranded --,Phillips Lighting,Lighting & Electrical Supplies > Light Bulbs,approved,0.91,566687,-- Unbranded --,-- No Unilog Brand --,Philips,Phillips Lighting (5831),,3
PROD-0526,564385,564385 40w Led Med 27k 2pk,-- Unbranded --,Phillips Lighting,Light Bulbs > LED Light Bulbs,approved,0.91,564385,-- Unbranded --,-- No Unilog Brand --,Philips,Phillips Lighting (5831),,2
PROD-0527,566661,566661 40W LED Cand 27k 3pk,-- Unbranded --,Phillips Lighting,Light Bulbs > LED Light Bulbs,approved,0.91,566661,-- Unbranded --,-- No Unilog Brand --,Philips,Phillips Lighting (5831),,3
PROD-0528,564898,564898 60W Cand Led 50k 3pk,-- Unbranded --,Phillips Lighting,Lighting & Electrical Supplies > Light Bulbs,approved,0.91,564898,-- Unbranded --,-- No Unilog Brand --,Philips,Phillips Lighting (5831),,3
PROD-0529,538319,588525 40W Led Cand 3pk,-- Unbranded --,Phillips Lighting,Light Bulbs > LED Light Bulbs,approved,0.91,538319,-- Unbranded --,-- No Unilog Brand --,Philips,Phillips Lighting (5831),,3
PROD-0530,576009,576009 100W Led Par30L Med 50k,-- Unbranded --,Phillips Lighting,Lighting & Electrical Supplies,approved,0.91,576009,-- Unbranded --,-- No Unilog Brand --,Philips,Phillips Lighting (5831),,
PROD-0531,564450,564450 40W Led Cand 27k 2pk,-- Unbranded --,Phillips Lighting,Light Bulbs > LED Light Bulbs,approved,0.91,564450,-- Unbranded --,-- No Unilog Brand --,Philips,Phillips Lighting (5831),,2
PROD-0532,572669,572669 60W Led F15 Med 27k,-- Unbranded --,Phillips Lighting,Light Bulbs > LED Light Bulbs,approved,0.91,572669,-- Unbranded --,-- No Unilog Brand --,Philips,Phillips Lighting (5831),,
PROD-0533,564906,564906 60W Led Med 27k 2pk,-- Unbranded --,Phillips Lighting,Light Bulbs > LED Light Bulbs,approved,0.92,564906,-- Unbranded --,-- No Unilog Brand --,Philips,Phillips Lighting (5831),,2
PROD-0534,573410,573410 40W Led A19 Med 27k 2pk,-- Unbranded --,Phillips Lighting,Lighting & Electrical Supplies,approved,0.91,573410,-- Unbranded --,-- No Unilog Brand --,Philips,Phillips Lighting (5831),,2
PROD-0535,576504,576504 65W Led BR40 Med 50k,-- Unbranded --,Phillips Lighting,Lighting & Electrical Supplies,approved,0.91,576504,-- Unbranded --,-- No Unilog Brand --,Philips,Phillips Lighting (5831),,
PROD-0536,576017,576017 100W Led Par30L Med 30k,-- Unbranded --,Phillips Lighting,Lighting & Electrical Supplies,approved,0.91,576017,-- Unbranded --,-- No Unilog Brand --,Philips,Phillips Lighting (5831),,
PROD-0537,574392,574392 40W Led B11 Med 27k 3pk,-- Unbranded --,Phillips Lighting,Lighting & Electrical Supplies,approved,0.91,574392,-- Unbranded --,-- No Unilog Brand --,Philips,Phillips Lighting (5831),,3
PROD-0538,576751,576751 65W Led BR30 Med 3pk,-- Unbranded --,Phillips Lighting,Lighting & Electrical Supplies,approved,0.91,576751,-- Unbranded --,-- No Unilog Brand --,Philips,Phillips Lighting (5831),,3
PROD-0539,583161,583161 Led 65W Med BR30 3pk,-- Unbranded --,Phillips Lighting,Lighting & Electrical Supplies,approved,0.91,583161,-- Unbranded --,-- No Unilog Brand --,Philips,Phillips Lighting (5831),,3
PROD-0540,566695,566695 60W Led Med 27k 3pk,-- Unbranded --,Phillips Lighting,Light Bulbs > LED Light Bulbs,approved,0.92,566695,-- Unbranded --,-- No Unilog Brand --,Philips,Phillips Lighting (5831),,3
PROD-0541,577007,577007 125W Led Med 30k Flood,-- Unbranded --,Phillips Lighting,Light Bulbs > LED Light Bulbs,approved,0.91,577007,-- Unbranded --,-- No Unilog Brand --,Philips,Phillips Lighting (5831),,
PROD-0542,566653,566653 25W Led Cand 27k 3pk,-- Unbranded --,Phillips Lighting,Light Bulbs > LED Light Bulbs,approved,0.91,566653,-- Unbranded --,-- No Unilog Brand --,Philips,Phillips Lighting (5831),,3
PROD-0543,566679,566679 40W Led Med 27k 3pk,-- Unbranded --,Phillips Lighting,Light Bulbs > LED Light Bulbs,approved,0.91,566679,-- Unbranded --,-- No Unilog Brand --,Philips,Phillips Lighting (5831),,3
PROD-0544,573311,573311 60W Led Med 27k 2pk,-- Unbranded --,Phillips Lighting,Light Bulbs > LED Light Bulbs,approved,0.92,573311,-- Unbranded --,-- No Unilog Brand --,Philips,Phillips Lighting (5831),,2
PROD-0545,573394,573394 60W Led Cand 27k 2pk,-- Unbranded --,Phillips Lighting,Light Bulbs > LED Light Bulbs,approved,0.92,573394,-- Unbranded --,-- No Unilog Brand --,Philips,Phillips Lighting (5831),,2
PROD-0546,573329,573329 60W Cand Led 27k 2pk,-- Unbranded --,Phillips Lighting,Lighting & Electrical Supplies > Light Bulbs,approved,0.91,573329,-- Unbranded --,-- No Unilog Brand --,Philips,Phillips Lighting (5831),,2
PROD-0547,564930,564930 40W Cand Led 50k 3pk,-- Unbranded --,Phillips Lighting,Lighting & Electrical Supplies > Light Bulbs,approved,0.91,564930,-- Unbranded --,-- No Unilog Brand --,Philips,Phillips Lighting (5831),,3
PROD-0548,565000,565000 60W Led Med 27k 2pk,-- Unbranded --,Phillips Lighting,Light Bulbs > LED Light Bulbs,approved,0.92,565000,-- Unbranded --,-- No Unilog Brand --,Philips,Phillips Lighting (5831),,2
PROD-0549,564922,564922 60W Led BA11 50k 3pk,-- Unbranded --,Phillips Lighting,Light Bulbs > LED Light Bulbs,approved,0.91,564922,-- Unbranded --,-- No Unilog Brand --,Philips,Phillips Lighting (5831),,3
PROD-0550,573295,573295 40W Led Med 27k 2pk,-- Unbranded --,Phillips Lighting,Light Bulbs > LED Light Bulbs,approved,0.91,573295,-- Unbranded --,-- No Unilog Brand --,Philips,Phillips Lighting (5831),,2
PROD-0551,564914,564914 60W Med Led 50k 2pk,-- Unbranded --,Phillips Lighting,Lighting & Electrical Supplies,approved,0.91,564914,-- Unbranded --,-- No Unilog Brand --,Philips,Phillips Lighting (5831),,2
PROD-0552,573485,573485 60W Led A19 Med 50k 2pk,-- Unbranded --,Phillips Lighting,Light Bulbs > LED Light Bulbs,approved,0.91,573485,-- Unbranded --,-- No Unilog Brand --,Philips,Phillips Lighting (5831),,2
PROD-0553,573337,573337 40W Led G25 Med 50k 2pk,-- Unbranded --,Phillips Lighting,Lighting & Electrical Supplies,approved,0.91,573337,-- Unbranded --,-- No Unilog Brand --,Philips,Phillips Lighting (5831),,2
PROD-0554,544874,544874 32W Led T8 UBulb 40k,-- Unbranded --,Phillips Lighting,Lighting & Electrical Supplies > Light Bulbs,approved,0.91,544874,-- Unbranded --,-- No Unilog Brand --,Philips,Phillips Lighting (5831),,
PROD-0555,570846,570846 50W Led Med 22K 2pk,-- Unbranded --,Phillips Lighting,Light Bulbs > LED Light Bulbs,approved,0.91,570846,-- Unbranded --,-- No Unilog Brand --,Philips,Phillips Lighting (5831),,2
PROD-0556,565473,565473 60W Led A19 Bulb 2pk,-- Unbranded --,Phillips Lighting,Light Bulbs > LED Light Bulbs,approved,0.91,565473,-- Unbranded --,-- No Unilog Brand --,Philips,Phillips Lighting (5831),,2
PROD-0557,573402,573402 60W Led Med 50k 2pk,-- Unbranded --,Phillips Lighting,Light Bulbs > LED Light Bulbs,approved,0.92,573402,-- Unbranded --,-- No Unilog Brand --,Philips,Phillips Lighting (5831),,2
PROD-0558,573352,573352 40W Led Med 27k 2pk,-- Unbranded --,Phillips Lighting,Light Bulbs > LED Light Bulbs,approved,0.91,573352,-- Unbranded --,-- No Unilog Brand --,Philips,Phillips Lighting (5831),,2
PROD-0559,573428,573428 40W Med Led 50k 2pk,-- Unbranded --,Phillips Lighting,Lighting & Electrical Supplies,approved,0.91,573428,-- Unbranded --,-- No Unilog Brand --,Philips,Phillips Lighting (5831),,2
PROD-0560,573386,573386 60W Led Med 27k 2pk,-- Unbranded --,Phillips Lighting,Light Bulbs > LED Light Bulbs,approved,0.92,573386,-- Unbranded --,-- No Unilog Brand --,Philips,Phillips Lighting (5831),,2
PROD-0561,564948,564948 40W Led Med 50k 3pk,-- Unbranded --,Phillips Lighting,Light Bulbs > LED Light Bulbs,approved,0.91,564948,-- Unbranded --,-- No Unilog Brand --,Philips,Phillips Lighting (5831),,3
PROD-0562,573303,573303 40W Led Cand 27k 2pk,-- Unbranded --,Phillips Lighting,Light Bulbs > LED Light Bulbs,approved,0.91,573303,-- Unbranded --,-- No Unilog Brand --,Philips,Phillips Lighting (5831),,2
PROD-0563,573188,573188 250W Led Par38 Med 50k,-- Unbranded --,Phillips Lighting,Lighting & Electrical Supplies,approved,0.91,573188,-- Unbranded --,-- No Unilog Brand --,Philips,Phillips Lighting (5831),,
PROD-0564,573469,573469 40W Led A19 Med 50k 2pk,-- Unbranded --,Phillips Lighting,Lighting & Electrical Supplies,approved,0.91,573469,-- Unbranded --,-- No Unilog Brand --,Philips,Phillips Lighting (5831),,2
PROD-0565,565671,565671 25W Led Med 20K,-- Unbranded --,Phillips Lighting,Light Bulbs > LED Light Bulbs,approved,0.91,565671,-- Unbranded --,-- No Unilog Brand --,Philips,Phillips Lighting (5831),,
PROD-0566,573204,573204 75W Led Par20 Med 50k,-- Unbranded --,Phillips Lighting,Light Bulbs > LED Light Bulbs,approved,0.91,573204,-- Unbranded --,-- No Unilog Brand --,Philips,Phillips Lighting (5831),,
PROD-0567,581199,581199 60W Led Med 2pk,-- Unbranded --,Phillips Lighting,Light Bulbs > LED Light Bulbs,approved,0.92,581199,-- Unbranded --,-- No Unilog Brand --,Philips,Phillips Lighting (5831),,2
PROD-0568,565887,565887 60W Led Med 20k,-- Unbranded --,Phillips Lighting,Light Bulbs > LED Light Bulbs,approved,0.92,565887,-- Unbranded --,-- No Unilog Brand --,Philips,Phillips Lighting (5831),,
PROD-0569,586867,586867 60W Led Med 27K,-- Unbranded --,Phillips Lighting,Light Bulbs > LED Light Bulbs,approved,0.92,586867,-- Unbranded --,-- No Unilog Brand --,Philips,Phillips Lighting (5831),,
PROD-0570,568451,5686451 50W Led Med 50k 2pk,-- Unbranded --,Phillips Lighting,Light Bulbs > LED Light Bulbs,approved,0.91,568451,-- Unbranded --,-- No Unilog Brand --,Philips,Phillips Lighting (5831),,2
PROD-0571,568444,568444 90W Led Par38 50k 2pk,-- Unbranded --,Phillips Lighting,Lighting & Electrical Supplies,approved,0.91,568444,-- Unbranded --,-- No Unilog Brand --,Philips,Phillips Lighting (5831),,2
PROD-0572,573196,573196 75W Led Med 30K,-- Unbranded --,Phillips Lighting,Light Bulbs > LED Light Bulbs,approved,0.92,573196,-- Unbranded --,-- No Unilog Brand --,Philips,Phillips Lighting (5831),,
PROD-0573,564500,564500 75W Adj Base 50k 3pk,-- Unbranded --,Phillips Lighting,Lighting & Electrical Supplies,approved,0.91,564500,-- Unbranded --,-- No Unilog Brand --,Philips,Phillips Lighting (5831),,3
PROD-0574,571513,571513 40/60/100 Led Med 27k,-- Unbranded --,Phillips Lighting,Light Bulbs > LED Light Bulbs,approved,0.91,571513,-- Unbranded --,-- No Unilog Brand --,Philips,Phillips Lighting (5831),,
PROD-0575,588566,588566 40W Led Med 55k 3pk,-- Unbranded --,Phillips Lighting,Light Bulbs > LED Light Bulbs,approved,0.91,588566,-- Unbranded --,-- No Unilog Brand --,Philips,Phillips Lighting (5831),,3
PROD-0576,565655,565655 25W Led A15 Med 20k,-- Unbranded --,Phillips Lighting,Lighting & Electrical Supplies,approved,0.91,565655,-- Unbranded --,-- No Unilog Brand --,Philips,Phillips Lighting (5831),,
PROD-0577,565812,565812 60W Med Led 50k,-- Unbranded --,Phillips Lighting,Lighting & Electrical Supplies,approved,0.91,565812,-- Unbranded --,-- No Unilog Brand --,Philips,Phillips Lighting (5831),,
PROD-0578,586917,586917 40W Led Cand 27K 2pk,-- Unbranded --,Phillips Lighting,Light Bulbs > LED Light Bulbs,approved,0.91,586917,-- Unbranded --,-- No Unilog Brand --,Philips,Phillips Lighting (5831),,2
PROD-0579,46719,49719 Wall Light Motion Wh,-- Unbranded --,Maxsa Innovations,Light Fixtures > Wall Sconces & Bath Lights,approved,0.92,46719,-- Unbranded --,-- No Unilog Brand --,-- No DIB Brand --,Maxsa Innovations (MAXIN),,
PROD-0580,59061BSL,59061BSL Kichler Ext Wall Lt,-- Unbranded --,Kichler Lighting,Light Fixtures > Wall Sconces & Bath Lights,approved,0.92,59061BSL,-- Unbranded --,-- No Unilog Brand --,-- No DIB Brand --,Kichler Lighting (KICLI),,
PROD-0581,59062BSL,59062BSL Kichler Ext Wall Lt,-- Unbranded --,Kichler Lighting,Light Fixtures > Wall Sconces & Bath Lights,approved,0.92,59062BSL,-- Unbranded --,-- No Unilog Brand --,-- No DIB Brand --,Kichler Lighting (KICLI),,
PROD-0582,59124BKT,59124BKT Kichler Ext Wall Lt,-- Unbranded --,Kichler Lighting,Light Fixtures > Wall Sconces & Bath Lights,approved,0.92,59124BKT,-- Unbranded --,-- No Unilog Brand --,-- No DIB Brand --,Kichler Lighting (KICLI),,
PROD-0583,59025BK,59025BK Kichler Post Lt,-- Unbranded --,Kichler Lighting,Lighting & Electrical Supplies,approved,0.91,59025BK,-- Unbranded --,-- No Unilog Brand --,-- No DIB Brand --,Kichler Lighting (KICLI),,
PROD-0584,DCL183,Dewalt DCL183 Light - Rechargeable,DEWALT,Black & Decker/dewlt,Lighting & Electrical Supplies > Light Bulbs,approved,0.96,DCL183,-- Unbranded --,-- No Unilog Brand --,DEWALT,Black & Decker/dewlt (2585),,
PROD-0585,73020,73020 Nano Clip Light Bk,-- Unbranded --,Streamlight,Lighting & Electrical Supplies > Light Bulbs,approved,0.91,73020,-- Unbranded --,-- No Unilog Brand --,-- No DIB Brand --,Streamlight (7277),,
PROD-0586,NEB-FLT-1021,NEBFLT1021 Slyde King FlashLt,-- Unbranded --,ACG Brands,Hardware & Industrial Supplies,needs_review,0.73,NEB-FLT-1021,-- Unbranded --,-- No Unilog Brand --,-- No DIB Brand --,ACG Brands (1154),,
PROD-0587,NEB-FLT-0053,NEBFLT0053 2600L Flash Light,-- Unbranded --,ACG Brands,Lighting & Electrical Supplies > Light Bulbs,approved,0.91,NEB-FLT-0053,-- Unbranded --,-- No Unilog Brand --,-- No DIB Brand --,ACG Brands (1154),,
PROD-0588,97708,97708 Police 800L Headlight,-- Unbranded --,Police Security,Lighting & Electrical Supplies,approved,0.91,97708,-- Unbranded --,-- No Unilog Brand --,Police Security,Police Security (9470),,
PROD-0589,WORK6000XLTPPLUG,6000L Twin Head Work Light,-- Unbranded --,Feit Electric,Lighting & Electrical Supplies > Light Bulbs,approved,0.91,WORK6000XLTPPLUG,-- Unbranded --,-- No Unilog Brand --,Feit Electric,Feit Electric (3468),,
PROD-0590,HOM2040M200PRB,HOM2040M200PRB 200A Load Cntr,-- Unbranded --,Square D Con Prod Dv,Hardware & Industrial Supplies,needs_review,0.73,HOM2040M200PRB,-- Unbranded --,-- No Unilog Brand --,-- No DIB Brand --,Square D Con Prod Dv (6825),,
PROD-0591,HOM3060L225PGC,HOM3060L225PGC 225 Load Center,-- Unbranded --,Square D Con Prod Dv,Hardware & Industrial Supplies,needs_review,0.73,HOM3060L225PGC,-- Unbranded --,-- No Unilog Brand --,Square D,Square D Con Prod Dv (6825),,
PROD-0592,QO612L100RBCP,QO612L100RBCP 100A Load Center,-- Unbranded --,Square D Con Prod Dv,Hardware & Industrial Supplies,needs_review,0.73,QO612L100RBCP,-- Unbranded --,-- No Unilog Brand --,Square D,Square D Con Prod Dv (6825),,
PROD-0593,13093005,4/0 Aluminum Entrance Cable (Linear Foot),-- Unbranded --,Southwire/g Turner,Electrical Boxes & Wiring > Electrical Wire & Cable,approved,0.91,13093005,-- Unbranded --,-- No Unilog Brand --,-- No DIB Brand --,Southwire/g Turner (6603),,
PROD-0594,12-4 SO,12-4 SO Cord (Linear Foot),-- Unbranded --,-,Electrical Boxes & Wiring > Electrical Wire & Cable,approved,0.85,12-4 SO,-- Unbranded --,-- No Unilog Brand --,-- No DIB Brand --,-,,
PROD-0595,96263-46-06,96263-46-06 CAT5E Wire (Linear Foot),-- Unbranded --,Woods Wire Southwire,Hardware & Industrial Supplies,needs_review,0.73,96263-46-06,-- Unbranded --,-- No Unilog Brand --,-- No DIB Brand --,Woods Wire Southwire (7579),,
PROD-0596,R50003-ID,16-2 Stranded Wire CL3 500' (Linear Foot),-- Unbranded --,Southwire/g Turner,Electrical Boxes & Wiring > Electrical Wire & Cable,approved,0.91,R50003-ID,-- Unbranded --,-- No Unilog Brand --,-- No DIB Brand --,Southwire/g Turner (6603),,
PROD-0597,10-4 SO,10-4 SO Cord (Linear Foot),-- Unbranded --,Southwire/g Turner,Electrical Boxes & Wiring > Electrical Wire & Cable,approved,0.91,10-4 SO,-- Unbranded --,-- No Unilog Brand --,-- No DIB Brand --,Southwire/g Turner (6603),,
PROD-0598,23346-0408,23346-0408 Wire 16/3 SJEWA 250 (Linear Foot),-- Unbranded --,-,Hardware & Industrial Supplies,needs_review,0.67,23346-0408,-- Unbranded --,-- No Unilog Brand --,-- No DIB Brand --,-,,
PROD-0599,2/2/4 UD ALUM,2/2/4 UD Aluminum Triplex Wire (Linear Foot),-- Unbranded --,Southwire/g Turner,Hardware & Industrial Supplies,needs_review,0.73,2/2/4 UD ALUM,-- Unbranded --,-- No Unilog Brand --,-- No DIB Brand --,Southwire/g Turner (6603),,
PROD-0600,55418901,6/6/6 UD Triplex Aluminum Wire,-- Unbranded --,Southwire/g Turner,Hardware & Industrial Supplies,needs_review,0.73,55418901,-- Unbranded --,-- No Unilog Brand --,-- No DIB Brand --,Southwire/g Turner (6603),,
PROD-0601,CG50K,"CG50K 1/2"" Cord Grip Kit",-- Unbranded --,Fenton Bros Electric Inc,Lighting & Electrical Supplies > Electrical Boxes & Wiring,approved,0.91,CG50K,-- Unbranded --,-- No Unilog Brand --,-- No DIB Brand --,Fenton Bros Electric Inc (FENBR),1/2 in,
PROD-0602,R02-D215P-1RW,R02D215P1RW 15A Mini Outlet Wh,-- Unbranded --,Leviton Mfg Co,Hardware & Industrial Supplies,needs_review,0.73,R02-D215P-1RW,-- Unbranded --,-- No Unilog Brand --,Leviton,Leviton Mfg Co (4927),,
PROD-0603,PBUC013,PBUC013 15A Wall Tap w/USB,-- Unbranded --,Prime Wire & Cable,Electrical Boxes & Wiring > Electrical Wire & Cable,approved,0.91,PBUC013,-- Unbranded --,-- No Unilog Brand --,Prime,Prime Wire & Cable (3562),,
PROD-0604,R00-GFNT1-00K,R00GFNT100K 15A Outlet Br,-- Unbranded --,Leviton Mfg Co,Hardware & Industrial Supplies,needs_review,0.73,R00-GFNT1-00K,-- Unbranded --,-- No Unilog Brand --,Leviton,Leviton Mfg Co (4927),,
PROD-0605,R92-GFWT1-0KW,R92GFWT10KW 15A GFCI Outlet Wh,-- Unbranded --,Leviton Mfg Co,Lighting & Electrical Supplies > Electrical Boxes & Wiring,approved,0.91,R92-GFWT1-0KW,-- Unbranded --,-- No Unilog Brand --,Leviton,Leviton Mfg Co (4927),,
PROD-0606,R12-AGTR1-0KW,R12AGTR10KW 15A GFCI Outler Wh,-- Unbranded --,Leviton Mfg Co,Hardware & Industrial Supplies,needs_review,0.73,R12-AGTR1-0KW,-- Unbranded --,-- No Unilog Brand --,Leviton,Leviton Mfg Co (4927),,
PROD-0607,R62-GFTA1-0KW,R92GFTA10KW 15A GFCI Outlet Wh,-- Unbranded --,Leviton Mfg Co,Lighting & Electrical Supplies > Electrical Boxes & Wiring,approved,0.91,R62-GFTA1-0KW,-- Unbranded --,-- No Unilog Brand --,Leviton,Leviton Mfg Co (4927),,
PROD-0608,165-04729-00C,1650472900C 15A 125V Cord Conn,-- Unbranded --,Leviton Mfg Co,Hardware & Industrial Supplies,needs_review,0.73,165-04729-00C,-- Unbranded --,-- No Unilog Brand --,Leviton,Leviton Mfg Co (4927),,
PROD-0609,161-04720-00C,1610472000C 15A 125V Cord Conn,-- Unbranded --,Leviton Mfg Co,Hardware & Industrial Supplies,needs_review,0.73,161-04720-00C,-- Unbranded --,-- No Unilog Brand --,Leviton,Leviton Mfg Co (4927),,
PROD-0610,R02-GUAC1-0BW,R02GUAC10BW 15A/USB Outlet Wh,-- Unbranded --,Leviton Mfg Co,Hardware & Industrial Supplies,needs_review,0.73,R02-GUAC1-0BW,-- Unbranded --,-- No Unilog Brand --,Leviton,Leviton Mfg Co (4927),,
PROD-0611,R56-CBR15-00T,R56CBR1500T 15A Outlet LA,-- Unbranded --,Leviton Mfg Co,Lighting & Electrical Supplies > Electrical Boxes & Wiring,approved,0.91,R56-CBR15-00T,-- Unbranded --,-- No Unilog Brand --,Leviton,Leviton Mfg Co (4927),,
PROD-0612,R20-05378-P00,R2005378P00 6-50R Welder Outet,-- Unbranded --,Leviton Mfg Co,Hardware & Industrial Supplies,needs_review,0.73,R20-05378-P00,-- Unbranded --,-- No Unilog Brand --,Leviton,Leviton Mfg Co (4927),,
PROD-0613,WC1V12W-SG-UPC,WC1V12WSGUPC 1G Cover Wh,-- Unbranded --,Southwire/g Turner,Hardware & Industrial Supplies,needs_review,0.73,WC1V12W-SG-UPC,-- Unbranded --,-- No Unilog Brand --,Southwire,Southwire/g Turner (6603),,
PROD-0614,R51-GSRA1-THD,R5GSRA1THD 15A GFCI Plug,-- Unbranded --,Leviton Mfg Co,Hardware & Industrial Supplies,needs_review,0.73,R51-GSRA1-THD,-- Unbranded --,-- No Unilog Brand --,Leviton,Leviton Mfg Co (4927),,
PROD-0615,R62-CBR15-00W,R62CBR1500W 15A Outlet Wh,-- Unbranded --,Leviton Mfg Co,Hardware & Industrial Supplies,needs_review,0.73,R62-CBR15-00W,-- Unbranded --,-- No Unilog Brand --,Leviton,Leviton Mfg Co (4927),,
PROD-0616,S03-05226-IS,S0305226IS IV Switch / Pilot,-- Unbranded --,Leviton Mfg Co,Hardware & Industrial Supplies,needs_review,0.73,S03-05226-IS,-- Unbranded --,-- No Unilog Brand --,Leviton,Leviton Mfg Co (4927),,
PROD-0617,174-0CSB3-15W,174-OCSB3-15A Toggle 3-Way Switch Wh,-- Unbranded --,Leviton Mfg Co,Hardware & Industrial Supplies,needs_review,0.73,174-0CSB3-15W,-- Unbranded --,-- No Unilog Brand --,-- No DIB Brand --,Leviton Mfg Co (4927),,
PROD-0618,R50-0SL13-000,T50-0SL13000 1G Wallplate SS - Blank,-- Unbranded --,Leviton Mfg Co,Hardware & Industrial Supplies,needs_review,0.73,R50-0SL13-000,-- Unbranded --,-- No Unilog Brand --,Leviton,Leviton Mfg Co (4927),,
PROD-0619,R52-0PJ13-00W,R520PJ1300W 1G Wallplate Wh - Blank,-- Unbranded --,Leviton Mfg Co,Hardware & Industrial Supplies,needs_review,0.73,R52-0PJ13-00W,-- Unbranded --,-- No Unilog Brand --,Leviton,Leviton Mfg Co (4927),,
PROD-0620,XOU2470BCGS,XOU2470BCGS Tall Beverage Center SS,GE,Appliance Dealers Cooperative,"Cleaning & Laundry Appliances > Washers, Dryers & Laundry Centers",approved,0.96,XOU2470BCGS,-- Unbranded --,-- No Unilog Brand --,-- No DIB Brand --,Appliance Dealers Cooperative (APPDE),,
PROD-0621,XOU24BCGSR,XOU24BCGSR Beverage Center SS,GE,Appliance Dealers Cooperative,"Cleaning & Laundry Appliances > Washers, Dryers & Laundry Centers",approved,0.96,XOU24BCGSR,-- Unbranded --,-- No Unilog Brand --,-- No DIB Brand --,Appliance Dealers Cooperative (APPDE),,
PROD-0622,XOU24WDZGBR,XOU24WDZGBR Beverage Center Bk,GE,Appliance Dealers Cooperative,"Cleaning & Laundry Appliances > Washers, Dryers & Laundry Centers",approved,0.96,XOU24WDZGBR,-- Unbranded --,-- No Unilog Brand --,-- No DIB Brand --,Appliance Dealers Cooperative (APPDE),,
PROD-0623,C7CDAAS3PD3,C7CDAAS3PD3 Café Drip Coffee Maker MB,-- Unbranded --,Appliance Dealers Cooperative,"Cleaning & Laundry Appliances > Washers, Dryers & Laundry Centers",approved,0.91,C7CDAAS3PD3,-- Unbranded --,-- No Unilog Brand --,-- No DIB Brand --,Appliance Dealers Cooperative (APPDE),,
PROD-0624,C7CDAAS4PW3,C7CDAAS4PW3 Café Drip Coffee Maker MW,-- Unbranded --,Appliance Dealers Cooperative,"Cleaning & Laundry Appliances > Washers, Dryers & Laundry Centers",approved,0.91,C7CDAAS4PW3,-- Unbranded --,-- No Unilog Brand --,-- No DIB Brand --,Appliance Dealers Cooperative (APPDE),,
PROD-0625,C7CDABS2RS3,C7CDABS2RS3 Cafe Coffee Maker,-- Unbranded --,Appliance Dealers Cooperative,"Cleaning & Laundry Appliances > Washers, Dryers & Laundry Centers",approved,0.91,C7CDABS2RS3,-- Unbranded --,-- No Unilog Brand --,-- No DIB Brand --,Appliance Dealers Cooperative (APPDE),,
PROD-0626,C7CDABS3RD3,C7CDABS3RD3 Café Coffee Maker MB,-- Unbranded --,Appliance Dealers Cooperative,"Cleaning & Laundry Appliances > Washers, Dryers & Laundry Centers",approved,0.91,C7CDABS3RD3,-- Unbranded --,-- No Unilog Brand --,-- No DIB Brand --,Appliance Dealers Cooperative (APPDE),,
PROD-0627,C7CDABS4RW3,C7CDABS4RW3 Café Coffee Maker MW,-- Unbranded --,Appliance Dealers Cooperative,"Cleaning & Laundry Appliances > Washers, Dryers & Laundry Centers",approved,0.91,C7CDABS4RW3,-- Unbranded --,-- No Unilog Brand --,-- No DIB Brand --,Appliance Dealers Cooperative (APPDE),,
PROD-0628,C7CEBBS2RS3,C7CEBBS2RS3 Cafe Auto Espresso Machine SS,-- Unbranded --,Appliance Dealers Cooperative,"Cleaning & Laundry Appliances > Washers, Dryers & Laundry Centers",approved,0.91,C7CEBBS2RS3,-- Unbranded --,-- No Unilog Brand --,-- No DIB Brand --,Appliance Dealers Cooperative (APPDE),,
PROD-0629,C7CEBBS4RW3,C7CEBBS4RW3 Café Auto Espresso Machine Wh,-- Unbranded --,Appliance Dealers Cooperative,"Cleaning & Laundry Appliances > Washers, Dryers & Laundry Centers",approved,0.91,C7CEBBS4RW3,-- Unbranded --,-- No Unilog Brand --,-- No DIB Brand --,Appliance Dealers Cooperative (APPDE),,
PROD-0630,C7CESAS2RS3,C7CESAS2RS3 Café Espresso SS,-- Unbranded --,Appliance Dealers Cooperative,"Cleaning & Laundry Appliances > Washers, Dryers & Laundry Centers",approved,0.91,C7CESAS2RS3,-- Unbranded --,-- No Unilog Brand --,-- No DIB Brand --,Appliance Dealers Cooperative (APPDE),,
PROD-0631,C7CESAS3RD3,C7CESAS3RD3 Café Espresso Machine MB,-- Unbranded --,Appliance Dealers Cooperative,"Cleaning & Laundry Appliances > Washers, Dryers & Laundry Centers",approved,0.91,C7CESAS3RD3,-- Unbranded --,-- No Unilog Brand --,-- No DIB Brand --,Appliance Dealers Cooperative (APPDE),,
PROD-0632,C7CESAS4RW3,C7CESAS4RW3 Cafe Espresso Wh,-- Unbranded --,Appliance Dealers Cooperative,"Cleaning & Laundry Appliances > Washers, Dryers & Laundry Centers",approved,0.91,C7CESAS4RW3,-- Unbranded --,-- No Unilog Brand --,-- No DIB Brand --,Appliance Dealers Cooperative (APPDE),,
PROD-0633,WOSP30100SS,WOSP30100SS Beko Wall Oven SS,-- Unbranded --,Appliance Dealers Cooperative,"Cleaning & Laundry Appliances > Washers, Dryers & Laundry Centers",approved,0.91,WOSP30100SS,-- Unbranded --,-- No Unilog Brand --,-- No DIB Brand --,Appliance Dealers Cooperative (APPDE),,
PROD-0634,MSER2090S,MSER2090S LG Microwave SS,LG,Appliance Dealers Cooperative,Kitchen Appliances & Cooking > Microwaves & Ranges,approved,0.97,MSER2090S,-- Unbranded --,-- No Unilog Brand --,-- No DIB Brand --,Appliance Dealers Cooperative (APPDE),,
PROD-0635,GCST16S1WSS,GCST16S1WSS GE Microwave SS,GE,Appliance Dealers Cooperative,Kitchen Appliances & Cooking > Microwaves & Ranges,approved,0.97,GCST16S1WSS,-- Unbranded --,-- No Unilog Brand --,-- No DIB Brand --,Appliance Dealers Cooperative (APPDE),,
PROD-0636,PCWK15C1WSS,PCWK15C1WSS GE Microwave,GE,Appliance Dealers Cooperative,Kitchen Appliances & Cooking > Microwaves & Ranges,approved,0.97,PCWK15C1WSS,-- Unbranded --,-- No Unilog Brand --,-- No DIB Brand --,Appliance Dealers Cooperative (APPDE),,
PROD-0637,SMC2266KS,SMC2266KS Microwave SS Display Only,-- Unbranded --,Appliance Dealers Cooperative,Kitchen Appliances & Cooking > Microwaves & Ranges,approved,0.92,SMC2266KS,-- Unbranded --,-- No Unilog Brand --,-- No DIB Brand --,Appliance Dealers Cooperative (APPDE),,
PROD-0638,SMD2479JS,SMD2479JS Microwave Drawer SS Display Only,-- Unbranded --,Appliance Dealers Cooperative,Kitchen Appliances & Cooking > Microwaves & Ranges,approved,0.92,SMD2479JS,-- Unbranded --,-- No Unilog Brand --,-- No DIB Brand --,Appliance Dealers Cooperative (APPDE),,
PROD-0639,PEP9030DTBB,"PEP9030DTBB 30"" GE Cooktop Bk",GE,Appliance Dealers Cooperative,Cleaning & Laundry Appliances > Built-In Dishwashers,approved,0.96,PEP9030DTBB,-- Unbranded --,-- No Unilog Brand --,-- No DIB Brand --,Appliance Dealers Cooperative (APPDE),30 in,
PROD-0640,CES700P3MD1,"CES700P3MD1 Cafe 30"" Range Bk - Display",3M,Appliance Dealers Cooperative,"Cleaning & Laundry Appliances > Washers, Dryers & Laundry Centers",approved,0.96,CES700P3MD1,-- Unbranded --,-- No Unilog Brand --,-- No DIB Brand --,Appliance Dealers Cooperative (APPDE),30 in,
PROD-0641,PS960YPFS,"PS960YPFS 30"" GE Electric Range SS - Display Only",GE,Appliance Dealers Cooperative,Home Appliances > Kitchen Appliances & Cooking,approved,0.96,PS960YPFS,-- Unbranded --,-- No Unilog Brand --,-- No DIB Brand --,Appliance Dealers Cooperative (APPDE),30 in,
PROD-0642,PB900YVFS,"PB900YVFS Elect 30"" Range SS",GE,Appliance Dealers Cooperative,"Cleaning & Laundry Appliances > Washers, Dryers & Laundry Centers",approved,0.96,PB900YVFS,-- Unbranded --,-- No Unilog Brand --,-- No DIB Brand --,Appliance Dealers Cooperative (APPDE),30 in,
PROD-0643,PCFE3080AF,"PCFE3080AF 30"" Elect Range SS - Display Only",GE,Appliance Dealers Cooperative,Home Appliances > Kitchen Appliances & Cooking,approved,0.96,PCFE3080AF,-- Unbranded --,-- No Unilog Brand --,-- No DIB Brand --,Appliance Dealers Cooperative (APPDE),30 in,
PROD-0644,SLER30524SS,"SLER30524SS 30"" Elect Range SS",GE,Appliance Dealers Cooperative,"Cleaning & Laundry Appliances > Washers, Dryers & Laundry Centers",approved,0.96,SLER30524SS,-- Unbranded --,-- No Unilog Brand --,-- No DIB Brand --,Appliance Dealers Cooperative (APPDE),30 in,
PROD-0645,LSEL6333ZE,"LSEL6333ZE LG 30"" Elec Range BS-Display Only",GE,Appliance Dealers Cooperative,Home Appliances > Kitchen Appliances & Cooking,approved,0.96,LSEL6333ZE,-- Unbranded --,-- No Unilog Brand --,-- No DIB Brand --,Appliance Dealers Cooperative (APPDE),30 in,
PROD-0646,KSES530SBE,"KSES530SBE 30"" Elect Range BO Display Only",GE,Appliance Dealers Cooperative,Home Appliances > Kitchen Appliances & Cooking,approved,0.96,KSES530SBE,-- Unbranded --,-- No Unilog Brand --,-- No DIB Brand --,Appliance Dealers Cooperative (APPDE),30 in,
PROD-0647,GCFG3661AF,"GCFG3661AF 36"" Frigidaire Gas Range SS",GE,Appliance Dealers Cooperative,Home Appliances > Kitchen Appliances & Cooking,approved,0.96,GCFG3661AF,-- Unbranded --,-- No Unilog Brand --,-- No DIB Brand --,Appliance Dealers Cooperative (APPDE),36 in,
PROD-0648,WSGS7530RZ,"WSGS7530RZ 30"" Gas Range SS - Display Only",GE,Appliance Dealers Cooperative,"Cleaning & Laundry Appliances > Washers, Dryers & Laundry Centers",approved,0.96,WSGS7530RZ,-- Unbranded --,-- No Unilog Brand --,-- No DIB Brand --,Appliance Dealers Cooperative (APPDE),30 in,
PROD-0649,CHP90301TBB,CHP90301TBB Café Cooktop Bk,-- Unbranded --,Appliance Dealers Cooperative,Cleaning & Laundry Appliances > Built-In Dishwashers,approved,0.91,CHP90301TBB,-- Unbranded --,-- No Unilog Brand --,-- No DIB Brand --,Appliance Dealers Cooperative (APPDE),,
PROD-0650,CVM517P3RD1,CVM517P3RD1 Cafe Microwave Bk - Display,-- Unbranded --,Appliance Dealers Cooperative,Kitchen Appliances & Cooking > Microwaves & Ranges,approved,0.92,CVM517P3RD1,-- Unbranded --,-- No Unilog Brand --,-- No DIB Brand --,Appliance Dealers Cooperative (APPDE),,
PROD-0651,PMOS1980AF,PMOS1980AF OTR Microwave SS - Display Only,-- Unbranded --,Appliance Dealers Cooperative,Kitchen Appliances & Cooking > Microwaves & Ranges,approved,0.92,PMOS1980AF,-- Unbranded --,-- No Unilog Brand --,-- No DIB Brand --,Appliance Dealers Cooperative (APPDE),,
PROD-0652,WMMS3330RZ,WMMS3330RZ OTR Mocrowave SS - Display Only,-- Unbranded --,Appliance Dealers Cooperative,Kitchen Appliances & Cooking > Microwaves & Ranges,approved,0.91,WMMS3330RZ,-- Unbranded --,-- No Unilog Brand --,-- No DIB Brand --,Appliance Dealers Cooperative (APPDE),,
PROD-0653,KMMF530PBE,KMMF530PBE OTR Microwave BO Display Only,-- Unbranded --,Appliance Dealers Cooperative,Kitchen Appliances & Cooking > Microwaves & Ranges,approved,0.92,KMMF530PBE,-- Unbranded --,-- No Unilog Brand --,-- No DIB Brand --,Appliance Dealers Cooperative (APPDE),,
PROD-0654,JXGRILL1,JXGRILL1 GE Range Grill,GE,Appliance Dealers Cooperative,Home Appliances > Kitchen Appliances & Cooking,approved,0.96,JXGRILL1,-- Unbranded --,-- No Unilog Brand --,-- No DIB Brand --,Appliance Dealers Cooperative (APPDE),,
PROD-0655,C9TMA2S3PD3,C9TMA2S3PD3 Café Toaster MB,-- Unbranded --,Appliance Dealers Cooperative,"Cleaning & Laundry Appliances > Washers, Dryers & Laundry Centers",approved,0.91,C9TMA2S3PD3,-- Unbranded --,-- No Unilog Brand --,-- No DIB Brand --,Appliance Dealers Cooperative (APPDE),,
PROD-0656,C9TMA2S4PW3,C9TMA2S4PW3 Café Toaster MW,-- Unbranded --,Appliance Dealers Cooperative,"Cleaning & Laundry Appliances > Washers, Dryers & Laundry Centers",approved,0.91,C9TMA2S4PW3,-- Unbranded --,-- No Unilog Brand --,-- No DIB Brand --,Appliance Dealers Cooperative (APPDE),,
PROD-0657,C90AAAS2RS3,C90AAAS2RS3 Cafe Toast Oven SS,-- Unbranded --,Appliance Dealers Cooperative,"Cleaning & Laundry Appliances > Washers, Dryers & Laundry Centers",approved,0.91,C90AAAS2RS3,-- Unbranded --,-- No Unilog Brand --,-- No DIB Brand --,Appliance Dealers Cooperative (APPDE),,
PROD-0658,C9TMA2SP2PS3,C9TMA2S2PS3 Cafe Toaster SS,-- Unbranded --,Appliance Dealers Cooperative,"Cleaning & Laundry Appliances > Washers, Dryers & Laundry Centers",approved,0.91,C9TMA2SP2PS3,-- Unbranded --,-- No Unilog Brand --,-- No DIB Brand --,Appliance Dealers Cooperative (APPDE),,
PROD-0659,GDE21EMKES,GDE21EMKES GE 21CF Fridge SL Display Only,GE,Appliance Dealers Cooperative,Kitchen Appliances & Cooking > Microwaves & Ranges,approved,0.96,GDE21EMKES,-- Unbranded --,-- No Unilog Brand --,-- No DIB Brand --,Appliance Dealers Cooperative (APPDE),,
PROD-0660,FCM16SLWW,FCM16SLWW 16CF GE Freezer Chest MH,GE,Appliance Dealers Cooperative,"Cleaning & Laundry Appliances > Washers, Dryers & Laundry Centers",approved,0.96,FCM16SLWW,-- Unbranded --,-- No Unilog Brand --,-- No DIB Brand --,Appliance Dealers Cooperative (APPDE),,
PROD-0661,GNE27JYMFS,GNE27JYMFS GE Fridge SS,GE,Appliance Dealers Cooperative,Kitchen Appliances & Cooking > Microwaves & Ranges,approved,0.96,GNE27JYMFS,-- Unbranded --,-- No Unilog Brand --,-- No DIB Brand --,Appliance Dealers Cooperative (APPDE),,
PROD-0662,CVE28DP3ND1,CVE28DP3ND1 Cafe Fridge Bk,GE,Appliance Dealers Cooperative,Kitchen Appliances & Cooking > Microwaves & Ranges,approved,0.96,CVE28DP3ND1,-- Unbranded --,-- No Unilog Brand --,-- No DIB Brand --,Appliance Dealers Cooperative (APPDE),,
PROD-0663,GNE25JMKES,GNE25JMKES GE Fridge Slate - Display,GE,Appliance Dealers Cooperative,Kitchen Appliances & Cooking > Microwaves & Ranges,approved,0.96,GNE25JMKES,-- Unbranded --,-- No Unilog Brand --,-- No DIB Brand --,Appliance Dealers Cooperative (APPDE),,
PROD-0664,PRFS2883AF,"PRFS2883AF 36"" Fridge SS - Display Only",GE,Appliance Dealers Cooperative,Kitchen Appliances & Cooking > Microwaves & Ranges,approved,0.96,PRFS2883AF,-- Unbranded --,-- No Unilog Brand --,-- No DIB Brand --,Appliance Dealers Cooperative (APPDE),36 in,
PROD-0665,PAD28BYTFS,PAD28BYTFS GE Fridge SS,GE,Appliance Dealers Cooperative,Kitchen Appliances & Cooking > Microwaves & Ranges,approved,0.96,PAD28BYTFS,-- Unbranded --,-- No Unilog Brand --,-- No DIB Brand --,Appliance Dealers Cooperative (APPDE),,
PROD-0666,PGE29BYTFS,PGE29BYTFS GE Fridge SS,GE,Appliance Dealers Cooperative,Kitchen Appliances & Cooking > Microwaves & Ranges,approved,0.96,PGE29BYTFS,-- Unbranded --,-- No Unilog Brand --,-- No DIB Brand --,Appliance Dealers Cooperative (APPDE),,
PROD-0667,ERFD19CGCS,ERFD19CGCS Element Fridge SS,GE,Appliance Dealers Cooperative,Kitchen Appliances & Cooking > Microwaves & Ranges,approved,0.96,ERFD19CGCS,-- Unbranded --,-- No Unilog Brand --,-- No DIB Brand --,Appliance Dealers Cooperative (APPDE),,
PROD-0668,LT18S2100W,LT18S2100W LG Fridge Wh,GE,Appliance Dealers Cooperative,Kitchen Appliances & Cooking > Microwaves & Ranges,approved,0.96,LT18S2100W,-- Unbranded --,-- No Unilog Brand --,-- No DIB Brand --,Appliance Dealers Cooperative (APPDE),,
PROD-0669,LT18S2100SS,LT18S2100S 18CF LG Fridge SS,GE,Appliance Dealers Cooperative,Kitchen Appliances & Cooking > Microwaves & Ranges,approved,0.96,LT18S2100SS,-- Unbranded --,-- No Unilog Brand --,-- No DIB Brand --,Appliance Dealers Cooperative (APPDE),,
PROD-0670,EUF17CDBW,EUF17CDBW Element 17CF Freezer - Upright,-- Unbranded --,Appliance Dealers Cooperative,"Cleaning & Laundry Appliances > Washers, Dryers & Laundry Centers",approved,0.91,EUF17CDBW,-- Unbranded --,-- No Unilog Brand --,-- No DIB Brand --,Appliance Dealers Cooperative (APPDE),,
PROD-0671,EUF21CDBW,EUF21CDBW Element 21CF Freezer - Upright,-- Unbranded --,Appliance Dealers Cooperative,"Cleaning & Laundry Appliances > Washers, Dryers & Laundry Centers",approved,0.91,EUF21CDBW,-- Unbranded --,-- No Unilog Brand --,-- No DIB Brand --,Appliance Dealers Cooperative (APPDE),,
PROD-0672,TP-1935,TP-1935 Hole Drilling System,-- Unbranded --,-,Drills & Drivers > Impact Drivers & Nailers,approved,0.85,TP-1935,-- Unbranded --,-- No Unilog Brand --,-- No DIB Brand --,-,,
PROD-0673,K527APBXR,"K527APBXR Senco .131x3"" SM BB - 500CT",-- Unbranded --,Senco Products Inc,Hardware & Industrial Supplies,needs_review,0.73,K527APBXR,-- Unbranded --,-- No Unilog Brand --,-- No DIB Brand --,Senco Products Inc (4650),3 in,
PROD-0674,603150,"603150 2-1/2"" Finish Nail 15GA - 4M",-- Unbranded --,National Nail Corp,Hardware & Industrial Supplies,needs_review,0.73,603150,-- Unbranded --,-- No Unilog Brand --,-- No DIB Brand --,National Nail Corp (7439),2-1/2 in,
PROD-0675,d10cnk,"D10CNK Prebena 1/2""x3/8"" - Staple",-- Unbranded --,Prebena,Hardware & Industrial Supplies,needs_review,0.73,d10cnk,-- Unbranded --,-- No Unilog Brand --,-- No DIB Brand --,Prebena (PREBE),1/2 in x 3/8 in,
PROD-0676,e28cnkha,"E28CNKHA Prebena 2/4""x1 1/8"" - Staple",-- Unbranded --,Prebena,Hardware & Industrial Supplies,needs_review,0.73,e28cnkha,-- Unbranded --,-- No Unilog Brand --,-- No DIB Brand --,Prebena (PREBE),2/4 in x 1 1/8 in,
PROD-0677,51334,"51334 44"" Wh Gilmour Fan",-- Unbranded --,Hunter Fan Co,Hardware & Industrial Supplies,needs_review,0.73,51334,-- Unbranded --,-- No Unilog Brand --,-- No DIB Brand --,Hunter Fan Co (4381),44 in,
PROD-0678,59210,"59210 52"" BZ Sent Hunter Fan",Hunter,Hunter Fan Co,Hardware & Industrial Supplies,needs_review,0.78,59210,-- Unbranded --,-- No Unilog Brand --,Hunter,Hunter Fan Co (4381),52 in,
PROD-0679,52485,"52485 52"" MB Anisten Fan",-- Unbranded --,Hunter Fan Co,Hardware & Industrial Supplies,needs_review,0.73,52485,-- Unbranded --,-- No Unilog Brand --,-- No DIB Brand --,Hunter Fan Co (4381),52 in,
PROD-0680,52486,"52486 44"" MB Anisten Fan",-- Unbranded --,Hunter Fan Co,Hardware & Industrial Supplies,needs_review,0.73,52486,-- Unbranded --,-- No Unilog Brand --,-- No DIB Brand --,Hunter Fan Co (4381),44 in,
PROD-0681,52487,"52487 52"" WH Anisten Fan",-- Unbranded --,Hunter Fan Co,Hardware & Industrial Supplies,needs_review,0.73,52487,-- Unbranded --,-- No Unilog Brand --,-- No DIB Brand --,Hunter Fan Co (4381),52 in,
PROD-0682,52488,"52488 44"" WH Anisten Fan",-- Unbranded --,Hunter Fan Co,Hardware & Industrial Supplies,needs_review,0.73,52488,-- Unbranded --,-- No Unilog Brand --,-- No DIB Brand --,Hunter Fan Co (4381),44 in,
PROD-0683,52655,"52655 52"" MB Xidane Hunter Fan",Hunter,Hunter Fan Co,Hardware & Industrial Supplies,needs_review,0.78,52655,-- Unbranded --,-- No Unilog Brand --,-- No DIB Brand --,Hunter Fan Co (4381),52 in,
PROD-0684,59261,"59261 52"" PB Cassius Fan",-- Unbranded --,Hunter Fan Co,Hardware & Industrial Supplies,needs_review,0.73,59261,-- Unbranded --,-- No Unilog Brand --,-- No DIB Brand --,Hunter Fan Co (4381),52 in,
PROD-0685,51731,"51731 52"" MB Jetty Hunter Fan",Hunter,Hunter Fan Co,Hardware & Industrial Supplies,needs_review,0.78,51731,-- Unbranded --,-- No Unilog Brand --,-- No DIB Brand --,Hunter Fan Co (4381),52 in,
PROD-0686,XLC10ZW,XLC10ZW Makita 18V Cordless Vacuum (Bare),Makita,Makita Usa Inc,Tool Accessories & Attachments > Dust Extractors,approved,0.96,XLC10ZW,-- Unbranded --,-- No Unilog Brand --,-- No DIB Brand --,Makita Usa Inc (5142),,
PROD-0687,HS-DA,HS-DA Motion Driveway Alert,-- Unbranded --,Sabre,Cleaning & Laundry Appliances > Built-In Dishwashers,approved,0.91,HS-DA,-- Unbranded --,-- No Unilog Brand --,-- No DIB Brand --,Sabre (9195),,
PROD-0688,73002252,Black Gate Gravity Latch RDI,-- Unbranded --,-,Hardware & Industrial Supplies,needs_review,0.67,73002252,-- Unbranded --,-- No Unilog Brand --,-- No DIB Brand --,-,,
PROD-0689,48-22-8396R,48-22-8396R Milw 24oz Bottle - Insulated,-- Unbranded --,Milwaukee Accessory,Hardware & Industrial Supplies,needs_review,0.73,48-22-8396R,-- Unbranded --,-- No Unilog Brand --,-- No DIB Brand --,Milwaukee Accessory (4031),,
PROD-0690,48-22-8397R,48-22-8397R Milw 36oz Bottle - Insulated,-- Unbranded --,Milwaukee Accessory,Hardware & Industrial Supplies,needs_review,0.73,48-22-8397R,-- Unbranded --,-- No Unilog Brand --,-- No DIB Brand --,Milwaukee Accessory (4031),,
PROD-0691,DCGG581B,DCGG581B Dewalt 20V Grease Gun 2-Speed,DEWALT,Black & Decker/dewlt,Hardware & Industrial Supplies,needs_review,0.78,DCGG581B,-- Unbranded --,-- No Unilog Brand --,-- No DIB Brand --,Black & Decker/dewlt (2585),,
PROD-0692,DCGG581GD1,DCGG581GD1 Dewalt 20V Grease Gun 2-Speed Kit,DEWALT,Black & Decker/dewlt,Hardware & Industrial Supplies,needs_review,0.78,DCGG581GD1,-- Unbranded --,-- No Unilog Brand --,-- No DIB Brand --,Black & Decker/dewlt (2585),,
PROD-0693,DWST41092,"DWST41092 Dewalt Tool Chest 41"" Bottom",DEWALT,Black & Decker/dewlt,Tool Accessories & Attachments > Laser Levels,approved,0.96,DWST41092,-- Unbranded --,-- No Unilog Brand --,-- No DIB Brand --,Black & Decker/dewlt (2585),41 in,
PROD-0694,156436WHT,156436 Wh 4x4x120 Post Wrap,DSI Westbury,Palmer Donavin Mfg Company,Hardware & Industrial Supplies,needs_review,0.79,156436WHT,DSI Westbury,-- No Unilog Brand --,-- No DIB Brand --,Palmer Donavin Mfg Company (PALDO),,
PROD-0695,173950TBK,"4""x8'-6"" DSI SQ Black Alum Post Wrap",-- Unbranded --,Palmer Donavin Mfg Company,Hardware & Industrial Supplies,needs_review,0.73,173950TBK,-- Unbranded --,-- No Unilog Brand --,-- No DIB Brand --,Palmer Donavin Mfg Company (PALDO),4 in,
PROD-0696,173951TBK,"6""x8'-6"" DSI SQ Black Alum Post Wrap",-- Unbranded --,Palmer Donavin Mfg Company,Hardware & Industrial Supplies,needs_review,0.73,173951TBK,-- Unbranded --,-- No Unilog Brand --,-- No DIB Brand --,Palmer Donavin Mfg Company (PALDO),6 in,
PROD-0697,173952TBK,"6""x10' DSI SQ Black Alum Post Wrap",-- Unbranded --,Palmer Donavin Mfg Company,Hardware & Industrial Supplies,needs_review,0.73,173952TBK,-- Unbranded --,-- No Unilog Brand --,-- No DIB Brand --,Palmer Donavin Mfg Company (PALDO),6 in,
PROD-0698,1624157,TW52 WH INSIDE CAS VIN WRAPPED,ANDERSEN,-,Abrasive Discs & Wheels > Grinding Wheels,approved,0.91,1624157,ANDERSEN,-- No Unilog Brand --,-- No DIB Brand --,-,,
PROD-0699,40025,40025 TS-54 Wal-Board T-Square 009-008,-- Unbranded --,Marshalltown Trowel,Hardware & Industrial Supplies,needs_review,0.73,40025,-- Unbranded --,-- No Unilog Brand --,-- No DIB Brand --,Marshalltown Trowel (5155),,
PROD-0700,48-22-3301,48-22-3301 Milw Mechanical Pencil w/ Lead Pack,-- Unbranded --,Milwaukee Accessory,Hardware & Industrial Supplies,needs_review,0.73,48-22-3301,-- Unbranded --,-- No Unilog Brand --,-- No DIB Brand --,Milwaukee Accessory (4031),,
PROD-0701,48-22-3302,48-22-3302 Milw Mechanical Pencil Replacement Lead,-- Unbranded --,Milwaukee Accessory,Hardware & Industrial Supplies,needs_review,0.73,48-22-3302,-- Unbranded --,-- No Unilog Brand --,-- No DIB Brand --,Milwaukee Accessory (4031),,
PROD-0702,48-22-3303,48-22-3303 Milw Mechanical Pencil Replacement Lead-Color,-- Unbranded --,Milwaukee Accessory,Hardware & Industrial Supplies,needs_review,0.73,48-22-3303,-- Unbranded --,-- No Unilog Brand --,-- No DIB Brand --,Milwaukee Accessory (4031),,
PROD-0703,TSDKAP218-G2,TSDKAP218-G2 Edge Safety - Khor Black Frame Polarized,GE,Edge Eyewear Inc,Safety & Workwear,approved,0.97,TSDKAP218-G2,-- Unbranded --,-- No Unilog Brand --,-- No DIB Brand --,Edge Eyewear Inc (EDGSA),,
PROD-0704,XPAP418,XPAP418 Edge Safety Glasses - Pumori Black Frame,GE,Edge Eyewear Inc,Workwear & Safety Gear > Heated Workwear & Gear,approved,0.96,XPAP418,-- Unbranded --,-- No Unilog Brand --,-- No DIB Brand --,Edge Eyewear Inc (EDGSA),,
PROD-0705,XDAP419,XDAP419 Edge Safety Glasses - Dawson Black Frame Red Lenses,GE,Edge Eyewear Inc,Workwear & Safety Gear > Heated Workwear & Gear,approved,0.96,XDAP419,-- Unbranded --,-- No Unilog Brand --,-- No DIB Brand --,Edge Eyewear Inc (EDGSA),,
PROD-0706,XB11PCVS,XB11PCVS Edge Safety Glasses - Photochromic Lense,GE,Edge Eyewear Inc,Workwear & Safety Gear > Heated Workwear & Gear,approved,0.96,XB11PCVS,-- Unbranded --,-- No Unilog Brand --,-- No DIB Brand --,Edge Eyewear Inc (EDGSA),,
PROD-0707,KB121VS,KB121VS Edge Safety Glasses - Kabru Black Frame,GE,Edge Eyewear Inc,Workwear & Safety Gear > Heated Workwear & Gear,approved,0.96,KB121VS,-- Unbranded --,-- No Unilog Brand --,-- No DIB Brand --,Edge Eyewear Inc (EDGSA),,
PROD-0708,KB126VS,KB126VS Edge Safety Glasses - Kabru Black Frame,GE,Edge Eyewear Inc,Workwear & Safety Gear > Heated Workwear & Gear,approved,0.96,KB126VS,-- Unbranded --,-- No Unilog Brand --,-- No DIB Brand --,Edge Eyewear Inc (EDGSA),,
PROD-0709,TC121VS,TC121VS Edge Safety Glasses - Tacana Black Frame,GE,Edge Eyewear Inc,Workwear & Safety Gear > Heated Workwear & Gear,approved,0.96,TC121VS,-- Unbranded --,-- No Unilog Brand --,-- No DIB Brand --,Edge Eyewear Inc (EDGSA),,
PROD-0710,TC126VS,TC126VS Edge Safety Glasses - Tacana Black Frame,GE,Edge Eyewear Inc,Workwear & Safety Gear > Heated Workwear & Gear,approved,0.96,TC126VS,-- Unbranded --,-- No Unilog Brand --,-- No DIB Brand --,Edge Eyewear Inc (EDGSA),,
PROD-0711,MK113MPAP,MK113MPAP Edge Safety Glasses - Makalu Black Frame Polarized,3M,Edge Eyewear Inc,Workwear & Safety Gear > Heated Workwear & Gear,approved,0.96,MK113MPAP,-- Unbranded --,-- No Unilog Brand --,-- No DIB Brand --,Edge Eyewear Inc (EDGSA),,
PROD-0712,LS117MPAP,LS117MPAP Edge Safety Glasses - Lassen Black Frame Polarized,GE,Edge Eyewear Inc,Workwear & Safety Gear > Heated Workwear & Gear,approved,0.96,LS117MPAP,-- Unbranded --,-- No Unilog Brand --,-- No DIB Brand --,Edge Eyewear Inc (EDGSA),,
PROD-0713,FE-EFX-6L,FEEFX6L Lith Fire Extinguisher,-- Unbranded --,Ohio Firewatch Protection Inc,Hardware & Industrial Supplies,needs_review,0.73,FE-EFX-6L,-- Unbranded --,-- No Unilog Brand --,-- No DIB Brand --,Ohio Firewatch Protection Inc (HOLFS),,
PROD-0714,FE-EFX-9L,FEEFX9L Lith Fire Extinguisher,-- Unbranded --,Ohio Firewatch Protection Inc,Hardware & Industrial Supplies,needs_review,0.73,FE-EFX-9L,-- Unbranded --,-- No Unilog Brand --,-- No DIB Brand --,Ohio Firewatch Protection Inc (HOLFS),,
PROD-0715,1046793,1046793 Smoke & CO Alarm,-- Unbranded --,First Alert - B R K Brands,Hardware & Industrial Supplies,needs_review,0.73,1046793,-- Unbranded --,-- No Unilog Brand --,First Alert,First Alert - B R K Brands (2754),,
PROD-0716,1046870,1046870 Smoke & CO Alarm,-- Unbranded --,First Alert - B R K Brands,Hardware & Industrial Supplies,needs_review,0.73,1046870,-- Unbranded --,-- No Unilog Brand --,BRK,First Alert - B R K Brands (2754),,
PROD-0717,M701B-21L,M701B-21L Milw L Black Heated Work Glove Liners,-- Unbranded --,Milwaukee Accessory,Workwear & Safety Gear > Heated Workwear & Gear,approved,0.92,M701B-21L,-- Unbranded --,-- No Unilog Brand --,-- No DIB Brand --,Milwaukee Accessory (4031),,
PROD-0718,M701B-21M,M701B-21M Milw M Black Heated Work Glove Liners,-- Unbranded --,Milwaukee Accessory,Workwear & Safety Gear > Heated Workwear & Gear,approved,0.92,M701B-21M,-- Unbranded --,-- No Unilog Brand --,-- No DIB Brand --,Milwaukee Accessory (4031),,
PROD-0719,M701B-21S,M701B-21S Milw S Black Heated Work Glove Liners,-- Unbranded --,Milwaukee Accessory,Workwear & Safety Gear > Heated Workwear & Gear,approved,0.92,M701B-21S,-- Unbranded --,-- No Unilog Brand --,-- No DIB Brand --,Milwaukee Accessory (4031),,
PROD-0720,M701B-21XL,M701B-21XL Milw XL Black Heated Work Glove Liners,-- Unbranded --,Milwaukee Accessory,Workwear & Safety Gear > Heated Workwear & Gear,approved,0.92,M701B-21XL,-- Unbranded --,-- No Unilog Brand --,-- No DIB Brand --,Milwaukee Accessory (4031),,
PROD-0721,MWUG42010124,UTW Pro Heated Glove Blk XS,-- Unbranded --,Tech Gear 5.7 Inc,Safety & Workwear > Workwear & Safety Gear,approved,0.91,MWUG42010124,-- Unbranded --,-- No Unilog Brand --,-- No DIB Brand --,Tech Gear 5.7 Inc (TECGE),,
PROD-0722,MWUG42010224,UTW Pro Heated Glove Blk SM,-- Unbranded --,Tech Gear 5.7 Inc,Safety & Workwear > Workwear & Safety Gear,approved,0.91,MWUG42010224,-- Unbranded --,-- No Unilog Brand --,-- No DIB Brand --,Tech Gear 5.7 Inc (TECGE),,
PROD-0723,MWUG42010324,UTW Pro Heated Glove Blk MD,-- Unbranded --,Tech Gear 5.7 Inc,Safety & Workwear > Workwear & Safety Gear,approved,0.91,MWUG42010324,-- Unbranded --,-- No Unilog Brand --,-- No DIB Brand --,Tech Gear 5.7 Inc (TECGE),,
PROD-0724,MWUG42010424,UTW Pro Heated Glove Blk LG,LG,Tech Gear 5.7 Inc,Safety & Workwear > Workwear & Safety Gear,approved,0.96,MWUG42010424,-- Unbranded --,-- No Unilog Brand --,-- No DIB Brand --,Tech Gear 5.7 Inc (TECGE),,
PROD-0725,MWUG42010524,UTW Pro Heated Glove Blk XL,-- Unbranded --,Tech Gear 5.7 Inc,Safety & Workwear > Workwear & Safety Gear,approved,0.91,MWUG42010524,-- Unbranded --,-- No Unilog Brand --,-- No DIB Brand --,Tech Gear 5.7 Inc (TECGE),,
PROD-0726,MWUG42010624,UTW Pro Heated Glove Blk 2X,-- Unbranded --,Tech Gear 5.7 Inc,Safety & Workwear > Workwear & Safety Gear,approved,0.91,MWUG42010624,-- Unbranded --,-- No Unilog Brand --,-- No DIB Brand --,Tech Gear 5.7 Inc (TECGE),,
PROD-0727,MWUG36010225,MWUG36010225 BLK SM Aerial Snow Heated Glove,-- Unbranded --,Tech Gear 5.7 Inc,Safety & Workwear > Workwear & Safety Gear,approved,0.91,MWUG36010225,-- Unbranded --,-- No Unilog Brand --,-- No DIB Brand --,Tech Gear 5.7 Inc (TECGE),,
PROD-0728,MWUG36010325,MWUG36010325 BLK MD Aerial Snow Heated Glove,-- Unbranded --,Tech Gear 5.7 Inc,Safety & Workwear > Workwear & Safety Gear,approved,0.91,MWUG36010325,-- Unbranded --,-- No Unilog Brand --,-- No DIB Brand --,Tech Gear 5.7 Inc (TECGE),,
PROD-0729,MWUG36010425,MWUG36010425 BLK LG Aerial Snow Heated Glove,LG,Tech Gear 5.7 Inc,Safety & Workwear > Workwear & Safety Gear,approved,0.96,MWUG36010425,-- Unbranded --,-- No Unilog Brand --,-- No DIB Brand --,Tech Gear 5.7 Inc (TECGE),,
PROD-0730,MWUG36010525,MWUG36010525 BLK XL Aerial Snow Heated Glove,-- Unbranded --,Tech Gear 5.7 Inc,Safety & Workwear > Workwear & Safety Gear,approved,0.91,MWUG36010525,-- Unbranded --,-- No Unilog Brand --,-- No DIB Brand --,Tech Gear 5.7 Inc (TECGE),,
PROD-0731,MWUG36010625,MWUG36010625 BLK 2X Aerial Snow Heated Glove,-- Unbranded --,Tech Gear 5.7 Inc,Safety & Workwear > Workwear & Safety Gear,approved,0.91,MWUG36010625,-- Unbranded --,-- No Unilog Brand --,-- No DIB Brand --,Tech Gear 5.7 Inc (TECGE),,
PROD-0732,DPG15,DPG15 Dewalt AM/FM Hearing Protector,DEWALT,Radians,Hardware & Industrial Supplies,needs_review,0.78,DPG15,-- Unbranded --,-- No Unilog Brand --,-- No DIB Brand --,Radians (7363),,
PROD-0733,F200B-21L,F200B-21L Milw M12 Womens - BLK Heated Hoodie Kit L,-- Unbranded --,Milwaukee Accessory,Workwear & Safety Gear > Heated Workwear & Gear,approved,0.91,F200B-21L,-- Unbranded --,-- No Unilog Brand --,-- No DIB Brand --,Milwaukee Accessory (4031),,
PROD-0734,F200B-21M,F200B-21M Milw M12 Womens - BLK Heated Hoodie Kit M,-- Unbranded --,Milwaukee Accessory,Workwear & Safety Gear > Heated Workwear & Gear,approved,0.91,F200B-21M,-- Unbranded --,-- No Unilog Brand --,-- No DIB Brand --,Milwaukee Accessory (4031),,
PROD-0735,M200B-21L,M200B-21L Milw M12 BLK - Heated Hoodie Kit L,-- Unbranded --,Milwaukee Accessory,Workwear & Safety Gear > Heated Workwear & Gear,approved,0.91,M200B-21L,-- Unbranded --,-- No Unilog Brand --,-- No DIB Brand --,Milwaukee Accessory (4031),,
PROD-0736,M200B-21M,M200B-21M Milw M12 BLK - Heated Hoodie Kit M,-- Unbranded --,Milwaukee Accessory,Workwear & Safety Gear > Heated Workwear & Gear,approved,0.91,M200B-21M,-- Unbranded --,-- No Unilog Brand --,-- No DIB Brand --,Milwaukee Accessory (4031),,
PROD-0737,M200B-21XL,M200B-21XL Milw M12 BLK - Heated Hoodie Kit XL,-- Unbranded --,Milwaukee Accessory,Workwear & Safety Gear > Heated Workwear & Gear,approved,0.91,M200B-21XL,-- Unbranded --,-- No Unilog Brand --,-- No DIB Brand --,Milwaukee Accessory (4031),,
PROD-0738,M200G-21L,M200G-21L Milw M12 Gray - Heated Hoodie Kit L,-- Unbranded --,Milwaukee Accessory,Workwear & Safety Gear > Heated Workwear & Gear,approved,0.91,M200G-21L,-- Unbranded --,-- No Unilog Brand --,-- No DIB Brand --,Milwaukee Accessory (4031),,
PROD-0739,M200G-21M,M200G-21M Milw M12 Gray - Heated Hoodie Kit M,-- Unbranded --,Milwaukee Accessory,Workwear & Safety Gear > Heated Workwear & Gear,approved,0.91,M200G-21M,-- Unbranded --,-- No Unilog Brand --,-- No DIB Brand --,Milwaukee Accessory (4031),,
PROD-0740,M200G-21XL,M200G-21XL Milw M12 Gray - Heated Hoodie Kit XL,-- Unbranded --,Milwaukee Accessory,Workwear & Safety Gear > Heated Workwear & Gear,approved,0.91,M200G-21XL,-- Unbranded --,-- No Unilog Brand --,-- No DIB Brand --,Milwaukee Accessory (4031),,
PROD-0741,48-11-2330,48-11-2330 Milw Heated Gear Power Source,GE,Milwaukee Accessory,Workwear & Safety Gear > Heated Workwear & Gear,approved,0.96,48-11-2330,-- Unbranded --,-- No Unilog Brand --,-- No DIB Brand --,Milwaukee Accessory (4031),,
PROD-0742,DCBP250C,DCBP520C Dewalt Starter Kit,DEWALT,Black & Decker/dewlt,"Building, Decking & Railing Materials > Lumber & Structural Panels",approved,0.96,DCBP250C,-- Unbranded --,-- No Unilog Brand --,DEWALT,Black & Decker/dewlt (2585),,
PROD-0743,5328,5328 Lg. Leather Phone Holster - Clip-on,LG,-,Hardware & Industrial Supplies,needs_review,0.72,5328,-- Unbranded --,-- No Unilog Brand --,-- No DIB Brand --,-,,
PROD-0744,3200-20,3200-20 Milw Voltage Detector,GE,Milwaukee Accessory,Tool Accessories & Attachments > Saw & Tile Blades,approved,0.96,3200-20,-- Unbranded --,-- No Unilog Brand --,-- No DIB Brand --,Milwaukee Accessory (4031),,
PROD-0745,3202-20,3202-20 Milw Voltage Detector w/ LED,GE,Milwaukee Accessory,Tool Accessories & Attachments > Saw & Tile Blades,approved,0.96,3202-20,-- Unbranded --,-- No Unilog Brand --,-- No DIB Brand --,Milwaukee Accessory (4031),,
PROD-0746,3203-20,3203-20 Milw Dual Range Voltage Detector w/ LED,GE,Milwaukee Accessory,Hardware & Industrial Supplies,needs_review,0.78,3203-20,-- Unbranded --,-- No Unilog Brand --,-- No DIB Brand --,Milwaukee Accessory (4031),,
PROD-0747,BC-12300,"BC-12300 BigCal 12""/300mm",-- Unbranded --,Woodpeckers Inc,Hardware & Industrial Supplies,needs_review,0.73,BC-12300,-- Unbranded --,-- No Unilog Brand --,-- No DIB Brand --,Woodpeckers Inc (WOODP),12 in,
PROD-0748,BC-24600,"BC-24600 BigCal 24""/600mm",-- Unbranded --,Woodpeckers Inc,Hardware & Industrial Supplies,needs_review,0.73,BC-24600,-- Unbranded --,-- No Unilog Brand --,-- No DIB Brand --,Woodpeckers Inc (WOODP),24 in,
PROD-0749,DW08302CG,DW08302CG Dewalt Laser - Green 3 Spot,DEWALT,Black & Decker/dewlt,Tool Accessories & Attachments > Laser Levels,approved,0.96,DW08302CG,-- Unbranded --,-- No Unilog Brand --,DEWALT,Black & Decker/dewlt (2585),,
PROD-0750,GCL165-42GL,GCL165--42GL Cross Line Laser,-- Unbranded --,Robt Bosch Tool Corp,Tool Accessories & Attachments > Laser Levels,approved,0.92,GCL165-42GL,-- Unbranded --,-- No Unilog Brand --,-- No DIB Brand --,Robt Bosch Tool Corp (6564),,
PROD-0751,DW08802CG,DW08802CG Dewalt Laser Green - Self-Level Cross Line,DEWALT,Black & Decker/dewlt,Tool Accessories & Attachments > Laser Levels,approved,0.96,DW08802CG,-- Unbranded --,-- No Unilog Brand --,DEWALT,Black & Decker/dewlt (2585),,
PROD-0752,DW088CG,DW088CG Dewalt Laser - Green Cross Line,DEWALT,Black & Decker/dewlt,Tool Accessories & Attachments > Laser Levels,approved,0.96,DW088CG,-- Unbranded --,-- No Unilog Brand --,DEWALT,Black & Decker/dewlt (2585),,
PROD-0753,DW089CG,DW089CG Dewalt Laser Level - 3 Line 30ft Range,DEWALT,Black & Decker/dewlt,Tool Accessories & Attachments > Laser Levels,approved,0.97,DW089CG,-- Unbranded --,-- No Unilog Brand --,DEWALT,Black & Decker/dewlt (2585),,
PROD-0754,DCLE34520GB,DCLE34520GB Dewalt Laser 20V - Cross Line 5 Spot (Bare),DEWALT,Black & Decker/dewlt,Tool Accessories & Attachments > Laser Levels,approved,0.96,DCLE34520GB,-- Unbranded --,-- No Unilog Brand --,DEWALT,Black & Decker/dewlt (2585),,
PROD-0755,DCLE34031B,DCLE34031B Dewalt Line Laser - 20V Self-Leveling (Bare),DEWALT,Black & Decker/dewlt,Tool Accessories & Attachments > Laser Levels,approved,0.97,DCLE34031B,-- Unbranded --,-- No Unilog Brand --,DEWALT,Black & Decker/dewlt (2585),,
PROD-0756,DW0822CG,DW0822CG Dewalt Cross Line - Plumb Spots Laser-Green,DEWALT,Black & Decker/dewlt,Tool Accessories & Attachments > Laser Levels,approved,0.96,DW0822CG,-- Unbranded --,-- No Unilog Brand --,DEWALT,Black & Decker/dewlt (2585),,
PROD-0757,25459,25459 Mason Line Brd Orange - 500',GE,U S Tape Company,Electrical Boxes & Wiring > Electrical Wire & Cable,approved,0.96,25459,-- Unbranded --,-- No Unilog Brand --,-- No DIB Brand --,U S Tape Company (6694),,
PROD-0758,35459,35459 Mason Line Brd Orange - 500' Replacement,GE,U S Tape Company,Electrical Boxes & Wiring > Electrical Wire & Cable,approved,0.96,35459,-- Unbranded --,-- No Unilog Brand --,-- No DIB Brand --,U S Tape Company (6694),,
PROD-0759,25759,25759 Mason Line Brd Orange - 1000',GE,U S Tape Company,Electrical Boxes & Wiring > Electrical Wire & Cable,approved,0.96,25759,-- Unbranded --,-- No Unilog Brand --,-- No DIB Brand --,U S Tape Company (6694),,
PROD-0760,35112,35112 Mason Line Twist Yellow - 270',-- Unbranded --,U S Tape Company,Electrical Boxes & Wiring > Electrical Wire & Cable,approved,0.91,35112,-- Unbranded --,-- No Unilog Brand --,-- No DIB Brand --,U S Tape Company (6694),,
PROD-0761,35115,35115 Mason Line Twist Green - 270',-- Unbranded --,U S Tape Company,Electrical Boxes & Wiring > Electrical Wire & Cable,approved,0.91,35115,-- Unbranded --,-- No Unilog Brand --,-- No DIB Brand --,U S Tape Company (6694),,
PROD-0762,25168,25168 Mason Line Brd Green - 250',CENTURY COMPONENTS,U S Tape Company,Electrical Boxes & Wiring > Electrical Wire & Cable,approved,0.97,25168,CENTURY COMPONENTS,-- No Unilog Brand --,-- No DIB Brand --,U S Tape Company (6694),,
PROD-0763,35468,35468 Mason Line Brd Green - 500' Replacement,-- Unbranded --,U S Tape Company,Electrical Boxes & Wiring > Electrical Wire & Cable,approved,0.91,35468,-- Unbranded --,-- No Unilog Brand --,-- No DIB Brand --,U S Tape Company (6694),,
PROD-0764,35494,35494 Mason Line Brd Blk/Yellw - 500' Replacement,-- Unbranded --,U S Tape Company,Electrical Boxes & Wiring > Electrical Wire & Cable,approved,0.91,35494,-- Unbranded --,-- No Unilog Brand --,-- No DIB Brand --,U S Tape Company (6694),,
PROD-0765,MLSQ0120,"MLSQ0120 Milw 12"" RafterSquare",-- Unbranded --,Milwaukee Accessory,Hardware & Industrial Supplies,needs_review,0.73,MLSQ0120,-- Unbranded --,-- No Unilog Brand --,-- No DIB Brand --,Milwaukee Accessory (4031),12 in,
PROD-0766,MLSQ1120,MLSQ1120 Milw 300mm Rafter - Square (Metric),-- Unbranded --,Milwaukee Accessory,Hardware & Industrial Supplies,needs_review,0.73,MLSQ1120,-- Unbranded --,-- No Unilog Brand --,-- No DIB Brand --,Milwaukee Accessory (4031),,
PROD-0767,55227,"55227 Amana Countersink/Stop 1/8"" Drill TB",-- Unbranded --,Amana Tool Corp,Hardware & Industrial Supplies,needs_review,0.73,55227,-- Unbranded --,-- No Unilog Brand --,-- No DIB Brand --,Amana Tool Corp (AMATO),1/8 in,
PROD-0768,37300952,"095842 Fisch Plug Cutter 3/8""",-- Unbranded --,-,Abrasive Discs & Wheels > Cut and Grind Discs,approved,0.85,37300952,-- Unbranded --,-- No Unilog Brand --,-- No DIB Brand --,-,3/8 in,
PROD-0769,6008,6008 Whiteside Router Bit,-- Unbranded --,Whiteside Machine & Repair Co,Hardware & Industrial Supplies,needs_review,0.73,6008,-- Unbranded --,-- No Unilog Brand --,-- No DIB Brand --,Whiteside Machine & Repair Co (WHIMA),,
PROD-0770,6009,6009 Whiteside Router Bit,-- Unbranded --,Whiteside Machine & Repair Co,Hardware & Industrial Supplies,needs_review,0.73,6009,-- Unbranded --,-- No Unilog Brand --,-- No DIB Brand --,Whiteside Machine & Repair Co (WHIMA),,
PROD-0771,3000A,3000A Whiteside Router Bit,-- Unbranded --,Whiteside Machine & Repair Co,"Cleaning & Laundry Appliances > Washers, Dryers & Laundry Centers",approved,0.91,3000A,-- Unbranded --,-- No Unilog Brand --,-- No DIB Brand --,Whiteside Machine & Repair Co (WHIMA),,
PROD-0772,MID6630201US,MID6630201US Deos663XCV Sander,-- Unbranded --,Mirka Abrasives Inc,Abrasives & Cutting Accessories,approved,0.91,MID6630201US,-- Unbranded --,-- No Unilog Brand --,-- No DIB Brand --,Mirka Abrasives Inc (MIRUS),,
PROD-0773,DCF6202,DCF6202 Dewalt Collated Attach,DEWALT,Black & Decker/dewlt,Hardware & Industrial Supplies,needs_review,0.78,DCF6202,-- Unbranded --,-- No Unilog Brand --,DEWALT,Black & Decker/dewlt (2585),,
PROD-0774,25468,25468 Mason Line Brd Green - 500',-- Unbranded --,U S Tape Company,Electrical Boxes & Wiring > Electrical Wire & Cable,approved,0.91,25468,-- Unbranded --,-- No Unilog Brand --,-- No DIB Brand --,U S Tape Company (6694),,
PROD-0775,25762,25762 Mason Line Brd Pink - 1000',-- Unbranded --,U S Tape Company,Electrical Boxes & Wiring > Electrical Wire & Cable,approved,0.91,25762,-- Unbranded --,-- No Unilog Brand --,-- No DIB Brand --,U S Tape Company (6694),,
PROD-0776,21839NN,"21839NN File Bstd Mill 10""",-- Unbranded --,-,Hardware & Industrial Supplies,needs_review,0.67,21839NN,-- Unbranded --,-- No Unilog Brand --,Nicholson,-,10 in,
PROD-0777,VN56920,"VN56920 10 1/2"" Saw Blade",-- Unbranded --,Marshalltown Trowel,Tool Accessories & Attachments > Saw & Tile Blades,approved,0.92,VN56920,-- Unbranded --,-- No Unilog Brand --,-- No DIB Brand --,Marshalltown Trowel (5155),10 1/2 in,
PROD-0778,133164,133164 950/9 Hex Plus Spks - Multicolor,-- Unbranded --,Wera Tools NA Inc,Tool Accessories & Attachments > Rotary Tools,approved,0.91,133164,-- Unbranded --,-- No Unilog Brand --,-- No DIB Brand --,Wera Tools NA Inc (WERTO),,
PROD-0779,DWHT10993,DWHT10993 Folding Knife,-- Unbranded --,Black & Decker/dewlt,Hardware & Industrial Supplies,needs_review,0.73,DWHT10993,-- Unbranded --,-- No Unilog Brand --,DEWALT,Black & Decker/dewlt (2585),,
PROD-0780,DWHT10994,DWHT10994 Folding Knife,-- Unbranded --,Black & Decker/dewlt,Hardware & Industrial Supplies,needs_review,0.73,DWHT10994,-- Unbranded --,-- No Unilog Brand --,DEWALT,Black & Decker/dewlt (2585),,
PROD-0781,QB22RU,QB22RU Vessel Carrying Bit Holder (Red),-- Unbranded --,Vessel Tools USA Inc,Tool Accessories & Attachments > Rotary Tools,approved,0.91,QB22RU,-- Unbranded --,-- No Unilog Brand --,-- No DIB Brand --,Vessel Tools USA Inc (VESTO),,
PROD-0782,QB22KU,QB22KU Vessel Carrying Bit Holder (Black),-- Unbranded --,Vessel Tools USA Inc,Tool Accessories & Attachments > Rotary Tools,approved,0.91,QB22KU,-- Unbranded --,-- No Unilog Brand --,-- No DIB Brand --,Vessel Tools USA Inc (VESTO),,
PROD-0783,AVM6EV,AVM6 EV Mini Snip Red,-- Unbranded --,Malco Prod,Hardware & Industrial Supplies,needs_review,0.73,AVM6EV,-- Unbranded --,-- No Unilog Brand --,-- No DIB Brand --,Malco Prod (2370),,
PROD-0784,AVM6EV,AVM7 EV Mini Snip Green,-- Unbranded --,Malco Prod,Hardware & Industrial Supplies,needs_review,0.73,AVM6EV,-- Unbranded --,-- No Unilog Brand --,-- No DIB Brand --,Malco Prod (2370),,
PROD-0785,DSA0250B,"DSA0250B 1/4"" Square x1/4"" Hex - Socket Adapter",-- Unbranded --,Freud Inc,Hardware & Industrial Supplies,needs_review,0.73,DSA0250B,-- Unbranded --,-- No Unilog Brand --,Diablo,Freud Inc (2435),1/4 in,
PROD-0786,DSA0375B,"DSA0375B 3/8"" Square x1/4"" Hex - Socket Adapter",-- Unbranded --,Freud Inc,Hardware & Industrial Supplies,needs_review,0.73,DSA0375B,-- Unbranded --,-- No Unilog Brand --,Diablo,Freud Inc (2435),3/8 in,
PROD-0787,DSA0500B,"DSA0500B 1/2"" Square x1/4"" Hex - Socket Adapter",-- Unbranded --,Freud Inc,Hardware & Industrial Supplies,needs_review,0.73,DSA0500B,-- Unbranded --,-- No Unilog Brand --,Diablo,Freud Inc (2435),1/2 in,
PROD-0788,42-04-9107,"42-04-9107 Milw 3/8"" Drive Universal Joint",-- Unbranded --,Milwaukee Accessory,Tool Accessories & Attachments > Drive Bits,approved,0.91,42-04-9107,-- Unbranded --,-- No Unilog Brand --,-- No DIB Brand --,Milwaukee Accessory (4031),3/8 in,
PROD-0789,48-22-9491,48-22-9491 Milw 242pc Ratchet & Socket Set 4-Drawer Tool Box,-- Unbranded --,Milwaukee Accessory,Tool Accessories & Attachments > Tool Organizers & Boxes,approved,0.91,48-22-9491,-- Unbranded --,-- No Unilog Brand --,-- No DIB Brand --,Milwaukee Accessory (4031),,242
PROD-0790,DWMT45422,"DWMT45422 Dewalt 1/4"" Drive - 50pc Mechanics Set",DEWALT,Black & Decker/dewlt,Tool Accessories & Attachments > Drive Bits,approved,0.96,DWMT45422,-- Unbranded --,-- No Unilog Brand --,-- No DIB Brand --,Black & Decker/dewlt (2585),1/4 in,50
PROD-0791,DWMT45424,"DWMT45424 Dewalt 3/8"" Drive - 84pc Mechanics Set",DEWALT,Black & Decker/dewlt,Tool Accessories & Attachments > Drive Bits,approved,0.96,DWMT45424,-- Unbranded --,-- No Unilog Brand --,-- No DIB Brand --,Black & Decker/dewlt (2585),3/8 in,84
PROD-0792,48-22-9483,48-22-9483 Milw Packout 15pc - Metric Wrench Set,-- Unbranded --,Milwaukee Accessory,Hardware & Industrial Supplies,needs_review,0.73,48-22-9483,-- Unbranded --,-- No Unilog Brand --,-- No DIB Brand --,Milwaukee Accessory (4031),,15
PROD-0793,48-22-9484,48-22-9484 Milw Packout 15pc - SAE Wrench Set,-- Unbranded --,Milwaukee Accessory,Tool Accessories & Attachments > Tool Organizers & Boxes,approved,0.91,48-22-9484,-- Unbranded --,-- No Unilog Brand --,-- No DIB Brand --,Milwaukee Accessory (4031),,15
PROD-0794,48-22-9485,48-22-9485 Milw Packout 30pc - Metric & SAE Wrench Set,-- Unbranded --,Milwaukee Accessory,Hardware & Industrial Supplies,needs_review,0.73,48-22-9485,-- Unbranded --,-- No Unilog Brand --,-- No DIB Brand --,Milwaukee Accessory (4031),,30
PROD-0795,48-44-2770,48-44-2770 Milw Pole Pruning - Shears Replacement Blade,-- Unbranded --,Milwaukee Accessory,Tool Accessories & Attachments > Saw & Tile Blades,approved,0.92,48-44-2770,-- Unbranded --,-- No Unilog Brand --,-- No DIB Brand --,Milwaukee Accessory (4031),,
PROD-0796,IWHT48441RC,IWHT48441RC Irwin 100ft - Red Chalk & Reel Set,Irwin,Irwin Industrial Tools,Tool Accessories & Attachments > Rotary Tools,approved,0.96,IWHT48441RC,-- Unbranded --,-- No Unilog Brand --,Irwin,Irwin Industrial Tools (5863),,
PROD-0797,XRU23SM1,"XRU23SM1 Makita 18V 13"" - String Trimmer Kit",Makita,Makita Usa Inc,Hardware & Industrial Supplies,needs_review,0.78,XRU23SM1,-- Unbranded --,-- No Unilog Brand --,-- No DIB Brand --,Makita Usa Inc (5142),13 in,
PROD-0798,XRU15PT1,XRU15PT1 Makita String Trimmer,Makita,Makita Usa Inc,Hardware & Industrial Supplies,needs_review,0.78,XRU15PT1,-- Unbranded --,-- No Unilog Brand --,-- No DIB Brand --,Makita Usa Inc (5142),,
PROD-0799,XRU23Z,XRU23Z Makita 18V Trimmer Tool - Only,Makita,Makita Usa Inc,Hardware & Industrial Supplies,needs_review,0.78,XRU23Z,-- Unbranded --,-- No Unilog Brand --,-- No DIB Brand --,Makita Usa Inc (5142),,
PROD-0800,0887-20,0887-20 Milw M18 Brushless Precision Blower,-- Unbranded --,Milwaukee Accessory,Hardware & Industrial Supplies,needs_review,0.73,0887-20,-- Unbranded --,-- No Unilog Brand --,-- No DIB Brand --,Milwaukee Accessory (4031),,
PROD-0801,DCBL724B,DCBL724B Dewalt 20V Max XR Blower (Bare),DEWALT,Black & Decker/dewlt,Hardware & Industrial Supplies,needs_review,0.78,DCBL724B,-- Unbranded --,-- No Unilog Brand --,-- No DIB Brand --,Black & Decker/dewlt (2585),,
PROD-0802,2954-20,2954-20 Milw M18 Bluetooth Jobsite Speaker,-- Unbranded --,Milwaukee Accessory,Hardware & Industrial Supplies,needs_review,0.73,2954-20,-- Unbranded --,-- No Unilog Brand --,-- No DIB Brand --,Milwaukee Accessory (4031),,
PROD-0803,2955-20,2955-20 Milw M12 Bluetooth - Jobsite Speaker w/Packout,-- Unbranded --,Milwaukee Accessory,Hardware & Industrial Supplies,needs_review,0.73,2955-20,-- Unbranded --,-- No Unilog Brand --,-- No DIB Brand --,Milwaukee Accessory (4031),,
PROD-0804,9A-219-180,9A-219-180 Abranet 4x6x6,Abranet,Mirka Abrasives Inc,Abrasives & Cutting Accessories,approved,0.96,9A-219-180,-- Unbranded --,-- No Unilog Brand --,-- No DIB Brand --,Mirka Abrasives Inc (MIRUS),,
PROD-0805,9A-219-120RP,9A-219-120RP Abranet 4x6x6,Abranet,Mirka Abrasives Inc,Abrasives & Cutting Accessories,approved,0.96,9A-219-120RP,-- Unbranded --,-- No Unilog Brand --,-- No DIB Brand --,Mirka Abrasives Inc (MIRUS),,
PROD-0806,3033-20,"3033-20 Milw M18 24"" - Hedge Trimmer",GE,Milwaukee Accessory,Hardware & Industrial Supplies,needs_review,0.78,3033-20,-- Unbranded --,-- No Unilog Brand --,Milwaukee,Milwaukee Accessory (4031),24 in,
PROD-0807,3033-21,"3033-21 Milw M18 24"" - Hedge Trimmer Kit",GE,Milwaukee Accessory,Hardware & Industrial Supplies,needs_review,0.78,3033-21,-- Unbranded --,-- No Unilog Brand --,-- No DIB Brand --,Milwaukee Accessory (4031),24 in,
PROD-0808,3034-20,"3034-20 Milw M18 30"" - Hedge Trimmer",GE,Milwaukee Accessory,Hardware & Industrial Supplies,needs_review,0.78,3034-20,-- Unbranded --,-- No Unilog Brand --,Milwaukee,Milwaukee Accessory (4031),30 in,
PROD-0809,D25333K,D25333K Dewalt Hammer Drill,DEWALT,Black & Decker/dewlt,Hardware & Industrial Supplies,needs_review,0.78,D25333K,-- Unbranded --,-- No Unilog Brand --,-- No DIB Brand --,Black & Decker/dewlt (2585),,
PROD-0810,DCD803B,DCD803B Dewalt Multi-Head Drill Driver,DEWALT,Black & Decker/dewlt,Power Tools & Equipment > Drills & Drivers,approved,0.96,DCD803B,-- Unbranded --,-- No Unilog Brand --,-- No DIB Brand --,Black & Decker/dewlt (2585),,
PROD-0811,DCF860B,DCF860B Dewalt 20V Impact - Driver Drill,DEWALT,Black & Decker/dewlt,Drills & Drivers > Impact Drivers & Nailers,approved,0.97,DCF860B,-- Unbranded --,-- No Unilog Brand --,-- No DIB Brand --,Black & Decker/dewlt (2585),,
PROD-0812,3401-20,3401-20 Milw M12 Drill Driver - Brushless Compact (Bare),-- Unbranded --,Milwaukee Accessory,Power Tools & Equipment > Drills & Drivers,approved,0.91,3401-20,-- Unbranded --,-- No Unilog Brand --,-- No DIB Brand --,Milwaukee Accessory (4031),,
PROD-0813,KPTDR050A,KPTDR050A Kreg 20V Ionic Compact Drill,Kreg,Kreg Tool Company,Power Tools & Equipment > Drills & Drivers,approved,0.96,KPTDR050A,-- Unbranded --,-- No Unilog Brand --,-- No DIB Brand --,Kreg Tool Company (KRETO),,
PROD-0814,DCD1007B,"DCD1007B Dewalt 20V Cordless - 1/2"" Hammer Drill (Bare)",DEWALT,Black & Decker/dewlt,Hardware & Industrial Supplies,needs_review,0.78,DCD1007B,-- Unbranded --,-- No Unilog Brand --,DEWALT,Black & Decker/dewlt (2585),1/2 in,
PROD-0815,DCD799B,DCD799B Dewalt Drill,DEWALT,Black & Decker/dewlt,"Building, Decking & Railing Materials",approved,0.96,DCD799B,-- Unbranded --,-- No Unilog Brand --,-- No DIB Brand --,Black & Decker/dewlt (2585),,
PROD-0816,58006,58006 Voyager Drill Press,GE,King Canada Inc,Drills & Drivers > Impact Drivers & Nailers,approved,0.96,58006,-- Unbranded --,-- No Unilog Brand --,-- No DIB Brand --,King Canada Inc (KINCA),,
PROD-0817,2909-20,2909-20 Milw Roofing Nailer - M18,-- Unbranded --,Milwaukee Accessory,Hardware & Industrial Supplies,needs_review,0.73,2909-20,-- Unbranded --,-- No Unilog Brand --,Milwaukee,Milwaukee Accessory (4031),,
PROD-0818,2909-21,2909-21 Milw M18 Coil Roofing - Nailer Kit,-- Unbranded --,Milwaukee Accessory,Hardware & Industrial Supplies,needs_review,0.73,2909-21,-- Unbranded --,-- No Unilog Brand --,Milwaukee,Milwaukee Accessory (4031),,
PROD-0819,918200,918200 Paslode CT200S24 18Ga ST Brad Nailer,-- Unbranded --,National Nail Corp,Hardware & Industrial Supplies,needs_review,0.73,918200,-- Unbranded --,-- No Unilog Brand --,-- No DIB Brand --,National Nail Corp (7439),,
PROD-0820,2541-20,2541-20 Milw M12 - Compact Brad Nailer (Bare),-- Unbranded --,Milwaukee Accessory,Hardware & Industrial Supplies,needs_review,0.73,2541-20,-- Unbranded --,-- No Unilog Brand --,-- No DIB Brand --,Milwaukee Accessory (4031),,
PROD-0821,DCN930B,DCN930B Dewalt 20V 30 Degree - Framing Nailer,DEWALT,Black & Decker/dewlt,Drills & Drivers > Impact Drivers & Nailers,approved,0.96,DCN930B,-- Unbranded --,-- No Unilog Brand --,DEWALT,Black & Decker/dewlt (2585),,
PROD-0822,DCN930P1,DCN930P1 Dewalt 20V 30 Degree - Framing Nailer Kit,DEWALT,Black & Decker/dewlt,Drills & Drivers > Impact Drivers & Nailers,approved,0.96,DCN930P1,-- Unbranded --,-- No Unilog Brand --,DEWALT,Black & Decker/dewlt (2585),,
PROD-0823,XNB04Z,"XNB04Z Makita 18V 2"" Brad Nailer 18GA (Bare)",Makita,Makita Usa Inc,Drills & Drivers > Impact Drivers & Nailers,approved,0.96,XNB04Z,-- Unbranded --,-- No Unilog Brand --,-- No DIB Brand --,Makita Usa Inc (5142),2 in,
PROD-0824,XNB05Z,"XNB05Z Makita 18V 2-1/2"" Straight Finish Nailer 16GA",Makita,Makita Usa Inc,Hardware & Industrial Supplies,needs_review,0.78,XNB05Z,-- Unbranded --,-- No Unilog Brand --,-- No DIB Brand --,Makita Usa Inc (5142),2-1/2 in,
PROD-0825,XNB06Z,"XNB06Z Makita 18V 2-1/2"" Angled Finish Nailer 16GA",Makita,Makita Usa Inc,Hardware & Industrial Supplies,needs_review,0.78,XNB06Z,-- Unbranded --,-- No Unilog Brand --,-- No DIB Brand --,Makita Usa Inc (5142),2-1/2 in,
PROD-0826,XNB07Z,XNB07Z Makita 18V LXT BL 30 Nailer (Bare),Makita,Makita Usa Inc,Hardware & Industrial Supplies,needs_review,0.78,XNB07Z,-- Unbranded --,-- No Unilog Brand --,-- No DIB Brand --,Makita Usa Inc (5142),,
PROD-0827,DZN930,DZN930 Dewalt 30 Degree - Framing Magazine,DEWALT,Black & Decker/dewlt,Hardware & Industrial Supplies,needs_review,0.78,DZN930,-- Unbranded --,-- No Unilog Brand --,-- No DIB Brand --,Black & Decker/dewlt (2585),,
PROD-0828,220USB25U,220USB25U Vessel Screwdriver w/25pc Bit Set,-- Unbranded --,Vessel Tools USA Inc,Tool Accessories & Attachments > Rotary Tools,approved,0.91,220USB25U,-- Unbranded --,-- No Unilog Brand --,-- No DIB Brand --,Vessel Tools USA Inc (VESTO),,25
PROD-0829,XRF03Z,XRF03Z Makita 18V Screwdriver - Autofeed,Makita,Makita Usa Inc,Hardware & Industrial Supplies,needs_review,0.78,XRF03Z,-- Unbranded --,-- No Unilog Brand --,-- No DIB Brand --,Makita Usa Inc (5142),,
PROD-0830,220USBP5U,220USBP5U Vessel Screwdriver Plus w/5pc Bit Set,-- Unbranded --,Vessel Tools USA Inc,Tool Accessories & Attachments > Rotary Tools,approved,0.91,220USBP5U,-- Unbranded --,-- No Unilog Brand --,-- No DIB Brand --,Vessel Tools USA Inc (VESTO),,5
PROD-0831,49-66-4567,"49-66-4567 Milw 6"" Magnetic - Impact Driver Set 6pc",-- Unbranded --,Milwaukee Accessory,Drills & Drivers > Impact Drivers & Nailers,approved,0.91,49-66-4567,-- Unbranded --,-- No Unilog Brand --,-- No DIB Brand --,Milwaukee Accessory (4031),6 in,6
PROD-0832,IBMG90K003,"IBMG90K003 Vessel Impact Ball Torsion Bit Assort 5pc 3.5""",-- Unbranded --,Vessel Tools USA Inc,Tool Accessories & Attachments > Rotary Tools,approved,0.91,IBMG90K003,-- Unbranded --,-- No Unilog Brand --,-- No DIB Brand --,Vessel Tools USA Inc (VESTO),3.5 in,5
PROD-0833,IBPH250P15T,"IBPH250P15T Vessel Torsion Bit 2"" 15pc",-- Unbranded --,Vessel Tools USA Inc,Tool Accessories & Attachments > Rotary Tools,approved,0.91,IBPH250P15T,-- Unbranded --,-- No Unilog Brand --,-- No DIB Brand --,Vessel Tools USA Inc (VESTO),2 in,15
PROD-0834,DPH12B,"DPH12B 2"" #1 Phillips Drive - Bit",-- Unbranded --,Freud Inc,Tool Accessories & Attachments > Drive Bits,approved,0.92,DPH12B,-- Unbranded --,-- No Unilog Brand --,Diablo,Freud Inc (2435),2 in,
PROD-0835,DPH135B,"DPH135B 3-1/2"" #1 Phillips - Drive Bit",-- Unbranded --,Freud Inc,Tool Accessories & Attachments > Drive Bits,approved,0.92,DPH135B,-- Unbranded --,-- No Unilog Brand --,Diablo,Freud Inc (2435),3-1/2 in,
PROD-0836,DPH21B,"DPH21B 1"" #2 Phillips Drive - Bit",-- Unbranded --,Freud Inc,Tool Accessories & Attachments > Drive Bits,approved,0.92,DPH21B,-- Unbranded --,-- No Unilog Brand --,Diablo,Freud Inc (2435),1 in,
PROD-0837,DPH22B,"DPH22B 2"" #2 Phillips Drive - Bit",-- Unbranded --,Freud Inc,Tool Accessories & Attachments > Drive Bits,approved,0.92,DPH22B,-- Unbranded --,-- No Unilog Brand --,Diablo,Freud Inc (2435),2 in,
PROD-0838,DPH235B,"DPH235B 3-1/2"" #2 Phillips - Drive Bit",-- Unbranded --,Freud Inc,Tool Accessories & Attachments > Drive Bits,approved,0.92,DPH235B,-- Unbranded --,-- No Unilog Brand --,Diablo,Freud Inc (2435),3-1/2 in,
PROD-0839,DPH26B,"DPH26B 6"" #2 Phillips Drive - Bit",-- Unbranded --,Freud Inc,Tool Accessories & Attachments > Drive Bits,approved,0.92,DPH26B,-- Unbranded --,-- No Unilog Brand --,Diablo,Freud Inc (2435),6 in,
PROD-0840,DPH2R1B,"DPH2R1B 1"" #2 Phillips Drywall - Screws Drive Bit",-- Unbranded --,Freud Inc,Tool Accessories & Attachments > Drive Bits,approved,0.92,DPH2R1B,-- Unbranded --,-- No Unilog Brand --,Diablo,Freud Inc (2435),1 in,
PROD-0841,DPH31B,"DPH31B 1"" #3 Phillips Drive - Bit",-- Unbranded --,Freud Inc,Tool Accessories & Attachments > Drive Bits,approved,0.92,DPH31B,-- Unbranded --,-- No Unilog Brand --,Diablo,Freud Inc (2435),1 in,
PROD-0842,DPH32B,"DPH32B 2"" #3 Phillips Drive - Bit",-- Unbranded --,Freud Inc,Tool Accessories & Attachments > Drive Bits,approved,0.92,DPH32B,-- Unbranded --,-- No Unilog Brand --,Diablo,Freud Inc (2435),2 in,
PROD-0843,DPH335B,"DPH335B 3-1/2"" #3 Phillips - Drive Bit",-- Unbranded --,Freud Inc,Tool Accessories & Attachments > Drive Bits,approved,0.92,DPH335B,-- Unbranded --,-- No Unilog Brand --,Diablo,Freud Inc (2435),3-1/2 in,
PROD-0844,DSQ12B,"DSQ12B 2"" #1 Square Drive Bit",Square D,Freud Inc,Tool Accessories & Attachments > Drive Bits,approved,0.97,DSQ12B,-- Unbranded --,-- No Unilog Brand --,Diablo,Freud Inc (2435),2 in,
PROD-0845,DSQ22B,"DSQ22B 2"" #2 Square Drive Bit",Square D,Freud Inc,Tool Accessories & Attachments > Drive Bits,approved,0.97,DSQ22B,-- Unbranded --,-- No Unilog Brand --,Diablo,Freud Inc (2435),2 in,
PROD-0846,DSQ26B,"DSQ26B 6"" #2 Square Drive Bit",Square D,Freud Inc,Tool Accessories & Attachments > Drive Bits,approved,0.97,DSQ26B,-- Unbranded --,-- No Unilog Brand --,Diablo,Freud Inc (2435),6 in,
PROD-0847,DSQ32B,"DSQ32B 2"" #3 Square Drive Bit",Square D,Freud Inc,Tool Accessories & Attachments > Drive Bits,approved,0.97,DSQ32B,-- Unbranded --,-- No Unilog Brand --,Diablo,Freud Inc (2435),2 in,
PROD-0848,DT102B,"DT102B 2"" #10 Torx Drive Bit",-- Unbranded --,Freud Inc,Tool Accessories & Attachments > Drive Bits,approved,0.92,DT102B,-- Unbranded --,-- No Unilog Brand --,Diablo,Freud Inc (2435),2 in,
PROD-0849,DT152B,"DT152B 2"" #15 Torx Drive Bit",-- Unbranded --,Freud Inc,Tool Accessories & Attachments > Drive Bits,approved,0.92,DT152B,-- Unbranded --,-- No Unilog Brand --,Diablo,Freud Inc (2435),2 in,
PROD-0850,DT1535B,"DT1535B 3-1/2"" #15 Torx Drive - Bit",-- Unbranded --,Freud Inc,Tool Accessories & Attachments > Drive Bits,approved,0.92,DT1535B,-- Unbranded --,-- No Unilog Brand --,Diablo,Freud Inc (2435),3-1/2 in,
PROD-0851,DT202B,"DT202B 2"" #20 Torx Drive Bit",-- Unbranded --,Freud Inc,Tool Accessories & Attachments > Drive Bits,approved,0.92,DT202B,-- Unbranded --,-- No Unilog Brand --,Diablo,Freud Inc (2435),2 in,
PROD-0852,DT2035B,"DT2035B 3-1/2"" #20 Torx Drive - Bit",-- Unbranded --,Freud Inc,Tool Accessories & Attachments > Drive Bits,approved,0.92,DT2035B,-- Unbranded --,-- No Unilog Brand --,Diablo,Freud Inc (2435),3-1/2 in,
PROD-0853,DT206B,"DT206B 6"" #20 Torx Drive Bit",-- Unbranded --,Freud Inc,Tool Accessories & Attachments > Drive Bits,approved,0.92,DT206B,-- Unbranded --,-- No Unilog Brand --,Diablo,Freud Inc (2435),6 in,
PROD-0854,DT252B,"DT252B 2"" #25 Trox Drive Bit",-- Unbranded --,Freud Inc,Tool Accessories & Attachments > Drive Bits,approved,0.92,DT252B,-- Unbranded --,-- No Unilog Brand --,Diablo,Freud Inc (2435),2 in,
PROD-0855,DT2535B,"DT2535B 3-1/4"" #25 Torx Drive - Bit",-- Unbranded --,Freud Inc,Tool Accessories & Attachments > Drive Bits,approved,0.92,DT2535B,-- Unbranded --,-- No Unilog Brand --,Diablo,Freud Inc (2435),3-1/4 in,
PROD-0856,DT256B,"DT256B 6"" #25 Torx Drive Bit",-- Unbranded --,Freud Inc,Tool Accessories & Attachments > Drive Bits,approved,0.92,DT256B,-- Unbranded --,-- No Unilog Brand --,Diablo,Freud Inc (2435),6 in,
PROD-0857,DT302B,"DT302B 2"" #30 Torx Drive Bit",-- Unbranded --,Freud Inc,Tool Accessories & Attachments > Drive Bits,approved,0.92,DT302B,-- Unbranded --,-- No Unilog Brand --,Diablo,Freud Inc (2435),2 in,
PROD-0858,DT402B,"DT402B 2"" #40 Torx Drive Bit",-- Unbranded --,Freud Inc,Tool Accessories & Attachments > Drive Bits,approved,0.92,DT402B,-- Unbranded --,-- No Unilog Brand --,Diablo,Freud Inc (2435),2 in,
PROD-0859,DDWSSB,DDWSSB #2 Drywall Screw Setter,-- Unbranded --,Freud Inc,Hardware & Industrial Supplies,needs_review,0.73,DDWSSB,-- Unbranded --,-- No Unilog Brand --,Diablo,Freud Inc (2435),,
PROD-0860,191V02-0,191V02-0 Makita #2 Phillips Bit 5pk,Makita,Makita Usa Inc,Hardware & Industrial Supplies,needs_review,0.78,191V02-0,-- Unbranded --,-- No Unilog Brand --,-- No DIB Brand --,Makita Usa Inc (5142),,5
PROD-0861,XTS02Z,"XTS02Z Makita 18V 1/4"" Narrow Crown Stapler 18GA",Makita,Makita Usa Inc,Hardware & Industrial Supplies,needs_review,0.78,XTS02Z,-- Unbranded --,-- No Unilog Brand --,-- No DIB Brand --,Makita Usa Inc (5142),1/4 in,
PROD-0862,DCF809D1,"DCF809D1 Dewalt Atomic 20V 1/4"" Impact Driver Kit",DEWALT,Black & Decker/dewlt,Drills & Drivers > Impact Drivers & Nailers,approved,0.96,DCF809D1,-- Unbranded --,-- No Unilog Brand --,DEWALT,Black & Decker/dewlt (2585),1/4 in,
PROD-0863,2761-20,"2761-20 Milw M18 1/4"" Hex Hydraulic Driver",-- Unbranded --,Milwaukee Accessory,Drills & Drivers > Impact Drivers & Nailers,approved,0.91,2761-20,-- Unbranded --,-- No Unilog Brand --,-- No DIB Brand --,Milwaukee Accessory (4031),18 1/4 in,
PROD-0864,2761-22,2761-22 Milw M18 Surge Kit,GE,Milwaukee Accessory,Hardware & Industrial Supplies,needs_review,0.78,2761-22,-- Unbranded --,-- No Unilog Brand --,-- No DIB Brand --,Milwaukee Accessory (4031),,
PROD-0865,3450-20,3450-20 Milw M12 Impact Driver - Brushless Compact (Bare),-- Unbranded --,Milwaukee Accessory,Drills & Drivers > Impact Drivers & Nailers,approved,0.91,3450-20,-- Unbranded --,-- No Unilog Brand --,-- No DIB Brand --,Milwaukee Accessory (4031),,
PROD-0866,KPTDV025A,KPTDV025A Kreg 20V Ionic Compact Impact Driver,Kreg,Kreg Tool Company,Drills & Drivers > Impact Drivers & Nailers,approved,0.96,KPTDV025A,-- Unbranded --,-- No Unilog Brand --,-- No DIB Brand --,Kreg Tool Company (KRETO),,
PROD-0867,3048-20,"3048-20 Milw M12 1/4"" Impact Wrench w/Friction Ring",-- Unbranded --,Milwaukee Accessory,Hardware & Industrial Supplies,needs_review,0.73,3048-20,-- Unbranded --,-- No Unilog Brand --,-- No DIB Brand --,Milwaukee Accessory (4031),12 1/4 in,
PROD-0868,3049-20,"3049-20 Milw M12 3/8"" Impact Wrench w/Friction Ring",-- Unbranded --,Milwaukee Accessory,Hardware & Industrial Supplies,needs_review,0.73,3049-20,-- Unbranded --,-- No Unilog Brand --,-- No DIB Brand --,Milwaukee Accessory (4031),12 3/8 in,
PROD-0869,2563-20,"2563-20 Milw M12 Stubby 1/2"" Impact Wrench",-- Unbranded --,Milwaukee Accessory,Hardware & Industrial Supplies,needs_review,0.73,2563-20,-- Unbranded --,-- No Unilog Brand --,-- No DIB Brand --,Milwaukee Accessory (4031),1/2 in,
PROD-0870,DCF961B,"Dewalt DCF961B 20V 1/2"" Impact - Bare Tool",DEWALT,Black & Decker/dewlt,Hardware & Industrial Supplies,needs_review,0.78,DCF961B,-- Unbranded --,-- No Unilog Brand --,DEWALT,Black & Decker/dewlt (2585),1/2 in,
PROD-0871,DCF964B,"DCF964B Dewalt 20V 3/4"" Impact - Wrench (Bare)",DEWALT,Black & Decker/dewlt,Hardware & Industrial Supplies,needs_review,0.78,DCF964B,-- Unbranded --,-- No Unilog Brand --,DEWALT,Black & Decker/dewlt (2585),3/4 in,
PROD-0872,2563P-20,"2563P-20 Milw M12 1/2"" Stubby - Impact Wrench w/Pin Detent",-- Unbranded --,Milwaukee Accessory,Hardware & Industrial Supplies,needs_review,0.73,2563P-20,-- Unbranded --,-- No Unilog Brand --,-- No DIB Brand --,Milwaukee Accessory (4031),12 1/2 in,
PROD-0873,DCF921P2,DCF921P2 Dewalt 20V 1/2 Impact,DEWALT,Black & Decker/dewlt,Hardware & Industrial Supplies,needs_review,0.78,DCF921P2,-- Unbranded --,-- No Unilog Brand --,-- No DIB Brand --,Black & Decker/dewlt (2585),,
PROD-0874,XLT03Z,"XLT03Z Makita 3/8"" 18V Angle Impact",Makita,Makita Usa Inc,Hardware & Industrial Supplies,needs_review,0.78,XLT03Z,-- Unbranded --,-- No Unilog Brand --,-- No DIB Brand --,Makita Usa Inc (5142),3/8 in,
PROD-0875,XLT04Z,"XLT04Z Makita 1/4"" 18V Angle Impact",Makita,Makita Usa Inc,Hardware & Industrial Supplies,needs_review,0.78,XLT04Z,-- Unbranded --,-- No Unilog Brand --,-- No DIB Brand --,Makita Usa Inc (5142),1/4 in,
PROD-0876,XLT05Z,"XLT05Z Makita 1/2"" 18V Angle Impact",Makita,Makita Usa Inc,Hardware & Industrial Supplies,needs_review,0.78,XLT05Z,-- Unbranded --,-- No Unilog Brand --,-- No DIB Brand --,Makita Usa Inc (5142),1/2 in,
PROD-0877,DCF510B,Dewalt DCF510B 20V Rachet - Interchangeable Anvil,DEWALT,Black & Decker/dewlt,Hardware & Industrial Supplies,needs_review,0.78,DCF510B,-- Unbranded --,-- No Unilog Brand --,DEWALT,Black & Decker/dewlt (2585),,
PROD-0878,3052-20,"3052-20 Milw M12 Fuel 1/4"" Rachet",-- Unbranded --,Milwaukee Accessory,Hardware & Industrial Supplies,needs_review,0.73,3052-20,-- Unbranded --,-- No Unilog Brand --,-- No DIB Brand --,Milwaukee Accessory (4031),1/4 in,
PROD-0879,3054-20,"3054-20 Milw M12 1/2"" Ratchet (Bare)",-- Unbranded --,Milwaukee Accessory,Hardware & Industrial Supplies,needs_review,0.73,3054-20,-- Unbranded --,-- No Unilog Brand --,-- No DIB Brand --,Milwaukee Accessory (4031),12 1/2 in,
PROD-0880,DCF513EB,"DCF513EB Dewalt 3/8"" Open Head Rachet",DEWALT,Black & Decker/dewlt,Hardware & Industrial Supplies,needs_review,0.78,DCF513EB,-- Unbranded --,-- No Unilog Brand --,-- No DIB Brand --,Black & Decker/dewlt (2585),3/8 in,
PROD-0881,XVP01Z,"XVP01Z Makita 18V 3"" Polisher/ 2"" Sander",Makita,Makita Usa Inc,Hardware & Industrial Supplies,needs_review,0.78,XVP01Z,-- Unbranded --,-- No Unilog Brand --,-- No DIB Brand --,Makita Usa Inc (5142),3 in,
PROD-0882,DCM200B,DCM200B Dewalt 1/2in x 18in - Band File,DEWALT,Black & Decker/dewlt,Hardware & Industrial Supplies,needs_review,0.78,DCM200B,-- Unbranded --,-- No Unilog Brand --,DEWALT,Black & Decker/dewlt (2585),1/2 in x 18 in,
PROD-0883,DCG410B,"DCG410B Dewalt 20V 4-1/2""-5"" - Angle Grinder (Bare)",DEWALT,Black & Decker/dewlt,Hardware & Industrial Supplies,needs_review,0.78,DCG410B,-- Unbranded --,-- No Unilog Brand --,DEWALT,Black & Decker/dewlt (2585),4-1/2 in,
PROD-0884,DCG460B,"DCG460B Dewalt 60V Grinder - 7-9""",DEWALT,Black & Decker/dewlt,Hardware & Industrial Supplies,needs_review,0.78,DCG460B,-- Unbranded --,-- No Unilog Brand --,DEWALT,Black & Decker/dewlt (2585),9 in,
PROD-0885,DCG402B,"DCG402B Dewalt 20V 4.5"" Angle Grinder (Bare)",DEWALT,Black & Decker/dewlt,Hardware & Industrial Supplies,needs_review,0.78,DCG402B,-- Unbranded --,-- No Unilog Brand --,-- No DIB Brand --,Black & Decker/dewlt (2585),4.5 in,
PROD-0886,3485-20,"3485-20 Milw M12 1/4"" Right Angle Die Grinder",-- Unbranded --,Milwaukee Accessory,Hardware & Industrial Supplies,needs_review,0.73,3485-20,-- Unbranded --,-- No Unilog Brand --,-- No DIB Brand --,Milwaukee Accessory (4031),12 1/4 in,
PROD-0887,DCG420B,DCG420B Dewalt 20V Die Grinder (Bare),DEWALT,Black & Decker/dewlt,Hardware & Industrial Supplies,needs_review,0.78,DCG420B,-- Unbranded --,-- No Unilog Brand --,-- No DIB Brand --,Black & Decker/dewlt (2585),,
PROD-0888,DCG422B,DCG422B Dewalt 20V Right Angle Die Grinder (Bare),DEWALT,Black & Decker/dewlt,Hardware & Industrial Supplies,needs_review,0.78,DCG422B,-- Unbranded --,-- No Unilog Brand --,-- No DIB Brand --,Black & Decker/dewlt (2585),,
PROD-0889,924422,924422 Mafell Carpentry - Planing Machine ZH 320 Ec 120V,-- Unbranded --,-,Hardware & Industrial Supplies,needs_review,0.67,924422,-- Unbranded --,-- No Unilog Brand --,-- No DIB Brand --,-,,
PROD-0890,DCW620B,DCW620B Dewalt 20V Plunge - Router,DEWALT,Black & Decker/dewlt,"Building, Decking & Railing Materials > Lumber & Structural Panels",approved,0.96,DCW620B,-- Unbranded --,-- No Unilog Brand --,-- No DIB Brand --,Black & Decker/dewlt (2585),,
PROD-0891,2535-20,"2535-20 Milw 3"" Orbit Sander - M12",-- Unbranded --,Milwaukee Accessory,Hardware & Industrial Supplies,needs_review,0.73,2535-20,-- Unbranded --,-- No Unilog Brand --,-- No DIB Brand --,Milwaukee Accessory (4031),3 in,
PROD-0892,2837-20,"2837-20 Milw M18 5"" Sander - Orbital (Bare)",-- Unbranded --,Milwaukee Accessory,Power Tools & Equipment > Tool Accessories & Attachments,approved,0.91,2837-20,-- Unbranded --,-- No Unilog Brand --,Milwaukee,Milwaukee Accessory (4031),5 in,
PROD-0893,577728,577728 Festool Cordless Sander - ETSC 2 150 I-Plus,Festool,Festool USA,Hardware & Industrial Supplies,needs_review,0.78,577728,-- Unbranded --,-- No Unilog Brand --,-- No DIB Brand --,Festool USA (FESTO),,
PROD-0894,577738,577738 Festool Cordless Sander - ETSC 2 125 I-Plus,Festool,Festool USA,Hardware & Industrial Supplies,needs_review,0.78,577738,-- Unbranded --,-- No Unilog Brand --,-- No DIB Brand --,Festool USA (FESTO),,
PROD-0895,KPTRS500A,"KPTRS500A Kreg 20V Ionic 5"" Random Orbit Sander",Kreg,Kreg Tool Company,Hardware & Industrial Supplies,needs_review,0.78,KPTRS500A,-- Unbranded --,-- No Unilog Brand --,-- No DIB Brand --,Kreg Tool Company (KRETO),5 in,
PROD-0896,24-35M-320,"24-35M-320 Iridium Grip - 3.2"" x 5.2"" Grip",-- Unbranded --,Mirka Abrasives Inc,Abrasives & Cutting Accessories,approved,0.91,24-35M-320,-- Unbranded --,-- No Unilog Brand --,-- No DIB Brand --,Mirka Abrasives Inc (MIRUS),3.2 in x 5.2 in,
PROD-0897,9A-129-120,9A-129-120 Abranet 3x4 - 50 Sheets/Box,Abranet,Mirka Abrasives Inc,Abrasives & Cutting Accessories,approved,0.96,9A-129-120,-- Unbranded --,-- No Unilog Brand --,-- No DIB Brand --,Mirka Abrasives Inc (MIRUS),,
PROD-0898,578800,578800 Festool 80x133 M GR PRO/10,Festool,Festool USA,Hardware & Industrial Supplies,needs_review,0.78,578800,-- Unbranded --,-- No Unilog Brand --,-- No DIB Brand --,Festool USA (FESTO),,
PROD-0899,578801,578801 Festool 80x133 F GR PRO/10,Festool,Festool USA,Hardware & Industrial Supplies,needs_review,0.78,578801,-- Unbranded --,-- No Unilog Brand --,-- No DIB Brand --,Festool USA (FESTO),,
PROD-0900,578802,578802 Festool 80x133 S GR PRO/10,Festool,Festool USA,Hardware & Industrial Supplies,needs_review,0.78,578802,-- Unbranded --,-- No Unilog Brand --,-- No DIB Brand --,Festool USA (FESTO),,
PROD-0901,578808,578808 Festool 3x4 M GR PRO/10,Festool,Festool USA,Hardware & Industrial Supplies,needs_review,0.78,578808,-- Unbranded --,-- No Unilog Brand --,-- No DIB Brand --,Festool USA (FESTO),,
PROD-0902,578809,578809 Festool 3x4 F GR PRO/10,Festool,Festool USA,Hardware & Industrial Supplies,needs_review,0.78,578809,-- Unbranded --,-- No Unilog Brand --,-- No DIB Brand --,Festool USA (FESTO),,
PROD-0903,578810,578810 Festool 3x4 S GR PRO/10,Festool,Festool USA,Hardware & Industrial Supplies,needs_review,0.78,578810,-- Unbranded --,-- No Unilog Brand --,-- No DIB Brand --,Festool USA (FESTO),,
PROD-0904,578811,578811 Festool 3x4 GR PRO/10-Set,Festool,Festool USA,Hardware & Industrial Supplies,needs_review,0.78,578811,-- Unbranded --,-- No Unilog Brand --,-- No DIB Brand --,Festool USA (FESTO),,
PROD-0905,578192,578192 Festool D 150 GR SYS - Systainer Abrasive Set,Festool,Festool USA,Abrasives & Cutting Accessories > Abrasive Belts,approved,0.96,578192,-- Unbranded --,-- No Unilog Brand --,-- No DIB Brand --,Festool USA (FESTO),,
PROD-0906,578806,578806 Festool Delta S GR PRO/10,Festool,Festool USA,Hardware & Industrial Supplies,needs_review,0.78,578806,-- Unbranded --,-- No Unilog Brand --,-- No DIB Brand --,Festool USA (FESTO),,
PROD-0907,D0860X,"D0860X Diablo 8-1/4"" 60 Tooth - Fine Finish Saw Blade",Diablo,Freud Inc,Tool Accessories & Attachments > Saw & Tile Blades,approved,0.97,D0860X,-- Unbranded --,-- No Unilog Brand --,-- No DIB Brand --,Freud Inc (2435),8-1/4 in,
PROD-0908,48-40-0740,48-40-0740 Milw 7-1/4in. 24T - Framing Circ Saw Blade,-- Unbranded --,Milwaukee Accessory,Power Saws > Circular Saws & Kits,approved,0.92,48-40-0740,-- Unbranded --,-- No Unilog Brand --,Milwaukee,Milwaukee Accessory (4031),7-1/4 in,
PROD-0909,48-41-0740,48-41-0740 Milw7-1/4 24TFrming - Blade,-- Unbranded --,Milwaukee Accessory,Tool Accessories & Attachments > Saw & Tile Blades,approved,0.92,48-41-0740,-- Unbranded --,-- No Unilog Brand --,-- No DIB Brand --,Milwaukee Accessory (4031),,
PROD-0910,A-96095,"A-96095 Makita 5-7/8"" 32T Saw Blade",Makita,Makita Usa Inc,Tool Accessories & Attachments > Saw & Tile Blades,approved,0.97,A-96095,-- Unbranded --,-- No Unilog Brand --,-- No DIB Brand --,Makita Usa Inc (5142),5-7/8 in,
PROD-0911,D0760UX,"D0760UX Diablo 7-1/4"" 60T Circ - Saw Blade",Diablo,Freud Inc,Power Saws > Circular Saws & Kits,approved,0.97,D0760UX,-- Unbranded --,-- No Unilog Brand --,Diablo,Freud Inc (2435),7-1/4 in,
PROD-0912,230.312.08,230.312.08 CMT Locked Dado Pro Set,-- Unbranded --,CMT USA Inc,Hardware & Industrial Supplies,needs_review,0.73,230.312.08,-- Unbranded --,-- No Unilog Brand --,-- No DIB Brand --,CMT USA Inc (CMTUS),,
PROD-0913,D0708LF,"D0708LF Saw Blade 7-1/4""x8 - Laminate & Wood Flooring",-- Unbranded --,Freud Inc,Tool Accessories & Attachments > Saw & Tile Blades,approved,0.92,D0708LF,-- Unbranded --,-- No Unilog Brand --,-- No DIB Brand --,Freud Inc (2435),7-1/4 in x 8 in,
PROD-0914,D1012LF,"D1012LF Saw Blade 10""x12Teeth - Laminate & Wood Flooring",-- Unbranded --,Freud Inc,Tool Accessories & Attachments > Saw & Tile Blades,approved,0.92,D1012LF,-- Unbranded --,-- No Unilog Brand --,-- No DIB Brand --,Freud Inc (2435),10 in,
PROD-0915,D1216LF,"D1216LF Saw Blade 12""x16Teeth - Laminate & Wood Flooring",-- Unbranded --,Freud Inc,Tool Accessories & Attachments > Saw & Tile Blades,approved,0.92,D1216LF,-- Unbranded --,-- No Unilog Brand --,-- No DIB Brand --,Freud Inc (2435),12 in,
PROD-0916,DWA47421,"DWA47421 Dewalt 14"" Segmented - Rim Diamond Blade",DEWALT,Black & Decker/dewlt,Tool Accessories & Attachments > Saw & Tile Blades,approved,0.97,DWA47421,-- Unbranded --,-- No Unilog Brand --,DEWALT,Black & Decker/dewlt (2585),14 in,
PROD-0917,DWA4769,"DWA4769 Dewalt Rim Glass Tile - Blade 10""",DEWALT,Black & Decker/dewlt,Tool Accessories & Attachments > Saw & Tile Blades,approved,0.97,DWA4769,-- Unbranded --,-- No Unilog Brand --,-- No DIB Brand --,Black & Decker/dewlt (2585),10 in,
PROD-0918,49-93-9204,"49-93-9204 Milw 4-1/2"" Diamond - Tile Blade",-- Unbranded --,Milwaukee Accessory,Tool Accessories & Attachments > Saw & Tile Blades,approved,0.92,49-93-9204,-- Unbranded --,-- No Unilog Brand --,-- No DIB Brand --,Milwaukee Accessory (4031),4-1/2 in,
PROD-0919,49-93-9207,"49-93-9207 Milw 7"" Diamond - Tile Blade",-- Unbranded --,Milwaukee Accessory,Tool Accessories & Attachments > Saw & Tile Blades,approved,0.92,49-93-9207,-- Unbranded --,-- No Unilog Brand --,-- No DIB Brand --,Milwaukee Accessory (4031),7 in,
PROD-0920,49-93-9210,"49-93-9210 Milw 10"" Diamond - Tile Blade",-- Unbranded --,Milwaukee Accessory,Tool Accessories & Attachments > Saw & Tile Blades,approved,0.92,49-93-9210,-- Unbranded --,-- No Unilog Brand --,-- No DIB Brand --,Milwaukee Accessory (4031),10 in,
PROD-0921,49-93-9202,"49-93-9202 Milw 4"" Diamond - Tile Blade",-- Unbranded --,Milwaukee Accessory,Tool Accessories & Attachments > Saw & Tile Blades,approved,0.92,49-93-9202,-- Unbranded --,-- No Unilog Brand --,-- No DIB Brand --,Milwaukee Accessory (4031),4 in,
PROD-0922,49-93-9205,"49-93-9205 Milw 5"" Diamond - Tile Blade",-- Unbranded --,Milwaukee Accessory,Tool Accessories & Attachments > Saw & Tile Blades,approved,0.92,49-93-9205,-- Unbranded --,-- No Unilog Brand --,-- No DIB Brand --,Milwaukee Accessory (4031),5 in,
PROD-0923,49-22-4702,49-22-4702 Milw 13pc Quik-Lock Hole Dozer Kit,-- Unbranded --,Milwaukee Accessory,Hardware & Industrial Supplies,needs_review,0.73,49-22-4702,-- Unbranded --,-- No Unilog Brand --,-- No DIB Brand --,Milwaukee Accessory (4031),,13
PROD-0924,DJT155HHM,"DJT155HHM Diablo 3-3/5"" 10 TPI - Jig Saw Blade",Diablo,Freud Inc,Power Saws > Jig Saws,approved,0.97,DJT155HHM,-- Unbranded --,-- No Unilog Brand --,-- No DIB Brand --,Freud Inc (2435),3-3/5 in,
PROD-0925,790.82,790.820 CMT Planer Blade 2pc,-- Unbranded --,CMT USA Inc,Woodworking & Machinery > Planers & Jointers,approved,0.92,790.82,-- Unbranded --,-- No Unilog Brand --,-- No DIB Brand --,CMT USA Inc (CMTUS),,2
PROD-0926,794.321,794.321 HS Planer Knives 3pc,-- Unbranded --,CMT USA Inc,Woodworking & Machinery > Planers & Jointers,approved,0.92,794.321,-- Unbranded --,-- No Unilog Brand --,-- No DIB Brand --,CMT USA Inc (CMTUS),,3
PROD-0927,49-22-5641,49-22-5641 Milw Packout 15pc - Sawzall Blade Kit,-- Unbranded --,Milwaukee Accessory,Tool Accessories & Attachments > Saw & Tile Blades,approved,0.92,49-22-5641,-- Unbranded --,-- No Unilog Brand --,-- No DIB Brand --,Milwaukee Accessory (4031),,15
PROD-0928,D0604TSH,"D0604TSH Diablo 6-1/2"" 4-Tooth - Cement Track Saw Blade",Diablo,Freud Inc,Tool Accessories & Attachments > Saw & Tile Blades,approved,0.97,D0604TSH,-- Unbranded --,-- No Unilog Brand --,-- No DIB Brand --,Freud Inc (2435),6-1/2 in,
PROD-0929,D0620TSR,"D0620TSR Diablo 6-1/2""20 Tooth - Framing Saw Blade",Diablo,Freud Inc,Tool Accessories & Attachments > Saw & Tile Blades,approved,0.97,D0620TSR,-- Unbranded --,-- No Unilog Brand --,-- No DIB Brand --,Freud Inc (2435),6-1/2 in,
PROD-0930,D0648TSF,"D0648TSF Diablo 6-1/2""48 Tooth - Plywood Track Saw Blade",Diablo,Freud Inc,Tool Accessories & Attachments > Saw & Tile Blades,approved,0.97,D0648TSF,-- Unbranded --,-- No Unilog Brand --,-- No DIB Brand --,Freud Inc (2435),6-1/2 in,
PROD-0931,D0652TSL,"D0652TSL Diablo 6-1/2""52 Tooth - Laminate Track Saw Blade",Diablo,Freud Inc,Tool Accessories & Attachments > Saw & Tile Blades,approved,0.97,D0652TSL,-- Unbranded --,-- No Unilog Brand --,-- No DIB Brand --,Freud Inc (2435),6-1/2 in,
PROD-0932,JT1-549,"JT1-549 JWBS18SFX 18"" Bandsaw - 1.75HP 1PH 115V",-- Unbranded --,JPW Industries,Hardware & Industrial Supplies,needs_review,0.73,JT1-549,-- Unbranded --,-- No Unilog Brand --,-- No DIB Brand --,JPW Industries (JPWIN),18 in,
PROD-0933,JT1-1371,"JWBS14-SFX-BLK Jet 14"" Bandsaw - JT1-1371",-- Unbranded --,JPW Industries,Hardware & Industrial Supplies,needs_review,0.73,JT1-1371,-- Unbranded --,-- No Unilog Brand --,-- No DIB Brand --,JPW Industries (JPWIN),14 in,
PROD-0934,JT9-714400K,"JWBS-14SFX 14"" Bandsaw JTP-714400K",-- Unbranded --,JPW Industries,Hardware & Industrial Supplies,needs_review,0.73,JT9-714400K,-- Unbranded --,-- No Unilog Brand --,-- No DIB Brand --,JPW Industries (JPWIN),14 in,
PROD-0935,2834-21HD,"2834-21HD Milw M18 7-1/4"" Circ - Saw Kit",-- Unbranded --,Milwaukee Accessory,Power Saws > Circular Saws & Kits,approved,0.92,2834-21HD,-- Unbranded --,-- No Unilog Brand --,Milwaukee,Milwaukee Accessory (4031),7-1/4 in,
PROD-0936,DCS383B,"DCS383B Dewalt 20V 7-1/4"" - Metal Cutting Circ Saw",DEWALT,Black & Decker/dewlt,Power Saws > Circular Saws & Kits,approved,0.97,DCS383B,-- Unbranded --,-- No Unilog Brand --,-- No DIB Brand --,Black & Decker/dewlt (2585),7-1/4 in,
PROD-0937,DCS590B,"DCS590B Dewalt 20V Cordless - 7-1/4"" Circular Saw (Bare)",DEWALT,Black & Decker/dewlt,Power Saws > Circular Saws & Kits,approved,0.97,DCS590B,-- Unbranded --,-- No Unilog Brand --,DEWALT,Black & Decker/dewlt (2585),7-1/4 in,
PROD-0938,KPTCS725A,"KPTCS725A Kreg 20V Ionic 7-1/4"" Circ Saw",Kreg,Kreg Tool Company,Power Saws > Circular Saws & Kits,approved,0.97,KPTCS725A,-- Unbranded --,-- No Unilog Brand --,-- No DIB Brand --,Kreg Tool Company (KRETO),7-1/4 in,
PROD-0939,KPTCS450A,"KPTCS450A Kreg 20V Ionic 4-1/2"" Circ Saw",Kreg,Kreg Tool Company,Power Saws > Circular Saws & Kits,approved,0.97,KPTCS450A,-- Unbranded --,-- No Unilog Brand --,-- No DIB Brand --,Kreg Tool Company (KRETO),4-1/2 in,
PROD-0940,2545-20,2545-20 Milw M12 Jig Saw,-- Unbranded --,Milwaukee Accessory,Power Saws > Jig Saws,approved,0.92,2545-20,-- Unbranded --,-- No Unilog Brand --,Milwaukee,Milwaukee Accessory (4031),,
PROD-0941,KPTJS100A,KPTJS100A Kreg 20V Ionic Barrel Grip Jigsaw,Kreg,Kreg Tool Company,Power Tools & Equipment > Power Saws,approved,0.96,KPTJS100A,-- Unbranded --,-- No Unilog Brand --,-- No DIB Brand --,Kreg Tool Company (KRETO),,
PROD-0942,DCS714B,"DCS714B Dewalt 20V Miter Saw - (Bare) 10"" Double Bevel Fixed",DEWALT,Black & Decker/dewlt,Power Tools & Equipment > Power Saws,approved,0.96,DCS714B,-- Unbranded --,-- No Unilog Brand --,-- No DIB Brand --,Black & Decker/dewlt (2585),10 in,
PROD-0943,DCS785B,"DCS785B Dewalt 20V Miter Saw - Kit 12"" Double Bevel Sliding",DEWALT,Black & Decker/dewlt,Power Tools & Equipment > Power Saws,approved,0.96,DCS785B,-- Unbranded --,-- No Unilog Brand --,-- No DIB Brand --,Black & Decker/dewlt (2585),12 in,
PROD-0944,GSL02M1,"GSL02M1 Makita Miter Saw - 40V 8-1/2""",Makita,Makita Usa Inc,Power Tools & Equipment > Power Saws,approved,0.96,GSL02M1,-- Unbranded --,-- No Unilog Brand --,-- No DIB Brand --,Makita Usa Inc (5142),8-1/2 in,
PROD-0945,DW7029,DW7029 Dewalt Miter Saw - Stand Support/Stop,DEWALT,Black & Decker/dewlt,Power Tools & Equipment > Power Saws,approved,0.96,DW7029,-- Unbranded --,-- No Unilog Brand --,-- No DIB Brand --,Black & Decker/dewlt (2585),,
PROD-0946,DCS384B,DCS384B Dewalt 20V Brushless - Cordless Recip Saw (Bare),DEWALT,Black & Decker/dewlt,Hardware & Industrial Supplies,needs_review,0.78,DCS384B,-- Unbranded --,-- No Unilog Brand --,DEWALT,Black & Decker/dewlt (2585),,
PROD-0947,XRJ08Z,XRJ08Z Makita 18V Recip Saw - Bare Tool,Makita,Makita Usa Inc,Power Tools & Equipment > Power Saws,approved,0.96,XRJ08Z,-- Unbranded --,-- No Unilog Brand --,-- No DIB Brand --,Makita Usa Inc (5142),,
PROD-0948,G0771Z,"Grizzly G0771Z 30"" Table Saw",Grizzly,Woodstock Intl,Power Tools & Equipment > Power Saws,approved,0.97,G0771Z,-- Unbranded --,-- No Unilog Brand --,-- No DIB Brand --,Woodstock Intl (3658),30 in,
PROD-0949,TS1017,TS1017 Table Saw Zero-Clearance Insert,-- Unbranded --,Robt Bosch Tool Corp,Power Tools & Equipment > Power Saws,approved,0.92,TS1017,-- Unbranded --,-- No Unilog Brand --,-- No DIB Brand --,Robt Bosch Tool Corp (6564),,
PROD-0950,XT524,"XT524 24"" XT XTENDER Fence",-- Unbranded --,Bow Products,Decking & Railing > Railing & Fence Kits,approved,0.92,XT524,-- Unbranded --,-- No Unilog Brand --,-- No DIB Brand --,Bow Products (BOWPR),24 in,
PROD-0951,XT536,"XT536 36"" XT XTENDER Fence",-- Unbranded --,Bow Products,Decking & Railing > Railing & Fence Kits,approved,0.92,XT536,-- Unbranded --,-- No Unilog Brand --,-- No DIB Brand --,Bow Products (BOWPR),36 in,
PROD-0952,XT546,"XT546 46"" XT XTENDER Fence",-- Unbranded --,Bow Products,Decking & Railing > Railing & Fence Kits,approved,0.92,XT546,-- Unbranded --,-- No Unilog Brand --,-- No DIB Brand --,Bow Products (BOWPR),46 in,
PROD-0953,XTP235,"35"" XTP XTENDER PRO Fence - XTP235",-- Unbranded --,Bow Products,Decking & Railing > Railing & Fence Kits,approved,0.92,XTP235,-- Unbranded --,-- No Unilog Brand --,-- No DIB Brand --,Bow Products (BOWPR),35 in,
PROD-0954,TGP2-FA,TGP2-FA T-Glide Fence Professional,-- Unbranded --,Saw Stop LLC,Decking & Railing > Railing & Fence Kits,approved,0.92,TGP2-FA,-- Unbranded --,-- No Unilog Brand --,-- No DIB Brand --,Saw Stop LLC (SAWST),,
PROD-0955,ATGI-FA,ATGI-FA T-Glide Advanced Fence Industrial,-- Unbranded --,Saw Stop LLC,Decking & Railing > Railing & Fence Kits,approved,0.92,ATGI-FA,-- Unbranded --,-- No Unilog Brand --,-- No DIB Brand --,Saw Stop LLC (SAWST),,
PROD-0956,ATGP-FA,ATGP-FA T-Glide Advance Fence Professional,-- Unbranded --,Saw Stop LLC,Decking & Railing > Railing & Fence Kits,approved,0.92,ATGP-FA,-- Unbranded --,-- No Unilog Brand --,-- No DIB Brand --,Saw Stop LLC (SAWST),,
PROD-0957,TGI2-FA,TGI2-FA T-Glide Fence Indudtrial,-- Unbranded --,Saw Stop LLC,Decking & Railing > Railing & Fence Kits,approved,0.92,TGI2-FA,-- Unbranded --,-- No Unilog Brand --,-- No DIB Brand --,Saw Stop LLC (SAWST),,
PROD-0958,TGI2-T36A,"TGI2-T36A 36"" Table Assembly Industrial",-- Unbranded --,Saw Stop LLC,Hardware & Industrial Supplies,needs_review,0.73,TGI2-T36A,-- Unbranded --,-- No Unilog Brand --,-- No DIB Brand --,Saw Stop LLC (SAWST),36 in,
PROD-0959,KPTBPS100A,"KPTBPS100A Kreg 20V Ionic 6-1/2"" Plunge-Cut Track Saw Kit",GE,Kreg Tool Company,Hardware & Industrial Supplies,needs_review,0.78,KPTBPS100A,-- Unbranded --,-- No Unilog Brand --,-- No DIB Brand --,Kreg Tool Company (KRETO),6-1/2 in,
PROD-0960,DCB606C,DCB606C Dewalt Flexvolt Starter Kit,DEWALT,Black & Decker/dewlt,"Building, Decking & Railing Materials > Lumber & Structural Panels",approved,0.96,DCB606C,-- Unbranded --,-- No Unilog Brand --,-- No DIB Brand --,Black & Decker/dewlt (2585),,
PROD-0961,BL1850BDC1,BL1850BDC1 Makita Starter Kit,Makita,Makita Usa Inc,"Building, Decking & Railing Materials",approved,0.96,BL1850BDC1,-- Unbranded --,-- No Unilog Brand --,-- No DIB Brand --,Makita Usa Inc (5142),,
PROD-0962,DCB205C,DCB205C 20V Starter Kit,-- Unbranded --,Black & Decker/dewlt,Hardware & Industrial Supplies,needs_review,0.73,DCB205C,-- Unbranded --,-- No Unilog Brand --,DEWALT,Black & Decker/dewlt (2585),,
PROD-0963,DCB2108,DCB2108 Dewalt 20V 8Ah Battery - Max XR Powerpack,DEWALT,Black & Decker/dewlt,Tool Accessories & Attachments > Batteries & Chargers,approved,0.97,DCB2108,-- Unbranded --,-- No Unilog Brand --,DEWALT,Black & Decker/dewlt (2585),,
PROD-0964,DCB2108-2,DCB2108-2 Dewalt 20V 8Ah 2pk - Battery Max XR Powerpack,DEWALT,Black & Decker/dewlt,Tool Accessories & Attachments > Batteries & Chargers,approved,0.97,DCB2108-2,-- Unbranded --,-- No Unilog Brand --,-- No DIB Brand --,Black & Decker/dewlt (2585),,2
PROD-0965,VB0212,VB0212 Senco 18V 2.0 AH Lithium Battery,-- Unbranded --,Senco Products Inc,Tool Accessories & Attachments > Batteries & Chargers,approved,0.92,VB0212,-- Unbranded --,-- No Unilog Brand --,-- No DIB Brand --,Senco Products Inc (4650),,
PROD-0966,BCB2A20A,BCB2A20A Kreg 20V Battery/Charger Starter Kit,GE,Kreg Tool Company,Tool Accessories & Attachments > Batteries & Chargers,approved,0.97,BCB2A20A,-- Unbranded --,-- No Unilog Brand --,-- No DIB Brand --,Kreg Tool Company (KRETO),,
PROD-0967,BATT4A,BATT4A Kreg 20V 4ah Battery Pack,Kreg,Kreg Tool Company,Tool Accessories & Attachments > Batteries & Chargers,approved,0.97,BATT4A,-- Unbranded --,-- No Unilog Brand --,-- No DIB Brand --,Kreg Tool Company (KRETO),,
PROD-0968,BATT2A,BATT2A Kreg 20V 2ah Battery Pack,Kreg,Kreg Tool Company,Tool Accessories & Attachments > Batteries & Chargers,approved,0.97,BATT2A,-- Unbranded --,-- No Unilog Brand --,-- No DIB Brand --,Kreg Tool Company (KRETO),,
PROD-0969,BL1850BDC2X1,BL1850BDC2X1 Makita Starter Kit,Makita,Makita Usa Inc,Hardware & Industrial Supplies,needs_review,0.78,BL1850BDC2X1,-- Unbranded --,-- No Unilog Brand --,-- No DIB Brand --,Makita Usa Inc (5142),,
PROD-0970,48-11-2422,48-11-2422 Milw M12 CP2.0 Battery Two Pack,-- Unbranded --,Milwaukee Accessory,Tool Accessories & Attachments > Batteries & Chargers,approved,0.92,48-11-2422,-- Unbranded --,-- No Unilog Brand --,-- No DIB Brand --,Milwaukee Accessory (4031),,
PROD-0971,DCB1104,DCB1104 Dewalt 12V/20V Charger - 4 Amp,DEWALT,Black & Decker/dewlt,Hardware & Industrial Supplies,needs_review,0.78,DCB1104,-- Unbranded --,-- No Unilog Brand --,-- No DIB Brand --,Black & Decker/dewlt (2585),,
PROD-0972,48-59-1804,48-59-1804 Milw M18 and M12 Rapid Charger,GE,Milwaukee Accessory,Tool Accessories & Attachments > Batteries & Chargers,approved,0.97,48-59-1804,-- Unbranded --,-- No Unilog Brand --,-- No DIB Brand --,Milwaukee Accessory (4031),,
PROD-0973,CRGR401A,CRGR401A Kreg 20V Fast Charger,GE,Kreg Tool Company,Tool Accessories & Attachments > Batteries & Chargers,approved,0.96,CRGR401A,-- Unbranded --,-- No Unilog Brand --,-- No DIB Brand --,Kreg Tool Company (KRETO),,
PROD-0974,48-59-1211,48-59-1211 Milw Power Supply - Charger,GE,Milwaukee Accessory,Power Tools & Equipment > Power Saws,approved,0.96,48-59-1211,-- Unbranded --,-- No Unilog Brand --,Milwaukee,Milwaukee Accessory (4031),,
PROD-0975,2847-20,2847-20 Milw M18 Charger and Power Supply,GE,Milwaukee Accessory,Power Tools & Equipment > Power Saws,approved,0.96,2847-20,-- Unbranded --,-- No Unilog Brand --,-- No DIB Brand --,Milwaukee Accessory (4031),,
PROD-0976,DWV9401,DWV9401 Dewalt Paper Bag - 5pk,DEWALT,Black & Decker/dewlt,Hardware & Industrial Supplies,needs_review,0.78,DWV9401,-- Unbranded --,-- No Unilog Brand --,-- No DIB Brand --,Black & Decker/dewlt (2585),,5
PROD-0977,578512,578512 Festool Dust Extractor-CT MIDI I HEPA,Festool,Festool USA,Tool Accessories & Attachments > Dust Extractors,approved,0.97,578512,-- Unbranded --,-- No Unilog Brand --,-- No DIB Brand --,Festool USA (FESTO),,
PROD-0978,577871,577871 Festool Dust Extractor - CT 26,Festool,Festool USA,Tool Accessories & Attachments > Dust Extractors,approved,0.97,577871,-- Unbranded --,-- No Unilog Brand --,-- No DIB Brand --,Festool USA (FESTO),,
PROD-0979,577874,577874 Festool Dust Extractor - CT 36,Festool,Festool USA,Tool Accessories & Attachments > Dust Extractors,approved,0.97,577874,-- Unbranded --,-- No Unilog Brand --,-- No DIB Brand --,Festool USA (FESTO),,
PROD-0980,577876,577876 Festool Dust Extractor - CT 48,Festool,Festool USA,Tool Accessories & Attachments > Dust Extractors,approved,0.97,577876,-- Unbranded --,-- No Unilog Brand --,-- No DIB Brand --,Festool USA (FESTO),,
PROD-0981,578441,578441 Festool Dust Extractor-CT 15 HEPA,Festool,Festool USA,Tool Accessories & Attachments > Dust Extractors,approved,0.97,578441,-- Unbranded --,-- No Unilog Brand --,-- No DIB Brand --,Festool USA (FESTO),,
PROD-0982,DCK225D2,DCK225D2 Dewalt Impact/Drill - Kit,DEWALT,Black & Decker/dewlt,Power Tools & Equipment > Drills & Drivers,approved,0.96,DCK225D2,-- Unbranded --,-- No Unilog Brand --,DEWALT,Black & Decker/dewlt (2585),,
PROD-0983,DCK2101QQ2,Dewalt DCK2101QQ2 20V 2Pc Kit,DEWALT,Black & Decker/dewlt,Hardware & Industrial Supplies,needs_review,0.78,DCK2101QQ2,-- Unbranded --,-- No Unilog Brand --,-- No DIB Brand --,Black & Decker/dewlt (2585),,2
PROD-0984,4000-2/32,4000-2/32 DREMEL ROTARY TOOL,Dremel,Robt Bosch Tool Corp,Tool Accessories & Attachments > Rotary Tools,approved,0.97,4000-2/32,-- Unbranded --,-- No Unilog Brand --,Dremel,Robt Bosch Tool Corp (6564),,
PROD-0985,15-01-3100,3100-1/15 Dremel Rotary Tool - Kit 15pc,Dremel,Robt Bosch Tool Corp,Tool Accessories & Attachments > Rotary Tools,approved,0.97,15-01-3100,-- Unbranded --,-- No Unilog Brand --,Dremel,Robt Bosch Tool Corp (6564),,15
PROD-0986,T-90043,T-90043 Deep Medium Organizer,-- Unbranded --,Makita Usa Inc,Tool Accessories & Attachments > Tool Organizers & Boxes,approved,0.92,T-90043,-- Unbranded --,-- No Unilog Brand --,-- No DIB Brand --,Makita Usa Inc (5142),,
PROD-0987,T-90059,T-90059 Low Profile Medium - Organizer,-- Unbranded --,Makita Usa Inc,Tool Accessories & Attachments > Tool Organizers & Boxes,approved,0.92,T-90059,-- Unbranded --,-- No Unilog Brand --,-- No DIB Brand --,Makita Usa Inc (5142),,
PROD-0988,T-90065,T-90065 Deep Compact Organizer,-- Unbranded --,Makita Usa Inc,Tool Accessories & Attachments > Tool Organizers & Boxes,approved,0.92,T-90065,-- Unbranded --,-- No Unilog Brand --,-- No DIB Brand --,Makita Usa Inc (5142),,
PROD-0989,10047VS,10047VS Oliver 3HP 230V 1PH Shaper 1-1/4 Spindle,Oliver,Oliver Machinery Company,Woodworking & Machinery > Planers & Jointers,approved,0.97,10047VS,-- Unbranded --,-- No Unilog Brand --,-- No DIB Brand --,Oliver Machinery Company (OLIMA),,
PROD-0990,MAG:2044-230-1,2044-230-1 Stock Feeder 4-Roll - Steff,Steff,J&G Machinery,Woodworking & Machinery > Planers & Jointers,approved,0.96,MAG:2044-230-1,-- Unbranded --,-- No Unilog Brand --,-- No DIB Brand --,J&G Machinery (JGMAC),,
PROD-0991,XTP242,"42"" XTP XTENDER PRO Fence - XTP242",-- Unbranded --,Bow Products,Decking & Railing > Railing & Fence Kits,approved,0.92,XTP242,-- Unbranded --,-- No Unilog Brand --,-- No DIB Brand --,Bow Products (BOWPR),42 in,
PROD-0992,AAS-P,AAS-P Align-A-Saw Plate Only,-- Unbranded --,Woodpeckers Inc,"Building, Decking & Railing Materials > Lumber & Structural Panels",approved,0.91,AAS-P,-- Unbranded --,-- No Unilog Brand --,-- No DIB Brand --,Woodpeckers Inc (WOODP),,
PROD-0993,SSCMS,SSCMS Stealthstop Miter Sled,-- Unbranded --,Woodpeckers Inc,Woodworking & Machinery > Planers & Jointers,approved,0.91,SSCMS,-- Unbranded --,-- No Unilog Brand --,-- No DIB Brand --,Woodpeckers Inc (WOODP),,
PROD-0994,4225.201,"4225.201 Oliver 6"" HH Jointer Paralleogram",Oliver,Oliver Machinery Company,Woodworking & Machinery > Planers & Jointers,approved,0.97,4225.201,-- Unbranded --,-- No Unilog Brand --,-- No DIB Brand --,Oliver Machinery Company (OLIMA),6 in,
PROD-0995,KC-426C,"KC-426C 12"" Portable Planer",-- Unbranded --,King Canada Inc,Woodworking & Machinery > Planers & Jointers,approved,0.92,KC-426C,-- Unbranded --,-- No Unilog Brand --,-- No DIB Brand --,King Canada Inc (KINCA),12 in,
PROD-0996,10045.201,"10045.201 Oliver 13"" Benchtop Planer 2HP,115V 1Ph",Oliver,Oliver Machinery Company,Woodworking & Machinery > Planers & Jointers,approved,0.97,10045.201,-- Unbranded --,-- No Unilog Brand --,-- No DIB Brand --,Oliver Machinery Company (OLIMA),13 in,
PROD-0997,10014.201,"10014.201 Oliver 15"" Planer 3HP 1Ph 220V",Oliver,Oliver Machinery Company,Woodworking & Machinery > Planers & Jointers,approved,0.97,10014.201,-- Unbranded --,-- No Unilog Brand --,-- No DIB Brand --,Oliver Machinery Company (OLIMA),15 in,
PROD-0998,4430.201,"4430.201 Oliver 20"" Planer 5HP 1Ph 230V",Oliver,Oliver Machinery Company,Woodworking & Machinery > Planers & Jointers,approved,0.97,4430.201,-- Unbranded --,-- No Unilog Brand --,-- No DIB Brand --,Oliver Machinery Company (OLIMA),20 in,
PROD-0999,10055.201,"10055.201 Oliver 15"" Benchtop Planer 2.5HP 1Ph 230V",Oliver,Oliver Machinery Company,Woodworking & Machinery > Planers & Jointers,approved,0.97,10055.201,-- Unbranded --,-- No Unilog Brand --,-- No DIB Brand --,Oliver Machinery Company (OLIMA),15 in,
PROD-1000,T27417,T27417 Grizzly OscillatingEdge - Belt and Spindle Sander,GE,Woodstock Intl,Hardware & Industrial Supplies,needs_review,0.78,T27417,-- Unbranded --,-- No Unilog Brand --,-- No DIB Brand --,Woodstock Intl (3658),,
