product_id,attribute_name,value,confidence_score,confidence_percentage,decision,source_confidence,evidence_confidence,extraction_confidence,lov_confidence,uom_confidence,validation_confidence,reason_codes,evidence_id,source_id,status,created_at
PROD-0001,grit,P120,0.8639,86,REVIEW_RECOMMENDED,1.0,0.4,0.9875,1.0,,1.0,OFFICIAL_MANUFACTURER_SOURCE|HIGH_AUTHORITY_SOURCE|PARTIAL_EVIDENCE|DIRECT_SPECIFICATION_MATCH|LOV_VALID|VALIDATION_PASS,EV-8c459152,SRC-edb68817,unverified,2026-08-16T12:53:07.465229+00:00
PROD-0059,length,12 ft,1.0,100,AUTO_APPROVE,1.0,1.0,1.0,,1.0,1.0,OFFICIAL_MANUFACTURER_SOURCE|HIGH_AUTHORITY_SOURCE|EVIDENCE_GROUNDED|EXACT_MPN_MATCH|MANUFACTURER_VERIFIED|DIRECT_SPECIFICATION_MATCH|UOM_VALID|VALIDATION_PASS,EV-f0919316,SRC-91e9ed85,verified,2026-08-16T12:53:07.467037+00:00
PROD-0060,length,12 ft,1.0,100,AUTO_APPROVE,1.0,1.0,1.0,,1.0,1.0,OFFICIAL_MANUFACTURER_SOURCE|HIGH_AUTHORITY_SOURCE|EVIDENCE_GROUNDED|EXACT_MPN_MATCH|MANUFACTURER_VERIFIED|DIRECT_SPECIFICATION_MATCH|UOM_VALID|VALIDATION_PASS,EV-1b85daaa,SRC-2f6b0536,verified,2026-08-16T12:53:07.467129+00:00
PROD-0100,color,Slate Gray,1.0,100,AUTO_APPROVE,1.0,1.0,1.0,,,1.0,OFFICIAL_MANUFACTURER_SOURCE|HIGH_AUTHORITY_SOURCE|EVIDENCE_GROUNDED|EXACT_MPN_MATCH|MANUFACTURER_VERIFIED|DIRECT_SPECIFICATION_MATCH|VALIDATION_PASS,EV-ab7eb9ec,SRC-1bdd3b7b,verified,2026-08-16T12:53:07.468255+00:00
PROD-0100,edge_profile,Grooved,1.0,100,AUTO_APPROVE,1.0,1.0,1.0,,,1.0,OFFICIAL_MANUFACTURER_SOURCE|HIGH_AUTHORITY_SOURCE|EVIDENCE_GROUNDED|EXACT_MPN_MATCH|MANUFACTURER_VERIFIED|DIRECT_SPECIFICATION_MATCH|VALIDATION_PASS,EV-d4b82edc,SRC-1bdd3b7b,verified,2026-08-16T12:53:07.468388+00:00
PROD-0100,length,12 ft,1.0,100,AUTO_APPROVE,1.0,1.0,1.0,,1.0,1.0,OFFICIAL_MANUFACTURER_SOURCE|HIGH_AUTHORITY_SOURCE|EVIDENCE_GROUNDED|EXACT_MPN_MATCH|MANUFACTURER_VERIFIED|DIRECT_SPECIFICATION_MATCH|UOM_VALID|VALIDATION_PASS,EV-400de24f,SRC-1bdd3b7b,verified,2026-08-16T12:53:07.468436+00:00
PROD-0100,material,PVC,1.0,100,AUTO_APPROVE,1.0,1.0,1.0,1.0,,1.0,OFFICIAL_MANUFACTURER_SOURCE|HIGH_AUTHORITY_SOURCE|EVIDENCE_GROUNDED|EXACT_MPN_MATCH|MANUFACTURER_VERIFIED|DIRECT_SPECIFICATION_MATCH|LOV_VALID|VALIDATION_PASS,EV-31610d38,SRC-1bdd3b7b,verified,2026-08-16T12:53:07.468462+00:00
PROD-0100,width_profile,1x6,1.0,100,AUTO_APPROVE,1.0,1.0,1.0,,1.0,1.0,OFFICIAL_MANUFACTURER_SOURCE|HIGH_AUTHORITY_SOURCE|EVIDENCE_GROUNDED|EXACT_MPN_MATCH|MANUFACTURER_VERIFIED|DIRECT_SPECIFICATION_MATCH|UOM_VALID|VALIDATION_PASS,EV-f34f0792,SRC-1bdd3b7b,verified,2026-08-16T12:53:07.468484+00:00
PROD-0101,color,Slate Gray,1.0,100,AUTO_APPROVE,1.0,1.0,1.0,,,1.0,OFFICIAL_MANUFACTURER_SOURCE|HIGH_AUTHORITY_SOURCE|EVIDENCE_GROUNDED|EXACT_MPN_MATCH|MANUFACTURER_VERIFIED|DIRECT_SPECIFICATION_MATCH|VALIDATION_PASS,EV-42c8e172,SRC-48394ba8,verified,2026-08-16T12:53:07.468792+00:00
PROD-0101,edge_profile,Grooved,1.0,100,AUTO_APPROVE,1.0,1.0,1.0,,,1.0,OFFICIAL_MANUFACTURER_SOURCE|HIGH_AUTHORITY_SOURCE|EVIDENCE_GROUNDED|EXACT_MPN_MATCH|MANUFACTURER_VERIFIED|DIRECT_SPECIFICATION_MATCH|VALIDATION_PASS,EV-f7577a10,SRC-48394ba8,verified,2026-08-16T12:53:07.468863+00:00
PROD-0101,length,12 ft,1.0,100,AUTO_APPROVE,1.0,1.0,1.0,,1.0,1.0,OFFICIAL_MANUFACTURER_SOURCE|HIGH_AUTHORITY_SOURCE|EVIDENCE_GROUNDED|EXACT_MPN_MATCH|MANUFACTURER_VERIFIED|DIRECT_SPECIFICATION_MATCH|UOM_VALID|VALIDATION_PASS,EV-bfde6f89,SRC-48394ba8,verified,2026-08-16T12:53:07.468896+00:00
PROD-0101,material,PVC,1.0,100,AUTO_APPROVE,1.0,1.0,1.0,1.0,,1.0,OFFICIAL_MANUFACTURER_SOURCE|HIGH_AUTHORITY_SOURCE|EVIDENCE_GROUNDED|EXACT_MPN_MATCH|MANUFACTURER_VERIFIED|DIRECT_SPECIFICATION_MATCH|LOV_VALID|VALIDATION_PASS,EV-ee953dc2,SRC-48394ba8,verified,2026-08-16T12:53:07.468923+00:00
PROD-0101,width_profile,1x6,1.0,100,AUTO_APPROVE,1.0,1.0,1.0,,1.0,1.0,OFFICIAL_MANUFACTURER_SOURCE|HIGH_AUTHORITY_SOURCE|EVIDENCE_GROUNDED|EXACT_MPN_MATCH|MANUFACTURER_VERIFIED|DIRECT_SPECIFICATION_MATCH|UOM_VALID|VALIDATION_PASS,EV-241897aa,SRC-48394ba8,verified,2026-08-16T12:53:07.468945+00:00
PROD-0102,color,Slate Gray,1.0,100,AUTO_APPROVE,1.0,1.0,1.0,,,1.0,OFFICIAL_MANUFACTURER_SOURCE|HIGH_AUTHORITY_SOURCE|EVIDENCE_GROUNDED|EXACT_MPN_MATCH|MANUFACTURER_VERIFIED|DIRECT_SPECIFICATION_MATCH|VALIDATION_PASS,EV-92729701,SRC-8f050dbb,verified,2026-08-16T12:53:07.469100+00:00
PROD-0102,edge_profile,Grooved,1.0,100,AUTO_APPROVE,1.0,1.0,1.0,,,1.0,OFFICIAL_MANUFACTURER_SOURCE|HIGH_AUTHORITY_SOURCE|EVIDENCE_GROUNDED|EXACT_MPN_MATCH|MANUFACTURER_VERIFIED|DIRECT_SPECIFICATION_MATCH|VALIDATION_PASS,EV-3f2d40fa,SRC-8f050dbb,verified,2026-08-16T12:53:07.469125+00:00
PROD-0102,length,12 ft,1.0,100,AUTO_APPROVE,1.0,1.0,1.0,,1.0,1.0,OFFICIAL_MANUFACTURER_SOURCE|HIGH_AUTHORITY_SOURCE|EVIDENCE_GROUNDED|EXACT_MPN_MATCH|MANUFACTURER_VERIFIED|DIRECT_SPECIFICATION_MATCH|UOM_VALID|VALIDATION_PASS,EV-632b7a8a,SRC-8f050dbb,verified,2026-08-16T12:53:07.469292+00:00
PROD-0102,material,PVC,1.0,100,AUTO_APPROVE,1.0,1.0,1.0,1.0,,1.0,OFFICIAL_MANUFACTURER_SOURCE|HIGH_AUTHORITY_SOURCE|EVIDENCE_GROUNDED|EXACT_MPN_MATCH|MANUFACTURER_VERIFIED|DIRECT_SPECIFICATION_MATCH|LOV_VALID|VALIDATION_PASS,EV-d1b1c6ac,SRC-8f050dbb,verified,2026-08-16T12:53:07.469427+00:00
PROD-0102,width_profile,1x6,1.0,100,AUTO_APPROVE,1.0,1.0,1.0,,1.0,1.0,OFFICIAL_MANUFACTURER_SOURCE|HIGH_AUTHORITY_SOURCE|EVIDENCE_GROUNDED|EXACT_MPN_MATCH|MANUFACTURER_VERIFIED|DIRECT_SPECIFICATION_MATCH|UOM_VALID|VALIDATION_PASS,EV-b3b766c5,SRC-8f050dbb,verified,2026-08-16T12:53:07.469466+00:00
PROD-0103,color,Slate Gray,0.7781,78,REVIEW_RECOMMENDED,1.0,0.4,0.9,,,0.75,OFFICIAL_MANUFACTURER_SOURCE|HIGH_AUTHORITY_SOURCE|PARTIAL_EVIDENCE|VALIDATION_WARNING,,SRC-8f050dbb,verified,2026-08-16T12:53:07.469613+00:00
PROD-0103,edge_profile,Grooved,0.7781,78,REVIEW_RECOMMENDED,1.0,0.4,0.9,,,0.75,OFFICIAL_MANUFACTURER_SOURCE|HIGH_AUTHORITY_SOURCE|PARTIAL_EVIDENCE|VALIDATION_WARNING,,SRC-8f050dbb,verified,2026-08-16T12:53:07.469638+00:00
PROD-0103,length,12 ft,0.8028,80,REVIEW_RECOMMENDED,1.0,0.4,0.9,,1.0,0.75,OFFICIAL_MANUFACTURER_SOURCE|HIGH_AUTHORITY_SOURCE|PARTIAL_EVIDENCE|UOM_VALID|VALIDATION_WARNING,,SRC-8f050dbb,verified,2026-08-16T12:53:07.469657+00:00
PROD-0103,material,PVC,0.8028,80,REVIEW_RECOMMENDED,1.0,0.4,0.9,1.0,,0.75,OFFICIAL_MANUFACTURER_SOURCE|HIGH_AUTHORITY_SOURCE|PARTIAL_EVIDENCE|LOV_VALID|VALIDATION_WARNING,,SRC-8f050dbb,verified,2026-08-16T12:53:07.469672+00:00
PROD-0103,width_profile,1x6,0.8028,80,REVIEW_RECOMMENDED,1.0,0.4,0.9,,1.0,0.75,OFFICIAL_MANUFACTURER_SOURCE|HIGH_AUTHORITY_SOURCE|PARTIAL_EVIDENCE|UOM_VALID|VALIDATION_WARNING,,SRC-8f050dbb,verified,2026-08-16T12:53:07.469685+00:00
PROD-0104,color,Slate Gray,0.7781,78,REVIEW_RECOMMENDED,1.0,0.4,0.9,,,0.75,OFFICIAL_MANUFACTURER_SOURCE|HIGH_AUTHORITY_SOURCE|PARTIAL_EVIDENCE|VALIDATION_WARNING,,SRC-8f050dbb,verified,2026-08-16T12:53:07.469770+00:00
PROD-0104,edge_profile,Grooved,0.7781,78,REVIEW_RECOMMENDED,1.0,0.4,0.9,,,0.75,OFFICIAL_MANUFACTURER_SOURCE|HIGH_AUTHORITY_SOURCE|PARTIAL_EVIDENCE|VALIDATION_WARNING,,SRC-8f050dbb,verified,2026-08-16T12:53:07.469785+00:00
PROD-0104,length,12 ft,0.8028,80,REVIEW_RECOMMENDED,1.0,0.4,0.9,,1.0,0.75,OFFICIAL_MANUFACTURER_SOURCE|HIGH_AUTHORITY_SOURCE|PARTIAL_EVIDENCE|UOM_VALID|VALIDATION_WARNING,,SRC-8f050dbb,verified,2026-08-16T12:53:07.469799+00:00
PROD-0104,material,PVC,0.8028,80,REVIEW_RECOMMENDED,1.0,0.4,0.9,1.0,,0.75,OFFICIAL_MANUFACTURER_SOURCE|HIGH_AUTHORITY_SOURCE|PARTIAL_EVIDENCE|LOV_VALID|VALIDATION_WARNING,,SRC-8f050dbb,verified,2026-08-16T12:53:07.469814+00:00
PROD-0104,width_profile,1x6,0.8028,80,REVIEW_RECOMMENDED,1.0,0.4,0.9,,1.0,0.75,OFFICIAL_MANUFACTURER_SOURCE|HIGH_AUTHORITY_SOURCE|PARTIAL_EVIDENCE|UOM_VALID|VALIDATION_WARNING,,SRC-8f050dbb,verified,2026-08-16T12:53:07.469827+00:00
PROD-0105,color,Slate Gray,0.7781,78,REVIEW_RECOMMENDED,1.0,0.4,0.9,,,0.75,OFFICIAL_MANUFACTURER_SOURCE|HIGH_AUTHORITY_SOURCE|PARTIAL_EVIDENCE|VALIDATION_WARNING,,SRC-8f050dbb,verified,2026-08-16T12:53:07.469900+00:00
PROD-0105,edge_profile,Grooved,0.7781,78,REVIEW_RECOMMENDED,1.0,0.4,0.9,,,0.75,OFFICIAL_MANUFACTURER_SOURCE|HIGH_AUTHORITY_SOURCE|PARTIAL_EVIDENCE|VALIDATION_WARNING,,SRC-8f050dbb,verified,2026-08-16T12:53:07.469915+00:00
PROD-0105,length,12 ft,0.8028,80,REVIEW_RECOMMENDED,1.0,0.4,0.9,,1.0,0.75,OFFICIAL_MANUFACTURER_SOURCE|HIGH_AUTHORITY_SOURCE|PARTIAL_EVIDENCE|UOM_VALID|VALIDATION_WARNING,,SRC-8f050dbb,verified,2026-08-16T12:53:07.469929+00:00
PROD-0105,material,PVC,0.8028,80,REVIEW_RECOMMENDED,1.0,0.4,0.9,1.0,,0.75,OFFICIAL_MANUFACTURER_SOURCE|HIGH_AUTHORITY_SOURCE|PARTIAL_EVIDENCE|LOV_VALID|VALIDATION_WARNING,,SRC-8f050dbb,verified,2026-08-16T12:53:07.469943+00:00
PROD-0105,width_profile,1x6,0.8028,80,REVIEW_RECOMMENDED,1.0,0.4,0.9,,1.0,0.75,OFFICIAL_MANUFACTURER_SOURCE|HIGH_AUTHORITY_SOURCE|PARTIAL_EVIDENCE|UOM_VALID|VALIDATION_WARNING,,SRC-8f050dbb,verified,2026-08-16T12:53:07.469954+00:00
PROD-0106,color,Slate Gray,0.7781,78,REVIEW_RECOMMENDED,1.0,0.4,0.9,,,0.75,OFFICIAL_MANUFACTURER_SOURCE|HIGH_AUTHORITY_SOURCE|PARTIAL_EVIDENCE|VALIDATION_WARNING,,SRC-8f050dbb,verified,2026-08-16T12:53:07.470059+00:00
PROD-0106,edge_profile,Grooved,0.7781,78,REVIEW_RECOMMENDED,1.0,0.4,0.9,,,0.75,OFFICIAL_MANUFACTURER_SOURCE|HIGH_AUTHORITY_SOURCE|PARTIAL_EVIDENCE|VALIDATION_WARNING,,SRC-8f050dbb,verified,2026-08-16T12:53:07.470086+00:00
PROD-0106,length,12 ft,0.8028,80,REVIEW_RECOMMENDED,1.0,0.4,0.9,,1.0,0.75,OFFICIAL_MANUFACTURER_SOURCE|HIGH_AUTHORITY_SOURCE|PARTIAL_EVIDENCE|UOM_VALID|VALIDATION_WARNING,,SRC-8f050dbb,verified,2026-08-16T12:53:07.470111+00:00
PROD-0106,material,PVC,0.8028,80,REVIEW_RECOMMENDED,1.0,0.4,0.9,1.0,,0.75,OFFICIAL_MANUFACTURER_SOURCE|HIGH_AUTHORITY_SOURCE|PARTIAL_EVIDENCE|LOV_VALID|VALIDATION_WARNING,,SRC-8f050dbb,verified,2026-08-16T12:53:07.470146+00:00
PROD-0106,width_profile,1x6,0.8028,80,REVIEW_RECOMMENDED,1.0,0.4,0.9,,1.0,0.75,OFFICIAL_MANUFACTURER_SOURCE|HIGH_AUTHORITY_SOURCE|PARTIAL_EVIDENCE|UOM_VALID|VALIDATION_WARNING,,SRC-8f050dbb,verified,2026-08-16T12:53:07.470167+00:00
PROD-0107,color,Slate Gray,0.7781,78,REVIEW_RECOMMENDED,1.0,0.4,0.9,,,0.75,OFFICIAL_MANUFACTURER_SOURCE|HIGH_AUTHORITY_SOURCE|PARTIAL_EVIDENCE|VALIDATION_WARNING,,SRC-8f050dbb,verified,2026-08-16T12:53:07.470292+00:00
PROD-0107,edge_profile,Grooved,0.7781,78,REVIEW_RECOMMENDED,1.0,0.4,0.9,,,0.75,OFFICIAL_MANUFACTURER_SOURCE|HIGH_AUTHORITY_SOURCE|PARTIAL_EVIDENCE|VALIDATION_WARNING,,SRC-8f050dbb,verified,2026-08-16T12:53:07.470319+00:00
PROD-0107,length,12 ft,0.8028,80,REVIEW_RECOMMENDED,1.0,0.4,0.9,,1.0,0.75,OFFICIAL_MANUFACTURER_SOURCE|HIGH_AUTHORITY_SOURCE|PARTIAL_EVIDENCE|UOM_VALID|VALIDATION_WARNING,,SRC-8f050dbb,verified,2026-08-16T12:53:07.470347+00:00
PROD-0107,material,PVC,0.8028,80,REVIEW_RECOMMENDED,1.0,0.4,0.9,1.0,,0.75,OFFICIAL_MANUFACTURER_SOURCE|HIGH_AUTHORITY_SOURCE|PARTIAL_EVIDENCE|LOV_VALID|VALIDATION_WARNING,,SRC-8f050dbb,verified,2026-08-16T12:53:07.470371+00:00
PROD-0107,width_profile,1x6,0.8028,80,REVIEW_RECOMMENDED,1.0,0.4,0.9,,1.0,0.75,OFFICIAL_MANUFACTURER_SOURCE|HIGH_AUTHORITY_SOURCE|PARTIAL_EVIDENCE|UOM_VALID|VALIDATION_WARNING,,SRC-8f050dbb,verified,2026-08-16T12:53:07.470393+00:00
PROD-0108,color,Slate Gray,1.0,100,AUTO_APPROVE,1.0,1.0,1.0,,,1.0,OFFICIAL_MANUFACTURER_SOURCE|HIGH_AUTHORITY_SOURCE|EVIDENCE_GROUNDED|EXACT_MPN_MATCH|MANUFACTURER_VERIFIED|DIRECT_SPECIFICATION_MATCH|VALIDATION_PASS,EV-a5efa8dc,SRC-c77d3044,verified,2026-08-16T12:53:07.470526+00:00
PROD-0108,edge_profile,Grooved,1.0,100,AUTO_APPROVE,1.0,1.0,1.0,,,1.0,OFFICIAL_MANUFACTURER_SOURCE|HIGH_AUTHORITY_SOURCE|EVIDENCE_GROUNDED|EXACT_MPN_MATCH|MANUFACTURER_VERIFIED|DIRECT_SPECIFICATION_MATCH|VALIDATION_PASS,EV-2133a440,SRC-c77d3044,verified,2026-08-16T12:53:07.470556+00:00
PROD-0108,length,12 ft,1.0,100,AUTO_APPROVE,1.0,1.0,1.0,,1.0,1.0,OFFICIAL_MANUFACTURER_SOURCE|HIGH_AUTHORITY_SOURCE|EVIDENCE_GROUNDED|EXACT_MPN_MATCH|MANUFACTURER_VERIFIED|DIRECT_SPECIFICATION_MATCH|UOM_VALID|VALIDATION_PASS,EV-eb272e2d,SRC-c77d3044,verified,2026-08-16T12:53:07.470581+00:00
PROD-0108,material,PVC,1.0,100,AUTO_APPROVE,1.0,1.0,1.0,1.0,,1.0,OFFICIAL_MANUFACTURER_SOURCE|HIGH_AUTHORITY_SOURCE|EVIDENCE_GROUNDED|EXACT_MPN_MATCH|MANUFACTURER_VERIFIED|DIRECT_SPECIFICATION_MATCH|LOV_VALID|VALIDATION_PASS,EV-9af3ecd7,SRC-c77d3044,verified,2026-08-16T12:53:07.470606+00:00
PROD-0108,width_profile,1x6,1.0,100,AUTO_APPROVE,1.0,1.0,1.0,,1.0,1.0,OFFICIAL_MANUFACTURER_SOURCE|HIGH_AUTHORITY_SOURCE|EVIDENCE_GROUNDED|EXACT_MPN_MATCH|MANUFACTURER_VERIFIED|DIRECT_SPECIFICATION_MATCH|UOM_VALID|VALIDATION_PASS,EV-69604390,SRC-c77d3044,verified,2026-08-16T12:53:07.470628+00:00
PROD-0109,color,Slate Gray,1.0,100,AUTO_APPROVE,1.0,1.0,1.0,,,1.0,OFFICIAL_MANUFACTURER_SOURCE|HIGH_AUTHORITY_SOURCE|EVIDENCE_GROUNDED|EXACT_MPN_MATCH|MANUFACTURER_VERIFIED|DIRECT_SPECIFICATION_MATCH|VALIDATION_PASS,EV-88e8cb32,SRC-41d26625,verified,2026-08-16T12:53:07.470755+00:00
PROD-0109,edge_profile,Grooved,1.0,100,AUTO_APPROVE,1.0,1.0,1.0,,,1.0,OFFICIAL_MANUFACTURER_SOURCE|HIGH_AUTHORITY_SOURCE|EVIDENCE_GROUNDED|EXACT_MPN_MATCH|MANUFACTURER_VERIFIED|DIRECT_SPECIFICATION_MATCH|VALIDATION_PASS,EV-4043f3b8,SRC-41d26625,verified,2026-08-16T12:53:07.470779+00:00
PROD-0109,length,12 ft,1.0,100,AUTO_APPROVE,1.0,1.0,1.0,,1.0,1.0,OFFICIAL_MANUFACTURER_SOURCE|HIGH_AUTHORITY_SOURCE|EVIDENCE_GROUNDED|EXACT_MPN_MATCH|MANUFACTURER_VERIFIED|DIRECT_SPECIFICATION_MATCH|UOM_VALID|VALIDATION_PASS,EV-a0c1321d,SRC-41d26625,verified,2026-08-16T12:53:07.470792+00:00
PROD-0109,material,PVC,1.0,100,AUTO_APPROVE,1.0,1.0,1.0,1.0,,1.0,OFFICIAL_MANUFACTURER_SOURCE|HIGH_AUTHORITY_SOURCE|EVIDENCE_GROUNDED|EXACT_MPN_MATCH|MANUFACTURER_VERIFIED|DIRECT_SPECIFICATION_MATCH|LOV_VALID|VALIDATION_PASS,EV-211be3f1,SRC-41d26625,verified,2026-08-16T12:53:07.470805+00:00
PROD-0109,width_profile,1x6,1.0,100,AUTO_APPROVE,1.0,1.0,1.0,,1.0,1.0,OFFICIAL_MANUFACTURER_SOURCE|HIGH_AUTHORITY_SOURCE|EVIDENCE_GROUNDED|EXACT_MPN_MATCH|MANUFACTURER_VERIFIED|DIRECT_SPECIFICATION_MATCH|UOM_VALID|VALIDATION_PASS,EV-4cb641cf,SRC-41d26625,verified,2026-08-16T12:53:07.470817+00:00
PROD-0110,color,Slate Gray,1.0,100,AUTO_APPROVE,1.0,1.0,1.0,,,1.0,OFFICIAL_MANUFACTURER_SOURCE|HIGH_AUTHORITY_SOURCE|EVIDENCE_GROUNDED|EXACT_MPN_MATCH|MANUFACTURER_VERIFIED|DIRECT_SPECIFICATION_MATCH|VALIDATION_PASS,EV-7e4d0005,SRC-88f447ef,verified,2026-08-16T12:53:07.470897+00:00
PROD-0110,edge_profile,Grooved,1.0,100,AUTO_APPROVE,1.0,1.0,1.0,,,1.0,OFFICIAL_MANUFACTURER_SOURCE|HIGH_AUTHORITY_SOURCE|EVIDENCE_GROUNDED|EXACT_MPN_MATCH|MANUFACTURER_VERIFIED|DIRECT_SPECIFICATION_MATCH|VALIDATION_PASS,EV-3193938f,SRC-88f447ef,verified,2026-08-16T12:53:07.470913+00:00
PROD-0110,length,12 ft,1.0,100,AUTO_APPROVE,1.0,1.0,1.0,,1.0,1.0,OFFICIAL_MANUFACTURER_SOURCE|HIGH_AUTHORITY_SOURCE|EVIDENCE_GROUNDED|EXACT_MPN_MATCH|MANUFACTURER_VERIFIED|DIRECT_SPECIFICATION_MATCH|UOM_VALID|VALIDATION_PASS,EV-e9aa9e74,SRC-88f447ef,verified,2026-08-16T12:53:07.470926+00:00
PROD-0110,material,PVC,1.0,100,AUTO_APPROVE,1.0,1.0,1.0,1.0,,1.0,OFFICIAL_MANUFACTURER_SOURCE|HIGH_AUTHORITY_SOURCE|EVIDENCE_GROUNDED|EXACT_MPN_MATCH|MANUFACTURER_VERIFIED|DIRECT_SPECIFICATION_MATCH|LOV_VALID|VALIDATION_PASS,EV-cd941c46,SRC-88f447ef,verified,2026-08-16T12:53:07.470939+00:00
PROD-0110,width_profile,1x6,1.0,100,AUTO_APPROVE,1.0,1.0,1.0,,1.0,1.0,OFFICIAL_MANUFACTURER_SOURCE|HIGH_AUTHORITY_SOURCE|EVIDENCE_GROUNDED|EXACT_MPN_MATCH|MANUFACTURER_VERIFIED|DIRECT_SPECIFICATION_MATCH|UOM_VALID|VALIDATION_PASS,EV-fc7dfd59,SRC-88f447ef,verified,2026-08-16T12:53:07.470954+00:00
PROD-0111,color,Slate Gray,0.7781,78,REVIEW_RECOMMENDED,1.0,0.4,0.9,,,0.75,OFFICIAL_MANUFACTURER_SOURCE|HIGH_AUTHORITY_SOURCE|PARTIAL_EVIDENCE|VALIDATION_WARNING,,SRC-88f447ef,verified,2026-08-16T12:53:07.471027+00:00
PROD-0111,edge_profile,Grooved,0.7781,78,REVIEW_RECOMMENDED,1.0,0.4,0.9,,,0.75,OFFICIAL_MANUFACTURER_SOURCE|HIGH_AUTHORITY_SOURCE|PARTIAL_EVIDENCE|VALIDATION_WARNING,,SRC-88f447ef,verified,2026-08-16T12:53:07.471042+00:00
PROD-0111,length,12 ft,0.8028,80,REVIEW_RECOMMENDED,1.0,0.4,0.9,,1.0,0.75,OFFICIAL_MANUFACTURER_SOURCE|HIGH_AUTHORITY_SOURCE|PARTIAL_EVIDENCE|UOM_VALID|VALIDATION_WARNING,,SRC-88f447ef,verified,2026-08-16T12:53:07.471056+00:00
PROD-0111,material,PVC,0.8028,80,REVIEW_RECOMMENDED,1.0,0.4,0.9,1.0,,0.75,OFFICIAL_MANUFACTURER_SOURCE|HIGH_AUTHORITY_SOURCE|PARTIAL_EVIDENCE|LOV_VALID|VALIDATION_WARNING,,SRC-88f447ef,verified,2026-08-16T12:53:07.471069+00:00
PROD-0111,width_profile,1x6,0.8028,80,REVIEW_RECOMMENDED,1.0,0.4,0.9,,1.0,0.75,OFFICIAL_MANUFACTURER_SOURCE|HIGH_AUTHORITY_SOURCE|PARTIAL_EVIDENCE|UOM_VALID|VALIDATION_WARNING,,SRC-88f447ef,verified,2026-08-16T12:53:07.471081+00:00
PROD-0112,color,Slate Gray,1.0,100,AUTO_APPROVE,1.0,1.0,1.0,,,1.0,OFFICIAL_MANUFACTURER_SOURCE|HIGH_AUTHORITY_SOURCE|EVIDENCE_GROUNDED|EXACT_MPN_MATCH|MANUFACTURER_VERIFIED|DIRECT_SPECIFICATION_MATCH|VALIDATION_PASS,EV-f2031642,SRC-7b9cd100,verified,2026-08-16T12:53:07.471170+00:00
PROD-0112,edge_profile,Grooved,1.0,100,AUTO_APPROVE,1.0,1.0,1.0,,,1.0,OFFICIAL_MANUFACTURER_SOURCE|HIGH_AUTHORITY_SOURCE|EVIDENCE_GROUNDED|EXACT_MPN_MATCH|MANUFACTURER_VERIFIED|DIRECT_SPECIFICATION_MATCH|VALIDATION_PASS,EV-7b148eb6,SRC-7b9cd100,verified,2026-08-16T12:53:07.471186+00:00
PROD-0112,length,12 ft,1.0,100,AUTO_APPROVE,1.0,1.0,1.0,,1.0,1.0,OFFICIAL_MANUFACTURER_SOURCE|HIGH_AUTHORITY_SOURCE|EVIDENCE_GROUNDED|EXACT_MPN_MATCH|MANUFACTURER_VERIFIED|DIRECT_SPECIFICATION_MATCH|UOM_VALID|VALIDATION_PASS,EV-4a46358e,SRC-7b9cd100,verified,2026-08-16T12:53:07.471201+00:00
PROD-0112,material,PVC,1.0,100,AUTO_APPROVE,1.0,1.0,1.0,1.0,,1.0,OFFICIAL_MANUFACTURER_SOURCE|HIGH_AUTHORITY_SOURCE|EVIDENCE_GROUNDED|EXACT_MPN_MATCH|MANUFACTURER_VERIFIED|DIRECT_SPECIFICATION_MATCH|LOV_VALID|VALIDATION_PASS,EV-19ed9a62,SRC-7b9cd100,verified,2026-08-16T12:53:07.471215+00:00
PROD-0112,width_profile,1x6,1.0,100,AUTO_APPROVE,1.0,1.0,1.0,,1.0,1.0,OFFICIAL_MANUFACTURER_SOURCE|HIGH_AUTHORITY_SOURCE|EVIDENCE_GROUNDED|EXACT_MPN_MATCH|MANUFACTURER_VERIFIED|DIRECT_SPECIFICATION_MATCH|UOM_VALID|VALIDATION_PASS,EV-a83f1779,SRC-7b9cd100,verified,2026-08-16T12:53:07.471228+00:00
PROD-0113,color,Slate Gray,1.0,100,AUTO_APPROVE,1.0,1.0,1.0,,,1.0,OFFICIAL_MANUFACTURER_SOURCE|HIGH_AUTHORITY_SOURCE|EVIDENCE_GROUNDED|EXACT_MPN_MATCH|MANUFACTURER_VERIFIED|DIRECT_SPECIFICATION_MATCH|VALIDATION_PASS,EV-764d06ed,SRC-1cd8d3a8,verified,2026-08-16T12:53:07.471304+00:00
PROD-0113,edge_profile,Grooved,1.0,100,AUTO_APPROVE,1.0,1.0,1.0,,,1.0,OFFICIAL_MANUFACTURER_SOURCE|HIGH_AUTHORITY_SOURCE|EVIDENCE_GROUNDED|EXACT_MPN_MATCH|MANUFACTURER_VERIFIED|DIRECT_SPECIFICATION_MATCH|VALIDATION_PASS,EV-b4bb72b7,SRC-1cd8d3a8,verified,2026-08-16T12:53:07.471319+00:00
PROD-0113,length,12 ft,1.0,100,AUTO_APPROVE,1.0,1.0,1.0,,1.0,1.0,OFFICIAL_MANUFACTURER_SOURCE|HIGH_AUTHORITY_SOURCE|EVIDENCE_GROUNDED|EXACT_MPN_MATCH|MANUFACTURER_VERIFIED|DIRECT_SPECIFICATION_MATCH|UOM_VALID|VALIDATION_PASS,EV-6e2d06da,SRC-1cd8d3a8,verified,2026-08-16T12:53:07.471333+00:00
PROD-0113,material,PVC,1.0,100,AUTO_APPROVE,1.0,1.0,1.0,1.0,,1.0,OFFICIAL_MANUFACTURER_SOURCE|HIGH_AUTHORITY_SOURCE|EVIDENCE_GROUNDED|EXACT_MPN_MATCH|MANUFACTURER_VERIFIED|DIRECT_SPECIFICATION_MATCH|LOV_VALID|VALIDATION_PASS,EV-31d2ff6e,SRC-1cd8d3a8,verified,2026-08-16T12:53:07.471346+00:00
PROD-0113,width_profile,1x6,1.0,100,AUTO_APPROVE,1.0,1.0,1.0,,1.0,1.0,OFFICIAL_MANUFACTURER_SOURCE|HIGH_AUTHORITY_SOURCE|EVIDENCE_GROUNDED|EXACT_MPN_MATCH|MANUFACTURER_VERIFIED|DIRECT_SPECIFICATION_MATCH|UOM_VALID|VALIDATION_PASS,EV-e241f322,SRC-1cd8d3a8,verified,2026-08-16T12:53:07.471359+00:00
PROD-0114,color,Slate Gray,1.0,100,AUTO_APPROVE,1.0,1.0,1.0,,,1.0,OFFICIAL_MANUFACTURER_SOURCE|HIGH_AUTHORITY_SOURCE|EVIDENCE_GROUNDED|EXACT_MPN_MATCH|MANUFACTURER_VERIFIED|DIRECT_SPECIFICATION_MATCH|VALIDATION_PASS,EV-915512bc,SRC-b23f467e,verified,2026-08-16T12:53:07.471429+00:00
PROD-0114,edge_profile,Grooved,1.0,100,AUTO_APPROVE,1.0,1.0,1.0,,,1.0,OFFICIAL_MANUFACTURER_SOURCE|HIGH_AUTHORITY_SOURCE|EVIDENCE_GROUNDED|EXACT_MPN_MATCH|MANUFACTURER_VERIFIED|DIRECT_SPECIFICATION_MATCH|VALIDATION_PASS,EV-108fe89a,SRC-b23f467e,verified,2026-08-16T12:53:07.471444+00:00
PROD-0114,length,12 ft,1.0,100,AUTO_APPROVE,1.0,1.0,1.0,,1.0,1.0,OFFICIAL_MANUFACTURER_SOURCE|HIGH_AUTHORITY_SOURCE|EVIDENCE_GROUNDED|EXACT_MPN_MATCH|MANUFACTURER_VERIFIED|DIRECT_SPECIFICATION_MATCH|UOM_VALID|VALIDATION_PASS,EV-dce3803a,SRC-b23f467e,verified,2026-08-16T12:53:07.471458+00:00
PROD-0114,material,PVC,1.0,100,AUTO_APPROVE,1.0,1.0,1.0,1.0,,1.0,OFFICIAL_MANUFACTURER_SOURCE|HIGH_AUTHORITY_SOURCE|EVIDENCE_GROUNDED|EXACT_MPN_MATCH|MANUFACTURER_VERIFIED|DIRECT_SPECIFICATION_MATCH|LOV_VALID|VALIDATION_PASS,EV-80e0d7b3,SRC-b23f467e,verified,2026-08-16T12:53:07.471470+00:00
PROD-0114,width_profile,1x6,1.0,100,AUTO_APPROVE,1.0,1.0,1.0,,1.0,1.0,OFFICIAL_MANUFACTURER_SOURCE|HIGH_AUTHORITY_SOURCE|EVIDENCE_GROUNDED|EXACT_MPN_MATCH|MANUFACTURER_VERIFIED|DIRECT_SPECIFICATION_MATCH|UOM_VALID|VALIDATION_PASS,EV-155ca887,SRC-b23f467e,verified,2026-08-16T12:53:07.471485+00:00
PROD-0115,color,Slate Gray,1.0,100,AUTO_APPROVE,1.0,1.0,1.0,,,1.0,OFFICIAL_MANUFACTURER_SOURCE|HIGH_AUTHORITY_SOURCE|EVIDENCE_GROUNDED|EXACT_MPN_MATCH|MANUFACTURER_VERIFIED|DIRECT_SPECIFICATION_MATCH|VALIDATION_PASS,EV-15c8dfe3,SRC-629e6b8d,verified,2026-08-16T12:53:07.471552+00:00
PROD-0115,edge_profile,Grooved,1.0,100,AUTO_APPROVE,1.0,1.0,1.0,,,1.0,OFFICIAL_MANUFACTURER_SOURCE|HIGH_AUTHORITY_SOURCE|EVIDENCE_GROUNDED|EXACT_MPN_MATCH|MANUFACTURER_VERIFIED|DIRECT_SPECIFICATION_MATCH|VALIDATION_PASS,EV-1bdaa4cc,SRC-629e6b8d,verified,2026-08-16T12:53:07.471568+00:00
PROD-0115,length,12 ft,1.0,100,AUTO_APPROVE,1.0,1.0,1.0,,1.0,1.0,OFFICIAL_MANUFACTURER_SOURCE|HIGH_AUTHORITY_SOURCE|EVIDENCE_GROUNDED|EXACT_MPN_MATCH|MANUFACTURER_VERIFIED|DIRECT_SPECIFICATION_MATCH|UOM_VALID|VALIDATION_PASS,EV-2a4f080c,SRC-629e6b8d,verified,2026-08-16T12:53:07.471581+00:00
PROD-0115,material,PVC,1.0,100,AUTO_APPROVE,1.0,1.0,1.0,1.0,,1.0,OFFICIAL_MANUFACTURER_SOURCE|HIGH_AUTHORITY_SOURCE|EVIDENCE_GROUNDED|EXACT_MPN_MATCH|MANUFACTURER_VERIFIED|DIRECT_SPECIFICATION_MATCH|LOV_VALID|VALIDATION_PASS,EV-d44bc9ce,SRC-629e6b8d,verified,2026-08-16T12:53:07.471594+00:00
PROD-0115,width_profile,1x6,1.0,100,AUTO_APPROVE,1.0,1.0,1.0,,1.0,1.0,OFFICIAL_MANUFACTURER_SOURCE|HIGH_AUTHORITY_SOURCE|EVIDENCE_GROUNDED|EXACT_MPN_MATCH|MANUFACTURER_VERIFIED|DIRECT_SPECIFICATION_MATCH|UOM_VALID|VALIDATION_PASS,EV-c465da82,SRC-629e6b8d,verified,2026-08-16T12:53:07.471606+00:00
PROD-0116,color,Slate Gray,1.0,100,AUTO_APPROVE,1.0,1.0,1.0,,,1.0,OFFICIAL_MANUFACTURER_SOURCE|HIGH_AUTHORITY_SOURCE|EVIDENCE_GROUNDED|EXACT_MPN_MATCH|MANUFACTURER_VERIFIED|DIRECT_SPECIFICATION_MATCH|VALIDATION_PASS,EV-14e3591a,SRC-50487962,verified,2026-08-16T12:53:07.471671+00:00
PROD-0116,edge_profile,Grooved,1.0,100,AUTO_APPROVE,1.0,1.0,1.0,,,1.0,OFFICIAL_MANUFACTURER_SOURCE|HIGH_AUTHORITY_SOURCE|EVIDENCE_GROUNDED|EXACT_MPN_MATCH|MANUFACTURER_VERIFIED|DIRECT_SPECIFICATION_MATCH|VALIDATION_PASS,EV-37094b8c,SRC-50487962,verified,2026-08-16T12:53:07.471687+00:00
PROD-0116,length,12 ft,1.0,100,AUTO_APPROVE,1.0,1.0,1.0,,1.0,1.0,OFFICIAL_MANUFACTURER_SOURCE|HIGH_AUTHORITY_SOURCE|EVIDENCE_GROUNDED|EXACT_MPN_MATCH|MANUFACTURER_VERIFIED|DIRECT_SPECIFICATION_MATCH|UOM_VALID|VALIDATION_PASS,EV-51fb6d58,SRC-50487962,verified,2026-08-16T12:53:07.471702+00:00
PROD-0116,width_profile,1x6,1.0,100,AUTO_APPROVE,1.0,1.0,1.0,,1.0,1.0,OFFICIAL_MANUFACTURER_SOURCE|HIGH_AUTHORITY_SOURCE|EVIDENCE_GROUNDED|EXACT_MPN_MATCH|MANUFACTURER_VERIFIED|DIRECT_SPECIFICATION_MATCH|UOM_VALID|VALIDATION_PASS,EV-1542a65a,SRC-50487962,verified,2026-08-16T12:53:07.471716+00:00
PROD-0117,color,Slate Gray,1.0,100,AUTO_APPROVE,1.0,1.0,1.0,,,1.0,OFFICIAL_MANUFACTURER_SOURCE|HIGH_AUTHORITY_SOURCE|EVIDENCE_GROUNDED|EXACT_MPN_MATCH|MANUFACTURER_VERIFIED|DIRECT_SPECIFICATION_MATCH|VALIDATION_PASS,EV-7dc3eb65,SRC-68c177ef,verified,2026-08-16T12:53:07.471784+00:00
PROD-0117,edge_profile,Grooved,1.0,100,AUTO_APPROVE,1.0,1.0,1.0,,,1.0,OFFICIAL_MANUFACTURER_SOURCE|HIGH_AUTHORITY_SOURCE|EVIDENCE_GROUNDED|EXACT_MPN_MATCH|MANUFACTURER_VERIFIED|DIRECT_SPECIFICATION_MATCH|VALIDATION_PASS,EV-79308267,SRC-68c177ef,verified,2026-08-16T12:53:07.471799+00:00
PROD-0117,length,12 ft,1.0,100,AUTO_APPROVE,1.0,1.0,1.0,,1.0,1.0,OFFICIAL_MANUFACTURER_SOURCE|HIGH_AUTHORITY_SOURCE|EVIDENCE_GROUNDED|EXACT_MPN_MATCH|MANUFACTURER_VERIFIED|DIRECT_SPECIFICATION_MATCH|UOM_VALID|VALIDATION_PASS,EV-c5b19b07,SRC-68c177ef,verified,2026-08-16T12:53:07.471813+00:00
PROD-0117,width_profile,1x6,1.0,100,AUTO_APPROVE,1.0,1.0,1.0,,1.0,1.0,OFFICIAL_MANUFACTURER_SOURCE|HIGH_AUTHORITY_SOURCE|EVIDENCE_GROUNDED|EXACT_MPN_MATCH|MANUFACTURER_VERIFIED|DIRECT_SPECIFICATION_MATCH|UOM_VALID|VALIDATION_PASS,EV-3b90b890,SRC-68c177ef,verified,2026-08-16T12:53:07.471828+00:00
PROD-0118,color,Slate Gray,1.0,100,AUTO_APPROVE,1.0,1.0,1.0,,,1.0,OFFICIAL_MANUFACTURER_SOURCE|HIGH_AUTHORITY_SOURCE|EVIDENCE_GROUNDED|EXACT_MPN_MATCH|MANUFACTURER_VERIFIED|DIRECT_SPECIFICATION_MATCH|VALIDATION_PASS,EV-c4d02e42,SRC-168c0304,verified,2026-08-16T12:53:07.471893+00:00
PROD-0118,edge_profile,Grooved,1.0,100,AUTO_APPROVE,1.0,1.0,1.0,,,1.0,OFFICIAL_MANUFACTURER_SOURCE|HIGH_AUTHORITY_SOURCE|EVIDENCE_GROUNDED|EXACT_MPN_MATCH|MANUFACTURER_VERIFIED|DIRECT_SPECIFICATION_MATCH|VALIDATION_PASS,EV-89450498,SRC-168c0304,verified,2026-08-16T12:53:07.471910+00:00
PROD-0118,length,12 ft,1.0,100,AUTO_APPROVE,1.0,1.0,1.0,,1.0,1.0,OFFICIAL_MANUFACTURER_SOURCE|HIGH_AUTHORITY_SOURCE|EVIDENCE_GROUNDED|EXACT_MPN_MATCH|MANUFACTURER_VERIFIED|DIRECT_SPECIFICATION_MATCH|UOM_VALID|VALIDATION_PASS,EV-3f2aa94f,SRC-168c0304,verified,2026-08-16T12:53:07.471924+00:00
PROD-0118,width_profile,1x6,1.0,100,AUTO_APPROVE,1.0,1.0,1.0,,1.0,1.0,OFFICIAL_MANUFACTURER_SOURCE|HIGH_AUTHORITY_SOURCE|EVIDENCE_GROUNDED|EXACT_MPN_MATCH|MANUFACTURER_VERIFIED|DIRECT_SPECIFICATION_MATCH|UOM_VALID|VALIDATION_PASS,EV-1dbb2fc3,SRC-168c0304,verified,2026-08-16T12:53:07.471936+00:00
PROD-0119,color,Slate Gray,1.0,100,AUTO_APPROVE,1.0,1.0,1.0,,,1.0,OFFICIAL_MANUFACTURER_SOURCE|HIGH_AUTHORITY_SOURCE|EVIDENCE_GROUNDED|EXACT_MPN_MATCH|MANUFACTURER_VERIFIED|DIRECT_SPECIFICATION_MATCH|VALIDATION_PASS,EV-b3864f86,SRC-b50be03d,verified,2026-08-16T12:53:07.472000+00:00
PROD-0119,edge_profile,Grooved,1.0,100,AUTO_APPROVE,1.0,1.0,1.0,,,1.0,OFFICIAL_MANUFACTURER_SOURCE|HIGH_AUTHORITY_SOURCE|EVIDENCE_GROUNDED|EXACT_MPN_MATCH|MANUFACTURER_VERIFIED|DIRECT_SPECIFICATION_MATCH|VALIDATION_PASS,EV-e032c60e,SRC-b50be03d,verified,2026-08-16T12:53:07.472015+00:00
PROD-0119,length,12 ft,1.0,100,AUTO_APPROVE,1.0,1.0,1.0,,1.0,1.0,OFFICIAL_MANUFACTURER_SOURCE|HIGH_AUTHORITY_SOURCE|EVIDENCE_GROUNDED|EXACT_MPN_MATCH|MANUFACTURER_VERIFIED|DIRECT_SPECIFICATION_MATCH|UOM_VALID|VALIDATION_PASS,EV-5cd26802,SRC-b50be03d,verified,2026-08-16T12:53:07.472029+00:00
PROD-0119,width_profile,1x6,1.0,100,AUTO_APPROVE,1.0,1.0,1.0,,1.0,1.0,OFFICIAL_MANUFACTURER_SOURCE|HIGH_AUTHORITY_SOURCE|EVIDENCE_GROUNDED|EXACT_MPN_MATCH|MANUFACTURER_VERIFIED|DIRECT_SPECIFICATION_MATCH|UOM_VALID|VALIDATION_PASS,EV-6dae18c1,SRC-b50be03d,verified,2026-08-16T12:53:07.472042+00:00
PROD-0120,color,Slate Gray,1.0,100,AUTO_APPROVE,1.0,1.0,1.0,,,1.0,OFFICIAL_MANUFACTURER_SOURCE|HIGH_AUTHORITY_SOURCE|EVIDENCE_GROUNDED|EXACT_MPN_MATCH|MANUFACTURER_VERIFIED|DIRECT_SPECIFICATION_MATCH|VALIDATION_PASS,EV-fcd1353e,SRC-f116a42a,verified,2026-08-16T12:53:07.472110+00:00
PROD-0120,edge_profile,Grooved,1.0,100,AUTO_APPROVE,1.0,1.0,1.0,,,1.0,OFFICIAL_MANUFACTURER_SOURCE|HIGH_AUTHORITY_SOURCE|EVIDENCE_GROUNDED|EXACT_MPN_MATCH|MANUFACTURER_VERIFIED|DIRECT_SPECIFICATION_MATCH|VALIDATION_PASS,EV-301cad4f,SRC-f116a42a,verified,2026-08-16T12:53:07.472125+00:00
PROD-0120,length,12 ft,1.0,100,AUTO_APPROVE,1.0,1.0,1.0,,1.0,1.0,OFFICIAL_MANUFACTURER_SOURCE|HIGH_AUTHORITY_SOURCE|EVIDENCE_GROUNDED|EXACT_MPN_MATCH|MANUFACTURER_VERIFIED|DIRECT_SPECIFICATION_MATCH|UOM_VALID|VALIDATION_PASS,EV-d69e0ea3,SRC-f116a42a,verified,2026-08-16T12:53:07.472138+00:00
PROD-0120,width_profile,1x6,1.0,100,AUTO_APPROVE,1.0,1.0,1.0,,1.0,1.0,OFFICIAL_MANUFACTURER_SOURCE|HIGH_AUTHORITY_SOURCE|EVIDENCE_GROUNDED|EXACT_MPN_MATCH|MANUFACTURER_VERIFIED|DIRECT_SPECIFICATION_MATCH|UOM_VALID|VALIDATION_PASS,EV-190ff62f,SRC-f116a42a,verified,2026-08-16T12:53:07.472152+00:00
PROD-0121,color,Slate Gray,1.0,100,AUTO_APPROVE,1.0,1.0,1.0,,,1.0,OFFICIAL_MANUFACTURER_SOURCE|HIGH_AUTHORITY_SOURCE|EVIDENCE_GROUNDED|EXACT_MPN_MATCH|MANUFACTURER_VERIFIED|DIRECT_SPECIFICATION_MATCH|VALIDATION_PASS,EV-6ed612db,SRC-ff579f39,verified,2026-08-16T12:53:07.472219+00:00
PROD-0121,edge_profile,Grooved,1.0,100,AUTO_APPROVE,1.0,1.0,1.0,,,1.0,OFFICIAL_MANUFACTURER_SOURCE|HIGH_AUTHORITY_SOURCE|EVIDENCE_GROUNDED|EXACT_MPN_MATCH|MANUFACTURER_VERIFIED|DIRECT_SPECIFICATION_MATCH|VALIDATION_PASS,EV-6f8952d7,SRC-ff579f39,verified,2026-08-16T12:53:07.472235+00:00
PROD-0121,length,12 ft,1.0,100,AUTO_APPROVE,1.0,1.0,1.0,,1.0,1.0,OFFICIAL_MANUFACTURER_SOURCE|HIGH_AUTHORITY_SOURCE|EVIDENCE_GROUNDED|EXACT_MPN_MATCH|MANUFACTURER_VERIFIED|DIRECT_SPECIFICATION_MATCH|UOM_VALID|VALIDATION_PASS,EV-ad5f4fdb,SRC-ff579f39,verified,2026-08-16T12:53:07.472249+00:00
PROD-0121,width_profile,1x6,1.0,100,AUTO_APPROVE,1.0,1.0,1.0,,1.0,1.0,OFFICIAL_MANUFACTURER_SOURCE|HIGH_AUTHORITY_SOURCE|EVIDENCE_GROUNDED|EXACT_MPN_MATCH|MANUFACTURER_VERIFIED|DIRECT_SPECIFICATION_MATCH|UOM_VALID|VALIDATION_PASS,EV-bc22d264,SRC-ff579f39,verified,2026-08-16T12:53:07.472262+00:00
PROD-0122,color,Slate Gray,1.0,100,AUTO_APPROVE,1.0,1.0,1.0,,,1.0,OFFICIAL_MANUFACTURER_SOURCE|HIGH_AUTHORITY_SOURCE|EVIDENCE_GROUNDED|EXACT_MPN_MATCH|MANUFACTURER_VERIFIED|DIRECT_SPECIFICATION_MATCH|VALIDATION_PASS,EV-9576f4d4,SRC-82f28c4c,verified,2026-08-16T12:53:07.472330+00:00
PROD-0122,edge_profile,Grooved,1.0,100,AUTO_APPROVE,1.0,1.0,1.0,,,1.0,OFFICIAL_MANUFACTURER_SOURCE|HIGH_AUTHORITY_SOURCE|EVIDENCE_GROUNDED|EXACT_MPN_MATCH|MANUFACTURER_VERIFIED|DIRECT_SPECIFICATION_MATCH|VALIDATION_PASS,EV-a74b3fb2,SRC-82f28c4c,verified,2026-08-16T12:53:07.472345+00:00
PROD-0122,length,12 ft,1.0,100,AUTO_APPROVE,1.0,1.0,1.0,,1.0,1.0,OFFICIAL_MANUFACTURER_SOURCE|HIGH_AUTHORITY_SOURCE|EVIDENCE_GROUNDED|EXACT_MPN_MATCH|MANUFACTURER_VERIFIED|DIRECT_SPECIFICATION_MATCH|UOM_VALID|VALIDATION_PASS,EV-df5ed02e,SRC-82f28c4c,verified,2026-08-16T12:53:07.472361+00:00
PROD-0122,width_profile,1x6,1.0,100,AUTO_APPROVE,1.0,1.0,1.0,,1.0,1.0,OFFICIAL_MANUFACTURER_SOURCE|HIGH_AUTHORITY_SOURCE|EVIDENCE_GROUNDED|EXACT_MPN_MATCH|MANUFACTURER_VERIFIED|DIRECT_SPECIFICATION_MATCH|UOM_VALID|VALIDATION_PASS,EV-1a8397b6,SRC-82f28c4c,verified,2026-08-16T12:53:07.472374+00:00
PROD-0123,color,Slate Gray,1.0,100,AUTO_APPROVE,1.0,1.0,1.0,,,1.0,OFFICIAL_MANUFACTURER_SOURCE|HIGH_AUTHORITY_SOURCE|EVIDENCE_GROUNDED|EXACT_MPN_MATCH|MANUFACTURER_VERIFIED|DIRECT_SPECIFICATION_MATCH|VALIDATION_PASS,EV-3bf6e945,SRC-e24639a3,verified,2026-08-16T12:53:07.472446+00:00
PROD-0123,edge_profile,Grooved,1.0,100,AUTO_APPROVE,1.0,1.0,1.0,,,1.0,OFFICIAL_MANUFACTURER_SOURCE|HIGH_AUTHORITY_SOURCE|EVIDENCE_GROUNDED|EXACT_MPN_MATCH|MANUFACTURER_VERIFIED|DIRECT_SPECIFICATION_MATCH|VALIDATION_PASS,EV-212829f2,SRC-e24639a3,verified,2026-08-16T12:53:07.472466+00:00
PROD-0123,length,12 ft,1.0,100,AUTO_APPROVE,1.0,1.0,1.0,,1.0,1.0,OFFICIAL_MANUFACTURER_SOURCE|HIGH_AUTHORITY_SOURCE|EVIDENCE_GROUNDED|EXACT_MPN_MATCH|MANUFACTURER_VERIFIED|DIRECT_SPECIFICATION_MATCH|UOM_VALID|VALIDATION_PASS,EV-e261e77d,SRC-e24639a3,verified,2026-08-16T12:53:07.472483+00:00
PROD-0123,width_profile,1x6,1.0,100,AUTO_APPROVE,1.0,1.0,1.0,,1.0,1.0,OFFICIAL_MANUFACTURER_SOURCE|HIGH_AUTHORITY_SOURCE|EVIDENCE_GROUNDED|EXACT_MPN_MATCH|MANUFACTURER_VERIFIED|DIRECT_SPECIFICATION_MATCH|UOM_VALID|VALIDATION_PASS,EV-29c4dc84,SRC-e24639a3,verified,2026-08-16T12:53:07.472499+00:00
PROD-0124,color,Slate Gray,1.0,100,AUTO_APPROVE,1.0,1.0,1.0,,,1.0,OFFICIAL_MANUFACTURER_SOURCE|HIGH_AUTHORITY_SOURCE|EVIDENCE_GROUNDED|EXACT_MPN_MATCH|MANUFACTURER_VERIFIED|DIRECT_SPECIFICATION_MATCH|VALIDATION_PASS,EV-02a2ffad,SRC-fd12b4e0,verified,2026-08-16T12:53:07.472569+00:00
PROD-0124,edge_profile,Grooved,1.0,100,AUTO_APPROVE,1.0,1.0,1.0,,,1.0,OFFICIAL_MANUFACTURER_SOURCE|HIGH_AUTHORITY_SOURCE|EVIDENCE_GROUNDED|EXACT_MPN_MATCH|MANUFACTURER_VERIFIED|DIRECT_SPECIFICATION_MATCH|VALIDATION_PASS,EV-eadd2071,SRC-fd12b4e0,verified,2026-08-16T12:53:07.472584+00:00
PROD-0124,length,12 ft,1.0,100,AUTO_APPROVE,1.0,1.0,1.0,,1.0,1.0,OFFICIAL_MANUFACTURER_SOURCE|HIGH_AUTHORITY_SOURCE|EVIDENCE_GROUNDED|EXACT_MPN_MATCH|MANUFACTURER_VERIFIED|DIRECT_SPECIFICATION_MATCH|UOM_VALID|VALIDATION_PASS,EV-2d121726,SRC-fd12b4e0,verified,2026-08-16T12:53:07.472598+00:00
PROD-0124,width_profile,1x6,1.0,100,AUTO_APPROVE,1.0,1.0,1.0,,1.0,1.0,OFFICIAL_MANUFACTURER_SOURCE|HIGH_AUTHORITY_SOURCE|EVIDENCE_GROUNDED|EXACT_MPN_MATCH|MANUFACTURER_VERIFIED|DIRECT_SPECIFICATION_MATCH|UOM_VALID|VALIDATION_PASS,EV-91b8dd7b,SRC-fd12b4e0,verified,2026-08-16T12:53:07.472610+00:00
PROD-0125,color,Slate Gray,1.0,100,AUTO_APPROVE,1.0,1.0,1.0,,,1.0,OFFICIAL_MANUFACTURER_SOURCE|HIGH_AUTHORITY_SOURCE|EVIDENCE_GROUNDED|EXACT_MPN_MATCH|MANUFACTURER_VERIFIED|DIRECT_SPECIFICATION_MATCH|VALIDATION_PASS,EV-0dd5ee23,SRC-6cc8a8a1,verified,2026-08-16T12:53:07.472672+00:00
PROD-0125,edge_profile,Grooved,1.0,100,AUTO_APPROVE,1.0,1.0,1.0,,,1.0,OFFICIAL_MANUFACTURER_SOURCE|HIGH_AUTHORITY_SOURCE|EVIDENCE_GROUNDED|EXACT_MPN_MATCH|MANUFACTURER_VERIFIED|DIRECT_SPECIFICATION_MATCH|VALIDATION_PASS,EV-05f02f88,SRC-6cc8a8a1,verified,2026-08-16T12:53:07.472688+00:00
PROD-0125,length,12 ft,1.0,100,AUTO_APPROVE,1.0,1.0,1.0,,1.0,1.0,OFFICIAL_MANUFACTURER_SOURCE|HIGH_AUTHORITY_SOURCE|EVIDENCE_GROUNDED|EXACT_MPN_MATCH|MANUFACTURER_VERIFIED|DIRECT_SPECIFICATION_MATCH|UOM_VALID|VALIDATION_PASS,EV-6dd78664,SRC-6cc8a8a1,verified,2026-08-16T12:53:07.472702+00:00
PROD-0125,width_profile,1x6,1.0,100,AUTO_APPROVE,1.0,1.0,1.0,,1.0,1.0,OFFICIAL_MANUFACTURER_SOURCE|HIGH_AUTHORITY_SOURCE|EVIDENCE_GROUNDED|EXACT_MPN_MATCH|MANUFACTURER_VERIFIED|DIRECT_SPECIFICATION_MATCH|UOM_VALID|VALIDATION_PASS,EV-216c8345,SRC-6cc8a8a1,verified,2026-08-16T12:53:07.472715+00:00
PROD-0126,color,Slate Gray,1.0,100,AUTO_APPROVE,1.0,1.0,1.0,,,1.0,OFFICIAL_MANUFACTURER_SOURCE|HIGH_AUTHORITY_SOURCE|EVIDENCE_GROUNDED|EXACT_MPN_MATCH|MANUFACTURER_VERIFIED|DIRECT_SPECIFICATION_MATCH|VALIDATION_PASS,EV-78bb6d65,SRC-e0a25a90,verified,2026-08-16T12:53:07.472776+00:00
PROD-0126,edge_profile,Grooved,1.0,100,AUTO_APPROVE,1.0,1.0,1.0,,,1.0,OFFICIAL_MANUFACTURER_SOURCE|HIGH_AUTHORITY_SOURCE|EVIDENCE_GROUNDED|EXACT_MPN_MATCH|MANUFACTURER_VERIFIED|DIRECT_SPECIFICATION_MATCH|VALIDATION_PASS,EV-bf318580,SRC-e0a25a90,verified,2026-08-16T12:53:07.472791+00:00
PROD-0126,length,12 ft,1.0,100,AUTO_APPROVE,1.0,1.0,1.0,,1.0,1.0,OFFICIAL_MANUFACTURER_SOURCE|HIGH_AUTHORITY_SOURCE|EVIDENCE_GROUNDED|EXACT_MPN_MATCH|MANUFACTURER_VERIFIED|DIRECT_SPECIFICATION_MATCH|UOM_VALID|VALIDATION_PASS,EV-f5515a2f,SRC-e0a25a90,verified,2026-08-16T12:53:07.472807+00:00
PROD-0126,width_profile,1x6,1.0,100,AUTO_APPROVE,1.0,1.0,1.0,,1.0,1.0,OFFICIAL_MANUFACTURER_SOURCE|HIGH_AUTHORITY_SOURCE|EVIDENCE_GROUNDED|EXACT_MPN_MATCH|MANUFACTURER_VERIFIED|DIRECT_SPECIFICATION_MATCH|UOM_VALID|VALIDATION_PASS,EV-3603de50,SRC-e0a25a90,verified,2026-08-16T12:53:07.472823+00:00
PROD-0127,color,Slate Gray,1.0,100,AUTO_APPROVE,1.0,1.0,1.0,,,1.0,OFFICIAL_MANUFACTURER_SOURCE|HIGH_AUTHORITY_SOURCE|EVIDENCE_GROUNDED|EXACT_MPN_MATCH|MANUFACTURER_VERIFIED|DIRECT_SPECIFICATION_MATCH|VALIDATION_PASS,EV-a4a15d44,SRC-4a6fee62,verified,2026-08-16T12:53:07.472886+00:00
PROD-0127,edge_profile,Grooved,1.0,100,AUTO_APPROVE,1.0,1.0,1.0,,,1.0,OFFICIAL_MANUFACTURER_SOURCE|HIGH_AUTHORITY_SOURCE|EVIDENCE_GROUNDED|EXACT_MPN_MATCH|MANUFACTURER_VERIFIED|DIRECT_SPECIFICATION_MATCH|VALIDATION_PASS,EV-0c15b7d1,SRC-4a6fee62,verified,2026-08-16T12:53:07.472902+00:00
PROD-0127,length,12 ft,1.0,100,AUTO_APPROVE,1.0,1.0,1.0,,1.0,1.0,OFFICIAL_MANUFACTURER_SOURCE|HIGH_AUTHORITY_SOURCE|EVIDENCE_GROUNDED|EXACT_MPN_MATCH|MANUFACTURER_VERIFIED|DIRECT_SPECIFICATION_MATCH|UOM_VALID|VALIDATION_PASS,EV-7bcce282,SRC-4a6fee62,verified,2026-08-16T12:53:07.472916+00:00
PROD-0127,width_profile,1x6,1.0,100,AUTO_APPROVE,1.0,1.0,1.0,,1.0,1.0,OFFICIAL_MANUFACTURER_SOURCE|HIGH_AUTHORITY_SOURCE|EVIDENCE_GROUNDED|EXACT_MPN_MATCH|MANUFACTURER_VERIFIED|DIRECT_SPECIFICATION_MATCH|UOM_VALID|VALIDATION_PASS,EV-1ddf8882,SRC-4a6fee62,verified,2026-08-16T12:53:07.472928+00:00
PROD-0128,color,Slate Gray,1.0,100,AUTO_APPROVE,1.0,1.0,1.0,,,1.0,OFFICIAL_MANUFACTURER_SOURCE|HIGH_AUTHORITY_SOURCE|EVIDENCE_GROUNDED|EXACT_MPN_MATCH|MANUFACTURER_VERIFIED|DIRECT_SPECIFICATION_MATCH|VALIDATION_PASS,EV-59972bf8,SRC-b6e02f29,verified,2026-08-16T12:53:07.472989+00:00
PROD-0128,edge_profile,Grooved,1.0,100,AUTO_APPROVE,1.0,1.0,1.0,,,1.0,OFFICIAL_MANUFACTURER_SOURCE|HIGH_AUTHORITY_SOURCE|EVIDENCE_GROUNDED|EXACT_MPN_MATCH|MANUFACTURER_VERIFIED|DIRECT_SPECIFICATION_MATCH|VALIDATION_PASS,EV-e0153c34,SRC-b6e02f29,verified,2026-08-16T12:53:07.473005+00:00
PROD-0128,length,12 ft,1.0,100,AUTO_APPROVE,1.0,1.0,1.0,,1.0,1.0,OFFICIAL_MANUFACTURER_SOURCE|HIGH_AUTHORITY_SOURCE|EVIDENCE_GROUNDED|EXACT_MPN_MATCH|MANUFACTURER_VERIFIED|DIRECT_SPECIFICATION_MATCH|UOM_VALID|VALIDATION_PASS,EV-ad5247cf,SRC-b6e02f29,verified,2026-08-16T12:53:07.473018+00:00
PROD-0128,width_profile,1x6,1.0,100,AUTO_APPROVE,1.0,1.0,1.0,,1.0,1.0,OFFICIAL_MANUFACTURER_SOURCE|HIGH_AUTHORITY_SOURCE|EVIDENCE_GROUNDED|EXACT_MPN_MATCH|MANUFACTURER_VERIFIED|DIRECT_SPECIFICATION_MATCH|UOM_VALID|VALIDATION_PASS,EV-94751279,SRC-b6e02f29,verified,2026-08-16T12:53:07.473030+00:00
PROD-0129,color,Slate Gray,1.0,100,AUTO_APPROVE,1.0,1.0,1.0,,,1.0,OFFICIAL_MANUFACTURER_SOURCE|HIGH_AUTHORITY_SOURCE|EVIDENCE_GROUNDED|EXACT_MPN_MATCH|MANUFACTURER_VERIFIED|DIRECT_SPECIFICATION_MATCH|VALIDATION_PASS,EV-3de5898a,SRC-76c32530,verified,2026-08-16T12:53:07.473091+00:00
PROD-0129,edge_profile,Grooved,1.0,100,AUTO_APPROVE,1.0,1.0,1.0,,,1.0,OFFICIAL_MANUFACTURER_SOURCE|HIGH_AUTHORITY_SOURCE|EVIDENCE_GROUNDED|EXACT_MPN_MATCH|MANUFACTURER_VERIFIED|DIRECT_SPECIFICATION_MATCH|VALIDATION_PASS,EV-0c8327c1,SRC-76c32530,verified,2026-08-16T12:53:07.473106+00:00
PROD-0129,length,12 ft,1.0,100,AUTO_APPROVE,1.0,1.0,1.0,,1.0,1.0,OFFICIAL_MANUFACTURER_SOURCE|HIGH_AUTHORITY_SOURCE|EVIDENCE_GROUNDED|EXACT_MPN_MATCH|MANUFACTURER_VERIFIED|DIRECT_SPECIFICATION_MATCH|UOM_VALID|VALIDATION_PASS,EV-05aa613f,SRC-76c32530,verified,2026-08-16T12:53:07.473120+00:00
PROD-0129,width_profile,1x6,1.0,100,AUTO_APPROVE,1.0,1.0,1.0,,1.0,1.0,OFFICIAL_MANUFACTURER_SOURCE|HIGH_AUTHORITY_SOURCE|EVIDENCE_GROUNDED|EXACT_MPN_MATCH|MANUFACTURER_VERIFIED|DIRECT_SPECIFICATION_MATCH|UOM_VALID|VALIDATION_PASS,EV-3735ce68,SRC-76c32530,verified,2026-08-16T12:53:07.473142+00:00
PROD-0130,color,Slate Gray,1.0,100,AUTO_APPROVE,1.0,1.0,1.0,,,1.0,OFFICIAL_MANUFACTURER_SOURCE|HIGH_AUTHORITY_SOURCE|EVIDENCE_GROUNDED|EXACT_MPN_MATCH|MANUFACTURER_VERIFIED|DIRECT_SPECIFICATION_MATCH|VALIDATION_PASS,EV-1b61d3f9,SRC-855b94b5,verified,2026-08-16T12:53:07.473215+00:00
PROD-0130,edge_profile,Grooved,1.0,100,AUTO_APPROVE,1.0,1.0,1.0,,,1.0,OFFICIAL_MANUFACTURER_SOURCE|HIGH_AUTHORITY_SOURCE|EVIDENCE_GROUNDED|EXACT_MPN_MATCH|MANUFACTURER_VERIFIED|DIRECT_SPECIFICATION_MATCH|VALIDATION_PASS,EV-881a21ce,SRC-855b94b5,verified,2026-08-16T12:53:07.473231+00:00
PROD-0130,length,12 ft,1.0,100,AUTO_APPROVE,1.0,1.0,1.0,,1.0,1.0,OFFICIAL_MANUFACTURER_SOURCE|HIGH_AUTHORITY_SOURCE|EVIDENCE_GROUNDED|EXACT_MPN_MATCH|MANUFACTURER_VERIFIED|DIRECT_SPECIFICATION_MATCH|UOM_VALID|VALIDATION_PASS,EV-9a5f246e,SRC-855b94b5,verified,2026-08-16T12:53:07.473244+00:00
PROD-0130,width_profile,1x6,1.0,100,AUTO_APPROVE,1.0,1.0,1.0,,1.0,1.0,OFFICIAL_MANUFACTURER_SOURCE|HIGH_AUTHORITY_SOURCE|EVIDENCE_GROUNDED|EXACT_MPN_MATCH|MANUFACTURER_VERIFIED|DIRECT_SPECIFICATION_MATCH|UOM_VALID|VALIDATION_PASS,EV-38067c9f,SRC-855b94b5,verified,2026-08-16T12:53:07.473256+00:00
PROD-0131,color,Slate Gray,1.0,100,AUTO_APPROVE,1.0,1.0,1.0,,,1.0,OFFICIAL_MANUFACTURER_SOURCE|HIGH_AUTHORITY_SOURCE|EVIDENCE_GROUNDED|EXACT_MPN_MATCH|MANUFACTURER_VERIFIED|DIRECT_SPECIFICATION_MATCH|VALIDATION_PASS,EV-2df9a67f,SRC-8f557815,verified,2026-08-16T12:53:07.473320+00:00
PROD-0131,edge_profile,Grooved,1.0,100,AUTO_APPROVE,1.0,1.0,1.0,,,1.0,OFFICIAL_MANUFACTURER_SOURCE|HIGH_AUTHORITY_SOURCE|EVIDENCE_GROUNDED|EXACT_MPN_MATCH|MANUFACTURER_VERIFIED|DIRECT_SPECIFICATION_MATCH|VALIDATION_PASS,EV-d0fd02b2,SRC-8f557815,verified,2026-08-16T12:53:07.473340+00:00
PROD-0131,length,12 ft,1.0,100,AUTO_APPROVE,1.0,1.0,1.0,,1.0,1.0,OFFICIAL_MANUFACTURER_SOURCE|HIGH_AUTHORITY_SOURCE|EVIDENCE_GROUNDED|EXACT_MPN_MATCH|MANUFACTURER_VERIFIED|DIRECT_SPECIFICATION_MATCH|UOM_VALID|VALIDATION_PASS,EV-4b91cac5,SRC-8f557815,verified,2026-08-16T12:53:07.473354+00:00
PROD-0131,width_profile,1x6,1.0,100,AUTO_APPROVE,1.0,1.0,1.0,,1.0,1.0,OFFICIAL_MANUFACTURER_SOURCE|HIGH_AUTHORITY_SOURCE|EVIDENCE_GROUNDED|EXACT_MPN_MATCH|MANUFACTURER_VERIFIED|DIRECT_SPECIFICATION_MATCH|UOM_VALID|VALIDATION_PASS,EV-4d1717c0,SRC-8f557815,verified,2026-08-16T12:53:07.473366+00:00
PROD-0132,color,Slate Gray,1.0,100,AUTO_APPROVE,1.0,1.0,1.0,,,1.0,OFFICIAL_MANUFACTURER_SOURCE|HIGH_AUTHORITY_SOURCE|EVIDENCE_GROUNDED|EXACT_MPN_MATCH|MANUFACTURER_VERIFIED|DIRECT_SPECIFICATION_MATCH|VALIDATION_PASS,EV-e06be4a2,SRC-acb45061,verified,2026-08-16T12:53:07.473428+00:00
PROD-0132,edge_profile,Grooved,1.0,100,AUTO_APPROVE,1.0,1.0,1.0,,,1.0,OFFICIAL_MANUFACTURER_SOURCE|HIGH_AUTHORITY_SOURCE|EVIDENCE_GROUNDED|EXACT_MPN_MATCH|MANUFACTURER_VERIFIED|DIRECT_SPECIFICATION_MATCH|VALIDATION_PASS,EV-f6ced1fe,SRC-acb45061,verified,2026-08-16T12:53:07.473443+00:00
PROD-0132,length,12 ft,1.0,100,AUTO_APPROVE,1.0,1.0,1.0,,1.0,1.0,OFFICIAL_MANUFACTURER_SOURCE|HIGH_AUTHORITY_SOURCE|EVIDENCE_GROUNDED|EXACT_MPN_MATCH|MANUFACTURER_VERIFIED|DIRECT_SPECIFICATION_MATCH|UOM_VALID|VALIDATION_PASS,EV-61a6a0a2,SRC-acb45061,verified,2026-08-16T12:53:07.473459+00:00
PROD-0132,width_profile,1x6,1.0,100,AUTO_APPROVE,1.0,1.0,1.0,,1.0,1.0,OFFICIAL_MANUFACTURER_SOURCE|HIGH_AUTHORITY_SOURCE|EVIDENCE_GROUNDED|EXACT_MPN_MATCH|MANUFACTURER_VERIFIED|DIRECT_SPECIFICATION_MATCH|UOM_VALID|VALIDATION_PASS,EV-6a5ac430,SRC-acb45061,verified,2026-08-16T12:53:07.473472+00:00
PROD-0133,color,Slate Gray,1.0,100,AUTO_APPROVE,1.0,1.0,1.0,,,1.0,OFFICIAL_MANUFACTURER_SOURCE|HIGH_AUTHORITY_SOURCE|EVIDENCE_GROUNDED|EXACT_MPN_MATCH|MANUFACTURER_VERIFIED|DIRECT_SPECIFICATION_MATCH|VALIDATION_PASS,EV-718048d4,SRC-b0f492a8,verified,2026-08-16T12:53:07.473534+00:00
PROD-0133,edge_profile,Grooved,1.0,100,AUTO_APPROVE,1.0,1.0,1.0,,,1.0,OFFICIAL_MANUFACTURER_SOURCE|HIGH_AUTHORITY_SOURCE|EVIDENCE_GROUNDED|EXACT_MPN_MATCH|MANUFACTURER_VERIFIED|DIRECT_SPECIFICATION_MATCH|VALIDATION_PASS,EV-cdbc4ed5,SRC-b0f492a8,verified,2026-08-16T12:53:07.473549+00:00
PROD-0133,length,12 ft,1.0,100,AUTO_APPROVE,1.0,1.0,1.0,,1.0,1.0,OFFICIAL_MANUFACTURER_SOURCE|HIGH_AUTHORITY_SOURCE|EVIDENCE_GROUNDED|EXACT_MPN_MATCH|MANUFACTURER_VERIFIED|DIRECT_SPECIFICATION_MATCH|UOM_VALID|VALIDATION_PASS,EV-657b91c4,SRC-b0f492a8,verified,2026-08-16T12:53:07.473563+00:00
PROD-0133,width_profile,1x6,1.0,100,AUTO_APPROVE,1.0,1.0,1.0,,1.0,1.0,OFFICIAL_MANUFACTURER_SOURCE|HIGH_AUTHORITY_SOURCE|EVIDENCE_GROUNDED|EXACT_MPN_MATCH|MANUFACTURER_VERIFIED|DIRECT_SPECIFICATION_MATCH|UOM_VALID|VALIDATION_PASS,EV-4976d96a,SRC-b0f492a8,verified,2026-08-16T12:53:07.473575+00:00
PROD-0134,color,Slate Gray,1.0,100,AUTO_APPROVE,1.0,1.0,1.0,,,1.0,OFFICIAL_MANUFACTURER_SOURCE|HIGH_AUTHORITY_SOURCE|EVIDENCE_GROUNDED|EXACT_MPN_MATCH|MANUFACTURER_VERIFIED|DIRECT_SPECIFICATION_MATCH|VALIDATION_PASS,EV-d250e0c0,SRC-24d439a3,verified,2026-08-16T12:53:07.473637+00:00
PROD-0134,edge_profile,Grooved,1.0,100,AUTO_APPROVE,1.0,1.0,1.0,,,1.0,OFFICIAL_MANUFACTURER_SOURCE|HIGH_AUTHORITY_SOURCE|EVIDENCE_GROUNDED|EXACT_MPN_MATCH|MANUFACTURER_VERIFIED|DIRECT_SPECIFICATION_MATCH|VALIDATION_PASS,EV-02b184a2,SRC-24d439a3,verified,2026-08-16T12:53:07.473652+00:00
PROD-0134,length,12 ft,1.0,100,AUTO_APPROVE,1.0,1.0,1.0,,1.0,1.0,OFFICIAL_MANUFACTURER_SOURCE|HIGH_AUTHORITY_SOURCE|EVIDENCE_GROUNDED|EXACT_MPN_MATCH|MANUFACTURER_VERIFIED|DIRECT_SPECIFICATION_MATCH|UOM_VALID|VALIDATION_PASS,EV-76c16699,SRC-24d439a3,verified,2026-08-16T12:53:07.473666+00:00
PROD-0134,width_profile,1x6,1.0,100,AUTO_APPROVE,1.0,1.0,1.0,,1.0,1.0,OFFICIAL_MANUFACTURER_SOURCE|HIGH_AUTHORITY_SOURCE|EVIDENCE_GROUNDED|EXACT_MPN_MATCH|MANUFACTURER_VERIFIED|DIRECT_SPECIFICATION_MATCH|UOM_VALID|VALIDATION_PASS,EV-c203da55,SRC-24d439a3,verified,2026-08-16T12:53:07.473678+00:00
PROD-0135,color,Slate Gray,1.0,100,AUTO_APPROVE,1.0,1.0,1.0,,,1.0,OFFICIAL_MANUFACTURER_SOURCE|HIGH_AUTHORITY_SOURCE|EVIDENCE_GROUNDED|EXACT_MPN_MATCH|MANUFACTURER_VERIFIED|DIRECT_SPECIFICATION_MATCH|VALIDATION_PASS,EV-baac2614,SRC-d48bce4c,verified,2026-08-16T12:53:07.473739+00:00
PROD-0135,edge_profile,Grooved,1.0,100,AUTO_APPROVE,1.0,1.0,1.0,,,1.0,OFFICIAL_MANUFACTURER_SOURCE|HIGH_AUTHORITY_SOURCE|EVIDENCE_GROUNDED|EXACT_MPN_MATCH|MANUFACTURER_VERIFIED|DIRECT_SPECIFICATION_MATCH|VALIDATION_PASS,EV-10f58e69,SRC-d48bce4c,verified,2026-08-16T12:53:07.473753+00:00
PROD-0135,length,12 ft,1.0,100,AUTO_APPROVE,1.0,1.0,1.0,,1.0,1.0,OFFICIAL_MANUFACTURER_SOURCE|HIGH_AUTHORITY_SOURCE|EVIDENCE_GROUNDED|EXACT_MPN_MATCH|MANUFACTURER_VERIFIED|DIRECT_SPECIFICATION_MATCH|UOM_VALID|VALIDATION_PASS,EV-ee633293,SRC-d48bce4c,verified,2026-08-16T12:53:07.473766+00:00
PROD-0135,width_profile,1x6,1.0,100,AUTO_APPROVE,1.0,1.0,1.0,,1.0,1.0,OFFICIAL_MANUFACTURER_SOURCE|HIGH_AUTHORITY_SOURCE|EVIDENCE_GROUNDED|EXACT_MPN_MATCH|MANUFACTURER_VERIFIED|DIRECT_SPECIFICATION_MATCH|UOM_VALID|VALIDATION_PASS,EV-12a61552,SRC-d48bce4c,verified,2026-08-16T12:53:07.473779+00:00
PROD-0136,color,Slate Gray,1.0,100,AUTO_APPROVE,1.0,1.0,1.0,,,1.0,OFFICIAL_MANUFACTURER_SOURCE|HIGH_AUTHORITY_SOURCE|EVIDENCE_GROUNDED|EXACT_MPN_MATCH|MANUFACTURER_VERIFIED|DIRECT_SPECIFICATION_MATCH|VALIDATION_PASS,EV-77ebb381,SRC-e2db8c2d,verified,2026-08-16T12:53:07.473841+00:00
PROD-0136,edge_profile,Grooved,1.0,100,AUTO_APPROVE,1.0,1.0,1.0,,,1.0,OFFICIAL_MANUFACTURER_SOURCE|HIGH_AUTHORITY_SOURCE|EVIDENCE_GROUNDED|EXACT_MPN_MATCH|MANUFACTURER_VERIFIED|DIRECT_SPECIFICATION_MATCH|VALIDATION_PASS,EV-976152b7,SRC-e2db8c2d,verified,2026-08-16T12:53:07.473856+00:00
PROD-0136,length,12 ft,1.0,100,AUTO_APPROVE,1.0,1.0,1.0,,1.0,1.0,OFFICIAL_MANUFACTURER_SOURCE|HIGH_AUTHORITY_SOURCE|EVIDENCE_GROUNDED|EXACT_MPN_MATCH|MANUFACTURER_VERIFIED|DIRECT_SPECIFICATION_MATCH|UOM_VALID|VALIDATION_PASS,EV-ffde61ff,SRC-e2db8c2d,verified,2026-08-16T12:53:07.473869+00:00
PROD-0136,width_profile,1x6,1.0,100,AUTO_APPROVE,1.0,1.0,1.0,,1.0,1.0,OFFICIAL_MANUFACTURER_SOURCE|HIGH_AUTHORITY_SOURCE|EVIDENCE_GROUNDED|EXACT_MPN_MATCH|MANUFACTURER_VERIFIED|DIRECT_SPECIFICATION_MATCH|UOM_VALID|VALIDATION_PASS,EV-25706979,SRC-e2db8c2d,verified,2026-08-16T12:53:07.473881+00:00
PROD-0137,color,Slate Gray,1.0,100,AUTO_APPROVE,1.0,1.0,1.0,,,1.0,OFFICIAL_MANUFACTURER_SOURCE|HIGH_AUTHORITY_SOURCE|EVIDENCE_GROUNDED|EXACT_MPN_MATCH|MANUFACTURER_VERIFIED|DIRECT_SPECIFICATION_MATCH|VALIDATION_PASS,EV-88718f0d,SRC-2065a3ff,verified,2026-08-16T12:53:07.473941+00:00
PROD-0137,edge_profile,Grooved,1.0,100,AUTO_APPROVE,1.0,1.0,1.0,,,1.0,OFFICIAL_MANUFACTURER_SOURCE|HIGH_AUTHORITY_SOURCE|EVIDENCE_GROUNDED|EXACT_MPN_MATCH|MANUFACTURER_VERIFIED|DIRECT_SPECIFICATION_MATCH|VALIDATION_PASS,EV-33867c53,SRC-2065a3ff,verified,2026-08-16T12:53:07.473956+00:00
PROD-0137,length,12 ft,1.0,100,AUTO_APPROVE,1.0,1.0,1.0,,1.0,1.0,OFFICIAL_MANUFACTURER_SOURCE|HIGH_AUTHORITY_SOURCE|EVIDENCE_GROUNDED|EXACT_MPN_MATCH|MANUFACTURER_VERIFIED|DIRECT_SPECIFICATION_MATCH|UOM_VALID|VALIDATION_PASS,EV-69259c80,SRC-2065a3ff,verified,2026-08-16T12:53:07.473969+00:00
PROD-0137,width_profile,1x6,1.0,100,AUTO_APPROVE,1.0,1.0,1.0,,1.0,1.0,OFFICIAL_MANUFACTURER_SOURCE|HIGH_AUTHORITY_SOURCE|EVIDENCE_GROUNDED|EXACT_MPN_MATCH|MANUFACTURER_VERIFIED|DIRECT_SPECIFICATION_MATCH|UOM_VALID|VALIDATION_PASS,EV-3d313572,SRC-2065a3ff,verified,2026-08-16T12:53:07.473980+00:00
PROD-0138,color,Slate Gray,1.0,100,AUTO_APPROVE,1.0,1.0,1.0,,,1.0,OFFICIAL_MANUFACTURER_SOURCE|HIGH_AUTHORITY_SOURCE|EVIDENCE_GROUNDED|EXACT_MPN_MATCH|MANUFACTURER_VERIFIED|DIRECT_SPECIFICATION_MATCH|VALIDATION_PASS,EV-2482a2c9,SRC-45512558,verified,2026-08-16T12:53:07.474044+00:00
PROD-0138,edge_profile,Grooved,1.0,100,AUTO_APPROVE,1.0,1.0,1.0,,,1.0,OFFICIAL_MANUFACTURER_SOURCE|HIGH_AUTHORITY_SOURCE|EVIDENCE_GROUNDED|EXACT_MPN_MATCH|MANUFACTURER_VERIFIED|DIRECT_SPECIFICATION_MATCH|VALIDATION_PASS,EV-88b7ff88,SRC-45512558,verified,2026-08-16T12:53:07.474059+00:00
PROD-0138,length,12 ft,1.0,100,AUTO_APPROVE,1.0,1.0,1.0,,1.0,1.0,OFFICIAL_MANUFACTURER_SOURCE|HIGH_AUTHORITY_SOURCE|EVIDENCE_GROUNDED|EXACT_MPN_MATCH|MANUFACTURER_VERIFIED|DIRECT_SPECIFICATION_MATCH|UOM_VALID|VALIDATION_PASS,EV-c76904fc,SRC-45512558,verified,2026-08-16T12:53:07.474073+00:00
PROD-0138,width_profile,1x6,1.0,100,AUTO_APPROVE,1.0,1.0,1.0,,1.0,1.0,OFFICIAL_MANUFACTURER_SOURCE|HIGH_AUTHORITY_SOURCE|EVIDENCE_GROUNDED|EXACT_MPN_MATCH|MANUFACTURER_VERIFIED|DIRECT_SPECIFICATION_MATCH|UOM_VALID|VALIDATION_PASS,EV-576e873c,SRC-45512558,verified,2026-08-16T12:53:07.474085+00:00
PROD-0139,color,Slate Gray,1.0,100,AUTO_APPROVE,1.0,1.0,1.0,,,1.0,OFFICIAL_MANUFACTURER_SOURCE|HIGH_AUTHORITY_SOURCE|EVIDENCE_GROUNDED|EXACT_MPN_MATCH|MANUFACTURER_VERIFIED|DIRECT_SPECIFICATION_MATCH|VALIDATION_PASS,EV-ed6de92f,SRC-09d94212,verified,2026-08-16T12:53:07.474146+00:00
PROD-0139,edge_profile,Grooved,1.0,100,AUTO_APPROVE,1.0,1.0,1.0,,,1.0,OFFICIAL_MANUFACTURER_SOURCE|HIGH_AUTHORITY_SOURCE|EVIDENCE_GROUNDED|EXACT_MPN_MATCH|MANUFACTURER_VERIFIED|DIRECT_SPECIFICATION_MATCH|VALIDATION_PASS,EV-00262e03,SRC-09d94212,verified,2026-08-16T12:53:07.474163+00:00
PROD-0139,length,12 ft,1.0,100,AUTO_APPROVE,1.0,1.0,1.0,,1.0,1.0,OFFICIAL_MANUFACTURER_SOURCE|HIGH_AUTHORITY_SOURCE|EVIDENCE_GROUNDED|EXACT_MPN_MATCH|MANUFACTURER_VERIFIED|DIRECT_SPECIFICATION_MATCH|UOM_VALID|VALIDATION_PASS,EV-a565561a,SRC-09d94212,verified,2026-08-16T12:53:07.474176+00:00
PROD-0139,width_profile,1x6,1.0,100,AUTO_APPROVE,1.0,1.0,1.0,,1.0,1.0,OFFICIAL_MANUFACTURER_SOURCE|HIGH_AUTHORITY_SOURCE|EVIDENCE_GROUNDED|EXACT_MPN_MATCH|MANUFACTURER_VERIFIED|DIRECT_SPECIFICATION_MATCH|UOM_VALID|VALIDATION_PASS,EV-74c28577,SRC-09d94212,verified,2026-08-16T12:53:07.474189+00:00
PROD-0140,color,Slate Gray,1.0,100,AUTO_APPROVE,1.0,1.0,1.0,,,1.0,OFFICIAL_MANUFACTURER_SOURCE|HIGH_AUTHORITY_SOURCE|EVIDENCE_GROUNDED|EXACT_MPN_MATCH|MANUFACTURER_VERIFIED|DIRECT_SPECIFICATION_MATCH|VALIDATION_PASS,EV-3eac8bb5,SRC-e79baa30,verified,2026-08-16T12:53:07.474252+00:00
PROD-0140,edge_profile,Grooved,1.0,100,AUTO_APPROVE,1.0,1.0,1.0,,,1.0,OFFICIAL_MANUFACTURER_SOURCE|HIGH_AUTHORITY_SOURCE|EVIDENCE_GROUNDED|EXACT_MPN_MATCH|MANUFACTURER_VERIFIED|DIRECT_SPECIFICATION_MATCH|VALIDATION_PASS,EV-8f17295c,SRC-e79baa30,verified,2026-08-16T12:53:07.474267+00:00
PROD-0140,length,12 ft,1.0,100,AUTO_APPROVE,1.0,1.0,1.0,,1.0,1.0,OFFICIAL_MANUFACTURER_SOURCE|HIGH_AUTHORITY_SOURCE|EVIDENCE_GROUNDED|EXACT_MPN_MATCH|MANUFACTURER_VERIFIED|DIRECT_SPECIFICATION_MATCH|UOM_VALID|VALIDATION_PASS,EV-0f53b75a,SRC-e79baa30,verified,2026-08-16T12:53:07.474281+00:00
PROD-0140,width_profile,1x6,1.0,100,AUTO_APPROVE,1.0,1.0,1.0,,1.0,1.0,OFFICIAL_MANUFACTURER_SOURCE|HIGH_AUTHORITY_SOURCE|EVIDENCE_GROUNDED|EXACT_MPN_MATCH|MANUFACTURER_VERIFIED|DIRECT_SPECIFICATION_MATCH|UOM_VALID|VALIDATION_PASS,EV-e5fedd83,SRC-e79baa30,verified,2026-08-16T12:53:07.474293+00:00
PROD-0141,color,Slate Gray,1.0,100,AUTO_APPROVE,1.0,1.0,1.0,,,1.0,OFFICIAL_MANUFACTURER_SOURCE|HIGH_AUTHORITY_SOURCE|EVIDENCE_GROUNDED|EXACT_MPN_MATCH|MANUFACTURER_VERIFIED|DIRECT_SPECIFICATION_MATCH|VALIDATION_PASS,EV-d634868d,SRC-1f3377b5,verified,2026-08-16T12:53:07.474355+00:00
PROD-0141,edge_profile,Grooved,1.0,100,AUTO_APPROVE,1.0,1.0,1.0,,,1.0,OFFICIAL_MANUFACTURER_SOURCE|HIGH_AUTHORITY_SOURCE|EVIDENCE_GROUNDED|EXACT_MPN_MATCH|MANUFACTURER_VERIFIED|DIRECT_SPECIFICATION_MATCH|VALIDATION_PASS,EV-8410f017,SRC-1f3377b5,verified,2026-08-16T12:53:07.474370+00:00
PROD-0141,length,12 ft,1.0,100,AUTO_APPROVE,1.0,1.0,1.0,,1.0,1.0,OFFICIAL_MANUFACTURER_SOURCE|HIGH_AUTHORITY_SOURCE|EVIDENCE_GROUNDED|EXACT_MPN_MATCH|MANUFACTURER_VERIFIED|DIRECT_SPECIFICATION_MATCH|UOM_VALID|VALIDATION_PASS,EV-b554ccac,SRC-1f3377b5,verified,2026-08-16T12:53:07.474383+00:00
PROD-0141,width_profile,1x6,1.0,100,AUTO_APPROVE,1.0,1.0,1.0,,1.0,1.0,OFFICIAL_MANUFACTURER_SOURCE|HIGH_AUTHORITY_SOURCE|EVIDENCE_GROUNDED|EXACT_MPN_MATCH|MANUFACTURER_VERIFIED|DIRECT_SPECIFICATION_MATCH|UOM_VALID|VALIDATION_PASS,EV-d26d2bb5,SRC-1f3377b5,verified,2026-08-16T12:53:07.474395+00:00
PROD-0142,color,Slate Gray,1.0,100,AUTO_APPROVE,1.0,1.0,1.0,,,1.0,OFFICIAL_MANUFACTURER_SOURCE|HIGH_AUTHORITY_SOURCE|EVIDENCE_GROUNDED|EXACT_MPN_MATCH|MANUFACTURER_VERIFIED|DIRECT_SPECIFICATION_MATCH|VALIDATION_PASS,EV-a65eb84b,SRC-e48e5685,verified,2026-08-16T12:53:07.474457+00:00
PROD-0142,edge_profile,Grooved,1.0,100,AUTO_APPROVE,1.0,1.0,1.0,,,1.0,OFFICIAL_MANUFACTURER_SOURCE|HIGH_AUTHORITY_SOURCE|EVIDENCE_GROUNDED|EXACT_MPN_MATCH|MANUFACTURER_VERIFIED|DIRECT_SPECIFICATION_MATCH|VALIDATION_PASS,EV-526526ac,SRC-e48e5685,verified,2026-08-16T12:53:07.474471+00:00
PROD-0142,length,12 ft,1.0,100,AUTO_APPROVE,1.0,1.0,1.0,,1.0,1.0,OFFICIAL_MANUFACTURER_SOURCE|HIGH_AUTHORITY_SOURCE|EVIDENCE_GROUNDED|EXACT_MPN_MATCH|MANUFACTURER_VERIFIED|DIRECT_SPECIFICATION_MATCH|UOM_VALID|VALIDATION_PASS,EV-dcc12fcc,SRC-e48e5685,verified,2026-08-16T12:53:07.474485+00:00
PROD-0142,width_profile,1x6,1.0,100,AUTO_APPROVE,1.0,1.0,1.0,,1.0,1.0,OFFICIAL_MANUFACTURER_SOURCE|HIGH_AUTHORITY_SOURCE|EVIDENCE_GROUNDED|EXACT_MPN_MATCH|MANUFACTURER_VERIFIED|DIRECT_SPECIFICATION_MATCH|UOM_VALID|VALIDATION_PASS,EV-08a2d01c,SRC-e48e5685,verified,2026-08-16T12:53:07.474497+00:00
PROD-0143,color,Slate Gray,1.0,100,AUTO_APPROVE,1.0,1.0,1.0,,,1.0,OFFICIAL_MANUFACTURER_SOURCE|HIGH_AUTHORITY_SOURCE|EVIDENCE_GROUNDED|EXACT_MPN_MATCH|MANUFACTURER_VERIFIED|DIRECT_SPECIFICATION_MATCH|VALIDATION_PASS,EV-dfdfebe4,SRC-2f3dfd00,verified,2026-08-16T12:53:07.474560+00:00
PROD-0143,edge_profile,Grooved,1.0,100,AUTO_APPROVE,1.0,1.0,1.0,,,1.0,OFFICIAL_MANUFACTURER_SOURCE|HIGH_AUTHORITY_SOURCE|EVIDENCE_GROUNDED|EXACT_MPN_MATCH|MANUFACTURER_VERIFIED|DIRECT_SPECIFICATION_MATCH|VALIDATION_PASS,EV-f9fd8bef,SRC-2f3dfd00,verified,2026-08-16T12:53:07.474575+00:00
PROD-0143,length,12 ft,1.0,100,AUTO_APPROVE,1.0,1.0,1.0,,1.0,1.0,OFFICIAL_MANUFACTURER_SOURCE|HIGH_AUTHORITY_SOURCE|EVIDENCE_GROUNDED|EXACT_MPN_MATCH|MANUFACTURER_VERIFIED|DIRECT_SPECIFICATION_MATCH|UOM_VALID|VALIDATION_PASS,EV-4d980663,SRC-2f3dfd00,verified,2026-08-16T12:53:07.474588+00:00
PROD-0143,width_profile,1x6,1.0,100,AUTO_APPROVE,1.0,1.0,1.0,,1.0,1.0,OFFICIAL_MANUFACTURER_SOURCE|HIGH_AUTHORITY_SOURCE|EVIDENCE_GROUNDED|EXACT_MPN_MATCH|MANUFACTURER_VERIFIED|DIRECT_SPECIFICATION_MATCH|UOM_VALID|VALIDATION_PASS,EV-93a5b1ad,SRC-2f3dfd00,verified,2026-08-16T12:53:07.474603+00:00
PROD-0144,color,Slate Gray,1.0,100,AUTO_APPROVE,1.0,1.0,1.0,,,1.0,OFFICIAL_MANUFACTURER_SOURCE|HIGH_AUTHORITY_SOURCE|EVIDENCE_GROUNDED|EXACT_MPN_MATCH|MANUFACTURER_VERIFIED|DIRECT_SPECIFICATION_MATCH|VALIDATION_PASS,EV-620f3afa,SRC-6952a692,verified,2026-08-16T12:53:07.474667+00:00
PROD-0144,edge_profile,Grooved,1.0,100,AUTO_APPROVE,1.0,1.0,1.0,,,1.0,OFFICIAL_MANUFACTURER_SOURCE|HIGH_AUTHORITY_SOURCE|EVIDENCE_GROUNDED|EXACT_MPN_MATCH|MANUFACTURER_VERIFIED|DIRECT_SPECIFICATION_MATCH|VALIDATION_PASS,EV-ed7f4836,SRC-6952a692,verified,2026-08-16T12:53:07.474681+00:00
PROD-0144,length,12 ft,1.0,100,AUTO_APPROVE,1.0,1.0,1.0,,1.0,1.0,OFFICIAL_MANUFACTURER_SOURCE|HIGH_AUTHORITY_SOURCE|EVIDENCE_GROUNDED|EXACT_MPN_MATCH|MANUFACTURER_VERIFIED|DIRECT_SPECIFICATION_MATCH|UOM_VALID|VALIDATION_PASS,EV-b3b28618,SRC-6952a692,verified,2026-08-16T12:53:07.474694+00:00
PROD-0144,width_profile,1x6,1.0,100,AUTO_APPROVE,1.0,1.0,1.0,,1.0,1.0,OFFICIAL_MANUFACTURER_SOURCE|HIGH_AUTHORITY_SOURCE|EVIDENCE_GROUNDED|EXACT_MPN_MATCH|MANUFACTURER_VERIFIED|DIRECT_SPECIFICATION_MATCH|UOM_VALID|VALIDATION_PASS,EV-29b8bc3f,SRC-6952a692,verified,2026-08-16T12:53:07.474708+00:00
PROD-0145,color,Slate Gray,1.0,100,AUTO_APPROVE,1.0,1.0,1.0,,,1.0,OFFICIAL_MANUFACTURER_SOURCE|HIGH_AUTHORITY_SOURCE|EVIDENCE_GROUNDED|EXACT_MPN_MATCH|MANUFACTURER_VERIFIED|DIRECT_SPECIFICATION_MATCH|VALIDATION_PASS,EV-f779b425,SRC-292ce422,verified,2026-08-16T12:53:07.474768+00:00
PROD-0145,edge_profile,Grooved,1.0,100,AUTO_APPROVE,1.0,1.0,1.0,,,1.0,OFFICIAL_MANUFACTURER_SOURCE|HIGH_AUTHORITY_SOURCE|EVIDENCE_GROUNDED|EXACT_MPN_MATCH|MANUFACTURER_VERIFIED|DIRECT_SPECIFICATION_MATCH|VALIDATION_PASS,EV-cf4349d1,SRC-292ce422,verified,2026-08-16T12:53:07.474783+00:00
PROD-0145,length,12 ft,1.0,100,AUTO_APPROVE,1.0,1.0,1.0,,1.0,1.0,OFFICIAL_MANUFACTURER_SOURCE|HIGH_AUTHORITY_SOURCE|EVIDENCE_GROUNDED|EXACT_MPN_MATCH|MANUFACTURER_VERIFIED|DIRECT_SPECIFICATION_MATCH|UOM_VALID|VALIDATION_PASS,EV-90a4f706,SRC-292ce422,verified,2026-08-16T12:53:07.474798+00:00
PROD-0145,width_profile,1x6,1.0,100,AUTO_APPROVE,1.0,1.0,1.0,,1.0,1.0,OFFICIAL_MANUFACTURER_SOURCE|HIGH_AUTHORITY_SOURCE|EVIDENCE_GROUNDED|EXACT_MPN_MATCH|MANUFACTURER_VERIFIED|DIRECT_SPECIFICATION_MATCH|UOM_VALID|VALIDATION_PASS,EV-eeb2f662,SRC-292ce422,verified,2026-08-16T12:53:07.474810+00:00
PROD-0146,color,Slate Gray,1.0,100,AUTO_APPROVE,1.0,1.0,1.0,,,1.0,OFFICIAL_MANUFACTURER_SOURCE|HIGH_AUTHORITY_SOURCE|EVIDENCE_GROUNDED|EXACT_MPN_MATCH|MANUFACTURER_VERIFIED|DIRECT_SPECIFICATION_MATCH|VALIDATION_PASS,EV-1477b1f3,SRC-9422e5b6,verified,2026-08-16T12:53:07.474872+00:00
PROD-0146,edge_profile,Grooved,1.0,100,AUTO_APPROVE,1.0,1.0,1.0,,,1.0,OFFICIAL_MANUFACTURER_SOURCE|HIGH_AUTHORITY_SOURCE|EVIDENCE_GROUNDED|EXACT_MPN_MATCH|MANUFACTURER_VERIFIED|DIRECT_SPECIFICATION_MATCH|VALIDATION_PASS,EV-53fe3074,SRC-9422e5b6,verified,2026-08-16T12:53:07.474888+00:00
PROD-0146,length,12 ft,1.0,100,AUTO_APPROVE,1.0,1.0,1.0,,1.0,1.0,OFFICIAL_MANUFACTURER_SOURCE|HIGH_AUTHORITY_SOURCE|EVIDENCE_GROUNDED|EXACT_MPN_MATCH|MANUFACTURER_VERIFIED|DIRECT_SPECIFICATION_MATCH|UOM_VALID|VALIDATION_PASS,EV-0bccb844,SRC-9422e5b6,verified,2026-08-16T12:53:07.474901+00:00
PROD-0146,width_profile,1x6,1.0,100,AUTO_APPROVE,1.0,1.0,1.0,,1.0,1.0,OFFICIAL_MANUFACTURER_SOURCE|HIGH_AUTHORITY_SOURCE|EVIDENCE_GROUNDED|EXACT_MPN_MATCH|MANUFACTURER_VERIFIED|DIRECT_SPECIFICATION_MATCH|UOM_VALID|VALIDATION_PASS,EV-ac19853c,SRC-9422e5b6,verified,2026-08-16T12:53:07.474913+00:00
PROD-0147,color,Slate Gray,1.0,100,AUTO_APPROVE,1.0,1.0,1.0,,,1.0,OFFICIAL_MANUFACTURER_SOURCE|HIGH_AUTHORITY_SOURCE|EVIDENCE_GROUNDED|EXACT_MPN_MATCH|MANUFACTURER_VERIFIED|DIRECT_SPECIFICATION_MATCH|VALIDATION_PASS,EV-681b776c,SRC-929d0195,verified,2026-08-16T12:53:07.474975+00:00
PROD-0147,edge_profile,Grooved,1.0,100,AUTO_APPROVE,1.0,1.0,1.0,,,1.0,OFFICIAL_MANUFACTURER_SOURCE|HIGH_AUTHORITY_SOURCE|EVIDENCE_GROUNDED|EXACT_MPN_MATCH|MANUFACTURER_VERIFIED|DIRECT_SPECIFICATION_MATCH|VALIDATION_PASS,EV-56407ddc,SRC-929d0195,verified,2026-08-16T12:53:07.474990+00:00
PROD-0147,length,12 ft,1.0,100,AUTO_APPROVE,1.0,1.0,1.0,,1.0,1.0,OFFICIAL_MANUFACTURER_SOURCE|HIGH_AUTHORITY_SOURCE|EVIDENCE_GROUNDED|EXACT_MPN_MATCH|MANUFACTURER_VERIFIED|DIRECT_SPECIFICATION_MATCH|UOM_VALID|VALIDATION_PASS,EV-be59b531,SRC-929d0195,verified,2026-08-16T12:53:07.475005+00:00
PROD-0147,width_profile,1x6,1.0,100,AUTO_APPROVE,1.0,1.0,1.0,,1.0,1.0,OFFICIAL_MANUFACTURER_SOURCE|HIGH_AUTHORITY_SOURCE|EVIDENCE_GROUNDED|EXACT_MPN_MATCH|MANUFACTURER_VERIFIED|DIRECT_SPECIFICATION_MATCH|UOM_VALID|VALIDATION_PASS,EV-f29d61ec,SRC-929d0195,verified,2026-08-16T12:53:07.475017+00:00
PROD-0148,color,Slate Gray,1.0,100,AUTO_APPROVE,1.0,1.0,1.0,,,1.0,OFFICIAL_MANUFACTURER_SOURCE|HIGH_AUTHORITY_SOURCE|EVIDENCE_GROUNDED|EXACT_MPN_MATCH|MANUFACTURER_VERIFIED|DIRECT_SPECIFICATION_MATCH|VALIDATION_PASS,EV-feeefd34,SRC-800bd075,verified,2026-08-16T12:53:07.475081+00:00
PROD-0148,edge_profile,Grooved,1.0,100,AUTO_APPROVE,1.0,1.0,1.0,,,1.0,OFFICIAL_MANUFACTURER_SOURCE|HIGH_AUTHORITY_SOURCE|EVIDENCE_GROUNDED|EXACT_MPN_MATCH|MANUFACTURER_VERIFIED|DIRECT_SPECIFICATION_MATCH|VALIDATION_PASS,EV-12241161,SRC-800bd075,verified,2026-08-16T12:53:07.475097+00:00
PROD-0148,length,12 ft,1.0,100,AUTO_APPROVE,1.0,1.0,1.0,,1.0,1.0,OFFICIAL_MANUFACTURER_SOURCE|HIGH_AUTHORITY_SOURCE|EVIDENCE_GROUNDED|EXACT_MPN_MATCH|MANUFACTURER_VERIFIED|DIRECT_SPECIFICATION_MATCH|UOM_VALID|VALIDATION_PASS,EV-bdbe86f6,SRC-800bd075,verified,2026-08-16T12:53:07.475111+00:00
PROD-0148,width_profile,1x6,1.0,100,AUTO_APPROVE,1.0,1.0,1.0,,1.0,1.0,OFFICIAL_MANUFACTURER_SOURCE|HIGH_AUTHORITY_SOURCE|EVIDENCE_GROUNDED|EXACT_MPN_MATCH|MANUFACTURER_VERIFIED|DIRECT_SPECIFICATION_MATCH|UOM_VALID|VALIDATION_PASS,EV-89334a78,SRC-800bd075,verified,2026-08-16T12:53:07.475125+00:00
PROD-0149,color,Slate Gray,1.0,100,AUTO_APPROVE,1.0,1.0,1.0,,,1.0,OFFICIAL_MANUFACTURER_SOURCE|HIGH_AUTHORITY_SOURCE|EVIDENCE_GROUNDED|EXACT_MPN_MATCH|MANUFACTURER_VERIFIED|DIRECT_SPECIFICATION_MATCH|VALIDATION_PASS,EV-38c6161f,SRC-e805d6d2,verified,2026-08-16T12:53:07.475243+00:00
PROD-0149,edge_profile,Grooved,1.0,100,AUTO_APPROVE,1.0,1.0,1.0,,,1.0,OFFICIAL_MANUFACTURER_SOURCE|HIGH_AUTHORITY_SOURCE|EVIDENCE_GROUNDED|EXACT_MPN_MATCH|MANUFACTURER_VERIFIED|DIRECT_SPECIFICATION_MATCH|VALIDATION_PASS,EV-59430a6d,SRC-e805d6d2,verified,2026-08-16T12:53:07.475278+00:00
PROD-0149,length,12 ft,1.0,100,AUTO_APPROVE,1.0,1.0,1.0,,1.0,1.0,OFFICIAL_MANUFACTURER_SOURCE|HIGH_AUTHORITY_SOURCE|EVIDENCE_GROUNDED|EXACT_MPN_MATCH|MANUFACTURER_VERIFIED|DIRECT_SPECIFICATION_MATCH|UOM_VALID|VALIDATION_PASS,EV-ce1d1258,SRC-e805d6d2,verified,2026-08-16T12:53:07.475295+00:00
PROD-0149,width_profile,1x6,1.0,100,AUTO_APPROVE,1.0,1.0,1.0,,1.0,1.0,OFFICIAL_MANUFACTURER_SOURCE|HIGH_AUTHORITY_SOURCE|EVIDENCE_GROUNDED|EXACT_MPN_MATCH|MANUFACTURER_VERIFIED|DIRECT_SPECIFICATION_MATCH|UOM_VALID|VALIDATION_PASS,EV-91a76e6e,SRC-e805d6d2,verified,2026-08-16T12:53:07.475310+00:00
PROD-0150,color,Slate Gray,1.0,100,AUTO_APPROVE,1.0,1.0,1.0,,,1.0,OFFICIAL_MANUFACTURER_SOURCE|HIGH_AUTHORITY_SOURCE|EVIDENCE_GROUNDED|EXACT_MPN_MATCH|MANUFACTURER_VERIFIED|DIRECT_SPECIFICATION_MATCH|VALIDATION_PASS,EV-7c8fd90e,SRC-2933e73c,verified,2026-08-16T12:53:07.475407+00:00
PROD-0150,edge_profile,Grooved,1.0,100,AUTO_APPROVE,1.0,1.0,1.0,,,1.0,OFFICIAL_MANUFACTURER_SOURCE|HIGH_AUTHORITY_SOURCE|EVIDENCE_GROUNDED|EXACT_MPN_MATCH|MANUFACTURER_VERIFIED|DIRECT_SPECIFICATION_MATCH|VALIDATION_PASS,EV-1c1ca502,SRC-2933e73c,verified,2026-08-16T12:53:07.475427+00:00
PROD-0150,length,12 ft,1.0,100,AUTO_APPROVE,1.0,1.0,1.0,,1.0,1.0,OFFICIAL_MANUFACTURER_SOURCE|HIGH_AUTHORITY_SOURCE|EVIDENCE_GROUNDED|EXACT_MPN_MATCH|MANUFACTURER_VERIFIED|DIRECT_SPECIFICATION_MATCH|UOM_VALID|VALIDATION_PASS,EV-6ddf1f31,SRC-2933e73c,verified,2026-08-16T12:53:07.475445+00:00
PROD-0150,width_profile,1x6,1.0,100,AUTO_APPROVE,1.0,1.0,1.0,,1.0,1.0,OFFICIAL_MANUFACTURER_SOURCE|HIGH_AUTHORITY_SOURCE|EVIDENCE_GROUNDED|EXACT_MPN_MATCH|MANUFACTURER_VERIFIED|DIRECT_SPECIFICATION_MATCH|UOM_VALID|VALIDATION_PASS,EV-37b82018,SRC-2933e73c,verified,2026-08-16T12:53:07.475461+00:00
PROD-0151,color,Slate Gray,1.0,100,AUTO_APPROVE,1.0,1.0,1.0,,,1.0,OFFICIAL_MANUFACTURER_SOURCE|HIGH_AUTHORITY_SOURCE|EVIDENCE_GROUNDED|EXACT_MPN_MATCH|MANUFACTURER_VERIFIED|DIRECT_SPECIFICATION_MATCH|VALIDATION_PASS,EV-0f19e03a,SRC-1a191b0c,verified,2026-08-16T12:53:07.475572+00:00
PROD-0151,edge_profile,Grooved,1.0,100,AUTO_APPROVE,1.0,1.0,1.0,,,1.0,OFFICIAL_MANUFACTURER_SOURCE|HIGH_AUTHORITY_SOURCE|EVIDENCE_GROUNDED|EXACT_MPN_MATCH|MANUFACTURER_VERIFIED|DIRECT_SPECIFICATION_MATCH|VALIDATION_PASS,EV-0bab1965,SRC-1a191b0c,verified,2026-08-16T12:53:07.475595+00:00
PROD-0151,length,12 ft,1.0,100,AUTO_APPROVE,1.0,1.0,1.0,,1.0,1.0,OFFICIAL_MANUFACTURER_SOURCE|HIGH_AUTHORITY_SOURCE|EVIDENCE_GROUNDED|EXACT_MPN_MATCH|MANUFACTURER_VERIFIED|DIRECT_SPECIFICATION_MATCH|UOM_VALID|VALIDATION_PASS,EV-74a054a9,SRC-1a191b0c,verified,2026-08-16T12:53:07.475612+00:00
PROD-0151,width_profile,1x6,1.0,100,AUTO_APPROVE,1.0,1.0,1.0,,1.0,1.0,OFFICIAL_MANUFACTURER_SOURCE|HIGH_AUTHORITY_SOURCE|EVIDENCE_GROUNDED|EXACT_MPN_MATCH|MANUFACTURER_VERIFIED|DIRECT_SPECIFICATION_MATCH|UOM_VALID|VALIDATION_PASS,EV-9151533f,SRC-1a191b0c,verified,2026-08-16T12:53:07.475625+00:00
PROD-0152,color,Slate Gray,1.0,100,AUTO_APPROVE,1.0,1.0,1.0,,,1.0,OFFICIAL_MANUFACTURER_SOURCE|HIGH_AUTHORITY_SOURCE|EVIDENCE_GROUNDED|EXACT_MPN_MATCH|MANUFACTURER_VERIFIED|DIRECT_SPECIFICATION_MATCH|VALIDATION_PASS,EV-7af94999,SRC-a1ef81d8,verified,2026-08-16T12:53:07.475724+00:00
PROD-0152,edge_profile,Grooved,1.0,100,AUTO_APPROVE,1.0,1.0,1.0,,,1.0,OFFICIAL_MANUFACTURER_SOURCE|HIGH_AUTHORITY_SOURCE|EVIDENCE_GROUNDED|EXACT_MPN_MATCH|MANUFACTURER_VERIFIED|DIRECT_SPECIFICATION_MATCH|VALIDATION_PASS,EV-0d93f10c,SRC-a1ef81d8,verified,2026-08-16T12:53:07.475823+00:00
PROD-0152,length,12 ft,1.0,100,AUTO_APPROVE,1.0,1.0,1.0,,1.0,1.0,OFFICIAL_MANUFACTURER_SOURCE|HIGH_AUTHORITY_SOURCE|EVIDENCE_GROUNDED|EXACT_MPN_MATCH|MANUFACTURER_VERIFIED|DIRECT_SPECIFICATION_MATCH|UOM_VALID|VALIDATION_PASS,EV-7dbad6a9,SRC-a1ef81d8,verified,2026-08-16T12:53:07.475937+00:00
PROD-0152,width_profile,1x6,1.0,100,AUTO_APPROVE,1.0,1.0,1.0,,1.0,1.0,OFFICIAL_MANUFACTURER_SOURCE|HIGH_AUTHORITY_SOURCE|EVIDENCE_GROUNDED|EXACT_MPN_MATCH|MANUFACTURER_VERIFIED|DIRECT_SPECIFICATION_MATCH|UOM_VALID|VALIDATION_PASS,EV-8c0be94e,SRC-a1ef81d8,verified,2026-08-16T12:53:07.475979+00:00
PROD-0153,color,Slate Gray,1.0,100,AUTO_APPROVE,1.0,1.0,1.0,,,1.0,OFFICIAL_MANUFACTURER_SOURCE|HIGH_AUTHORITY_SOURCE|EVIDENCE_GROUNDED|EXACT_MPN_MATCH|MANUFACTURER_VERIFIED|DIRECT_SPECIFICATION_MATCH|VALIDATION_PASS,EV-4a5d3e85,SRC-4c8e5cbf,verified,2026-08-16T12:53:07.476187+00:00
PROD-0153,edge_profile,Grooved,1.0,100,AUTO_APPROVE,1.0,1.0,1.0,,,1.0,OFFICIAL_MANUFACTURER_SOURCE|HIGH_AUTHORITY_SOURCE|EVIDENCE_GROUNDED|EXACT_MPN_MATCH|MANUFACTURER_VERIFIED|DIRECT_SPECIFICATION_MATCH|VALIDATION_PASS,EV-2f7d91a7,SRC-4c8e5cbf,verified,2026-08-16T12:53:07.476207+00:00
PROD-0153,length,12 ft,1.0,100,AUTO_APPROVE,1.0,1.0,1.0,,1.0,1.0,OFFICIAL_MANUFACTURER_SOURCE|HIGH_AUTHORITY_SOURCE|EVIDENCE_GROUNDED|EXACT_MPN_MATCH|MANUFACTURER_VERIFIED|DIRECT_SPECIFICATION_MATCH|UOM_VALID|VALIDATION_PASS,EV-fceb4572,SRC-4c8e5cbf,verified,2026-08-16T12:53:07.476225+00:00
PROD-0153,width_profile,1x6,1.0,100,AUTO_APPROVE,1.0,1.0,1.0,,1.0,1.0,OFFICIAL_MANUFACTURER_SOURCE|HIGH_AUTHORITY_SOURCE|EVIDENCE_GROUNDED|EXACT_MPN_MATCH|MANUFACTURER_VERIFIED|DIRECT_SPECIFICATION_MATCH|UOM_VALID|VALIDATION_PASS,EV-a3a790fa,SRC-4c8e5cbf,verified,2026-08-16T12:53:07.476246+00:00
PROD-0154,color,Slate Gray,1.0,100,AUTO_APPROVE,1.0,1.0,1.0,,,1.0,OFFICIAL_MANUFACTURER_SOURCE|HIGH_AUTHORITY_SOURCE|EVIDENCE_GROUNDED|EXACT_MPN_MATCH|MANUFACTURER_VERIFIED|DIRECT_SPECIFICATION_MATCH|VALIDATION_PASS,EV-7b7d37c0,SRC-bc346e55,verified,2026-08-16T12:53:07.476330+00:00
PROD-0154,edge_profile,Grooved,1.0,100,AUTO_APPROVE,1.0,1.0,1.0,,,1.0,OFFICIAL_MANUFACTURER_SOURCE|HIGH_AUTHORITY_SOURCE|EVIDENCE_GROUNDED|EXACT_MPN_MATCH|MANUFACTURER_VERIFIED|DIRECT_SPECIFICATION_MATCH|VALIDATION_PASS,EV-4048d6cc,SRC-bc346e55,verified,2026-08-16T12:53:07.476348+00:00
PROD-0154,length,12 ft,1.0,100,AUTO_APPROVE,1.0,1.0,1.0,,1.0,1.0,OFFICIAL_MANUFACTURER_SOURCE|HIGH_AUTHORITY_SOURCE|EVIDENCE_GROUNDED|EXACT_MPN_MATCH|MANUFACTURER_VERIFIED|DIRECT_SPECIFICATION_MATCH|UOM_VALID|VALIDATION_PASS,EV-23946588,SRC-bc346e55,verified,2026-08-16T12:53:07.476362+00:00
PROD-0154,width_profile,1x6,1.0,100,AUTO_APPROVE,1.0,1.0,1.0,,1.0,1.0,OFFICIAL_MANUFACTURER_SOURCE|HIGH_AUTHORITY_SOURCE|EVIDENCE_GROUNDED|EXACT_MPN_MATCH|MANUFACTURER_VERIFIED|DIRECT_SPECIFICATION_MATCH|UOM_VALID|VALIDATION_PASS,EV-8610955b,SRC-bc346e55,verified,2026-08-16T12:53:07.476375+00:00
PROD-0155,color,Slate Gray,1.0,100,AUTO_APPROVE,1.0,1.0,1.0,,,1.0,OFFICIAL_MANUFACTURER_SOURCE|HIGH_AUTHORITY_SOURCE|EVIDENCE_GROUNDED|EXACT_MPN_MATCH|MANUFACTURER_VERIFIED|DIRECT_SPECIFICATION_MATCH|VALIDATION_PASS,EV-d1e2d055,SRC-6298469e,verified,2026-08-16T12:53:07.476448+00:00
PROD-0155,edge_profile,Grooved,1.0,100,AUTO_APPROVE,1.0,1.0,1.0,,,1.0,OFFICIAL_MANUFACTURER_SOURCE|HIGH_AUTHORITY_SOURCE|EVIDENCE_GROUNDED|EXACT_MPN_MATCH|MANUFACTURER_VERIFIED|DIRECT_SPECIFICATION_MATCH|VALIDATION_PASS,EV-82345836,SRC-6298469e,verified,2026-08-16T12:53:07.476464+00:00
PROD-0155,length,12 ft,1.0,100,AUTO_APPROVE,1.0,1.0,1.0,,1.0,1.0,OFFICIAL_MANUFACTURER_SOURCE|HIGH_AUTHORITY_SOURCE|EVIDENCE_GROUNDED|EXACT_MPN_MATCH|MANUFACTURER_VERIFIED|DIRECT_SPECIFICATION_MATCH|UOM_VALID|VALIDATION_PASS,EV-f93164ff,SRC-6298469e,verified,2026-08-16T12:53:07.476477+00:00
PROD-0155,width_profile,1x6,1.0,100,AUTO_APPROVE,1.0,1.0,1.0,,1.0,1.0,OFFICIAL_MANUFACTURER_SOURCE|HIGH_AUTHORITY_SOURCE|EVIDENCE_GROUNDED|EXACT_MPN_MATCH|MANUFACTURER_VERIFIED|DIRECT_SPECIFICATION_MATCH|UOM_VALID|VALIDATION_PASS,EV-f5918bf7,SRC-6298469e,verified,2026-08-16T12:53:07.476490+00:00
PROD-0156,color,Slate Gray,1.0,100,AUTO_APPROVE,1.0,1.0,1.0,,,1.0,OFFICIAL_MANUFACTURER_SOURCE|HIGH_AUTHORITY_SOURCE|EVIDENCE_GROUNDED|EXACT_MPN_MATCH|MANUFACTURER_VERIFIED|DIRECT_SPECIFICATION_MATCH|VALIDATION_PASS,EV-6a88d2d2,SRC-35119ffb,verified,2026-08-16T12:53:07.476556+00:00
PROD-0156,edge_profile,Grooved,1.0,100,AUTO_APPROVE,1.0,1.0,1.0,,,1.0,OFFICIAL_MANUFACTURER_SOURCE|HIGH_AUTHORITY_SOURCE|EVIDENCE_GROUNDED|EXACT_MPN_MATCH|MANUFACTURER_VERIFIED|DIRECT_SPECIFICATION_MATCH|VALIDATION_PASS,EV-f84b713b,SRC-35119ffb,verified,2026-08-16T12:53:07.476572+00:00
PROD-0156,length,12 ft,1.0,100,AUTO_APPROVE,1.0,1.0,1.0,,1.0,1.0,OFFICIAL_MANUFACTURER_SOURCE|HIGH_AUTHORITY_SOURCE|EVIDENCE_GROUNDED|EXACT_MPN_MATCH|MANUFACTURER_VERIFIED|DIRECT_SPECIFICATION_MATCH|UOM_VALID|VALIDATION_PASS,EV-89ef5a36,SRC-35119ffb,verified,2026-08-16T12:53:07.476587+00:00
PROD-0156,width_profile,1x6,1.0,100,AUTO_APPROVE,1.0,1.0,1.0,,1.0,1.0,OFFICIAL_MANUFACTURER_SOURCE|HIGH_AUTHORITY_SOURCE|EVIDENCE_GROUNDED|EXACT_MPN_MATCH|MANUFACTURER_VERIFIED|DIRECT_SPECIFICATION_MATCH|UOM_VALID|VALIDATION_PASS,EV-9c7c3a9a,SRC-35119ffb,verified,2026-08-16T12:53:07.476600+00:00
PROD-0157,color,Slate Gray,1.0,100,AUTO_APPROVE,1.0,1.0,1.0,,,1.0,OFFICIAL_MANUFACTURER_SOURCE|HIGH_AUTHORITY_SOURCE|EVIDENCE_GROUNDED|EXACT_MPN_MATCH|MANUFACTURER_VERIFIED|DIRECT_SPECIFICATION_MATCH|VALIDATION_PASS,EV-2078302a,SRC-56b99b8d,verified,2026-08-16T12:53:07.476674+00:00
PROD-0157,edge_profile,Grooved,1.0,100,AUTO_APPROVE,1.0,1.0,1.0,,,1.0,OFFICIAL_MANUFACTURER_SOURCE|HIGH_AUTHORITY_SOURCE|EVIDENCE_GROUNDED|EXACT_MPN_MATCH|MANUFACTURER_VERIFIED|DIRECT_SPECIFICATION_MATCH|VALIDATION_PASS,EV-7bbc7da1,SRC-56b99b8d,verified,2026-08-16T12:53:07.476692+00:00
PROD-0157,length,12 ft,1.0,100,AUTO_APPROVE,1.0,1.0,1.0,,1.0,1.0,OFFICIAL_MANUFACTURER_SOURCE|HIGH_AUTHORITY_SOURCE|EVIDENCE_GROUNDED|EXACT_MPN_MATCH|MANUFACTURER_VERIFIED|DIRECT_SPECIFICATION_MATCH|UOM_VALID|VALIDATION_PASS,EV-e365747d,SRC-56b99b8d,verified,2026-08-16T12:53:07.476708+00:00
PROD-0157,width_profile,1x6,1.0,100,AUTO_APPROVE,1.0,1.0,1.0,,1.0,1.0,OFFICIAL_MANUFACTURER_SOURCE|HIGH_AUTHORITY_SOURCE|EVIDENCE_GROUNDED|EXACT_MPN_MATCH|MANUFACTURER_VERIFIED|DIRECT_SPECIFICATION_MATCH|UOM_VALID|VALIDATION_PASS,EV-504b7067,SRC-56b99b8d,verified,2026-08-16T12:53:07.476728+00:00
PROD-0158,color,Slate Gray,1.0,100,AUTO_APPROVE,1.0,1.0,1.0,,,1.0,OFFICIAL_MANUFACTURER_SOURCE|HIGH_AUTHORITY_SOURCE|EVIDENCE_GROUNDED|EXACT_MPN_MATCH|MANUFACTURER_VERIFIED|DIRECT_SPECIFICATION_MATCH|VALIDATION_PASS,EV-1c073bde,SRC-b739843d,verified,2026-08-16T12:53:07.476803+00:00
PROD-0158,edge_profile,Grooved,1.0,100,AUTO_APPROVE,1.0,1.0,1.0,,,1.0,OFFICIAL_MANUFACTURER_SOURCE|HIGH_AUTHORITY_SOURCE|EVIDENCE_GROUNDED|EXACT_MPN_MATCH|MANUFACTURER_VERIFIED|DIRECT_SPECIFICATION_MATCH|VALIDATION_PASS,EV-bd589096,SRC-b739843d,verified,2026-08-16T12:53:07.476818+00:00
PROD-0158,length,12 ft,1.0,100,AUTO_APPROVE,1.0,1.0,1.0,,1.0,1.0,OFFICIAL_MANUFACTURER_SOURCE|HIGH_AUTHORITY_SOURCE|EVIDENCE_GROUNDED|EXACT_MPN_MATCH|MANUFACTURER_VERIFIED|DIRECT_SPECIFICATION_MATCH|UOM_VALID|VALIDATION_PASS,EV-6f9a0b44,SRC-b739843d,verified,2026-08-16T12:53:07.476831+00:00
PROD-0158,width_profile,1x6,1.0,100,AUTO_APPROVE,1.0,1.0,1.0,,1.0,1.0,OFFICIAL_MANUFACTURER_SOURCE|HIGH_AUTHORITY_SOURCE|EVIDENCE_GROUNDED|EXACT_MPN_MATCH|MANUFACTURER_VERIFIED|DIRECT_SPECIFICATION_MATCH|UOM_VALID|VALIDATION_PASS,EV-667fc5a2,SRC-b739843d,verified,2026-08-16T12:53:07.476845+00:00
PROD-0159,color,Slate Gray,1.0,100,AUTO_APPROVE,1.0,1.0,1.0,,,1.0,OFFICIAL_MANUFACTURER_SOURCE|HIGH_AUTHORITY_SOURCE|EVIDENCE_GROUNDED|EXACT_MPN_MATCH|MANUFACTURER_VERIFIED|DIRECT_SPECIFICATION_MATCH|VALIDATION_PASS,EV-b4ba62a8,SRC-28685cd0,verified,2026-08-16T12:53:07.476910+00:00
PROD-0159,edge_profile,Grooved,1.0,100,AUTO_APPROVE,1.0,1.0,1.0,,,1.0,OFFICIAL_MANUFACTURER_SOURCE|HIGH_AUTHORITY_SOURCE|EVIDENCE_GROUNDED|EXACT_MPN_MATCH|MANUFACTURER_VERIFIED|DIRECT_SPECIFICATION_MATCH|VALIDATION_PASS,EV-5c07d9c1,SRC-28685cd0,verified,2026-08-16T12:53:07.476926+00:00
PROD-0159,length,12 ft,1.0,100,AUTO_APPROVE,1.0,1.0,1.0,,1.0,1.0,OFFICIAL_MANUFACTURER_SOURCE|HIGH_AUTHORITY_SOURCE|EVIDENCE_GROUNDED|EXACT_MPN_MATCH|MANUFACTURER_VERIFIED|DIRECT_SPECIFICATION_MATCH|UOM_VALID|VALIDATION_PASS,EV-a4bef7ca,SRC-28685cd0,verified,2026-08-16T12:53:07.476939+00:00
PROD-0159,width_profile,1x6,1.0,100,AUTO_APPROVE,1.0,1.0,1.0,,1.0,1.0,OFFICIAL_MANUFACTURER_SOURCE|HIGH_AUTHORITY_SOURCE|EVIDENCE_GROUNDED|EXACT_MPN_MATCH|MANUFACTURER_VERIFIED|DIRECT_SPECIFICATION_MATCH|UOM_VALID|VALIDATION_PASS,EV-6e60fe79,SRC-28685cd0,verified,2026-08-16T12:53:07.476952+00:00
PROD-0160,color,Slate Gray,1.0,100,AUTO_APPROVE,1.0,1.0,1.0,,,1.0,OFFICIAL_MANUFACTURER_SOURCE|HIGH_AUTHORITY_SOURCE|EVIDENCE_GROUNDED|EXACT_MPN_MATCH|MANUFACTURER_VERIFIED|DIRECT_SPECIFICATION_MATCH|VALIDATION_PASS,EV-6dbab11e,SRC-371ecbc1,verified,2026-08-16T12:53:07.477014+00:00
PROD-0160,edge_profile,Grooved,1.0,100,AUTO_APPROVE,1.0,1.0,1.0,,,1.0,OFFICIAL_MANUFACTURER_SOURCE|HIGH_AUTHORITY_SOURCE|EVIDENCE_GROUNDED|EXACT_MPN_MATCH|MANUFACTURER_VERIFIED|DIRECT_SPECIFICATION_MATCH|VALIDATION_PASS,EV-1f084ae5,SRC-371ecbc1,verified,2026-08-16T12:53:07.477029+00:00
PROD-0160,length,12 ft,1.0,100,AUTO_APPROVE,1.0,1.0,1.0,,1.0,1.0,OFFICIAL_MANUFACTURER_SOURCE|HIGH_AUTHORITY_SOURCE|EVIDENCE_GROUNDED|EXACT_MPN_MATCH|MANUFACTURER_VERIFIED|DIRECT_SPECIFICATION_MATCH|UOM_VALID|VALIDATION_PASS,EV-e7d51bad,SRC-371ecbc1,verified,2026-08-16T12:53:07.477043+00:00
PROD-0160,width_profile,1x6,1.0,100,AUTO_APPROVE,1.0,1.0,1.0,,1.0,1.0,OFFICIAL_MANUFACTURER_SOURCE|HIGH_AUTHORITY_SOURCE|EVIDENCE_GROUNDED|EXACT_MPN_MATCH|MANUFACTURER_VERIFIED|DIRECT_SPECIFICATION_MATCH|UOM_VALID|VALIDATION_PASS,EV-d39a0050,SRC-371ecbc1,verified,2026-08-16T12:53:07.477055+00:00
PROD-0161,color,Slate Gray,1.0,100,AUTO_APPROVE,1.0,1.0,1.0,,,1.0,OFFICIAL_MANUFACTURER_SOURCE|HIGH_AUTHORITY_SOURCE|EVIDENCE_GROUNDED|EXACT_MPN_MATCH|MANUFACTURER_VERIFIED|DIRECT_SPECIFICATION_MATCH|VALIDATION_PASS,EV-ff14c9a4,SRC-12e43e4f,verified,2026-08-16T12:53:07.477120+00:00
PROD-0161,edge_profile,Grooved,1.0,100,AUTO_APPROVE,1.0,1.0,1.0,,,1.0,OFFICIAL_MANUFACTURER_SOURCE|HIGH_AUTHORITY_SOURCE|EVIDENCE_GROUNDED|EXACT_MPN_MATCH|MANUFACTURER_VERIFIED|DIRECT_SPECIFICATION_MATCH|VALIDATION_PASS,EV-9dcfcfa1,SRC-12e43e4f,verified,2026-08-16T12:53:07.477135+00:00
PROD-0161,length,12 ft,1.0,100,AUTO_APPROVE,1.0,1.0,1.0,,1.0,1.0,OFFICIAL_MANUFACTURER_SOURCE|HIGH_AUTHORITY_SOURCE|EVIDENCE_GROUNDED|EXACT_MPN_MATCH|MANUFACTURER_VERIFIED|DIRECT_SPECIFICATION_MATCH|UOM_VALID|VALIDATION_PASS,EV-2c6d48f5,SRC-12e43e4f,verified,2026-08-16T12:53:07.477149+00:00
PROD-0161,material,PVC,1.0,100,AUTO_APPROVE,1.0,1.0,1.0,1.0,,1.0,OFFICIAL_MANUFACTURER_SOURCE|HIGH_AUTHORITY_SOURCE|EVIDENCE_GROUNDED|EXACT_MPN_MATCH|MANUFACTURER_VERIFIED|DIRECT_SPECIFICATION_MATCH|LOV_VALID|VALIDATION_PASS,EV-23f5763f,SRC-12e43e4f,verified,2026-08-16T12:53:07.477161+00:00
PROD-0161,width_profile,1x6,1.0,100,AUTO_APPROVE,1.0,1.0,1.0,,1.0,1.0,OFFICIAL_MANUFACTURER_SOURCE|HIGH_AUTHORITY_SOURCE|EVIDENCE_GROUNDED|EXACT_MPN_MATCH|MANUFACTURER_VERIFIED|DIRECT_SPECIFICATION_MATCH|UOM_VALID|VALIDATION_PASS,EV-9ec901cb,SRC-12e43e4f,verified,2026-08-16T12:53:07.477174+00:00
PROD-0162,color,Slate Gray,1.0,100,AUTO_APPROVE,1.0,1.0,1.0,,,1.0,OFFICIAL_MANUFACTURER_SOURCE|HIGH_AUTHORITY_SOURCE|EVIDENCE_GROUNDED|EXACT_MPN_MATCH|MANUFACTURER_VERIFIED|DIRECT_SPECIFICATION_MATCH|VALIDATION_PASS,EV-a5ffb0e9,SRC-9aabe325,verified,2026-08-16T12:53:07.477242+00:00
PROD-0162,edge_profile,Grooved,1.0,100,AUTO_APPROVE,1.0,1.0,1.0,,,1.0,OFFICIAL_MANUFACTURER_SOURCE|HIGH_AUTHORITY_SOURCE|EVIDENCE_GROUNDED|EXACT_MPN_MATCH|MANUFACTURER_VERIFIED|DIRECT_SPECIFICATION_MATCH|VALIDATION_PASS,EV-f3a36629,SRC-9aabe325,verified,2026-08-16T12:53:07.477258+00:00
PROD-0162,length,12 ft,1.0,100,AUTO_APPROVE,1.0,1.0,1.0,,1.0,1.0,OFFICIAL_MANUFACTURER_SOURCE|HIGH_AUTHORITY_SOURCE|EVIDENCE_GROUNDED|EXACT_MPN_MATCH|MANUFACTURER_VERIFIED|DIRECT_SPECIFICATION_MATCH|UOM_VALID|VALIDATION_PASS,EV-fa5e48e6,SRC-9aabe325,verified,2026-08-16T12:53:07.477271+00:00
PROD-0162,material,PVC,1.0,100,AUTO_APPROVE,1.0,1.0,1.0,1.0,,1.0,OFFICIAL_MANUFACTURER_SOURCE|HIGH_AUTHORITY_SOURCE|EVIDENCE_GROUNDED|EXACT_MPN_MATCH|MANUFACTURER_VERIFIED|DIRECT_SPECIFICATION_MATCH|LOV_VALID|VALIDATION_PASS,EV-4bf17372,SRC-9aabe325,verified,2026-08-16T12:53:07.477284+00:00
PROD-0162,width_profile,1x6,1.0,100,AUTO_APPROVE,1.0,1.0,1.0,,1.0,1.0,OFFICIAL_MANUFACTURER_SOURCE|HIGH_AUTHORITY_SOURCE|EVIDENCE_GROUNDED|EXACT_MPN_MATCH|MANUFACTURER_VERIFIED|DIRECT_SPECIFICATION_MATCH|UOM_VALID|VALIDATION_PASS,EV-7905d9b7,SRC-9aabe325,verified,2026-08-16T12:53:07.477296+00:00
PROD-0163,color,Slate Gray,1.0,100,AUTO_APPROVE,1.0,1.0,1.0,,,1.0,OFFICIAL_MANUFACTURER_SOURCE|HIGH_AUTHORITY_SOURCE|EVIDENCE_GROUNDED|EXACT_MPN_MATCH|MANUFACTURER_VERIFIED|DIRECT_SPECIFICATION_MATCH|VALIDATION_PASS,EV-fc715f4b,SRC-e82718ec,verified,2026-08-16T12:53:07.477363+00:00
PROD-0163,edge_profile,Grooved,1.0,100,AUTO_APPROVE,1.0,1.0,1.0,,,1.0,OFFICIAL_MANUFACTURER_SOURCE|HIGH_AUTHORITY_SOURCE|EVIDENCE_GROUNDED|EXACT_MPN_MATCH|MANUFACTURER_VERIFIED|DIRECT_SPECIFICATION_MATCH|VALIDATION_PASS,EV-8c626289,SRC-e82718ec,verified,2026-08-16T12:53:07.477378+00:00
PROD-0163,length,12 ft,1.0,100,AUTO_APPROVE,1.0,1.0,1.0,,1.0,1.0,OFFICIAL_MANUFACTURER_SOURCE|HIGH_AUTHORITY_SOURCE|EVIDENCE_GROUNDED|EXACT_MPN_MATCH|MANUFACTURER_VERIFIED|DIRECT_SPECIFICATION_MATCH|UOM_VALID|VALIDATION_PASS,EV-36724937,SRC-e82718ec,verified,2026-08-16T12:53:07.477391+00:00
PROD-0163,material,PVC,1.0,100,AUTO_APPROVE,1.0,1.0,1.0,1.0,,1.0,OFFICIAL_MANUFACTURER_SOURCE|HIGH_AUTHORITY_SOURCE|EVIDENCE_GROUNDED|EXACT_MPN_MATCH|MANUFACTURER_VERIFIED|DIRECT_SPECIFICATION_MATCH|LOV_VALID|VALIDATION_PASS,EV-9553d82c,SRC-e82718ec,verified,2026-08-16T12:53:07.477404+00:00
PROD-0163,width_profile,1x6,1.0,100,AUTO_APPROVE,1.0,1.0,1.0,,1.0,1.0,OFFICIAL_MANUFACTURER_SOURCE|HIGH_AUTHORITY_SOURCE|EVIDENCE_GROUNDED|EXACT_MPN_MATCH|MANUFACTURER_VERIFIED|DIRECT_SPECIFICATION_MATCH|UOM_VALID|VALIDATION_PASS,EV-22ae0976,SRC-e82718ec,verified,2026-08-16T12:53:07.477415+00:00
PROD-0164,color,Slate Gray,1.0,100,AUTO_APPROVE,1.0,1.0,1.0,,,1.0,OFFICIAL_MANUFACTURER_SOURCE|HIGH_AUTHORITY_SOURCE|EVIDENCE_GROUNDED|EXACT_MPN_MATCH|MANUFACTURER_VERIFIED|DIRECT_SPECIFICATION_MATCH|VALIDATION_PASS,EV-841c951b,SRC-6d79e389,verified,2026-08-16T12:53:07.477481+00:00
PROD-0164,edge_profile,Grooved,1.0,100,AUTO_APPROVE,1.0,1.0,1.0,,,1.0,OFFICIAL_MANUFACTURER_SOURCE|HIGH_AUTHORITY_SOURCE|EVIDENCE_GROUNDED|EXACT_MPN_MATCH|MANUFACTURER_VERIFIED|DIRECT_SPECIFICATION_MATCH|VALIDATION_PASS,EV-303f22b6,SRC-6d79e389,verified,2026-08-16T12:53:07.477496+00:00
PROD-0164,length,12 ft,1.0,100,AUTO_APPROVE,1.0,1.0,1.0,,1.0,1.0,OFFICIAL_MANUFACTURER_SOURCE|HIGH_AUTHORITY_SOURCE|EVIDENCE_GROUNDED|EXACT_MPN_MATCH|MANUFACTURER_VERIFIED|DIRECT_SPECIFICATION_MATCH|UOM_VALID|VALIDATION_PASS,EV-ec3b70c4,SRC-6d79e389,verified,2026-08-16T12:53:07.477509+00:00
PROD-0164,material,PVC,1.0,100,AUTO_APPROVE,1.0,1.0,1.0,1.0,,1.0,OFFICIAL_MANUFACTURER_SOURCE|HIGH_AUTHORITY_SOURCE|EVIDENCE_GROUNDED|EXACT_MPN_MATCH|MANUFACTURER_VERIFIED|DIRECT_SPECIFICATION_MATCH|LOV_VALID|VALIDATION_PASS,EV-db18bbbf,SRC-6d79e389,verified,2026-08-16T12:53:07.477521+00:00
PROD-0164,width_profile,1x6,1.0,100,AUTO_APPROVE,1.0,1.0,1.0,,1.0,1.0,OFFICIAL_MANUFACTURER_SOURCE|HIGH_AUTHORITY_SOURCE|EVIDENCE_GROUNDED|EXACT_MPN_MATCH|MANUFACTURER_VERIFIED|DIRECT_SPECIFICATION_MATCH|UOM_VALID|VALIDATION_PASS,EV-fc7e0dae,SRC-6d79e389,verified,2026-08-16T12:53:07.477533+00:00
PROD-0165,color,Slate Gray,1.0,100,AUTO_APPROVE,1.0,1.0,1.0,,,1.0,OFFICIAL_MANUFACTURER_SOURCE|HIGH_AUTHORITY_SOURCE|EVIDENCE_GROUNDED|EXACT_MPN_MATCH|MANUFACTURER_VERIFIED|DIRECT_SPECIFICATION_MATCH|VALIDATION_PASS,EV-e2df5af1,SRC-5f833ade,verified,2026-08-16T12:53:07.477600+00:00
PROD-0165,edge_profile,Grooved,1.0,100,AUTO_APPROVE,1.0,1.0,1.0,,,1.0,OFFICIAL_MANUFACTURER_SOURCE|HIGH_AUTHORITY_SOURCE|EVIDENCE_GROUNDED|EXACT_MPN_MATCH|MANUFACTURER_VERIFIED|DIRECT_SPECIFICATION_MATCH|VALIDATION_PASS,EV-fbbbae13,SRC-5f833ade,verified,2026-08-16T12:53:07.477616+00:00
PROD-0165,length,12 ft,1.0,100,AUTO_APPROVE,1.0,1.0,1.0,,1.0,1.0,OFFICIAL_MANUFACTURER_SOURCE|HIGH_AUTHORITY_SOURCE|EVIDENCE_GROUNDED|EXACT_MPN_MATCH|MANUFACTURER_VERIFIED|DIRECT_SPECIFICATION_MATCH|UOM_VALID|VALIDATION_PASS,EV-e62bcbb4,SRC-5f833ade,verified,2026-08-16T12:53:07.477640+00:00
PROD-0165,material,PVC,1.0,100,AUTO_APPROVE,1.0,1.0,1.0,1.0,,1.0,OFFICIAL_MANUFACTURER_SOURCE|HIGH_AUTHORITY_SOURCE|EVIDENCE_GROUNDED|EXACT_MPN_MATCH|MANUFACTURER_VERIFIED|DIRECT_SPECIFICATION_MATCH|LOV_VALID|VALIDATION_PASS,EV-e7ad0841,SRC-5f833ade,verified,2026-08-16T12:53:07.477655+00:00
PROD-0165,width_profile,1x6,1.0,100,AUTO_APPROVE,1.0,1.0,1.0,,1.0,1.0,OFFICIAL_MANUFACTURER_SOURCE|HIGH_AUTHORITY_SOURCE|EVIDENCE_GROUNDED|EXACT_MPN_MATCH|MANUFACTURER_VERIFIED|DIRECT_SPECIFICATION_MATCH|UOM_VALID|VALIDATION_PASS,EV-fac7612f,SRC-5f833ade,verified,2026-08-16T12:53:07.477667+00:00
PROD-0166,color,Slate Gray,1.0,100,AUTO_APPROVE,1.0,1.0,1.0,,,1.0,OFFICIAL_MANUFACTURER_SOURCE|HIGH_AUTHORITY_SOURCE|EVIDENCE_GROUNDED|EXACT_MPN_MATCH|MANUFACTURER_VERIFIED|DIRECT_SPECIFICATION_MATCH|VALIDATION_PASS,EV-6089765b,SRC-4e4944a7,verified,2026-08-16T12:53:07.477742+00:00
PROD-0166,edge_profile,Grooved,1.0,100,AUTO_APPROVE,1.0,1.0,1.0,,,1.0,OFFICIAL_MANUFACTURER_SOURCE|HIGH_AUTHORITY_SOURCE|EVIDENCE_GROUNDED|EXACT_MPN_MATCH|MANUFACTURER_VERIFIED|DIRECT_SPECIFICATION_MATCH|VALIDATION_PASS,EV-a2b736b6,SRC-4e4944a7,verified,2026-08-16T12:53:07.477758+00:00
PROD-0166,length,12 ft,1.0,100,AUTO_APPROVE,1.0,1.0,1.0,,1.0,1.0,OFFICIAL_MANUFACTURER_SOURCE|HIGH_AUTHORITY_SOURCE|EVIDENCE_GROUNDED|EXACT_MPN_MATCH|MANUFACTURER_VERIFIED|DIRECT_SPECIFICATION_MATCH|UOM_VALID|VALIDATION_PASS,EV-36a0632b,SRC-4e4944a7,verified,2026-08-16T12:53:07.477773+00:00
PROD-0166,material,PVC,1.0,100,AUTO_APPROVE,1.0,1.0,1.0,1.0,,1.0,OFFICIAL_MANUFACTURER_SOURCE|HIGH_AUTHORITY_SOURCE|EVIDENCE_GROUNDED|EXACT_MPN_MATCH|MANUFACTURER_VERIFIED|DIRECT_SPECIFICATION_MATCH|LOV_VALID|VALIDATION_PASS,EV-d7dc4665,SRC-4e4944a7,verified,2026-08-16T12:53:07.477786+00:00
PROD-0166,width_profile,1x6,1.0,100,AUTO_APPROVE,1.0,1.0,1.0,,1.0,1.0,OFFICIAL_MANUFACTURER_SOURCE|HIGH_AUTHORITY_SOURCE|EVIDENCE_GROUNDED|EXACT_MPN_MATCH|MANUFACTURER_VERIFIED|DIRECT_SPECIFICATION_MATCH|UOM_VALID|VALIDATION_PASS,EV-038a5009,SRC-4e4944a7,verified,2026-08-16T12:53:07.477798+00:00
PROD-0167,color,Slate Gray,1.0,100,AUTO_APPROVE,1.0,1.0,1.0,,,1.0,OFFICIAL_MANUFACTURER_SOURCE|HIGH_AUTHORITY_SOURCE|EVIDENCE_GROUNDED|EXACT_MPN_MATCH|MANUFACTURER_VERIFIED|DIRECT_SPECIFICATION_MATCH|VALIDATION_PASS,EV-fcc4b74f,SRC-bd1f02e8,verified,2026-08-16T12:53:07.477864+00:00
PROD-0167,edge_profile,Grooved,1.0,100,AUTO_APPROVE,1.0,1.0,1.0,,,1.0,OFFICIAL_MANUFACTURER_SOURCE|HIGH_AUTHORITY_SOURCE|EVIDENCE_GROUNDED|EXACT_MPN_MATCH|MANUFACTURER_VERIFIED|DIRECT_SPECIFICATION_MATCH|VALIDATION_PASS,EV-9ce70264,SRC-bd1f02e8,verified,2026-08-16T12:53:07.477879+00:00
PROD-0167,length,12 ft,1.0,100,AUTO_APPROVE,1.0,1.0,1.0,,1.0,1.0,OFFICIAL_MANUFACTURER_SOURCE|HIGH_AUTHORITY_SOURCE|EVIDENCE_GROUNDED|EXACT_MPN_MATCH|MANUFACTURER_VERIFIED|DIRECT_SPECIFICATION_MATCH|UOM_VALID|VALIDATION_PASS,EV-c46df3a1,SRC-bd1f02e8,verified,2026-08-16T12:53:07.477894+00:00
PROD-0167,material,PVC,1.0,100,AUTO_APPROVE,1.0,1.0,1.0,1.0,,1.0,OFFICIAL_MANUFACTURER_SOURCE|HIGH_AUTHORITY_SOURCE|EVIDENCE_GROUNDED|EXACT_MPN_MATCH|MANUFACTURER_VERIFIED|DIRECT_SPECIFICATION_MATCH|LOV_VALID|VALIDATION_PASS,EV-2e40eecb,SRC-bd1f02e8,verified,2026-08-16T12:53:07.477908+00:00
PROD-0167,width_profile,1x6,1.0,100,AUTO_APPROVE,1.0,1.0,1.0,,1.0,1.0,OFFICIAL_MANUFACTURER_SOURCE|HIGH_AUTHORITY_SOURCE|EVIDENCE_GROUNDED|EXACT_MPN_MATCH|MANUFACTURER_VERIFIED|DIRECT_SPECIFICATION_MATCH|UOM_VALID|VALIDATION_PASS,EV-f4ce401d,SRC-bd1f02e8,verified,2026-08-16T12:53:07.477921+00:00
PROD-0168,color,Slate Gray,1.0,100,AUTO_APPROVE,1.0,1.0,1.0,,,1.0,OFFICIAL_MANUFACTURER_SOURCE|HIGH_AUTHORITY_SOURCE|EVIDENCE_GROUNDED|EXACT_MPN_MATCH|MANUFACTURER_VERIFIED|DIRECT_SPECIFICATION_MATCH|VALIDATION_PASS,EV-b22adb9e,SRC-98de38f0,verified,2026-08-16T12:53:07.478052+00:00
PROD-0168,edge_profile,Grooved,1.0,100,AUTO_APPROVE,1.0,1.0,1.0,,,1.0,OFFICIAL_MANUFACTURER_SOURCE|HIGH_AUTHORITY_SOURCE|EVIDENCE_GROUNDED|EXACT_MPN_MATCH|MANUFACTURER_VERIFIED|DIRECT_SPECIFICATION_MATCH|VALIDATION_PASS,EV-fa6dccce,SRC-98de38f0,verified,2026-08-16T12:53:07.478068+00:00
PROD-0168,length,12 ft,1.0,100,AUTO_APPROVE,1.0,1.0,1.0,,1.0,1.0,OFFICIAL_MANUFACTURER_SOURCE|HIGH_AUTHORITY_SOURCE|EVIDENCE_GROUNDED|EXACT_MPN_MATCH|MANUFACTURER_VERIFIED|DIRECT_SPECIFICATION_MATCH|UOM_VALID|VALIDATION_PASS,EV-bc731806,SRC-98de38f0,verified,2026-08-16T12:53:07.478081+00:00
PROD-0168,material,PVC,1.0,100,AUTO_APPROVE,1.0,1.0,1.0,1.0,,1.0,OFFICIAL_MANUFACTURER_SOURCE|HIGH_AUTHORITY_SOURCE|EVIDENCE_GROUNDED|EXACT_MPN_MATCH|MANUFACTURER_VERIFIED|DIRECT_SPECIFICATION_MATCH|LOV_VALID|VALIDATION_PASS,EV-976bd3f4,SRC-98de38f0,verified,2026-08-16T12:53:07.478094+00:00
PROD-0168,width_profile,1x6,1.0,100,AUTO_APPROVE,1.0,1.0,1.0,,1.0,1.0,OFFICIAL_MANUFACTURER_SOURCE|HIGH_AUTHORITY_SOURCE|EVIDENCE_GROUNDED|EXACT_MPN_MATCH|MANUFACTURER_VERIFIED|DIRECT_SPECIFICATION_MATCH|UOM_VALID|VALIDATION_PASS,EV-26eedc6f,SRC-98de38f0,verified,2026-08-16T12:53:07.478106+00:00
PROD-0169,color,Slate Gray,1.0,100,AUTO_APPROVE,1.0,1.0,1.0,,,1.0,OFFICIAL_MANUFACTURER_SOURCE|HIGH_AUTHORITY_SOURCE|EVIDENCE_GROUNDED|EXACT_MPN_MATCH|MANUFACTURER_VERIFIED|DIRECT_SPECIFICATION_MATCH|VALIDATION_PASS,EV-9ee79315,SRC-c50c722f,verified,2026-08-16T12:53:07.478170+00:00
PROD-0169,edge_profile,Grooved,1.0,100,AUTO_APPROVE,1.0,1.0,1.0,,,1.0,OFFICIAL_MANUFACTURER_SOURCE|HIGH_AUTHORITY_SOURCE|EVIDENCE_GROUNDED|EXACT_MPN_MATCH|MANUFACTURER_VERIFIED|DIRECT_SPECIFICATION_MATCH|VALIDATION_PASS,EV-817ab4be,SRC-c50c722f,verified,2026-08-16T12:53:07.478186+00:00
PROD-0169,length,12 ft,1.0,100,AUTO_APPROVE,1.0,1.0,1.0,,1.0,1.0,OFFICIAL_MANUFACTURER_SOURCE|HIGH_AUTHORITY_SOURCE|EVIDENCE_GROUNDED|EXACT_MPN_MATCH|MANUFACTURER_VERIFIED|DIRECT_SPECIFICATION_MATCH|UOM_VALID|VALIDATION_PASS,EV-1727be39,SRC-c50c722f,verified,2026-08-16T12:53:07.478199+00:00
PROD-0169,material,PVC,1.0,100,AUTO_APPROVE,1.0,1.0,1.0,1.0,,1.0,OFFICIAL_MANUFACTURER_SOURCE|HIGH_AUTHORITY_SOURCE|EVIDENCE_GROUNDED|EXACT_MPN_MATCH|MANUFACTURER_VERIFIED|DIRECT_SPECIFICATION_MATCH|LOV_VALID|VALIDATION_PASS,EV-552ec878,SRC-c50c722f,verified,2026-08-16T12:53:07.478213+00:00
PROD-0169,width_profile,1x6,1.0,100,AUTO_APPROVE,1.0,1.0,1.0,,1.0,1.0,OFFICIAL_MANUFACTURER_SOURCE|HIGH_AUTHORITY_SOURCE|EVIDENCE_GROUNDED|EXACT_MPN_MATCH|MANUFACTURER_VERIFIED|DIRECT_SPECIFICATION_MATCH|UOM_VALID|VALIDATION_PASS,EV-3843f1da,SRC-c50c722f,verified,2026-08-16T12:53:07.478224+00:00
PROD-0170,color,Slate Gray,1.0,100,AUTO_APPROVE,1.0,1.0,1.0,,,1.0,OFFICIAL_MANUFACTURER_SOURCE|HIGH_AUTHORITY_SOURCE|EVIDENCE_GROUNDED|EXACT_MPN_MATCH|MANUFACTURER_VERIFIED|DIRECT_SPECIFICATION_MATCH|VALIDATION_PASS,EV-e795f8c5,SRC-d8c7a8ad,verified,2026-08-16T12:53:07.478289+00:00
PROD-0170,edge_profile,Grooved,1.0,100,AUTO_APPROVE,1.0,1.0,1.0,,,1.0,OFFICIAL_MANUFACTURER_SOURCE|HIGH_AUTHORITY_SOURCE|EVIDENCE_GROUNDED|EXACT_MPN_MATCH|MANUFACTURER_VERIFIED|DIRECT_SPECIFICATION_MATCH|VALIDATION_PASS,EV-2d769230,SRC-d8c7a8ad,verified,2026-08-16T12:53:07.478307+00:00
PROD-0170,length,12 ft,1.0,100,AUTO_APPROVE,1.0,1.0,1.0,,1.0,1.0,OFFICIAL_MANUFACTURER_SOURCE|HIGH_AUTHORITY_SOURCE|EVIDENCE_GROUNDED|EXACT_MPN_MATCH|MANUFACTURER_VERIFIED|DIRECT_SPECIFICATION_MATCH|UOM_VALID|VALIDATION_PASS,EV-698a199c,SRC-d8c7a8ad,verified,2026-08-16T12:53:07.478320+00:00
PROD-0170,material,PVC,1.0,100,AUTO_APPROVE,1.0,1.0,1.0,1.0,,1.0,OFFICIAL_MANUFACTURER_SOURCE|HIGH_AUTHORITY_SOURCE|EVIDENCE_GROUNDED|EXACT_MPN_MATCH|MANUFACTURER_VERIFIED|DIRECT_SPECIFICATION_MATCH|LOV_VALID|VALIDATION_PASS,EV-cae7f2a5,SRC-d8c7a8ad,verified,2026-08-16T12:53:07.478333+00:00
PROD-0170,width_profile,1x6,1.0,100,AUTO_APPROVE,1.0,1.0,1.0,,1.0,1.0,OFFICIAL_MANUFACTURER_SOURCE|HIGH_AUTHORITY_SOURCE|EVIDENCE_GROUNDED|EXACT_MPN_MATCH|MANUFACTURER_VERIFIED|DIRECT_SPECIFICATION_MATCH|UOM_VALID|VALIDATION_PASS,EV-3b0dba7e,SRC-d8c7a8ad,verified,2026-08-16T12:53:07.478346+00:00
PROD-0171,color,Slate Gray,1.0,100,AUTO_APPROVE,1.0,1.0,1.0,,,1.0,OFFICIAL_MANUFACTURER_SOURCE|HIGH_AUTHORITY_SOURCE|EVIDENCE_GROUNDED|EXACT_MPN_MATCH|MANUFACTURER_VERIFIED|DIRECT_SPECIFICATION_MATCH|VALIDATION_PASS,EV-7fa197eb,SRC-7169fe50,verified,2026-08-16T12:53:07.478411+00:00
PROD-0171,edge_profile,Grooved,1.0,100,AUTO_APPROVE,1.0,1.0,1.0,,,1.0,OFFICIAL_MANUFACTURER_SOURCE|HIGH_AUTHORITY_SOURCE|EVIDENCE_GROUNDED|EXACT_MPN_MATCH|MANUFACTURER_VERIFIED|DIRECT_SPECIFICATION_MATCH|VALIDATION_PASS,EV-2872a954,SRC-7169fe50,verified,2026-08-16T12:53:07.478426+00:00
PROD-0171,length,12 ft,1.0,100,AUTO_APPROVE,1.0,1.0,1.0,,1.0,1.0,OFFICIAL_MANUFACTURER_SOURCE|HIGH_AUTHORITY_SOURCE|EVIDENCE_GROUNDED|EXACT_MPN_MATCH|MANUFACTURER_VERIFIED|DIRECT_SPECIFICATION_MATCH|UOM_VALID|VALIDATION_PASS,EV-aa7900cb,SRC-7169fe50,verified,2026-08-16T12:53:07.478440+00:00
PROD-0171,material,PVC,1.0,100,AUTO_APPROVE,1.0,1.0,1.0,1.0,,1.0,OFFICIAL_MANUFACTURER_SOURCE|HIGH_AUTHORITY_SOURCE|EVIDENCE_GROUNDED|EXACT_MPN_MATCH|MANUFACTURER_VERIFIED|DIRECT_SPECIFICATION_MATCH|LOV_VALID|VALIDATION_PASS,EV-94220e1c,SRC-7169fe50,verified,2026-08-16T12:53:07.478452+00:00
PROD-0171,width_profile,1x6,1.0,100,AUTO_APPROVE,1.0,1.0,1.0,,1.0,1.0,OFFICIAL_MANUFACTURER_SOURCE|HIGH_AUTHORITY_SOURCE|EVIDENCE_GROUNDED|EXACT_MPN_MATCH|MANUFACTURER_VERIFIED|DIRECT_SPECIFICATION_MATCH|UOM_VALID|VALIDATION_PASS,EV-07e4be4e,SRC-7169fe50,verified,2026-08-16T12:53:07.478464+00:00
PROD-0172,color,Slate Gray,1.0,100,AUTO_APPROVE,1.0,1.0,1.0,,,1.0,OFFICIAL_MANUFACTURER_SOURCE|HIGH_AUTHORITY_SOURCE|EVIDENCE_GROUNDED|EXACT_MPN_MATCH|MANUFACTURER_VERIFIED|DIRECT_SPECIFICATION_MATCH|VALIDATION_PASS,EV-687acaaf,SRC-db78f269,verified,2026-08-16T12:53:07.478526+00:00
PROD-0172,edge_profile,Grooved,1.0,100,AUTO_APPROVE,1.0,1.0,1.0,,,1.0,OFFICIAL_MANUFACTURER_SOURCE|HIGH_AUTHORITY_SOURCE|EVIDENCE_GROUNDED|EXACT_MPN_MATCH|MANUFACTURER_VERIFIED|DIRECT_SPECIFICATION_MATCH|VALIDATION_PASS,EV-51b14ee6,SRC-db78f269,verified,2026-08-16T12:53:07.478542+00:00
PROD-0172,length,12 ft,1.0,100,AUTO_APPROVE,1.0,1.0,1.0,,1.0,1.0,OFFICIAL_MANUFACTURER_SOURCE|HIGH_AUTHORITY_SOURCE|EVIDENCE_GROUNDED|EXACT_MPN_MATCH|MANUFACTURER_VERIFIED|DIRECT_SPECIFICATION_MATCH|UOM_VALID|VALIDATION_PASS,EV-d8dc85eb,SRC-db78f269,verified,2026-08-16T12:53:07.478555+00:00
PROD-0172,material,PVC,1.0,100,AUTO_APPROVE,1.0,1.0,1.0,1.0,,1.0,OFFICIAL_MANUFACTURER_SOURCE|HIGH_AUTHORITY_SOURCE|EVIDENCE_GROUNDED|EXACT_MPN_MATCH|MANUFACTURER_VERIFIED|DIRECT_SPECIFICATION_MATCH|LOV_VALID|VALIDATION_PASS,EV-200810ea,SRC-db78f269,verified,2026-08-16T12:53:07.478568+00:00
PROD-0172,width_profile,1x6,1.0,100,AUTO_APPROVE,1.0,1.0,1.0,,1.0,1.0,OFFICIAL_MANUFACTURER_SOURCE|HIGH_AUTHORITY_SOURCE|EVIDENCE_GROUNDED|EXACT_MPN_MATCH|MANUFACTURER_VERIFIED|DIRECT_SPECIFICATION_MATCH|UOM_VALID|VALIDATION_PASS,EV-cc424547,SRC-db78f269,verified,2026-08-16T12:53:07.478580+00:00
PROD-0173,color,Slate Gray,1.0,100,AUTO_APPROVE,1.0,1.0,1.0,,,1.0,OFFICIAL_MANUFACTURER_SOURCE|HIGH_AUTHORITY_SOURCE|EVIDENCE_GROUNDED|EXACT_MPN_MATCH|MANUFACTURER_VERIFIED|DIRECT_SPECIFICATION_MATCH|VALIDATION_PASS,EV-6a909efb,SRC-f36ffd9f,verified,2026-08-16T12:53:07.478644+00:00
PROD-0173,edge_profile,Grooved,1.0,100,AUTO_APPROVE,1.0,1.0,1.0,,,1.0,OFFICIAL_MANUFACTURER_SOURCE|HIGH_AUTHORITY_SOURCE|EVIDENCE_GROUNDED|EXACT_MPN_MATCH|MANUFACTURER_VERIFIED|DIRECT_SPECIFICATION_MATCH|VALIDATION_PASS,EV-ead7f875,SRC-f36ffd9f,verified,2026-08-16T12:53:07.478659+00:00
PROD-0173,length,12 ft,1.0,100,AUTO_APPROVE,1.0,1.0,1.0,,1.0,1.0,OFFICIAL_MANUFACTURER_SOURCE|HIGH_AUTHORITY_SOURCE|EVIDENCE_GROUNDED|EXACT_MPN_MATCH|MANUFACTURER_VERIFIED|DIRECT_SPECIFICATION_MATCH|UOM_VALID|VALIDATION_PASS,EV-636eb07b,SRC-f36ffd9f,verified,2026-08-16T12:53:07.478672+00:00
PROD-0173,material,PVC,1.0,100,AUTO_APPROVE,1.0,1.0,1.0,1.0,,1.0,OFFICIAL_MANUFACTURER_SOURCE|HIGH_AUTHORITY_SOURCE|EVIDENCE_GROUNDED|EXACT_MPN_MATCH|MANUFACTURER_VERIFIED|DIRECT_SPECIFICATION_MATCH|LOV_VALID|VALIDATION_PASS,EV-7177cc55,SRC-f36ffd9f,verified,2026-08-16T12:53:07.478686+00:00
PROD-0173,width_profile,1x6,1.0,100,AUTO_APPROVE,1.0,1.0,1.0,,1.0,1.0,OFFICIAL_MANUFACTURER_SOURCE|HIGH_AUTHORITY_SOURCE|EVIDENCE_GROUNDED|EXACT_MPN_MATCH|MANUFACTURER_VERIFIED|DIRECT_SPECIFICATION_MATCH|UOM_VALID|VALIDATION_PASS,EV-abce03a2,SRC-f36ffd9f,verified,2026-08-16T12:53:07.478697+00:00
PROD-0174,color,Slate Gray,1.0,100,AUTO_APPROVE,1.0,1.0,1.0,,,1.0,OFFICIAL_MANUFACTURER_SOURCE|HIGH_AUTHORITY_SOURCE|EVIDENCE_GROUNDED|EXACT_MPN_MATCH|MANUFACTURER_VERIFIED|DIRECT_SPECIFICATION_MATCH|VALIDATION_PASS,EV-857ccd8d,SRC-0bbd7bd8,verified,2026-08-16T12:53:07.478767+00:00
PROD-0174,edge_profile,Grooved,1.0,100,AUTO_APPROVE,1.0,1.0,1.0,,,1.0,OFFICIAL_MANUFACTURER_SOURCE|HIGH_AUTHORITY_SOURCE|EVIDENCE_GROUNDED|EXACT_MPN_MATCH|MANUFACTURER_VERIFIED|DIRECT_SPECIFICATION_MATCH|VALIDATION_PASS,EV-e8906820,SRC-0bbd7bd8,verified,2026-08-16T12:53:07.478781+00:00
PROD-0174,length,12 ft,1.0,100,AUTO_APPROVE,1.0,1.0,1.0,,1.0,1.0,OFFICIAL_MANUFACTURER_SOURCE|HIGH_AUTHORITY_SOURCE|EVIDENCE_GROUNDED|EXACT_MPN_MATCH|MANUFACTURER_VERIFIED|DIRECT_SPECIFICATION_MATCH|UOM_VALID|VALIDATION_PASS,EV-01166899,SRC-0bbd7bd8,verified,2026-08-16T12:53:07.478795+00:00
PROD-0174,material,PVC,1.0,100,AUTO_APPROVE,1.0,1.0,1.0,1.0,,1.0,OFFICIAL_MANUFACTURER_SOURCE|HIGH_AUTHORITY_SOURCE|EVIDENCE_GROUNDED|EXACT_MPN_MATCH|MANUFACTURER_VERIFIED|DIRECT_SPECIFICATION_MATCH|LOV_VALID|VALIDATION_PASS,EV-7577d28d,SRC-0bbd7bd8,verified,2026-08-16T12:53:07.478806+00:00
PROD-0174,width_profile,1x6,1.0,100,AUTO_APPROVE,1.0,1.0,1.0,,1.0,1.0,OFFICIAL_MANUFACTURER_SOURCE|HIGH_AUTHORITY_SOURCE|EVIDENCE_GROUNDED|EXACT_MPN_MATCH|MANUFACTURER_VERIFIED|DIRECT_SPECIFICATION_MATCH|UOM_VALID|VALIDATION_PASS,EV-d5de102f,SRC-0bbd7bd8,verified,2026-08-16T12:53:07.478818+00:00
PROD-0175,color,Slate Gray,1.0,100,AUTO_APPROVE,1.0,1.0,1.0,,,1.0,OFFICIAL_MANUFACTURER_SOURCE|HIGH_AUTHORITY_SOURCE|EVIDENCE_GROUNDED|EXACT_MPN_MATCH|MANUFACTURER_VERIFIED|DIRECT_SPECIFICATION_MATCH|VALIDATION_PASS,EV-045ff065,SRC-26f80336,verified,2026-08-16T12:53:07.478880+00:00
PROD-0175,edge_profile,Grooved,1.0,100,AUTO_APPROVE,1.0,1.0,1.0,,,1.0,OFFICIAL_MANUFACTURER_SOURCE|HIGH_AUTHORITY_SOURCE|EVIDENCE_GROUNDED|EXACT_MPN_MATCH|MANUFACTURER_VERIFIED|DIRECT_SPECIFICATION_MATCH|VALIDATION_PASS,EV-af986424,SRC-26f80336,verified,2026-08-16T12:53:07.478895+00:00
PROD-0175,length,12 ft,1.0,100,AUTO_APPROVE,1.0,1.0,1.0,,1.0,1.0,OFFICIAL_MANUFACTURER_SOURCE|HIGH_AUTHORITY_SOURCE|EVIDENCE_GROUNDED|EXACT_MPN_MATCH|MANUFACTURER_VERIFIED|DIRECT_SPECIFICATION_MATCH|UOM_VALID|VALIDATION_PASS,EV-07b77c92,SRC-26f80336,verified,2026-08-16T12:53:07.478908+00:00
PROD-0175,material,PVC,1.0,100,AUTO_APPROVE,1.0,1.0,1.0,1.0,,1.0,OFFICIAL_MANUFACTURER_SOURCE|HIGH_AUTHORITY_SOURCE|EVIDENCE_GROUNDED|EXACT_MPN_MATCH|MANUFACTURER_VERIFIED|DIRECT_SPECIFICATION_MATCH|LOV_VALID|VALIDATION_PASS,EV-07ffb480,SRC-26f80336,verified,2026-08-16T12:53:07.478921+00:00
PROD-0175,width_profile,1x6,1.0,100,AUTO_APPROVE,1.0,1.0,1.0,,1.0,1.0,OFFICIAL_MANUFACTURER_SOURCE|HIGH_AUTHORITY_SOURCE|EVIDENCE_GROUNDED|EXACT_MPN_MATCH|MANUFACTURER_VERIFIED|DIRECT_SPECIFICATION_MATCH|UOM_VALID|VALIDATION_PASS,EV-61cbfe70,SRC-26f80336,verified,2026-08-16T12:53:07.478932+00:00
PROD-0176,color,Slate Gray,1.0,100,AUTO_APPROVE,1.0,1.0,1.0,,,1.0,OFFICIAL_MANUFACTURER_SOURCE|HIGH_AUTHORITY_SOURCE|EVIDENCE_GROUNDED|EXACT_MPN_MATCH|MANUFACTURER_VERIFIED|DIRECT_SPECIFICATION_MATCH|VALIDATION_PASS,EV-c7b8e651,SRC-d70187f9,verified,2026-08-16T12:53:07.478995+00:00
PROD-0176,edge_profile,Grooved,1.0,100,AUTO_APPROVE,1.0,1.0,1.0,,,1.0,OFFICIAL_MANUFACTURER_SOURCE|HIGH_AUTHORITY_SOURCE|EVIDENCE_GROUNDED|EXACT_MPN_MATCH|MANUFACTURER_VERIFIED|DIRECT_SPECIFICATION_MATCH|VALIDATION_PASS,EV-fbaf740a,SRC-d70187f9,verified,2026-08-16T12:53:07.479010+00:00
PROD-0176,length,12 ft,1.0,100,AUTO_APPROVE,1.0,1.0,1.0,,1.0,1.0,OFFICIAL_MANUFACTURER_SOURCE|HIGH_AUTHORITY_SOURCE|EVIDENCE_GROUNDED|EXACT_MPN_MATCH|MANUFACTURER_VERIFIED|DIRECT_SPECIFICATION_MATCH|UOM_VALID|VALIDATION_PASS,EV-5e2e7189,SRC-d70187f9,verified,2026-08-16T12:53:07.479022+00:00
PROD-0176,material,PVC,1.0,100,AUTO_APPROVE,1.0,1.0,1.0,1.0,,1.0,OFFICIAL_MANUFACTURER_SOURCE|HIGH_AUTHORITY_SOURCE|EVIDENCE_GROUNDED|EXACT_MPN_MATCH|MANUFACTURER_VERIFIED|DIRECT_SPECIFICATION_MATCH|LOV_VALID|VALIDATION_PASS,EV-95a65a8c,SRC-d70187f9,verified,2026-08-16T12:53:07.479036+00:00
PROD-0176,width_profile,1x6,1.0,100,AUTO_APPROVE,1.0,1.0,1.0,,1.0,1.0,OFFICIAL_MANUFACTURER_SOURCE|HIGH_AUTHORITY_SOURCE|EVIDENCE_GROUNDED|EXACT_MPN_MATCH|MANUFACTURER_VERIFIED|DIRECT_SPECIFICATION_MATCH|UOM_VALID|VALIDATION_PASS,EV-9a5f14e3,SRC-d70187f9,verified,2026-08-16T12:53:07.479052+00:00
PROD-0177,color,Slate Gray,1.0,100,AUTO_APPROVE,1.0,1.0,1.0,,,1.0,OFFICIAL_MANUFACTURER_SOURCE|HIGH_AUTHORITY_SOURCE|EVIDENCE_GROUNDED|EXACT_MPN_MATCH|MANUFACTURER_VERIFIED|DIRECT_SPECIFICATION_MATCH|VALIDATION_PASS,EV-c7f721ae,SRC-bbfca318,verified,2026-08-16T12:53:07.479117+00:00
PROD-0177,edge_profile,Grooved,1.0,100,AUTO_APPROVE,1.0,1.0,1.0,,,1.0,OFFICIAL_MANUFACTURER_SOURCE|HIGH_AUTHORITY_SOURCE|EVIDENCE_GROUNDED|EXACT_MPN_MATCH|MANUFACTURER_VERIFIED|DIRECT_SPECIFICATION_MATCH|VALIDATION_PASS,EV-c4e5f138,SRC-bbfca318,verified,2026-08-16T12:53:07.479132+00:00
PROD-0177,length,12 ft,1.0,100,AUTO_APPROVE,1.0,1.0,1.0,,1.0,1.0,OFFICIAL_MANUFACTURER_SOURCE|HIGH_AUTHORITY_SOURCE|EVIDENCE_GROUNDED|EXACT_MPN_MATCH|MANUFACTURER_VERIFIED|DIRECT_SPECIFICATION_MATCH|UOM_VALID|VALIDATION_PASS,EV-4893aa7c,SRC-bbfca318,verified,2026-08-16T12:53:07.479145+00:00
PROD-0177,material,PVC,1.0,100,AUTO_APPROVE,1.0,1.0,1.0,1.0,,1.0,OFFICIAL_MANUFACTURER_SOURCE|HIGH_AUTHORITY_SOURCE|EVIDENCE_GROUNDED|EXACT_MPN_MATCH|MANUFACTURER_VERIFIED|DIRECT_SPECIFICATION_MATCH|LOV_VALID|VALIDATION_PASS,EV-5b2e715f,SRC-bbfca318,verified,2026-08-16T12:53:07.479158+00:00
PROD-0177,width_profile,1x6,1.0,100,AUTO_APPROVE,1.0,1.0,1.0,,1.0,1.0,OFFICIAL_MANUFACTURER_SOURCE|HIGH_AUTHORITY_SOURCE|EVIDENCE_GROUNDED|EXACT_MPN_MATCH|MANUFACTURER_VERIFIED|DIRECT_SPECIFICATION_MATCH|UOM_VALID|VALIDATION_PASS,EV-ec475ef9,SRC-bbfca318,verified,2026-08-16T12:53:07.479172+00:00
PROD-0178,color,Slate Gray,1.0,100,AUTO_APPROVE,1.0,1.0,1.0,,,1.0,OFFICIAL_MANUFACTURER_SOURCE|HIGH_AUTHORITY_SOURCE|EVIDENCE_GROUNDED|EXACT_MPN_MATCH|MANUFACTURER_VERIFIED|DIRECT_SPECIFICATION_MATCH|VALIDATION_PASS,EV-455a1565,SRC-3e921245,verified,2026-08-16T12:53:07.479239+00:00
PROD-0178,edge_profile,Grooved,1.0,100,AUTO_APPROVE,1.0,1.0,1.0,,,1.0,OFFICIAL_MANUFACTURER_SOURCE|HIGH_AUTHORITY_SOURCE|EVIDENCE_GROUNDED|EXACT_MPN_MATCH|MANUFACTURER_VERIFIED|DIRECT_SPECIFICATION_MATCH|VALIDATION_PASS,EV-6a668cf8,SRC-3e921245,verified,2026-08-16T12:53:07.479254+00:00
PROD-0178,length,12 ft,1.0,100,AUTO_APPROVE,1.0,1.0,1.0,,1.0,1.0,OFFICIAL_MANUFACTURER_SOURCE|HIGH_AUTHORITY_SOURCE|EVIDENCE_GROUNDED|EXACT_MPN_MATCH|MANUFACTURER_VERIFIED|DIRECT_SPECIFICATION_MATCH|UOM_VALID|VALIDATION_PASS,EV-b7df00a1,SRC-3e921245,verified,2026-08-16T12:53:07.479267+00:00
PROD-0178,material,PVC,1.0,100,AUTO_APPROVE,1.0,1.0,1.0,1.0,,1.0,OFFICIAL_MANUFACTURER_SOURCE|HIGH_AUTHORITY_SOURCE|EVIDENCE_GROUNDED|EXACT_MPN_MATCH|MANUFACTURER_VERIFIED|DIRECT_SPECIFICATION_MATCH|LOV_VALID|VALIDATION_PASS,EV-2f0c7120,SRC-3e921245,verified,2026-08-16T12:53:07.479279+00:00
PROD-0178,width_profile,1x6,1.0,100,AUTO_APPROVE,1.0,1.0,1.0,,1.0,1.0,OFFICIAL_MANUFACTURER_SOURCE|HIGH_AUTHORITY_SOURCE|EVIDENCE_GROUNDED|EXACT_MPN_MATCH|MANUFACTURER_VERIFIED|DIRECT_SPECIFICATION_MATCH|UOM_VALID|VALIDATION_PASS,EV-c2edda9a,SRC-3e921245,verified,2026-08-16T12:53:07.479293+00:00
PROD-0179,color,Slate Gray,1.0,100,AUTO_APPROVE,1.0,1.0,1.0,,,1.0,OFFICIAL_MANUFACTURER_SOURCE|HIGH_AUTHORITY_SOURCE|EVIDENCE_GROUNDED|EXACT_MPN_MATCH|MANUFACTURER_VERIFIED|DIRECT_SPECIFICATION_MATCH|VALIDATION_PASS,EV-eb5ada2f,SRC-3fb14cc7,verified,2026-08-16T12:53:07.479359+00:00
PROD-0179,edge_profile,Grooved,1.0,100,AUTO_APPROVE,1.0,1.0,1.0,,,1.0,OFFICIAL_MANUFACTURER_SOURCE|HIGH_AUTHORITY_SOURCE|EVIDENCE_GROUNDED|EXACT_MPN_MATCH|MANUFACTURER_VERIFIED|DIRECT_SPECIFICATION_MATCH|VALIDATION_PASS,EV-54e82bf1,SRC-3fb14cc7,verified,2026-08-16T12:53:07.479374+00:00
PROD-0179,length,12 ft,1.0,100,AUTO_APPROVE,1.0,1.0,1.0,,1.0,1.0,OFFICIAL_MANUFACTURER_SOURCE|HIGH_AUTHORITY_SOURCE|EVIDENCE_GROUNDED|EXACT_MPN_MATCH|MANUFACTURER_VERIFIED|DIRECT_SPECIFICATION_MATCH|UOM_VALID|VALIDATION_PASS,EV-16b2235a,SRC-3fb14cc7,verified,2026-08-16T12:53:07.479389+00:00
PROD-0179,material,PVC,1.0,100,AUTO_APPROVE,1.0,1.0,1.0,1.0,,1.0,OFFICIAL_MANUFACTURER_SOURCE|HIGH_AUTHORITY_SOURCE|EVIDENCE_GROUNDED|EXACT_MPN_MATCH|MANUFACTURER_VERIFIED|DIRECT_SPECIFICATION_MATCH|LOV_VALID|VALIDATION_PASS,EV-c9eecc6e,SRC-3fb14cc7,verified,2026-08-16T12:53:07.479401+00:00
PROD-0179,width_profile,1x6,1.0,100,AUTO_APPROVE,1.0,1.0,1.0,,1.0,1.0,OFFICIAL_MANUFACTURER_SOURCE|HIGH_AUTHORITY_SOURCE|EVIDENCE_GROUNDED|EXACT_MPN_MATCH|MANUFACTURER_VERIFIED|DIRECT_SPECIFICATION_MATCH|UOM_VALID|VALIDATION_PASS,EV-9c144d43,SRC-3fb14cc7,verified,2026-08-16T12:53:07.479413+00:00
PROD-0180,color,Slate Gray,1.0,100,AUTO_APPROVE,1.0,1.0,1.0,,,1.0,OFFICIAL_MANUFACTURER_SOURCE|HIGH_AUTHORITY_SOURCE|EVIDENCE_GROUNDED|EXACT_MPN_MATCH|MANUFACTURER_VERIFIED|DIRECT_SPECIFICATION_MATCH|VALIDATION_PASS,EV-2460609c,SRC-7fe01c12,verified,2026-08-16T12:53:07.479480+00:00
PROD-0180,edge_profile,Grooved,1.0,100,AUTO_APPROVE,1.0,1.0,1.0,,,1.0,OFFICIAL_MANUFACTURER_SOURCE|HIGH_AUTHORITY_SOURCE|EVIDENCE_GROUNDED|EXACT_MPN_MATCH|MANUFACTURER_VERIFIED|DIRECT_SPECIFICATION_MATCH|VALIDATION_PASS,EV-d6776997,SRC-7fe01c12,verified,2026-08-16T12:53:07.479494+00:00
PROD-0180,length,12 ft,1.0,100,AUTO_APPROVE,1.0,1.0,1.0,,1.0,1.0,OFFICIAL_MANUFACTURER_SOURCE|HIGH_AUTHORITY_SOURCE|EVIDENCE_GROUNDED|EXACT_MPN_MATCH|MANUFACTURER_VERIFIED|DIRECT_SPECIFICATION_MATCH|UOM_VALID|VALIDATION_PASS,EV-95e98b6b,SRC-7fe01c12,verified,2026-08-16T12:53:07.479508+00:00
PROD-0180,material,PVC,1.0,100,AUTO_APPROVE,1.0,1.0,1.0,1.0,,1.0,OFFICIAL_MANUFACTURER_SOURCE|HIGH_AUTHORITY_SOURCE|EVIDENCE_GROUNDED|EXACT_MPN_MATCH|MANUFACTURER_VERIFIED|DIRECT_SPECIFICATION_MATCH|LOV_VALID|VALIDATION_PASS,EV-2f5eb54c,SRC-7fe01c12,verified,2026-08-16T12:53:07.479520+00:00
PROD-0180,width_profile,1x6,1.0,100,AUTO_APPROVE,1.0,1.0,1.0,,1.0,1.0,OFFICIAL_MANUFACTURER_SOURCE|HIGH_AUTHORITY_SOURCE|EVIDENCE_GROUNDED|EXACT_MPN_MATCH|MANUFACTURER_VERIFIED|DIRECT_SPECIFICATION_MATCH|UOM_VALID|VALIDATION_PASS,EV-b346bdf0,SRC-7fe01c12,verified,2026-08-16T12:53:07.479533+00:00
PROD-0181,color,Slate Gray,1.0,100,AUTO_APPROVE,1.0,1.0,1.0,,,1.0,OFFICIAL_MANUFACTURER_SOURCE|HIGH_AUTHORITY_SOURCE|EVIDENCE_GROUNDED|EXACT_MPN_MATCH|MANUFACTURER_VERIFIED|DIRECT_SPECIFICATION_MATCH|VALIDATION_PASS,EV-8d82ae57,SRC-269931b9,verified,2026-08-16T12:53:07.479597+00:00
PROD-0181,edge_profile,Grooved,1.0,100,AUTO_APPROVE,1.0,1.0,1.0,,,1.0,OFFICIAL_MANUFACTURER_SOURCE|HIGH_AUTHORITY_SOURCE|EVIDENCE_GROUNDED|EXACT_MPN_MATCH|MANUFACTURER_VERIFIED|DIRECT_SPECIFICATION_MATCH|VALIDATION_PASS,EV-fdebf27f,SRC-269931b9,verified,2026-08-16T12:53:07.479612+00:00
PROD-0181,length,12 ft,1.0,100,AUTO_APPROVE,1.0,1.0,1.0,,1.0,1.0,OFFICIAL_MANUFACTURER_SOURCE|HIGH_AUTHORITY_SOURCE|EVIDENCE_GROUNDED|EXACT_MPN_MATCH|MANUFACTURER_VERIFIED|DIRECT_SPECIFICATION_MATCH|UOM_VALID|VALIDATION_PASS,EV-c9279038,SRC-269931b9,verified,2026-08-16T12:53:07.479626+00:00
PROD-0181,material,PVC,1.0,100,AUTO_APPROVE,1.0,1.0,1.0,1.0,,1.0,OFFICIAL_MANUFACTURER_SOURCE|HIGH_AUTHORITY_SOURCE|EVIDENCE_GROUNDED|EXACT_MPN_MATCH|MANUFACTURER_VERIFIED|DIRECT_SPECIFICATION_MATCH|LOV_VALID|VALIDATION_PASS,EV-e5e132ec,SRC-269931b9,verified,2026-08-16T12:53:07.479646+00:00
PROD-0181,width_profile,1x6,1.0,100,AUTO_APPROVE,1.0,1.0,1.0,,1.0,1.0,OFFICIAL_MANUFACTURER_SOURCE|HIGH_AUTHORITY_SOURCE|EVIDENCE_GROUNDED|EXACT_MPN_MATCH|MANUFACTURER_VERIFIED|DIRECT_SPECIFICATION_MATCH|UOM_VALID|VALIDATION_PASS,EV-2691a0f2,SRC-269931b9,verified,2026-08-16T12:53:07.479659+00:00
PROD-0182,color,Slate Gray,1.0,100,AUTO_APPROVE,1.0,1.0,1.0,,,1.0,OFFICIAL_MANUFACTURER_SOURCE|HIGH_AUTHORITY_SOURCE|EVIDENCE_GROUNDED|EXACT_MPN_MATCH|MANUFACTURER_VERIFIED|DIRECT_SPECIFICATION_MATCH|VALIDATION_PASS,EV-75d96e60,SRC-e28687e1,verified,2026-08-16T12:53:07.479733+00:00
PROD-0182,edge_profile,Grooved,1.0,100,AUTO_APPROVE,1.0,1.0,1.0,,,1.0,OFFICIAL_MANUFACTURER_SOURCE|HIGH_AUTHORITY_SOURCE|EVIDENCE_GROUNDED|EXACT_MPN_MATCH|MANUFACTURER_VERIFIED|DIRECT_SPECIFICATION_MATCH|VALIDATION_PASS,EV-fb0f0020,SRC-e28687e1,verified,2026-08-16T12:53:07.479751+00:00
PROD-0182,length,12 ft,1.0,100,AUTO_APPROVE,1.0,1.0,1.0,,1.0,1.0,OFFICIAL_MANUFACTURER_SOURCE|HIGH_AUTHORITY_SOURCE|EVIDENCE_GROUNDED|EXACT_MPN_MATCH|MANUFACTURER_VERIFIED|DIRECT_SPECIFICATION_MATCH|UOM_VALID|VALIDATION_PASS,EV-a104d312,SRC-e28687e1,verified,2026-08-16T12:53:07.479764+00:00
PROD-0182,material,PVC,1.0,100,AUTO_APPROVE,1.0,1.0,1.0,1.0,,1.0,OFFICIAL_MANUFACTURER_SOURCE|HIGH_AUTHORITY_SOURCE|EVIDENCE_GROUNDED|EXACT_MPN_MATCH|MANUFACTURER_VERIFIED|DIRECT_SPECIFICATION_MATCH|LOV_VALID|VALIDATION_PASS,EV-e1f9b1bf,SRC-e28687e1,verified,2026-08-16T12:53:07.479777+00:00
PROD-0182,width_profile,1x6,1.0,100,AUTO_APPROVE,1.0,1.0,1.0,,1.0,1.0,OFFICIAL_MANUFACTURER_SOURCE|HIGH_AUTHORITY_SOURCE|EVIDENCE_GROUNDED|EXACT_MPN_MATCH|MANUFACTURER_VERIFIED|DIRECT_SPECIFICATION_MATCH|UOM_VALID|VALIDATION_PASS,EV-f222faf5,SRC-e28687e1,verified,2026-08-16T12:53:07.479788+00:00
PROD-0183,color,Slate Gray,1.0,100,AUTO_APPROVE,1.0,1.0,1.0,,,1.0,OFFICIAL_MANUFACTURER_SOURCE|HIGH_AUTHORITY_SOURCE|EVIDENCE_GROUNDED|EXACT_MPN_MATCH|MANUFACTURER_VERIFIED|DIRECT_SPECIFICATION_MATCH|VALIDATION_PASS,EV-4ca95c94,SRC-37aceecc,verified,2026-08-16T12:53:07.479854+00:00
PROD-0183,edge_profile,Grooved,1.0,100,AUTO_APPROVE,1.0,1.0,1.0,,,1.0,OFFICIAL_MANUFACTURER_SOURCE|HIGH_AUTHORITY_SOURCE|EVIDENCE_GROUNDED|EXACT_MPN_MATCH|MANUFACTURER_VERIFIED|DIRECT_SPECIFICATION_MATCH|VALIDATION_PASS,EV-a2761aaa,SRC-37aceecc,verified,2026-08-16T12:53:07.479870+00:00
PROD-0183,length,12 ft,1.0,100,AUTO_APPROVE,1.0,1.0,1.0,,1.0,1.0,OFFICIAL_MANUFACTURER_SOURCE|HIGH_AUTHORITY_SOURCE|EVIDENCE_GROUNDED|EXACT_MPN_MATCH|MANUFACTURER_VERIFIED|DIRECT_SPECIFICATION_MATCH|UOM_VALID|VALIDATION_PASS,EV-91663eb1,SRC-37aceecc,verified,2026-08-16T12:53:07.479884+00:00
PROD-0183,material,PVC,1.0,100,AUTO_APPROVE,1.0,1.0,1.0,1.0,,1.0,OFFICIAL_MANUFACTURER_SOURCE|HIGH_AUTHORITY_SOURCE|EVIDENCE_GROUNDED|EXACT_MPN_MATCH|MANUFACTURER_VERIFIED|DIRECT_SPECIFICATION_MATCH|LOV_VALID|VALIDATION_PASS,EV-5c873acb,SRC-37aceecc,verified,2026-08-16T12:53:07.479897+00:00
PROD-0183,width_profile,1x6,1.0,100,AUTO_APPROVE,1.0,1.0,1.0,,1.0,1.0,OFFICIAL_MANUFACTURER_SOURCE|HIGH_AUTHORITY_SOURCE|EVIDENCE_GROUNDED|EXACT_MPN_MATCH|MANUFACTURER_VERIFIED|DIRECT_SPECIFICATION_MATCH|UOM_VALID|VALIDATION_PASS,EV-0bf040e0,SRC-37aceecc,verified,2026-08-16T12:53:07.479908+00:00
PROD-0184,color,Slate Gray,1.0,100,AUTO_APPROVE,1.0,1.0,1.0,,,1.0,OFFICIAL_MANUFACTURER_SOURCE|HIGH_AUTHORITY_SOURCE|EVIDENCE_GROUNDED|EXACT_MPN_MATCH|MANUFACTURER_VERIFIED|DIRECT_SPECIFICATION_MATCH|VALIDATION_PASS,EV-ff17c6b2,SRC-d85ddfb3,verified,2026-08-16T12:53:07.479973+00:00
PROD-0184,edge_profile,Grooved,1.0,100,AUTO_APPROVE,1.0,1.0,1.0,,,1.0,OFFICIAL_MANUFACTURER_SOURCE|HIGH_AUTHORITY_SOURCE|EVIDENCE_GROUNDED|EXACT_MPN_MATCH|MANUFACTURER_VERIFIED|DIRECT_SPECIFICATION_MATCH|VALIDATION_PASS,EV-68bd6ce6,SRC-d85ddfb3,verified,2026-08-16T12:53:07.479988+00:00
PROD-0184,length,12 ft,1.0,100,AUTO_APPROVE,1.0,1.0,1.0,,1.0,1.0,OFFICIAL_MANUFACTURER_SOURCE|HIGH_AUTHORITY_SOURCE|EVIDENCE_GROUNDED|EXACT_MPN_MATCH|MANUFACTURER_VERIFIED|DIRECT_SPECIFICATION_MATCH|UOM_VALID|VALIDATION_PASS,EV-fad50f8b,SRC-d85ddfb3,verified,2026-08-16T12:53:07.480001+00:00
PROD-0184,material,PVC,1.0,100,AUTO_APPROVE,1.0,1.0,1.0,1.0,,1.0,OFFICIAL_MANUFACTURER_SOURCE|HIGH_AUTHORITY_SOURCE|EVIDENCE_GROUNDED|EXACT_MPN_MATCH|MANUFACTURER_VERIFIED|DIRECT_SPECIFICATION_MATCH|LOV_VALID|VALIDATION_PASS,EV-41d82e07,SRC-d85ddfb3,verified,2026-08-16T12:53:07.480014+00:00
PROD-0184,width_profile,1x6,1.0,100,AUTO_APPROVE,1.0,1.0,1.0,,1.0,1.0,OFFICIAL_MANUFACTURER_SOURCE|HIGH_AUTHORITY_SOURCE|EVIDENCE_GROUNDED|EXACT_MPN_MATCH|MANUFACTURER_VERIFIED|DIRECT_SPECIFICATION_MATCH|UOM_VALID|VALIDATION_PASS,EV-b3b3cbfe,SRC-d85ddfb3,verified,2026-08-16T12:53:07.480026+00:00
PROD-0185,color,Slate Gray,1.0,100,AUTO_APPROVE,1.0,1.0,1.0,,,1.0,OFFICIAL_MANUFACTURER_SOURCE|HIGH_AUTHORITY_SOURCE|EVIDENCE_GROUNDED|EXACT_MPN_MATCH|MANUFACTURER_VERIFIED|DIRECT_SPECIFICATION_MATCH|VALIDATION_PASS,EV-e3d3b7d9,SRC-a6c8ccde,verified,2026-08-16T12:53:07.480092+00:00
PROD-0185,edge_profile,Grooved,1.0,100,AUTO_APPROVE,1.0,1.0,1.0,,,1.0,OFFICIAL_MANUFACTURER_SOURCE|HIGH_AUTHORITY_SOURCE|EVIDENCE_GROUNDED|EXACT_MPN_MATCH|MANUFACTURER_VERIFIED|DIRECT_SPECIFICATION_MATCH|VALIDATION_PASS,EV-c5a912ef,SRC-a6c8ccde,verified,2026-08-16T12:53:07.480107+00:00
PROD-0185,length,12 ft,1.0,100,AUTO_APPROVE,1.0,1.0,1.0,,1.0,1.0,OFFICIAL_MANUFACTURER_SOURCE|HIGH_AUTHORITY_SOURCE|EVIDENCE_GROUNDED|EXACT_MPN_MATCH|MANUFACTURER_VERIFIED|DIRECT_SPECIFICATION_MATCH|UOM_VALID|VALIDATION_PASS,EV-f788689e,SRC-a6c8ccde,verified,2026-08-16T12:53:07.480120+00:00
PROD-0185,material,PVC,1.0,100,AUTO_APPROVE,1.0,1.0,1.0,1.0,,1.0,OFFICIAL_MANUFACTURER_SOURCE|HIGH_AUTHORITY_SOURCE|EVIDENCE_GROUNDED|EXACT_MPN_MATCH|MANUFACTURER_VERIFIED|DIRECT_SPECIFICATION_MATCH|LOV_VALID|VALIDATION_PASS,EV-f81c4b84,SRC-a6c8ccde,verified,2026-08-16T12:53:07.480132+00:00
PROD-0185,width_profile,1x6,1.0,100,AUTO_APPROVE,1.0,1.0,1.0,,1.0,1.0,OFFICIAL_MANUFACTURER_SOURCE|HIGH_AUTHORITY_SOURCE|EVIDENCE_GROUNDED|EXACT_MPN_MATCH|MANUFACTURER_VERIFIED|DIRECT_SPECIFICATION_MATCH|UOM_VALID|VALIDATION_PASS,EV-c3da3a80,SRC-a6c8ccde,verified,2026-08-16T12:53:07.480144+00:00
PROD-0186,color,Slate Gray,1.0,100,AUTO_APPROVE,1.0,1.0,1.0,,,1.0,OFFICIAL_MANUFACTURER_SOURCE|HIGH_AUTHORITY_SOURCE|EVIDENCE_GROUNDED|EXACT_MPN_MATCH|MANUFACTURER_VERIFIED|DIRECT_SPECIFICATION_MATCH|VALIDATION_PASS,EV-06ed3bdd,SRC-0a917511,verified,2026-08-16T12:53:07.480208+00:00
PROD-0186,edge_profile,Grooved,1.0,100,AUTO_APPROVE,1.0,1.0,1.0,,,1.0,OFFICIAL_MANUFACTURER_SOURCE|HIGH_AUTHORITY_SOURCE|EVIDENCE_GROUNDED|EXACT_MPN_MATCH|MANUFACTURER_VERIFIED|DIRECT_SPECIFICATION_MATCH|VALIDATION_PASS,EV-869db5c6,SRC-0a917511,verified,2026-08-16T12:53:07.480222+00:00
PROD-0186,length,12 ft,1.0,100,AUTO_APPROVE,1.0,1.0,1.0,,1.0,1.0,OFFICIAL_MANUFACTURER_SOURCE|HIGH_AUTHORITY_SOURCE|EVIDENCE_GROUNDED|EXACT_MPN_MATCH|MANUFACTURER_VERIFIED|DIRECT_SPECIFICATION_MATCH|UOM_VALID|VALIDATION_PASS,EV-be5c59cc,SRC-0a917511,verified,2026-08-16T12:53:07.480235+00:00
PROD-0186,material,PVC,1.0,100,AUTO_APPROVE,1.0,1.0,1.0,1.0,,1.0,OFFICIAL_MANUFACTURER_SOURCE|HIGH_AUTHORITY_SOURCE|EVIDENCE_GROUNDED|EXACT_MPN_MATCH|MANUFACTURER_VERIFIED|DIRECT_SPECIFICATION_MATCH|LOV_VALID|VALIDATION_PASS,EV-a18d7d0a,SRC-0a917511,verified,2026-08-16T12:53:07.480249+00:00
PROD-0186,width_profile,1x6,1.0,100,AUTO_APPROVE,1.0,1.0,1.0,,1.0,1.0,OFFICIAL_MANUFACTURER_SOURCE|HIGH_AUTHORITY_SOURCE|EVIDENCE_GROUNDED|EXACT_MPN_MATCH|MANUFACTURER_VERIFIED|DIRECT_SPECIFICATION_MATCH|UOM_VALID|VALIDATION_PASS,EV-3a897aaa,SRC-0a917511,verified,2026-08-16T12:53:07.480260+00:00
PROD-0187,color,Slate Gray,1.0,100,AUTO_APPROVE,1.0,1.0,1.0,,,1.0,OFFICIAL_MANUFACTURER_SOURCE|HIGH_AUTHORITY_SOURCE|EVIDENCE_GROUNDED|EXACT_MPN_MATCH|MANUFACTURER_VERIFIED|DIRECT_SPECIFICATION_MATCH|VALIDATION_PASS,EV-5c85ec78,SRC-82439773,verified,2026-08-16T12:53:07.480324+00:00
PROD-0187,edge_profile,Grooved,1.0,100,AUTO_APPROVE,1.0,1.0,1.0,,,1.0,OFFICIAL_MANUFACTURER_SOURCE|HIGH_AUTHORITY_SOURCE|EVIDENCE_GROUNDED|EXACT_MPN_MATCH|MANUFACTURER_VERIFIED|DIRECT_SPECIFICATION_MATCH|VALIDATION_PASS,EV-8286e1ba,SRC-82439773,verified,2026-08-16T12:53:07.480338+00:00
PROD-0187,length,12 ft,1.0,100,AUTO_APPROVE,1.0,1.0,1.0,,1.0,1.0,OFFICIAL_MANUFACTURER_SOURCE|HIGH_AUTHORITY_SOURCE|EVIDENCE_GROUNDED|EXACT_MPN_MATCH|MANUFACTURER_VERIFIED|DIRECT_SPECIFICATION_MATCH|UOM_VALID|VALIDATION_PASS,EV-0b5ae450,SRC-82439773,verified,2026-08-16T12:53:07.480351+00:00
PROD-0187,material,PVC,1.0,100,AUTO_APPROVE,1.0,1.0,1.0,1.0,,1.0,OFFICIAL_MANUFACTURER_SOURCE|HIGH_AUTHORITY_SOURCE|EVIDENCE_GROUNDED|EXACT_MPN_MATCH|MANUFACTURER_VERIFIED|DIRECT_SPECIFICATION_MATCH|LOV_VALID|VALIDATION_PASS,EV-ec639082,SRC-82439773,verified,2026-08-16T12:53:07.480364+00:00
PROD-0187,width_profile,1x6,1.0,100,AUTO_APPROVE,1.0,1.0,1.0,,1.0,1.0,OFFICIAL_MANUFACTURER_SOURCE|HIGH_AUTHORITY_SOURCE|EVIDENCE_GROUNDED|EXACT_MPN_MATCH|MANUFACTURER_VERIFIED|DIRECT_SPECIFICATION_MATCH|UOM_VALID|VALIDATION_PASS,EV-904f1aa4,SRC-82439773,verified,2026-08-16T12:53:07.480377+00:00
PROD-0188,color,Slate Gray,1.0,100,AUTO_APPROVE,1.0,1.0,1.0,,,1.0,OFFICIAL_MANUFACTURER_SOURCE|HIGH_AUTHORITY_SOURCE|EVIDENCE_GROUNDED|EXACT_MPN_MATCH|MANUFACTURER_VERIFIED|DIRECT_SPECIFICATION_MATCH|VALIDATION_PASS,EV-b3d9b9ce,SRC-ac0b7029,verified,2026-08-16T12:53:07.480441+00:00
PROD-0188,edge_profile,Grooved,1.0,100,AUTO_APPROVE,1.0,1.0,1.0,,,1.0,OFFICIAL_MANUFACTURER_SOURCE|HIGH_AUTHORITY_SOURCE|EVIDENCE_GROUNDED|EXACT_MPN_MATCH|MANUFACTURER_VERIFIED|DIRECT_SPECIFICATION_MATCH|VALIDATION_PASS,EV-91864821,SRC-ac0b7029,verified,2026-08-16T12:53:07.480455+00:00
PROD-0188,length,12 ft,1.0,100,AUTO_APPROVE,1.0,1.0,1.0,,1.0,1.0,OFFICIAL_MANUFACTURER_SOURCE|HIGH_AUTHORITY_SOURCE|EVIDENCE_GROUNDED|EXACT_MPN_MATCH|MANUFACTURER_VERIFIED|DIRECT_SPECIFICATION_MATCH|UOM_VALID|VALIDATION_PASS,EV-a13a4dcd,SRC-ac0b7029,verified,2026-08-16T12:53:07.480468+00:00
PROD-0188,material,PVC,1.0,100,AUTO_APPROVE,1.0,1.0,1.0,1.0,,1.0,OFFICIAL_MANUFACTURER_SOURCE|HIGH_AUTHORITY_SOURCE|EVIDENCE_GROUNDED|EXACT_MPN_MATCH|MANUFACTURER_VERIFIED|DIRECT_SPECIFICATION_MATCH|LOV_VALID|VALIDATION_PASS,EV-c4a65239,SRC-ac0b7029,verified,2026-08-16T12:53:07.480482+00:00
PROD-0188,width_profile,1x6,1.0,100,AUTO_APPROVE,1.0,1.0,1.0,,1.0,1.0,OFFICIAL_MANUFACTURER_SOURCE|HIGH_AUTHORITY_SOURCE|EVIDENCE_GROUNDED|EXACT_MPN_MATCH|MANUFACTURER_VERIFIED|DIRECT_SPECIFICATION_MATCH|UOM_VALID|VALIDATION_PASS,EV-26d66dd8,SRC-ac0b7029,verified,2026-08-16T12:53:07.480493+00:00
PROD-0189,color,Slate Gray,1.0,100,AUTO_APPROVE,1.0,1.0,1.0,,,1.0,OFFICIAL_MANUFACTURER_SOURCE|HIGH_AUTHORITY_SOURCE|EVIDENCE_GROUNDED|EXACT_MPN_MATCH|MANUFACTURER_VERIFIED|DIRECT_SPECIFICATION_MATCH|VALIDATION_PASS,EV-4a4f3ec3,SRC-4d553ba7,verified,2026-08-16T12:53:07.480558+00:00
PROD-0189,edge_profile,Grooved,1.0,100,AUTO_APPROVE,1.0,1.0,1.0,,,1.0,OFFICIAL_MANUFACTURER_SOURCE|HIGH_AUTHORITY_SOURCE|EVIDENCE_GROUNDED|EXACT_MPN_MATCH|MANUFACTURER_VERIFIED|DIRECT_SPECIFICATION_MATCH|VALIDATION_PASS,EV-fccea7e1,SRC-4d553ba7,verified,2026-08-16T12:53:07.480572+00:00
PROD-0189,length,12 ft,1.0,100,AUTO_APPROVE,1.0,1.0,1.0,,1.0,1.0,OFFICIAL_MANUFACTURER_SOURCE|HIGH_AUTHORITY_SOURCE|EVIDENCE_GROUNDED|EXACT_MPN_MATCH|MANUFACTURER_VERIFIED|DIRECT_SPECIFICATION_MATCH|UOM_VALID|VALIDATION_PASS,EV-517f1774,SRC-4d553ba7,verified,2026-08-16T12:53:07.480585+00:00
PROD-0189,material,PVC,1.0,100,AUTO_APPROVE,1.0,1.0,1.0,1.0,,1.0,OFFICIAL_MANUFACTURER_SOURCE|HIGH_AUTHORITY_SOURCE|EVIDENCE_GROUNDED|EXACT_MPN_MATCH|MANUFACTURER_VERIFIED|DIRECT_SPECIFICATION_MATCH|LOV_VALID|VALIDATION_PASS,EV-cc83b413,SRC-4d553ba7,verified,2026-08-16T12:53:07.480596+00:00
PROD-0189,width_profile,1x6,1.0,100,AUTO_APPROVE,1.0,1.0,1.0,,1.0,1.0,OFFICIAL_MANUFACTURER_SOURCE|HIGH_AUTHORITY_SOURCE|EVIDENCE_GROUNDED|EXACT_MPN_MATCH|MANUFACTURER_VERIFIED|DIRECT_SPECIFICATION_MATCH|UOM_VALID|VALIDATION_PASS,EV-553e70d7,SRC-4d553ba7,verified,2026-08-16T12:53:07.480608+00:00
PROD-0190,color,Slate Gray,1.0,100,AUTO_APPROVE,1.0,1.0,1.0,,,1.0,OFFICIAL_MANUFACTURER_SOURCE|HIGH_AUTHORITY_SOURCE|EVIDENCE_GROUNDED|EXACT_MPN_MATCH|MANUFACTURER_VERIFIED|DIRECT_SPECIFICATION_MATCH|VALIDATION_PASS,EV-bfe70a71,SRC-330228b5,verified,2026-08-16T12:53:07.480671+00:00
PROD-0190,edge_profile,Grooved,1.0,100,AUTO_APPROVE,1.0,1.0,1.0,,,1.0,OFFICIAL_MANUFACTURER_SOURCE|HIGH_AUTHORITY_SOURCE|EVIDENCE_GROUNDED|EXACT_MPN_MATCH|MANUFACTURER_VERIFIED|DIRECT_SPECIFICATION_MATCH|VALIDATION_PASS,EV-6bb31baa,SRC-330228b5,verified,2026-08-16T12:53:07.480686+00:00
PROD-0190,length,12 ft,1.0,100,AUTO_APPROVE,1.0,1.0,1.0,,1.0,1.0,OFFICIAL_MANUFACTURER_SOURCE|HIGH_AUTHORITY_SOURCE|EVIDENCE_GROUNDED|EXACT_MPN_MATCH|MANUFACTURER_VERIFIED|DIRECT_SPECIFICATION_MATCH|UOM_VALID|VALIDATION_PASS,EV-9e1fda07,SRC-330228b5,verified,2026-08-16T12:53:07.480698+00:00
PROD-0190,material,PVC,1.0,100,AUTO_APPROVE,1.0,1.0,1.0,1.0,,1.0,OFFICIAL_MANUFACTURER_SOURCE|HIGH_AUTHORITY_SOURCE|EVIDENCE_GROUNDED|EXACT_MPN_MATCH|MANUFACTURER_VERIFIED|DIRECT_SPECIFICATION_MATCH|LOV_VALID|VALIDATION_PASS,EV-1262a8c3,SRC-330228b5,verified,2026-08-16T12:53:07.480710+00:00
PROD-0190,width_profile,1x6,1.0,100,AUTO_APPROVE,1.0,1.0,1.0,,1.0,1.0,OFFICIAL_MANUFACTURER_SOURCE|HIGH_AUTHORITY_SOURCE|EVIDENCE_GROUNDED|EXACT_MPN_MATCH|MANUFACTURER_VERIFIED|DIRECT_SPECIFICATION_MATCH|UOM_VALID|VALIDATION_PASS,EV-e5f930c3,SRC-330228b5,verified,2026-08-16T12:53:07.480723+00:00
PROD-0191,color,Slate Gray,1.0,100,AUTO_APPROVE,1.0,1.0,1.0,,,1.0,OFFICIAL_MANUFACTURER_SOURCE|HIGH_AUTHORITY_SOURCE|EVIDENCE_GROUNDED|EXACT_MPN_MATCH|MANUFACTURER_VERIFIED|DIRECT_SPECIFICATION_MATCH|VALIDATION_PASS,EV-2d2e58d3,SRC-47ec37cf,verified,2026-08-16T12:53:07.480790+00:00
PROD-0191,edge_profile,Grooved,1.0,100,AUTO_APPROVE,1.0,1.0,1.0,,,1.0,OFFICIAL_MANUFACTURER_SOURCE|HIGH_AUTHORITY_SOURCE|EVIDENCE_GROUNDED|EXACT_MPN_MATCH|MANUFACTURER_VERIFIED|DIRECT_SPECIFICATION_MATCH|VALIDATION_PASS,EV-72b79554,SRC-47ec37cf,verified,2026-08-16T12:53:07.480805+00:00
PROD-0191,length,12 ft,1.0,100,AUTO_APPROVE,1.0,1.0,1.0,,1.0,1.0,OFFICIAL_MANUFACTURER_SOURCE|HIGH_AUTHORITY_SOURCE|EVIDENCE_GROUNDED|EXACT_MPN_MATCH|MANUFACTURER_VERIFIED|DIRECT_SPECIFICATION_MATCH|UOM_VALID|VALIDATION_PASS,EV-8c5b466b,SRC-47ec37cf,verified,2026-08-16T12:53:07.480818+00:00
PROD-0191,material,PVC,1.0,100,AUTO_APPROVE,1.0,1.0,1.0,1.0,,1.0,OFFICIAL_MANUFACTURER_SOURCE|HIGH_AUTHORITY_SOURCE|EVIDENCE_GROUNDED|EXACT_MPN_MATCH|MANUFACTURER_VERIFIED|DIRECT_SPECIFICATION_MATCH|LOV_VALID|VALIDATION_PASS,EV-df7f780b,SRC-47ec37cf,verified,2026-08-16T12:53:07.480830+00:00
PROD-0191,width_profile,1x6,1.0,100,AUTO_APPROVE,1.0,1.0,1.0,,1.0,1.0,OFFICIAL_MANUFACTURER_SOURCE|HIGH_AUTHORITY_SOURCE|EVIDENCE_GROUNDED|EXACT_MPN_MATCH|MANUFACTURER_VERIFIED|DIRECT_SPECIFICATION_MATCH|UOM_VALID|VALIDATION_PASS,EV-f0fff127,SRC-47ec37cf,verified,2026-08-16T12:53:07.480842+00:00
PROD-0192,color,Slate Gray,1.0,100,AUTO_APPROVE,1.0,1.0,1.0,,,1.0,OFFICIAL_MANUFACTURER_SOURCE|HIGH_AUTHORITY_SOURCE|EVIDENCE_GROUNDED|EXACT_MPN_MATCH|MANUFACTURER_VERIFIED|DIRECT_SPECIFICATION_MATCH|VALIDATION_PASS,EV-9d364976,SRC-54d8ce59,verified,2026-08-16T12:53:07.480906+00:00
PROD-0192,edge_profile,Grooved,1.0,100,AUTO_APPROVE,1.0,1.0,1.0,,,1.0,OFFICIAL_MANUFACTURER_SOURCE|HIGH_AUTHORITY_SOURCE|EVIDENCE_GROUNDED|EXACT_MPN_MATCH|MANUFACTURER_VERIFIED|DIRECT_SPECIFICATION_MATCH|VALIDATION_PASS,EV-85491d7f,SRC-54d8ce59,verified,2026-08-16T12:53:07.480921+00:00
PROD-0192,length,12 ft,1.0,100,AUTO_APPROVE,1.0,1.0,1.0,,1.0,1.0,OFFICIAL_MANUFACTURER_SOURCE|HIGH_AUTHORITY_SOURCE|EVIDENCE_GROUNDED|EXACT_MPN_MATCH|MANUFACTURER_VERIFIED|DIRECT_SPECIFICATION_MATCH|UOM_VALID|VALIDATION_PASS,EV-8e3a495a,SRC-54d8ce59,verified,2026-08-16T12:53:07.480933+00:00
PROD-0192,material,PVC,1.0,100,AUTO_APPROVE,1.0,1.0,1.0,1.0,,1.0,OFFICIAL_MANUFACTURER_SOURCE|HIGH_AUTHORITY_SOURCE|EVIDENCE_GROUNDED|EXACT_MPN_MATCH|MANUFACTURER_VERIFIED|DIRECT_SPECIFICATION_MATCH|LOV_VALID|VALIDATION_PASS,EV-8f960b34,SRC-54d8ce59,verified,2026-08-16T12:53:07.480946+00:00
PROD-0192,width_profile,1x6,1.0,100,AUTO_APPROVE,1.0,1.0,1.0,,1.0,1.0,OFFICIAL_MANUFACTURER_SOURCE|HIGH_AUTHORITY_SOURCE|EVIDENCE_GROUNDED|EXACT_MPN_MATCH|MANUFACTURER_VERIFIED|DIRECT_SPECIFICATION_MATCH|UOM_VALID|VALIDATION_PASS,EV-9d8f3c6f,SRC-54d8ce59,verified,2026-08-16T12:53:07.480957+00:00
PROD-0193,color,Slate Gray,1.0,100,AUTO_APPROVE,1.0,1.0,1.0,,,1.0,OFFICIAL_MANUFACTURER_SOURCE|HIGH_AUTHORITY_SOURCE|EVIDENCE_GROUNDED|EXACT_MPN_MATCH|MANUFACTURER_VERIFIED|DIRECT_SPECIFICATION_MATCH|VALIDATION_PASS,EV-769402aa,SRC-1e6e9795,verified,2026-08-16T12:53:07.481020+00:00
PROD-0193,edge_profile,Grooved,1.0,100,AUTO_APPROVE,1.0,1.0,1.0,,,1.0,OFFICIAL_MANUFACTURER_SOURCE|HIGH_AUTHORITY_SOURCE|EVIDENCE_GROUNDED|EXACT_MPN_MATCH|MANUFACTURER_VERIFIED|DIRECT_SPECIFICATION_MATCH|VALIDATION_PASS,EV-f9531832,SRC-1e6e9795,verified,2026-08-16T12:53:07.481035+00:00
PROD-0193,length,12 ft,1.0,100,AUTO_APPROVE,1.0,1.0,1.0,,1.0,1.0,OFFICIAL_MANUFACTURER_SOURCE|HIGH_AUTHORITY_SOURCE|EVIDENCE_GROUNDED|EXACT_MPN_MATCH|MANUFACTURER_VERIFIED|DIRECT_SPECIFICATION_MATCH|UOM_VALID|VALIDATION_PASS,EV-a3891b43,SRC-1e6e9795,verified,2026-08-16T12:53:07.481048+00:00
PROD-0193,material,PVC,1.0,100,AUTO_APPROVE,1.0,1.0,1.0,1.0,,1.0,OFFICIAL_MANUFACTURER_SOURCE|HIGH_AUTHORITY_SOURCE|EVIDENCE_GROUNDED|EXACT_MPN_MATCH|MANUFACTURER_VERIFIED|DIRECT_SPECIFICATION_MATCH|LOV_VALID|VALIDATION_PASS,EV-12e0204f,SRC-1e6e9795,verified,2026-08-16T12:53:07.481059+00:00
PROD-0193,width_profile,1x6,1.0,100,AUTO_APPROVE,1.0,1.0,1.0,,1.0,1.0,OFFICIAL_MANUFACTURER_SOURCE|HIGH_AUTHORITY_SOURCE|EVIDENCE_GROUNDED|EXACT_MPN_MATCH|MANUFACTURER_VERIFIED|DIRECT_SPECIFICATION_MATCH|UOM_VALID|VALIDATION_PASS,EV-fa428422,SRC-1e6e9795,verified,2026-08-16T12:53:07.481071+00:00
PROD-0194,color,Slate Gray,1.0,100,AUTO_APPROVE,1.0,1.0,1.0,,,1.0,OFFICIAL_MANUFACTURER_SOURCE|HIGH_AUTHORITY_SOURCE|EVIDENCE_GROUNDED|EXACT_MPN_MATCH|MANUFACTURER_VERIFIED|DIRECT_SPECIFICATION_MATCH|VALIDATION_PASS,EV-2e0723c5,SRC-a6b5b5a1,verified,2026-08-16T12:53:07.481135+00:00
PROD-0194,edge_profile,Grooved,1.0,100,AUTO_APPROVE,1.0,1.0,1.0,,,1.0,OFFICIAL_MANUFACTURER_SOURCE|HIGH_AUTHORITY_SOURCE|EVIDENCE_GROUNDED|EXACT_MPN_MATCH|MANUFACTURER_VERIFIED|DIRECT_SPECIFICATION_MATCH|VALIDATION_PASS,EV-d86a3e39,SRC-a6b5b5a1,verified,2026-08-16T12:53:07.481150+00:00
PROD-0194,length,12 ft,1.0,100,AUTO_APPROVE,1.0,1.0,1.0,,1.0,1.0,OFFICIAL_MANUFACTURER_SOURCE|HIGH_AUTHORITY_SOURCE|EVIDENCE_GROUNDED|EXACT_MPN_MATCH|MANUFACTURER_VERIFIED|DIRECT_SPECIFICATION_MATCH|UOM_VALID|VALIDATION_PASS,EV-9bd89e12,SRC-a6b5b5a1,verified,2026-08-16T12:53:07.481163+00:00
PROD-0194,material,PVC,1.0,100,AUTO_APPROVE,1.0,1.0,1.0,1.0,,1.0,OFFICIAL_MANUFACTURER_SOURCE|HIGH_AUTHORITY_SOURCE|EVIDENCE_GROUNDED|EXACT_MPN_MATCH|MANUFACTURER_VERIFIED|DIRECT_SPECIFICATION_MATCH|LOV_VALID|VALIDATION_PASS,EV-66de49de,SRC-a6b5b5a1,verified,2026-08-16T12:53:07.481175+00:00
PROD-0194,width_profile,1x6,1.0,100,AUTO_APPROVE,1.0,1.0,1.0,,1.0,1.0,OFFICIAL_MANUFACTURER_SOURCE|HIGH_AUTHORITY_SOURCE|EVIDENCE_GROUNDED|EXACT_MPN_MATCH|MANUFACTURER_VERIFIED|DIRECT_SPECIFICATION_MATCH|UOM_VALID|VALIDATION_PASS,EV-ed0557f0,SRC-a6b5b5a1,verified,2026-08-16T12:53:07.481188+00:00
PROD-0195,color,Slate Gray,1.0,100,AUTO_APPROVE,1.0,1.0,1.0,,,1.0,OFFICIAL_MANUFACTURER_SOURCE|HIGH_AUTHORITY_SOURCE|EVIDENCE_GROUNDED|EXACT_MPN_MATCH|MANUFACTURER_VERIFIED|DIRECT_SPECIFICATION_MATCH|VALIDATION_PASS,EV-178800f5,SRC-773fbc18,verified,2026-08-16T12:53:07.481251+00:00
PROD-0195,edge_profile,Grooved,1.0,100,AUTO_APPROVE,1.0,1.0,1.0,,,1.0,OFFICIAL_MANUFACTURER_SOURCE|HIGH_AUTHORITY_SOURCE|EVIDENCE_GROUNDED|EXACT_MPN_MATCH|MANUFACTURER_VERIFIED|DIRECT_SPECIFICATION_MATCH|VALIDATION_PASS,EV-23cb51eb,SRC-773fbc18,verified,2026-08-16T12:53:07.481266+00:00
PROD-0195,length,12 ft,1.0,100,AUTO_APPROVE,1.0,1.0,1.0,,1.0,1.0,OFFICIAL_MANUFACTURER_SOURCE|HIGH_AUTHORITY_SOURCE|EVIDENCE_GROUNDED|EXACT_MPN_MATCH|MANUFACTURER_VERIFIED|DIRECT_SPECIFICATION_MATCH|UOM_VALID|VALIDATION_PASS,EV-34a642b7,SRC-773fbc18,verified,2026-08-16T12:53:07.481279+00:00
PROD-0195,material,PVC,1.0,100,AUTO_APPROVE,1.0,1.0,1.0,1.0,,1.0,OFFICIAL_MANUFACTURER_SOURCE|HIGH_AUTHORITY_SOURCE|EVIDENCE_GROUNDED|EXACT_MPN_MATCH|MANUFACTURER_VERIFIED|DIRECT_SPECIFICATION_MATCH|LOV_VALID|VALIDATION_PASS,EV-bac17bbd,SRC-773fbc18,verified,2026-08-16T12:53:07.481291+00:00
PROD-0195,width_profile,1x6,1.0,100,AUTO_APPROVE,1.0,1.0,1.0,,1.0,1.0,OFFICIAL_MANUFACTURER_SOURCE|HIGH_AUTHORITY_SOURCE|EVIDENCE_GROUNDED|EXACT_MPN_MATCH|MANUFACTURER_VERIFIED|DIRECT_SPECIFICATION_MATCH|UOM_VALID|VALIDATION_PASS,EV-31e78c75,SRC-773fbc18,verified,2026-08-16T12:53:07.481303+00:00
PROD-0196,color,Slate Gray,1.0,100,AUTO_APPROVE,1.0,1.0,1.0,,,1.0,OFFICIAL_MANUFACTURER_SOURCE|HIGH_AUTHORITY_SOURCE|EVIDENCE_GROUNDED|EXACT_MPN_MATCH|MANUFACTURER_VERIFIED|DIRECT_SPECIFICATION_MATCH|VALIDATION_PASS,EV-47ba2e25,SRC-305103da,verified,2026-08-16T12:53:07.481366+00:00
PROD-0196,edge_profile,Grooved,1.0,100,AUTO_APPROVE,1.0,1.0,1.0,,,1.0,OFFICIAL_MANUFACTURER_SOURCE|HIGH_AUTHORITY_SOURCE|EVIDENCE_GROUNDED|EXACT_MPN_MATCH|MANUFACTURER_VERIFIED|DIRECT_SPECIFICATION_MATCH|VALIDATION_PASS,EV-246c52b6,SRC-305103da,verified,2026-08-16T12:53:07.481380+00:00
PROD-0196,length,12 ft,1.0,100,AUTO_APPROVE,1.0,1.0,1.0,,1.0,1.0,OFFICIAL_MANUFACTURER_SOURCE|HIGH_AUTHORITY_SOURCE|EVIDENCE_GROUNDED|EXACT_MPN_MATCH|MANUFACTURER_VERIFIED|DIRECT_SPECIFICATION_MATCH|UOM_VALID|VALIDATION_PASS,EV-cea0b6fb,SRC-305103da,verified,2026-08-16T12:53:07.481392+00:00
PROD-0196,material,PVC,1.0,100,AUTO_APPROVE,1.0,1.0,1.0,1.0,,1.0,OFFICIAL_MANUFACTURER_SOURCE|HIGH_AUTHORITY_SOURCE|EVIDENCE_GROUNDED|EXACT_MPN_MATCH|MANUFACTURER_VERIFIED|DIRECT_SPECIFICATION_MATCH|LOV_VALID|VALIDATION_PASS,EV-3650fbd1,SRC-305103da,verified,2026-08-16T12:53:07.481404+00:00
PROD-0196,width_profile,1x6,1.0,100,AUTO_APPROVE,1.0,1.0,1.0,,1.0,1.0,OFFICIAL_MANUFACTURER_SOURCE|HIGH_AUTHORITY_SOURCE|EVIDENCE_GROUNDED|EXACT_MPN_MATCH|MANUFACTURER_VERIFIED|DIRECT_SPECIFICATION_MATCH|UOM_VALID|VALIDATION_PASS,EV-33484914,SRC-305103da,verified,2026-08-16T12:53:07.481417+00:00
PROD-0197,color,Slate Gray,1.0,100,AUTO_APPROVE,1.0,1.0,1.0,,,1.0,OFFICIAL_MANUFACTURER_SOURCE|HIGH_AUTHORITY_SOURCE|EVIDENCE_GROUNDED|EXACT_MPN_MATCH|MANUFACTURER_VERIFIED|DIRECT_SPECIFICATION_MATCH|VALIDATION_PASS,EV-6fca61cf,SRC-39adb057,verified,2026-08-16T12:53:07.481478+00:00
PROD-0197,edge_profile,Grooved,1.0,100,AUTO_APPROVE,1.0,1.0,1.0,,,1.0,OFFICIAL_MANUFACTURER_SOURCE|HIGH_AUTHORITY_SOURCE|EVIDENCE_GROUNDED|EXACT_MPN_MATCH|MANUFACTURER_VERIFIED|DIRECT_SPECIFICATION_MATCH|VALIDATION_PASS,EV-928d0284,SRC-39adb057,verified,2026-08-16T12:53:07.481493+00:00
PROD-0197,length,12 ft,1.0,100,AUTO_APPROVE,1.0,1.0,1.0,,1.0,1.0,OFFICIAL_MANUFACTURER_SOURCE|HIGH_AUTHORITY_SOURCE|EVIDENCE_GROUNDED|EXACT_MPN_MATCH|MANUFACTURER_VERIFIED|DIRECT_SPECIFICATION_MATCH|UOM_VALID|VALIDATION_PASS,EV-282c5079,SRC-39adb057,verified,2026-08-16T12:53:07.481506+00:00
PROD-0197,material,PVC,1.0,100,AUTO_APPROVE,1.0,1.0,1.0,1.0,,1.0,OFFICIAL_MANUFACTURER_SOURCE|HIGH_AUTHORITY_SOURCE|EVIDENCE_GROUNDED|EXACT_MPN_MATCH|MANUFACTURER_VERIFIED|DIRECT_SPECIFICATION_MATCH|LOV_VALID|VALIDATION_PASS,EV-ad378c9a,SRC-39adb057,verified,2026-08-16T12:53:07.481518+00:00
PROD-0197,width_profile,1x6,1.0,100,AUTO_APPROVE,1.0,1.0,1.0,,1.0,1.0,OFFICIAL_MANUFACTURER_SOURCE|HIGH_AUTHORITY_SOURCE|EVIDENCE_GROUNDED|EXACT_MPN_MATCH|MANUFACTURER_VERIFIED|DIRECT_SPECIFICATION_MATCH|UOM_VALID|VALIDATION_PASS,EV-bceeeadb,SRC-39adb057,verified,2026-08-16T12:53:07.481529+00:00
PROD-0198,color,Slate Gray,1.0,100,AUTO_APPROVE,1.0,1.0,1.0,,,1.0,OFFICIAL_MANUFACTURER_SOURCE|HIGH_AUTHORITY_SOURCE|EVIDENCE_GROUNDED|EXACT_MPN_MATCH|MANUFACTURER_VERIFIED|DIRECT_SPECIFICATION_MATCH|VALIDATION_PASS,EV-ba46025c,SRC-cc704737,verified,2026-08-16T12:53:07.481593+00:00
PROD-0198,edge_profile,Grooved,1.0,100,AUTO_APPROVE,1.0,1.0,1.0,,,1.0,OFFICIAL_MANUFACTURER_SOURCE|HIGH_AUTHORITY_SOURCE|EVIDENCE_GROUNDED|EXACT_MPN_MATCH|MANUFACTURER_VERIFIED|DIRECT_SPECIFICATION_MATCH|VALIDATION_PASS,EV-bb0ea3d8,SRC-cc704737,verified,2026-08-16T12:53:07.481608+00:00
PROD-0198,length,12 ft,1.0,100,AUTO_APPROVE,1.0,1.0,1.0,,1.0,1.0,OFFICIAL_MANUFACTURER_SOURCE|HIGH_AUTHORITY_SOURCE|EVIDENCE_GROUNDED|EXACT_MPN_MATCH|MANUFACTURER_VERIFIED|DIRECT_SPECIFICATION_MATCH|UOM_VALID|VALIDATION_PASS,EV-7ffe850b,SRC-cc704737,verified,2026-08-16T12:53:07.481621+00:00
PROD-0198,material,PVC,1.0,100,AUTO_APPROVE,1.0,1.0,1.0,1.0,,1.0,OFFICIAL_MANUFACTURER_SOURCE|HIGH_AUTHORITY_SOURCE|EVIDENCE_GROUNDED|EXACT_MPN_MATCH|MANUFACTURER_VERIFIED|DIRECT_SPECIFICATION_MATCH|LOV_VALID|VALIDATION_PASS,EV-65685dd8,SRC-cc704737,verified,2026-08-16T12:53:07.481633+00:00
PROD-0198,width_profile,1x6,1.0,100,AUTO_APPROVE,1.0,1.0,1.0,,1.0,1.0,OFFICIAL_MANUFACTURER_SOURCE|HIGH_AUTHORITY_SOURCE|EVIDENCE_GROUNDED|EXACT_MPN_MATCH|MANUFACTURER_VERIFIED|DIRECT_SPECIFICATION_MATCH|UOM_VALID|VALIDATION_PASS,EV-110e3649,SRC-cc704737,verified,2026-08-16T12:53:07.481651+00:00
PROD-0199,color,Slate Gray,1.0,100,AUTO_APPROVE,1.0,1.0,1.0,,,1.0,OFFICIAL_MANUFACTURER_SOURCE|HIGH_AUTHORITY_SOURCE|EVIDENCE_GROUNDED|EXACT_MPN_MATCH|MANUFACTURER_VERIFIED|DIRECT_SPECIFICATION_MATCH|VALIDATION_PASS,EV-0e22acd2,SRC-1185230b,verified,2026-08-16T12:53:07.481719+00:00
PROD-0199,edge_profile,Grooved,1.0,100,AUTO_APPROVE,1.0,1.0,1.0,,,1.0,OFFICIAL_MANUFACTURER_SOURCE|HIGH_AUTHORITY_SOURCE|EVIDENCE_GROUNDED|EXACT_MPN_MATCH|MANUFACTURER_VERIFIED|DIRECT_SPECIFICATION_MATCH|VALIDATION_PASS,EV-72b0beab,SRC-1185230b,verified,2026-08-16T12:53:07.481733+00:00
PROD-0199,length,12 ft,1.0,100,AUTO_APPROVE,1.0,1.0,1.0,,1.0,1.0,OFFICIAL_MANUFACTURER_SOURCE|HIGH_AUTHORITY_SOURCE|EVIDENCE_GROUNDED|EXACT_MPN_MATCH|MANUFACTURER_VERIFIED|DIRECT_SPECIFICATION_MATCH|UOM_VALID|VALIDATION_PASS,EV-34ca5f71,SRC-1185230b,verified,2026-08-16T12:53:07.481745+00:00
PROD-0199,material,PVC,1.0,100,AUTO_APPROVE,1.0,1.0,1.0,1.0,,1.0,OFFICIAL_MANUFACTURER_SOURCE|HIGH_AUTHORITY_SOURCE|EVIDENCE_GROUNDED|EXACT_MPN_MATCH|MANUFACTURER_VERIFIED|DIRECT_SPECIFICATION_MATCH|LOV_VALID|VALIDATION_PASS,EV-5e1830e0,SRC-1185230b,verified,2026-08-16T12:53:07.481759+00:00
PROD-0199,width_profile,1x6,1.0,100,AUTO_APPROVE,1.0,1.0,1.0,,1.0,1.0,OFFICIAL_MANUFACTURER_SOURCE|HIGH_AUTHORITY_SOURCE|EVIDENCE_GROUNDED|EXACT_MPN_MATCH|MANUFACTURER_VERIFIED|DIRECT_SPECIFICATION_MATCH|UOM_VALID|VALIDATION_PASS,EV-d6692507,SRC-1185230b,verified,2026-08-16T12:53:07.481775+00:00
PROD-0200,color,Slate Gray,1.0,100,AUTO_APPROVE,1.0,1.0,1.0,,,1.0,OFFICIAL_MANUFACTURER_SOURCE|HIGH_AUTHORITY_SOURCE|EVIDENCE_GROUNDED|EXACT_MPN_MATCH|MANUFACTURER_VERIFIED|DIRECT_SPECIFICATION_MATCH|VALIDATION_PASS,EV-9afd8f38,SRC-658e3185,verified,2026-08-16T12:53:07.481838+00:00
PROD-0200,edge_profile,Grooved,1.0,100,AUTO_APPROVE,1.0,1.0,1.0,,,1.0,OFFICIAL_MANUFACTURER_SOURCE|HIGH_AUTHORITY_SOURCE|EVIDENCE_GROUNDED|EXACT_MPN_MATCH|MANUFACTURER_VERIFIED|DIRECT_SPECIFICATION_MATCH|VALIDATION_PASS,EV-dcab1cda,SRC-658e3185,verified,2026-08-16T12:53:07.481853+00:00
PROD-0200,length,12 ft,1.0,100,AUTO_APPROVE,1.0,1.0,1.0,,1.0,1.0,OFFICIAL_MANUFACTURER_SOURCE|HIGH_AUTHORITY_SOURCE|EVIDENCE_GROUNDED|EXACT_MPN_MATCH|MANUFACTURER_VERIFIED|DIRECT_SPECIFICATION_MATCH|UOM_VALID|VALIDATION_PASS,EV-f146b4ec,SRC-658e3185,verified,2026-08-16T12:53:07.481866+00:00
PROD-0200,material,PVC,1.0,100,AUTO_APPROVE,1.0,1.0,1.0,1.0,,1.0,OFFICIAL_MANUFACTURER_SOURCE|HIGH_AUTHORITY_SOURCE|EVIDENCE_GROUNDED|EXACT_MPN_MATCH|MANUFACTURER_VERIFIED|DIRECT_SPECIFICATION_MATCH|LOV_VALID|VALIDATION_PASS,EV-672f86da,SRC-658e3185,verified,2026-08-16T12:53:07.481879+00:00
PROD-0200,width_profile,1x6,1.0,100,AUTO_APPROVE,1.0,1.0,1.0,,1.0,1.0,OFFICIAL_MANUFACTURER_SOURCE|HIGH_AUTHORITY_SOURCE|EVIDENCE_GROUNDED|EXACT_MPN_MATCH|MANUFACTURER_VERIFIED|DIRECT_SPECIFICATION_MATCH|UOM_VALID|VALIDATION_PASS,EV-bd1c2b31,SRC-658e3185,verified,2026-08-16T12:53:07.481898+00:00
PROD-0201,color,Slate Gray,1.0,100,AUTO_APPROVE,1.0,1.0,1.0,,,1.0,OFFICIAL_MANUFACTURER_SOURCE|HIGH_AUTHORITY_SOURCE|EVIDENCE_GROUNDED|EXACT_MPN_MATCH|MANUFACTURER_VERIFIED|DIRECT_SPECIFICATION_MATCH|VALIDATION_PASS,EV-b777d014,SRC-d13d5de6,verified,2026-08-16T12:53:07.481959+00:00
PROD-0201,edge_profile,Grooved,1.0,100,AUTO_APPROVE,1.0,1.0,1.0,,,1.0,OFFICIAL_MANUFACTURER_SOURCE|HIGH_AUTHORITY_SOURCE|EVIDENCE_GROUNDED|EXACT_MPN_MATCH|MANUFACTURER_VERIFIED|DIRECT_SPECIFICATION_MATCH|VALIDATION_PASS,EV-803bf6ca,SRC-d13d5de6,verified,2026-08-16T12:53:07.481974+00:00
PROD-0201,length,12 ft,1.0,100,AUTO_APPROVE,1.0,1.0,1.0,,1.0,1.0,OFFICIAL_MANUFACTURER_SOURCE|HIGH_AUTHORITY_SOURCE|EVIDENCE_GROUNDED|EXACT_MPN_MATCH|MANUFACTURER_VERIFIED|DIRECT_SPECIFICATION_MATCH|UOM_VALID|VALIDATION_PASS,EV-9c732345,SRC-d13d5de6,verified,2026-08-16T12:53:07.481988+00:00
PROD-0201,material,PVC,1.0,100,AUTO_APPROVE,1.0,1.0,1.0,1.0,,1.0,OFFICIAL_MANUFACTURER_SOURCE|HIGH_AUTHORITY_SOURCE|EVIDENCE_GROUNDED|EXACT_MPN_MATCH|MANUFACTURER_VERIFIED|DIRECT_SPECIFICATION_MATCH|LOV_VALID|VALIDATION_PASS,EV-e3da2db8,SRC-d13d5de6,verified,2026-08-16T12:53:07.482000+00:00
PROD-0201,width_profile,1x6,1.0,100,AUTO_APPROVE,1.0,1.0,1.0,,1.0,1.0,OFFICIAL_MANUFACTURER_SOURCE|HIGH_AUTHORITY_SOURCE|EVIDENCE_GROUNDED|EXACT_MPN_MATCH|MANUFACTURER_VERIFIED|DIRECT_SPECIFICATION_MATCH|UOM_VALID|VALIDATION_PASS,EV-df42922a,SRC-d13d5de6,verified,2026-08-16T12:53:07.482010+00:00
PROD-0202,color,Slate Gray,1.0,100,AUTO_APPROVE,1.0,1.0,1.0,,,1.0,OFFICIAL_MANUFACTURER_SOURCE|HIGH_AUTHORITY_SOURCE|EVIDENCE_GROUNDED|EXACT_MPN_MATCH|MANUFACTURER_VERIFIED|DIRECT_SPECIFICATION_MATCH|VALIDATION_PASS,EV-214eec9b,SRC-b878d319,verified,2026-08-16T12:53:07.482082+00:00
PROD-0202,edge_profile,Grooved,1.0,100,AUTO_APPROVE,1.0,1.0,1.0,,,1.0,OFFICIAL_MANUFACTURER_SOURCE|HIGH_AUTHORITY_SOURCE|EVIDENCE_GROUNDED|EXACT_MPN_MATCH|MANUFACTURER_VERIFIED|DIRECT_SPECIFICATION_MATCH|VALIDATION_PASS,EV-a9e788b4,SRC-b878d319,verified,2026-08-16T12:53:07.482100+00:00
PROD-0202,length,12 ft,1.0,100,AUTO_APPROVE,1.0,1.0,1.0,,1.0,1.0,OFFICIAL_MANUFACTURER_SOURCE|HIGH_AUTHORITY_SOURCE|EVIDENCE_GROUNDED|EXACT_MPN_MATCH|MANUFACTURER_VERIFIED|DIRECT_SPECIFICATION_MATCH|UOM_VALID|VALIDATION_PASS,EV-0244ec4f,SRC-b878d319,verified,2026-08-16T12:53:07.482118+00:00
PROD-0202,material,PVC,1.0,100,AUTO_APPROVE,1.0,1.0,1.0,1.0,,1.0,OFFICIAL_MANUFACTURER_SOURCE|HIGH_AUTHORITY_SOURCE|EVIDENCE_GROUNDED|EXACT_MPN_MATCH|MANUFACTURER_VERIFIED|DIRECT_SPECIFICATION_MATCH|LOV_VALID|VALIDATION_PASS,EV-1b41f442,SRC-b878d319,verified,2026-08-16T12:53:07.482173+00:00
PROD-0202,width_profile,1x6,1.0,100,AUTO_APPROVE,1.0,1.0,1.0,,1.0,1.0,OFFICIAL_MANUFACTURER_SOURCE|HIGH_AUTHORITY_SOURCE|EVIDENCE_GROUNDED|EXACT_MPN_MATCH|MANUFACTURER_VERIFIED|DIRECT_SPECIFICATION_MATCH|UOM_VALID|VALIDATION_PASS,EV-7d139af6,SRC-b878d319,verified,2026-08-16T12:53:07.482260+00:00
PROD-0203,color,Slate Gray,1.0,100,AUTO_APPROVE,1.0,1.0,1.0,,,1.0,OFFICIAL_MANUFACTURER_SOURCE|HIGH_AUTHORITY_SOURCE|EVIDENCE_GROUNDED|EXACT_MPN_MATCH|MANUFACTURER_VERIFIED|DIRECT_SPECIFICATION_MATCH|VALIDATION_PASS,EV-dfed3f69,SRC-11bb7a83,verified,2026-08-16T12:53:07.482488+00:00
PROD-0203,edge_profile,Grooved,1.0,100,AUTO_APPROVE,1.0,1.0,1.0,,,1.0,OFFICIAL_MANUFACTURER_SOURCE|HIGH_AUTHORITY_SOURCE|EVIDENCE_GROUNDED|EXACT_MPN_MATCH|MANUFACTURER_VERIFIED|DIRECT_SPECIFICATION_MATCH|VALIDATION_PASS,EV-22f2b9b5,SRC-11bb7a83,verified,2026-08-16T12:53:07.482510+00:00
PROD-0203,length,12 ft,1.0,100,AUTO_APPROVE,1.0,1.0,1.0,,1.0,1.0,OFFICIAL_MANUFACTURER_SOURCE|HIGH_AUTHORITY_SOURCE|EVIDENCE_GROUNDED|EXACT_MPN_MATCH|MANUFACTURER_VERIFIED|DIRECT_SPECIFICATION_MATCH|UOM_VALID|VALIDATION_PASS,EV-076d3a4b,SRC-11bb7a83,verified,2026-08-16T12:53:07.482527+00:00
PROD-0203,material,PVC,1.0,100,AUTO_APPROVE,1.0,1.0,1.0,1.0,,1.0,OFFICIAL_MANUFACTURER_SOURCE|HIGH_AUTHORITY_SOURCE|EVIDENCE_GROUNDED|EXACT_MPN_MATCH|MANUFACTURER_VERIFIED|DIRECT_SPECIFICATION_MATCH|LOV_VALID|VALIDATION_PASS,EV-8f9ffa4a,SRC-11bb7a83,verified,2026-08-16T12:53:07.482542+00:00
PROD-0203,width_profile,1x6,1.0,100,AUTO_APPROVE,1.0,1.0,1.0,,1.0,1.0,OFFICIAL_MANUFACTURER_SOURCE|HIGH_AUTHORITY_SOURCE|EVIDENCE_GROUNDED|EXACT_MPN_MATCH|MANUFACTURER_VERIFIED|DIRECT_SPECIFICATION_MATCH|UOM_VALID|VALIDATION_PASS,EV-cfc5dd96,SRC-11bb7a83,verified,2026-08-16T12:53:07.482557+00:00
PROD-0204,color,Slate Gray,1.0,100,AUTO_APPROVE,1.0,1.0,1.0,,,1.0,OFFICIAL_MANUFACTURER_SOURCE|HIGH_AUTHORITY_SOURCE|EVIDENCE_GROUNDED|EXACT_MPN_MATCH|MANUFACTURER_VERIFIED|DIRECT_SPECIFICATION_MATCH|VALIDATION_PASS,EV-2d971c67,SRC-afa91c79,verified,2026-08-16T12:53:07.483216+00:00
PROD-0204,edge_profile,Grooved,1.0,100,AUTO_APPROVE,1.0,1.0,1.0,,,1.0,OFFICIAL_MANUFACTURER_SOURCE|HIGH_AUTHORITY_SOURCE|EVIDENCE_GROUNDED|EXACT_MPN_MATCH|MANUFACTURER_VERIFIED|DIRECT_SPECIFICATION_MATCH|VALIDATION_PASS,EV-c956a9a4,SRC-afa91c79,verified,2026-08-16T12:53:07.483246+00:00
PROD-0204,length,12 ft,1.0,100,AUTO_APPROVE,1.0,1.0,1.0,,1.0,1.0,OFFICIAL_MANUFACTURER_SOURCE|HIGH_AUTHORITY_SOURCE|EVIDENCE_GROUNDED|EXACT_MPN_MATCH|MANUFACTURER_VERIFIED|DIRECT_SPECIFICATION_MATCH|UOM_VALID|VALIDATION_PASS,EV-18a7eedf,SRC-afa91c79,verified,2026-08-16T12:53:07.483266+00:00
PROD-0204,material,PVC,1.0,100,AUTO_APPROVE,1.0,1.0,1.0,1.0,,1.0,OFFICIAL_MANUFACTURER_SOURCE|HIGH_AUTHORITY_SOURCE|EVIDENCE_GROUNDED|EXACT_MPN_MATCH|MANUFACTURER_VERIFIED|DIRECT_SPECIFICATION_MATCH|LOV_VALID|VALIDATION_PASS,EV-b5bd506a,SRC-afa91c79,verified,2026-08-16T12:53:07.483286+00:00
PROD-0204,width_profile,1x6,1.0,100,AUTO_APPROVE,1.0,1.0,1.0,,1.0,1.0,OFFICIAL_MANUFACTURER_SOURCE|HIGH_AUTHORITY_SOURCE|EVIDENCE_GROUNDED|EXACT_MPN_MATCH|MANUFACTURER_VERIFIED|DIRECT_SPECIFICATION_MATCH|UOM_VALID|VALIDATION_PASS,EV-663b5888,SRC-afa91c79,verified,2026-08-16T12:53:07.483300+00:00
PROD-0205,color,Slate Gray,1.0,100,AUTO_APPROVE,1.0,1.0,1.0,,,1.0,OFFICIAL_MANUFACTURER_SOURCE|HIGH_AUTHORITY_SOURCE|EVIDENCE_GROUNDED|EXACT_MPN_MATCH|MANUFACTURER_VERIFIED|DIRECT_SPECIFICATION_MATCH|VALIDATION_PASS,EV-de080a90,SRC-baa9b6ad,verified,2026-08-16T12:53:07.483436+00:00
PROD-0205,edge_profile,Grooved,1.0,100,AUTO_APPROVE,1.0,1.0,1.0,,,1.0,OFFICIAL_MANUFACTURER_SOURCE|HIGH_AUTHORITY_SOURCE|EVIDENCE_GROUNDED|EXACT_MPN_MATCH|MANUFACTURER_VERIFIED|DIRECT_SPECIFICATION_MATCH|VALIDATION_PASS,EV-0d8c4e45,SRC-baa9b6ad,verified,2026-08-16T12:53:07.483453+00:00
PROD-0205,length,12 ft,1.0,100,AUTO_APPROVE,1.0,1.0,1.0,,1.0,1.0,OFFICIAL_MANUFACTURER_SOURCE|HIGH_AUTHORITY_SOURCE|EVIDENCE_GROUNDED|EXACT_MPN_MATCH|MANUFACTURER_VERIFIED|DIRECT_SPECIFICATION_MATCH|UOM_VALID|VALIDATION_PASS,EV-055d7019,SRC-baa9b6ad,verified,2026-08-16T12:53:07.483476+00:00
PROD-0205,material,PVC,1.0,100,AUTO_APPROVE,1.0,1.0,1.0,1.0,,1.0,OFFICIAL_MANUFACTURER_SOURCE|HIGH_AUTHORITY_SOURCE|EVIDENCE_GROUNDED|EXACT_MPN_MATCH|MANUFACTURER_VERIFIED|DIRECT_SPECIFICATION_MATCH|LOV_VALID|VALIDATION_PASS,EV-19d639ac,SRC-baa9b6ad,verified,2026-08-16T12:53:07.483491+00:00
PROD-0205,width_profile,1x6,1.0,100,AUTO_APPROVE,1.0,1.0,1.0,,1.0,1.0,OFFICIAL_MANUFACTURER_SOURCE|HIGH_AUTHORITY_SOURCE|EVIDENCE_GROUNDED|EXACT_MPN_MATCH|MANUFACTURER_VERIFIED|DIRECT_SPECIFICATION_MATCH|UOM_VALID|VALIDATION_PASS,EV-8e1b1031,SRC-baa9b6ad,verified,2026-08-16T12:53:07.483504+00:00
PROD-0206,color,Slate Gray,1.0,100,AUTO_APPROVE,1.0,1.0,1.0,,,1.0,OFFICIAL_MANUFACTURER_SOURCE|HIGH_AUTHORITY_SOURCE|EVIDENCE_GROUNDED|EXACT_MPN_MATCH|MANUFACTURER_VERIFIED|DIRECT_SPECIFICATION_MATCH|VALIDATION_PASS,EV-a3e07dc5,SRC-a4ae7169,verified,2026-08-16T12:53:07.483590+00:00
PROD-0206,edge_profile,Grooved,1.0,100,AUTO_APPROVE,1.0,1.0,1.0,,,1.0,OFFICIAL_MANUFACTURER_SOURCE|HIGH_AUTHORITY_SOURCE|EVIDENCE_GROUNDED|EXACT_MPN_MATCH|MANUFACTURER_VERIFIED|DIRECT_SPECIFICATION_MATCH|VALIDATION_PASS,EV-91a0a5e9,SRC-a4ae7169,verified,2026-08-16T12:53:07.483607+00:00
PROD-0206,length,12 ft,1.0,100,AUTO_APPROVE,1.0,1.0,1.0,,1.0,1.0,OFFICIAL_MANUFACTURER_SOURCE|HIGH_AUTHORITY_SOURCE|EVIDENCE_GROUNDED|EXACT_MPN_MATCH|MANUFACTURER_VERIFIED|DIRECT_SPECIFICATION_MATCH|UOM_VALID|VALIDATION_PASS,EV-1e485ad6,SRC-a4ae7169,verified,2026-08-16T12:53:07.483620+00:00
PROD-0206,material,PVC,1.0,100,AUTO_APPROVE,1.0,1.0,1.0,1.0,,1.0,OFFICIAL_MANUFACTURER_SOURCE|HIGH_AUTHORITY_SOURCE|EVIDENCE_GROUNDED|EXACT_MPN_MATCH|MANUFACTURER_VERIFIED|DIRECT_SPECIFICATION_MATCH|LOV_VALID|VALIDATION_PASS,EV-0491b1ed,SRC-a4ae7169,verified,2026-08-16T12:53:07.483633+00:00
PROD-0206,width_profile,1x6,1.0,100,AUTO_APPROVE,1.0,1.0,1.0,,1.0,1.0,OFFICIAL_MANUFACTURER_SOURCE|HIGH_AUTHORITY_SOURCE|EVIDENCE_GROUNDED|EXACT_MPN_MATCH|MANUFACTURER_VERIFIED|DIRECT_SPECIFICATION_MATCH|UOM_VALID|VALIDATION_PASS,EV-145561fd,SRC-a4ae7169,verified,2026-08-16T12:53:07.483645+00:00
PROD-0207,color,Slate Gray,1.0,100,AUTO_APPROVE,1.0,1.0,1.0,,,1.0,OFFICIAL_MANUFACTURER_SOURCE|HIGH_AUTHORITY_SOURCE|EVIDENCE_GROUNDED|EXACT_MPN_MATCH|MANUFACTURER_VERIFIED|DIRECT_SPECIFICATION_MATCH|VALIDATION_PASS,EV-bbefca64,SRC-d3ba0ff4,verified,2026-08-16T12:53:07.483716+00:00
PROD-0207,edge_profile,Grooved,1.0,100,AUTO_APPROVE,1.0,1.0,1.0,,,1.0,OFFICIAL_MANUFACTURER_SOURCE|HIGH_AUTHORITY_SOURCE|EVIDENCE_GROUNDED|EXACT_MPN_MATCH|MANUFACTURER_VERIFIED|DIRECT_SPECIFICATION_MATCH|VALIDATION_PASS,EV-7ddb0692,SRC-d3ba0ff4,verified,2026-08-16T12:53:07.483742+00:00
PROD-0207,length,12 ft,1.0,100,AUTO_APPROVE,1.0,1.0,1.0,,1.0,1.0,OFFICIAL_MANUFACTURER_SOURCE|HIGH_AUTHORITY_SOURCE|EVIDENCE_GROUNDED|EXACT_MPN_MATCH|MANUFACTURER_VERIFIED|DIRECT_SPECIFICATION_MATCH|UOM_VALID|VALIDATION_PASS,EV-be261c8e,SRC-d3ba0ff4,verified,2026-08-16T12:53:07.483765+00:00
PROD-0207,material,PVC,1.0,100,AUTO_APPROVE,1.0,1.0,1.0,1.0,,1.0,OFFICIAL_MANUFACTURER_SOURCE|HIGH_AUTHORITY_SOURCE|EVIDENCE_GROUNDED|EXACT_MPN_MATCH|MANUFACTURER_VERIFIED|DIRECT_SPECIFICATION_MATCH|LOV_VALID|VALIDATION_PASS,EV-adb6b6b0,SRC-d3ba0ff4,verified,2026-08-16T12:53:07.483786+00:00
PROD-0207,width_profile,1x6,1.0,100,AUTO_APPROVE,1.0,1.0,1.0,,1.0,1.0,OFFICIAL_MANUFACTURER_SOURCE|HIGH_AUTHORITY_SOURCE|EVIDENCE_GROUNDED|EXACT_MPN_MATCH|MANUFACTURER_VERIFIED|DIRECT_SPECIFICATION_MATCH|UOM_VALID|VALIDATION_PASS,EV-729a6759,SRC-d3ba0ff4,verified,2026-08-16T12:53:07.483808+00:00
PROD-0208,color,Slate Gray,1.0,100,AUTO_APPROVE,1.0,1.0,1.0,,,1.0,OFFICIAL_MANUFACTURER_SOURCE|HIGH_AUTHORITY_SOURCE|EVIDENCE_GROUNDED|EXACT_MPN_MATCH|MANUFACTURER_VERIFIED|DIRECT_SPECIFICATION_MATCH|VALIDATION_PASS,EV-761507ae,SRC-9eca8a8e,verified,2026-08-16T12:53:07.483926+00:00
PROD-0208,edge_profile,Grooved,1.0,100,AUTO_APPROVE,1.0,1.0,1.0,,,1.0,OFFICIAL_MANUFACTURER_SOURCE|HIGH_AUTHORITY_SOURCE|EVIDENCE_GROUNDED|EXACT_MPN_MATCH|MANUFACTURER_VERIFIED|DIRECT_SPECIFICATION_MATCH|VALIDATION_PASS,EV-4b29d266,SRC-9eca8a8e,verified,2026-08-16T12:53:07.483954+00:00
PROD-0208,length,12 ft,1.0,100,AUTO_APPROVE,1.0,1.0,1.0,,1.0,1.0,OFFICIAL_MANUFACTURER_SOURCE|HIGH_AUTHORITY_SOURCE|EVIDENCE_GROUNDED|EXACT_MPN_MATCH|MANUFACTURER_VERIFIED|DIRECT_SPECIFICATION_MATCH|UOM_VALID|VALIDATION_PASS,EV-8f419f0c,SRC-9eca8a8e,verified,2026-08-16T12:53:07.483978+00:00
PROD-0208,material,PVC,1.0,100,AUTO_APPROVE,1.0,1.0,1.0,1.0,,1.0,OFFICIAL_MANUFACTURER_SOURCE|HIGH_AUTHORITY_SOURCE|EVIDENCE_GROUNDED|EXACT_MPN_MATCH|MANUFACTURER_VERIFIED|DIRECT_SPECIFICATION_MATCH|LOV_VALID|VALIDATION_PASS,EV-9daa8fbf,SRC-9eca8a8e,verified,2026-08-16T12:53:07.484000+00:00
PROD-0208,width_profile,1x6,1.0,100,AUTO_APPROVE,1.0,1.0,1.0,,1.0,1.0,OFFICIAL_MANUFACTURER_SOURCE|HIGH_AUTHORITY_SOURCE|EVIDENCE_GROUNDED|EXACT_MPN_MATCH|MANUFACTURER_VERIFIED|DIRECT_SPECIFICATION_MATCH|UOM_VALID|VALIDATION_PASS,EV-4d1ccea1,SRC-9eca8a8e,verified,2026-08-16T12:53:07.484025+00:00
PROD-0209,color,Slate Gray,1.0,100,AUTO_APPROVE,1.0,1.0,1.0,,,1.0,OFFICIAL_MANUFACTURER_SOURCE|HIGH_AUTHORITY_SOURCE|EVIDENCE_GROUNDED|EXACT_MPN_MATCH|MANUFACTURER_VERIFIED|DIRECT_SPECIFICATION_MATCH|VALIDATION_PASS,EV-3e687428,SRC-c170323e,verified,2026-08-16T12:53:07.484147+00:00
PROD-0209,edge_profile,Grooved,1.0,100,AUTO_APPROVE,1.0,1.0,1.0,,,1.0,OFFICIAL_MANUFACTURER_SOURCE|HIGH_AUTHORITY_SOURCE|EVIDENCE_GROUNDED|EXACT_MPN_MATCH|MANUFACTURER_VERIFIED|DIRECT_SPECIFICATION_MATCH|VALIDATION_PASS,EV-11aeca4e,SRC-c170323e,verified,2026-08-16T12:53:07.484174+00:00
PROD-0209,length,12 ft,1.0,100,AUTO_APPROVE,1.0,1.0,1.0,,1.0,1.0,OFFICIAL_MANUFACTURER_SOURCE|HIGH_AUTHORITY_SOURCE|EVIDENCE_GROUNDED|EXACT_MPN_MATCH|MANUFACTURER_VERIFIED|DIRECT_SPECIFICATION_MATCH|UOM_VALID|VALIDATION_PASS,EV-57f98bf1,SRC-c170323e,verified,2026-08-16T12:53:07.484197+00:00
PROD-0209,material,PVC,1.0,100,AUTO_APPROVE,1.0,1.0,1.0,1.0,,1.0,OFFICIAL_MANUFACTURER_SOURCE|HIGH_AUTHORITY_SOURCE|EVIDENCE_GROUNDED|EXACT_MPN_MATCH|MANUFACTURER_VERIFIED|DIRECT_SPECIFICATION_MATCH|LOV_VALID|VALIDATION_PASS,EV-60142495,SRC-c170323e,verified,2026-08-16T12:53:07.484219+00:00
PROD-0209,width_profile,1x6,1.0,100,AUTO_APPROVE,1.0,1.0,1.0,,1.0,1.0,OFFICIAL_MANUFACTURER_SOURCE|HIGH_AUTHORITY_SOURCE|EVIDENCE_GROUNDED|EXACT_MPN_MATCH|MANUFACTURER_VERIFIED|DIRECT_SPECIFICATION_MATCH|UOM_VALID|VALIDATION_PASS,EV-5cc5ddb6,SRC-c170323e,verified,2026-08-16T12:53:07.484240+00:00
PROD-0210,color,Slate Gray,1.0,100,AUTO_APPROVE,1.0,1.0,1.0,,,1.0,OFFICIAL_MANUFACTURER_SOURCE|HIGH_AUTHORITY_SOURCE|EVIDENCE_GROUNDED|EXACT_MPN_MATCH|MANUFACTURER_VERIFIED|DIRECT_SPECIFICATION_MATCH|VALIDATION_PASS,EV-c20e6eff,SRC-4286dc32,verified,2026-08-16T12:53:07.484358+00:00
PROD-0210,edge_profile,Grooved,1.0,100,AUTO_APPROVE,1.0,1.0,1.0,,,1.0,OFFICIAL_MANUFACTURER_SOURCE|HIGH_AUTHORITY_SOURCE|EVIDENCE_GROUNDED|EXACT_MPN_MATCH|MANUFACTURER_VERIFIED|DIRECT_SPECIFICATION_MATCH|VALIDATION_PASS,EV-1981c5a0,SRC-4286dc32,verified,2026-08-16T12:53:07.484384+00:00
PROD-0210,length,12 ft,1.0,100,AUTO_APPROVE,1.0,1.0,1.0,,1.0,1.0,OFFICIAL_MANUFACTURER_SOURCE|HIGH_AUTHORITY_SOURCE|EVIDENCE_GROUNDED|EXACT_MPN_MATCH|MANUFACTURER_VERIFIED|DIRECT_SPECIFICATION_MATCH|UOM_VALID|VALIDATION_PASS,EV-e939cf4e,SRC-4286dc32,verified,2026-08-16T12:53:07.484408+00:00
PROD-0210,material,PVC,1.0,100,AUTO_APPROVE,1.0,1.0,1.0,1.0,,1.0,OFFICIAL_MANUFACTURER_SOURCE|HIGH_AUTHORITY_SOURCE|EVIDENCE_GROUNDED|EXACT_MPN_MATCH|MANUFACTURER_VERIFIED|DIRECT_SPECIFICATION_MATCH|LOV_VALID|VALIDATION_PASS,EV-5c79a3a4,SRC-4286dc32,verified,2026-08-16T12:53:07.484429+00:00
PROD-0210,width_profile,1x6,1.0,100,AUTO_APPROVE,1.0,1.0,1.0,,1.0,1.0,OFFICIAL_MANUFACTURER_SOURCE|HIGH_AUTHORITY_SOURCE|EVIDENCE_GROUNDED|EXACT_MPN_MATCH|MANUFACTURER_VERIFIED|DIRECT_SPECIFICATION_MATCH|UOM_VALID|VALIDATION_PASS,EV-49b07264,SRC-4286dc32,verified,2026-08-16T12:53:07.484450+00:00
PROD-0211,color,Slate Gray,1.0,100,AUTO_APPROVE,1.0,1.0,1.0,,,1.0,OFFICIAL_MANUFACTURER_SOURCE|HIGH_AUTHORITY_SOURCE|EVIDENCE_GROUNDED|EXACT_MPN_MATCH|MANUFACTURER_VERIFIED|DIRECT_SPECIFICATION_MATCH|VALIDATION_PASS,EV-e33ccf2a,SRC-3c912575,verified,2026-08-16T12:53:07.484573+00:00
PROD-0211,edge_profile,Grooved,1.0,100,AUTO_APPROVE,1.0,1.0,1.0,,,1.0,OFFICIAL_MANUFACTURER_SOURCE|HIGH_AUTHORITY_SOURCE|EVIDENCE_GROUNDED|EXACT_MPN_MATCH|MANUFACTURER_VERIFIED|DIRECT_SPECIFICATION_MATCH|VALIDATION_PASS,EV-968e974e,SRC-3c912575,verified,2026-08-16T12:53:07.484603+00:00
PROD-0211,length,12 ft,1.0,100,AUTO_APPROVE,1.0,1.0,1.0,,1.0,1.0,OFFICIAL_MANUFACTURER_SOURCE|HIGH_AUTHORITY_SOURCE|EVIDENCE_GROUNDED|EXACT_MPN_MATCH|MANUFACTURER_VERIFIED|DIRECT_SPECIFICATION_MATCH|UOM_VALID|VALIDATION_PASS,EV-fe1e3c9e,SRC-3c912575,verified,2026-08-16T12:53:07.484626+00:00
PROD-0211,material,PVC,1.0,100,AUTO_APPROVE,1.0,1.0,1.0,1.0,,1.0,OFFICIAL_MANUFACTURER_SOURCE|HIGH_AUTHORITY_SOURCE|EVIDENCE_GROUNDED|EXACT_MPN_MATCH|MANUFACTURER_VERIFIED|DIRECT_SPECIFICATION_MATCH|LOV_VALID|VALIDATION_PASS,EV-383e3a7b,SRC-3c912575,verified,2026-08-16T12:53:07.484648+00:00
PROD-0211,width_profile,1x6,1.0,100,AUTO_APPROVE,1.0,1.0,1.0,,1.0,1.0,OFFICIAL_MANUFACTURER_SOURCE|HIGH_AUTHORITY_SOURCE|EVIDENCE_GROUNDED|EXACT_MPN_MATCH|MANUFACTURER_VERIFIED|DIRECT_SPECIFICATION_MATCH|UOM_VALID|VALIDATION_PASS,EV-528ca9f0,SRC-3c912575,verified,2026-08-16T12:53:07.484668+00:00
PROD-0212,color,Slate Gray,1.0,100,AUTO_APPROVE,1.0,1.0,1.0,,,1.0,OFFICIAL_MANUFACTURER_SOURCE|HIGH_AUTHORITY_SOURCE|EVIDENCE_GROUNDED|EXACT_MPN_MATCH|MANUFACTURER_VERIFIED|DIRECT_SPECIFICATION_MATCH|VALIDATION_PASS,EV-01507d45,SRC-53324e0d,verified,2026-08-16T12:53:07.484781+00:00
PROD-0212,edge_profile,Grooved,1.0,100,AUTO_APPROVE,1.0,1.0,1.0,,,1.0,OFFICIAL_MANUFACTURER_SOURCE|HIGH_AUTHORITY_SOURCE|EVIDENCE_GROUNDED|EXACT_MPN_MATCH|MANUFACTURER_VERIFIED|DIRECT_SPECIFICATION_MATCH|VALIDATION_PASS,EV-b2089b64,SRC-53324e0d,verified,2026-08-16T12:53:07.484797+00:00
PROD-0212,length,12 ft,1.0,100,AUTO_APPROVE,1.0,1.0,1.0,,1.0,1.0,OFFICIAL_MANUFACTURER_SOURCE|HIGH_AUTHORITY_SOURCE|EVIDENCE_GROUNDED|EXACT_MPN_MATCH|MANUFACTURER_VERIFIED|DIRECT_SPECIFICATION_MATCH|UOM_VALID|VALIDATION_PASS,EV-819e838f,SRC-53324e0d,verified,2026-08-16T12:53:07.484813+00:00
PROD-0212,material,PVC,1.0,100,AUTO_APPROVE,1.0,1.0,1.0,1.0,,1.0,OFFICIAL_MANUFACTURER_SOURCE|HIGH_AUTHORITY_SOURCE|EVIDENCE_GROUNDED|EXACT_MPN_MATCH|MANUFACTURER_VERIFIED|DIRECT_SPECIFICATION_MATCH|LOV_VALID|VALIDATION_PASS,EV-eb2b18c3,SRC-53324e0d,verified,2026-08-16T12:53:07.484830+00:00
PROD-0212,width_profile,1x6,1.0,100,AUTO_APPROVE,1.0,1.0,1.0,,1.0,1.0,OFFICIAL_MANUFACTURER_SOURCE|HIGH_AUTHORITY_SOURCE|EVIDENCE_GROUNDED|EXACT_MPN_MATCH|MANUFACTURER_VERIFIED|DIRECT_SPECIFICATION_MATCH|UOM_VALID|VALIDATION_PASS,EV-8d6c639d,SRC-53324e0d,verified,2026-08-16T12:53:07.484845+00:00
PROD-0213,color,Slate Gray,1.0,100,AUTO_APPROVE,1.0,1.0,1.0,,,1.0,OFFICIAL_MANUFACTURER_SOURCE|HIGH_AUTHORITY_SOURCE|EVIDENCE_GROUNDED|EXACT_MPN_MATCH|MANUFACTURER_VERIFIED|DIRECT_SPECIFICATION_MATCH|VALIDATION_PASS,EV-5439c096,SRC-2aa4b586,verified,2026-08-16T12:53:07.484939+00:00
PROD-0213,edge_profile,Grooved,1.0,100,AUTO_APPROVE,1.0,1.0,1.0,,,1.0,OFFICIAL_MANUFACTURER_SOURCE|HIGH_AUTHORITY_SOURCE|EVIDENCE_GROUNDED|EXACT_MPN_MATCH|MANUFACTURER_VERIFIED|DIRECT_SPECIFICATION_MATCH|VALIDATION_PASS,EV-f1c879b8,SRC-2aa4b586,verified,2026-08-16T12:53:07.484956+00:00
PROD-0213,length,12 ft,1.0,100,AUTO_APPROVE,1.0,1.0,1.0,,1.0,1.0,OFFICIAL_MANUFACTURER_SOURCE|HIGH_AUTHORITY_SOURCE|EVIDENCE_GROUNDED|EXACT_MPN_MATCH|MANUFACTURER_VERIFIED|DIRECT_SPECIFICATION_MATCH|UOM_VALID|VALIDATION_PASS,EV-ee019202,SRC-2aa4b586,verified,2026-08-16T12:53:07.484970+00:00
PROD-0213,material,PVC,1.0,100,AUTO_APPROVE,1.0,1.0,1.0,1.0,,1.0,OFFICIAL_MANUFACTURER_SOURCE|HIGH_AUTHORITY_SOURCE|EVIDENCE_GROUNDED|EXACT_MPN_MATCH|MANUFACTURER_VERIFIED|DIRECT_SPECIFICATION_MATCH|LOV_VALID|VALIDATION_PASS,EV-35c976dc,SRC-2aa4b586,verified,2026-08-16T12:53:07.484983+00:00
PROD-0213,width_profile,1x6,1.0,100,AUTO_APPROVE,1.0,1.0,1.0,,1.0,1.0,OFFICIAL_MANUFACTURER_SOURCE|HIGH_AUTHORITY_SOURCE|EVIDENCE_GROUNDED|EXACT_MPN_MATCH|MANUFACTURER_VERIFIED|DIRECT_SPECIFICATION_MATCH|UOM_VALID|VALIDATION_PASS,EV-902fddaa,SRC-2aa4b586,verified,2026-08-16T12:53:07.484996+00:00
PROD-0214,color,Slate Gray,1.0,100,AUTO_APPROVE,1.0,1.0,1.0,,,1.0,OFFICIAL_MANUFACTURER_SOURCE|HIGH_AUTHORITY_SOURCE|EVIDENCE_GROUNDED|EXACT_MPN_MATCH|MANUFACTURER_VERIFIED|DIRECT_SPECIFICATION_MATCH|VALIDATION_PASS,EV-3ee1c05f,SRC-79b46cf7,verified,2026-08-16T12:53:07.485071+00:00
PROD-0214,edge_profile,Grooved,1.0,100,AUTO_APPROVE,1.0,1.0,1.0,,,1.0,OFFICIAL_MANUFACTURER_SOURCE|HIGH_AUTHORITY_SOURCE|EVIDENCE_GROUNDED|EXACT_MPN_MATCH|MANUFACTURER_VERIFIED|DIRECT_SPECIFICATION_MATCH|VALIDATION_PASS,EV-cb5b8f43,SRC-79b46cf7,verified,2026-08-16T12:53:07.485086+00:00
PROD-0214,length,12 ft,1.0,100,AUTO_APPROVE,1.0,1.0,1.0,,1.0,1.0,OFFICIAL_MANUFACTURER_SOURCE|HIGH_AUTHORITY_SOURCE|EVIDENCE_GROUNDED|EXACT_MPN_MATCH|MANUFACTURER_VERIFIED|DIRECT_SPECIFICATION_MATCH|UOM_VALID|VALIDATION_PASS,EV-a1282509,SRC-79b46cf7,verified,2026-08-16T12:53:07.485100+00:00
PROD-0214,material,PVC,1.0,100,AUTO_APPROVE,1.0,1.0,1.0,1.0,,1.0,OFFICIAL_MANUFACTURER_SOURCE|HIGH_AUTHORITY_SOURCE|EVIDENCE_GROUNDED|EXACT_MPN_MATCH|MANUFACTURER_VERIFIED|DIRECT_SPECIFICATION_MATCH|LOV_VALID|VALIDATION_PASS,EV-c6eaa082,SRC-79b46cf7,verified,2026-08-16T12:53:07.485113+00:00
PROD-0214,width_profile,1x6,1.0,100,AUTO_APPROVE,1.0,1.0,1.0,,1.0,1.0,OFFICIAL_MANUFACTURER_SOURCE|HIGH_AUTHORITY_SOURCE|EVIDENCE_GROUNDED|EXACT_MPN_MATCH|MANUFACTURER_VERIFIED|DIRECT_SPECIFICATION_MATCH|UOM_VALID|VALIDATION_PASS,EV-1e11eb91,SRC-79b46cf7,verified,2026-08-16T12:53:07.485125+00:00
PROD-0215,color,Slate Gray,1.0,100,AUTO_APPROVE,1.0,1.0,1.0,,,1.0,OFFICIAL_MANUFACTURER_SOURCE|HIGH_AUTHORITY_SOURCE|EVIDENCE_GROUNDED|EXACT_MPN_MATCH|MANUFACTURER_VERIFIED|DIRECT_SPECIFICATION_MATCH|VALIDATION_PASS,EV-9d4555d6,SRC-7152683e,verified,2026-08-16T12:53:07.485191+00:00
PROD-0215,edge_profile,Grooved,1.0,100,AUTO_APPROVE,1.0,1.0,1.0,,,1.0,OFFICIAL_MANUFACTURER_SOURCE|HIGH_AUTHORITY_SOURCE|EVIDENCE_GROUNDED|EXACT_MPN_MATCH|MANUFACTURER_VERIFIED|DIRECT_SPECIFICATION_MATCH|VALIDATION_PASS,EV-7f6a169d,SRC-7152683e,verified,2026-08-16T12:53:07.485206+00:00
PROD-0215,length,12 ft,1.0,100,AUTO_APPROVE,1.0,1.0,1.0,,1.0,1.0,OFFICIAL_MANUFACTURER_SOURCE|HIGH_AUTHORITY_SOURCE|EVIDENCE_GROUNDED|EXACT_MPN_MATCH|MANUFACTURER_VERIFIED|DIRECT_SPECIFICATION_MATCH|UOM_VALID|VALIDATION_PASS,EV-0c27cb74,SRC-7152683e,verified,2026-08-16T12:53:07.485219+00:00
PROD-0215,material,PVC,1.0,100,AUTO_APPROVE,1.0,1.0,1.0,1.0,,1.0,OFFICIAL_MANUFACTURER_SOURCE|HIGH_AUTHORITY_SOURCE|EVIDENCE_GROUNDED|EXACT_MPN_MATCH|MANUFACTURER_VERIFIED|DIRECT_SPECIFICATION_MATCH|LOV_VALID|VALIDATION_PASS,EV-45343855,SRC-7152683e,verified,2026-08-16T12:53:07.485233+00:00
PROD-0215,width_profile,1x6,1.0,100,AUTO_APPROVE,1.0,1.0,1.0,,1.0,1.0,OFFICIAL_MANUFACTURER_SOURCE|HIGH_AUTHORITY_SOURCE|EVIDENCE_GROUNDED|EXACT_MPN_MATCH|MANUFACTURER_VERIFIED|DIRECT_SPECIFICATION_MATCH|UOM_VALID|VALIDATION_PASS,EV-63a31fa9,SRC-7152683e,verified,2026-08-16T12:53:07.485245+00:00
PROD-0216,color,Slate Gray,1.0,100,AUTO_APPROVE,1.0,1.0,1.0,,,1.0,OFFICIAL_MANUFACTURER_SOURCE|HIGH_AUTHORITY_SOURCE|EVIDENCE_GROUNDED|EXACT_MPN_MATCH|MANUFACTURER_VERIFIED|DIRECT_SPECIFICATION_MATCH|VALIDATION_PASS,EV-83fe3e82,SRC-c49319fa,verified,2026-08-16T12:53:07.485311+00:00
PROD-0216,edge_profile,Grooved,1.0,100,AUTO_APPROVE,1.0,1.0,1.0,,,1.0,OFFICIAL_MANUFACTURER_SOURCE|HIGH_AUTHORITY_SOURCE|EVIDENCE_GROUNDED|EXACT_MPN_MATCH|MANUFACTURER_VERIFIED|DIRECT_SPECIFICATION_MATCH|VALIDATION_PASS,EV-820f18d7,SRC-c49319fa,verified,2026-08-16T12:53:07.485326+00:00
PROD-0216,length,12 ft,1.0,100,AUTO_APPROVE,1.0,1.0,1.0,,1.0,1.0,OFFICIAL_MANUFACTURER_SOURCE|HIGH_AUTHORITY_SOURCE|EVIDENCE_GROUNDED|EXACT_MPN_MATCH|MANUFACTURER_VERIFIED|DIRECT_SPECIFICATION_MATCH|UOM_VALID|VALIDATION_PASS,EV-0c1ecb9f,SRC-c49319fa,verified,2026-08-16T12:53:07.485340+00:00
PROD-0216,material,PVC,1.0,100,AUTO_APPROVE,1.0,1.0,1.0,1.0,,1.0,OFFICIAL_MANUFACTURER_SOURCE|HIGH_AUTHORITY_SOURCE|EVIDENCE_GROUNDED|EXACT_MPN_MATCH|MANUFACTURER_VERIFIED|DIRECT_SPECIFICATION_MATCH|LOV_VALID|VALIDATION_PASS,EV-e8895c44,SRC-c49319fa,verified,2026-08-16T12:53:07.485353+00:00
PROD-0216,width_profile,1x6,1.0,100,AUTO_APPROVE,1.0,1.0,1.0,,1.0,1.0,OFFICIAL_MANUFACTURER_SOURCE|HIGH_AUTHORITY_SOURCE|EVIDENCE_GROUNDED|EXACT_MPN_MATCH|MANUFACTURER_VERIFIED|DIRECT_SPECIFICATION_MATCH|UOM_VALID|VALIDATION_PASS,EV-6ae6fcc0,SRC-c49319fa,verified,2026-08-16T12:53:07.485365+00:00
PROD-0217,color,Slate Gray,1.0,100,AUTO_APPROVE,1.0,1.0,1.0,,,1.0,OFFICIAL_MANUFACTURER_SOURCE|HIGH_AUTHORITY_SOURCE|EVIDENCE_GROUNDED|EXACT_MPN_MATCH|MANUFACTURER_VERIFIED|DIRECT_SPECIFICATION_MATCH|VALIDATION_PASS,EV-50608238,SRC-7dc5ae98,verified,2026-08-16T12:53:07.485432+00:00
PROD-0217,edge_profile,Grooved,1.0,100,AUTO_APPROVE,1.0,1.0,1.0,,,1.0,OFFICIAL_MANUFACTURER_SOURCE|HIGH_AUTHORITY_SOURCE|EVIDENCE_GROUNDED|EXACT_MPN_MATCH|MANUFACTURER_VERIFIED|DIRECT_SPECIFICATION_MATCH|VALIDATION_PASS,EV-ef96e400,SRC-7dc5ae98,verified,2026-08-16T12:53:07.485447+00:00
PROD-0217,length,12 ft,1.0,100,AUTO_APPROVE,1.0,1.0,1.0,,1.0,1.0,OFFICIAL_MANUFACTURER_SOURCE|HIGH_AUTHORITY_SOURCE|EVIDENCE_GROUNDED|EXACT_MPN_MATCH|MANUFACTURER_VERIFIED|DIRECT_SPECIFICATION_MATCH|UOM_VALID|VALIDATION_PASS,EV-31d62e58,SRC-7dc5ae98,verified,2026-08-16T12:53:07.485461+00:00
PROD-0217,material,PVC,1.0,100,AUTO_APPROVE,1.0,1.0,1.0,1.0,,1.0,OFFICIAL_MANUFACTURER_SOURCE|HIGH_AUTHORITY_SOURCE|EVIDENCE_GROUNDED|EXACT_MPN_MATCH|MANUFACTURER_VERIFIED|DIRECT_SPECIFICATION_MATCH|LOV_VALID|VALIDATION_PASS,EV-6e00b217,SRC-7dc5ae98,verified,2026-08-16T12:53:07.485474+00:00
PROD-0217,width_profile,1x6,1.0,100,AUTO_APPROVE,1.0,1.0,1.0,,1.0,1.0,OFFICIAL_MANUFACTURER_SOURCE|HIGH_AUTHORITY_SOURCE|EVIDENCE_GROUNDED|EXACT_MPN_MATCH|MANUFACTURER_VERIFIED|DIRECT_SPECIFICATION_MATCH|UOM_VALID|VALIDATION_PASS,EV-dd523d60,SRC-7dc5ae98,verified,2026-08-16T12:53:07.485486+00:00
PROD-0218,color,Slate Gray,1.0,100,AUTO_APPROVE,1.0,1.0,1.0,,,1.0,OFFICIAL_MANUFACTURER_SOURCE|HIGH_AUTHORITY_SOURCE|EVIDENCE_GROUNDED|EXACT_MPN_MATCH|MANUFACTURER_VERIFIED|DIRECT_SPECIFICATION_MATCH|VALIDATION_PASS,EV-6ae39ee5,SRC-57f395a3,verified,2026-08-16T12:53:07.485551+00:00
PROD-0218,edge_profile,Grooved,1.0,100,AUTO_APPROVE,1.0,1.0,1.0,,,1.0,OFFICIAL_MANUFACTURER_SOURCE|HIGH_AUTHORITY_SOURCE|EVIDENCE_GROUNDED|EXACT_MPN_MATCH|MANUFACTURER_VERIFIED|DIRECT_SPECIFICATION_MATCH|VALIDATION_PASS,EV-38ca08a3,SRC-57f395a3,verified,2026-08-16T12:53:07.485566+00:00
PROD-0218,length,12 ft,1.0,100,AUTO_APPROVE,1.0,1.0,1.0,,1.0,1.0,OFFICIAL_MANUFACTURER_SOURCE|HIGH_AUTHORITY_SOURCE|EVIDENCE_GROUNDED|EXACT_MPN_MATCH|MANUFACTURER_VERIFIED|DIRECT_SPECIFICATION_MATCH|UOM_VALID|VALIDATION_PASS,EV-2be244ac,SRC-57f395a3,verified,2026-08-16T12:53:07.485579+00:00
PROD-0218,material,PVC,1.0,100,AUTO_APPROVE,1.0,1.0,1.0,1.0,,1.0,OFFICIAL_MANUFACTURER_SOURCE|HIGH_AUTHORITY_SOURCE|EVIDENCE_GROUNDED|EXACT_MPN_MATCH|MANUFACTURER_VERIFIED|DIRECT_SPECIFICATION_MATCH|LOV_VALID|VALIDATION_PASS,EV-fc3c29be,SRC-57f395a3,verified,2026-08-16T12:53:07.485603+00:00
PROD-0218,width_profile,1x6,1.0,100,AUTO_APPROVE,1.0,1.0,1.0,,1.0,1.0,OFFICIAL_MANUFACTURER_SOURCE|HIGH_AUTHORITY_SOURCE|EVIDENCE_GROUNDED|EXACT_MPN_MATCH|MANUFACTURER_VERIFIED|DIRECT_SPECIFICATION_MATCH|UOM_VALID|VALIDATION_PASS,EV-1835bb2d,SRC-57f395a3,verified,2026-08-16T12:53:07.485616+00:00
PROD-0219,color,Slate Gray,1.0,100,AUTO_APPROVE,1.0,1.0,1.0,,,1.0,OFFICIAL_MANUFACTURER_SOURCE|HIGH_AUTHORITY_SOURCE|EVIDENCE_GROUNDED|EXACT_MPN_MATCH|MANUFACTURER_VERIFIED|DIRECT_SPECIFICATION_MATCH|VALIDATION_PASS,EV-817f2a5d,SRC-09d2ef62,verified,2026-08-16T12:53:07.485681+00:00
PROD-0219,edge_profile,Grooved,1.0,100,AUTO_APPROVE,1.0,1.0,1.0,,,1.0,OFFICIAL_MANUFACTURER_SOURCE|HIGH_AUTHORITY_SOURCE|EVIDENCE_GROUNDED|EXACT_MPN_MATCH|MANUFACTURER_VERIFIED|DIRECT_SPECIFICATION_MATCH|VALIDATION_PASS,EV-22f9d8fc,SRC-09d2ef62,verified,2026-08-16T12:53:07.485697+00:00
PROD-0219,length,12 ft,1.0,100,AUTO_APPROVE,1.0,1.0,1.0,,1.0,1.0,OFFICIAL_MANUFACTURER_SOURCE|HIGH_AUTHORITY_SOURCE|EVIDENCE_GROUNDED|EXACT_MPN_MATCH|MANUFACTURER_VERIFIED|DIRECT_SPECIFICATION_MATCH|UOM_VALID|VALIDATION_PASS,EV-fd8e99da,SRC-09d2ef62,verified,2026-08-16T12:53:07.485711+00:00
PROD-0219,material,PVC,1.0,100,AUTO_APPROVE,1.0,1.0,1.0,1.0,,1.0,OFFICIAL_MANUFACTURER_SOURCE|HIGH_AUTHORITY_SOURCE|EVIDENCE_GROUNDED|EXACT_MPN_MATCH|MANUFACTURER_VERIFIED|DIRECT_SPECIFICATION_MATCH|LOV_VALID|VALIDATION_PASS,EV-bbac76bc,SRC-09d2ef62,verified,2026-08-16T12:53:07.485724+00:00
PROD-0219,width_profile,1x6,1.0,100,AUTO_APPROVE,1.0,1.0,1.0,,1.0,1.0,OFFICIAL_MANUFACTURER_SOURCE|HIGH_AUTHORITY_SOURCE|EVIDENCE_GROUNDED|EXACT_MPN_MATCH|MANUFACTURER_VERIFIED|DIRECT_SPECIFICATION_MATCH|UOM_VALID|VALIDATION_PASS,EV-39714efb,SRC-09d2ef62,verified,2026-08-16T12:53:07.485736+00:00
PROD-0220,color,Slate Gray,1.0,100,AUTO_APPROVE,1.0,1.0,1.0,,,1.0,OFFICIAL_MANUFACTURER_SOURCE|HIGH_AUTHORITY_SOURCE|EVIDENCE_GROUNDED|EXACT_MPN_MATCH|MANUFACTURER_VERIFIED|DIRECT_SPECIFICATION_MATCH|VALIDATION_PASS,EV-ee7c70ef,SRC-33d2b094,verified,2026-08-16T12:53:07.485807+00:00
PROD-0220,edge_profile,Grooved,1.0,100,AUTO_APPROVE,1.0,1.0,1.0,,,1.0,OFFICIAL_MANUFACTURER_SOURCE|HIGH_AUTHORITY_SOURCE|EVIDENCE_GROUNDED|EXACT_MPN_MATCH|MANUFACTURER_VERIFIED|DIRECT_SPECIFICATION_MATCH|VALIDATION_PASS,EV-9e60d2be,SRC-33d2b094,verified,2026-08-16T12:53:07.485822+00:00
PROD-0220,length,12 ft,1.0,100,AUTO_APPROVE,1.0,1.0,1.0,,1.0,1.0,OFFICIAL_MANUFACTURER_SOURCE|HIGH_AUTHORITY_SOURCE|EVIDENCE_GROUNDED|EXACT_MPN_MATCH|MANUFACTURER_VERIFIED|DIRECT_SPECIFICATION_MATCH|UOM_VALID|VALIDATION_PASS,EV-2244b8c2,SRC-33d2b094,verified,2026-08-16T12:53:07.485836+00:00
PROD-0220,material,PVC,1.0,100,AUTO_APPROVE,1.0,1.0,1.0,1.0,,1.0,OFFICIAL_MANUFACTURER_SOURCE|HIGH_AUTHORITY_SOURCE|EVIDENCE_GROUNDED|EXACT_MPN_MATCH|MANUFACTURER_VERIFIED|DIRECT_SPECIFICATION_MATCH|LOV_VALID|VALIDATION_PASS,EV-42afd5ab,SRC-33d2b094,verified,2026-08-16T12:53:07.485848+00:00
PROD-0220,width_profile,1x6,1.0,100,AUTO_APPROVE,1.0,1.0,1.0,,1.0,1.0,OFFICIAL_MANUFACTURER_SOURCE|HIGH_AUTHORITY_SOURCE|EVIDENCE_GROUNDED|EXACT_MPN_MATCH|MANUFACTURER_VERIFIED|DIRECT_SPECIFICATION_MATCH|UOM_VALID|VALIDATION_PASS,EV-9a4cec49,SRC-33d2b094,verified,2026-08-16T12:53:07.485859+00:00
PROD-0221,color,Slate Gray,1.0,100,AUTO_APPROVE,1.0,1.0,1.0,,,1.0,OFFICIAL_MANUFACTURER_SOURCE|HIGH_AUTHORITY_SOURCE|EVIDENCE_GROUNDED|EXACT_MPN_MATCH|MANUFACTURER_VERIFIED|DIRECT_SPECIFICATION_MATCH|VALIDATION_PASS,EV-b2447094,SRC-596c74d0,verified,2026-08-16T12:53:07.485927+00:00
PROD-0221,edge_profile,Grooved,1.0,100,AUTO_APPROVE,1.0,1.0,1.0,,,1.0,OFFICIAL_MANUFACTURER_SOURCE|HIGH_AUTHORITY_SOURCE|EVIDENCE_GROUNDED|EXACT_MPN_MATCH|MANUFACTURER_VERIFIED|DIRECT_SPECIFICATION_MATCH|VALIDATION_PASS,EV-4c912921,SRC-596c74d0,verified,2026-08-16T12:53:07.485942+00:00
PROD-0221,length,12 ft,1.0,100,AUTO_APPROVE,1.0,1.0,1.0,,1.0,1.0,OFFICIAL_MANUFACTURER_SOURCE|HIGH_AUTHORITY_SOURCE|EVIDENCE_GROUNDED|EXACT_MPN_MATCH|MANUFACTURER_VERIFIED|DIRECT_SPECIFICATION_MATCH|UOM_VALID|VALIDATION_PASS,EV-3e2a5be4,SRC-596c74d0,verified,2026-08-16T12:53:07.485955+00:00
PROD-0221,material,PVC,1.0,100,AUTO_APPROVE,1.0,1.0,1.0,1.0,,1.0,OFFICIAL_MANUFACTURER_SOURCE|HIGH_AUTHORITY_SOURCE|EVIDENCE_GROUNDED|EXACT_MPN_MATCH|MANUFACTURER_VERIFIED|DIRECT_SPECIFICATION_MATCH|LOV_VALID|VALIDATION_PASS,EV-aeeed6e2,SRC-596c74d0,verified,2026-08-16T12:53:07.485967+00:00
PROD-0221,width_profile,1x6,1.0,100,AUTO_APPROVE,1.0,1.0,1.0,,1.0,1.0,OFFICIAL_MANUFACTURER_SOURCE|HIGH_AUTHORITY_SOURCE|EVIDENCE_GROUNDED|EXACT_MPN_MATCH|MANUFACTURER_VERIFIED|DIRECT_SPECIFICATION_MATCH|UOM_VALID|VALIDATION_PASS,EV-8f3c27fd,SRC-596c74d0,verified,2026-08-16T12:53:07.485980+00:00
PROD-0222,color,Slate Gray,1.0,100,AUTO_APPROVE,1.0,1.0,1.0,,,1.0,OFFICIAL_MANUFACTURER_SOURCE|HIGH_AUTHORITY_SOURCE|EVIDENCE_GROUNDED|EXACT_MPN_MATCH|MANUFACTURER_VERIFIED|DIRECT_SPECIFICATION_MATCH|VALIDATION_PASS,EV-2d610002,SRC-2179c4fd,verified,2026-08-16T12:53:07.486046+00:00
PROD-0222,edge_profile,Grooved,1.0,100,AUTO_APPROVE,1.0,1.0,1.0,,,1.0,OFFICIAL_MANUFACTURER_SOURCE|HIGH_AUTHORITY_SOURCE|EVIDENCE_GROUNDED|EXACT_MPN_MATCH|MANUFACTURER_VERIFIED|DIRECT_SPECIFICATION_MATCH|VALIDATION_PASS,EV-19e56d2d,SRC-2179c4fd,verified,2026-08-16T12:53:07.486061+00:00
PROD-0222,length,12 ft,1.0,100,AUTO_APPROVE,1.0,1.0,1.0,,1.0,1.0,OFFICIAL_MANUFACTURER_SOURCE|HIGH_AUTHORITY_SOURCE|EVIDENCE_GROUNDED|EXACT_MPN_MATCH|MANUFACTURER_VERIFIED|DIRECT_SPECIFICATION_MATCH|UOM_VALID|VALIDATION_PASS,EV-a5afda07,SRC-2179c4fd,verified,2026-08-16T12:53:07.486074+00:00
PROD-0222,material,PVC,1.0,100,AUTO_APPROVE,1.0,1.0,1.0,1.0,,1.0,OFFICIAL_MANUFACTURER_SOURCE|HIGH_AUTHORITY_SOURCE|EVIDENCE_GROUNDED|EXACT_MPN_MATCH|MANUFACTURER_VERIFIED|DIRECT_SPECIFICATION_MATCH|LOV_VALID|VALIDATION_PASS,EV-900821b3,SRC-2179c4fd,verified,2026-08-16T12:53:07.486087+00:00
PROD-0222,width_profile,1x6,1.0,100,AUTO_APPROVE,1.0,1.0,1.0,,1.0,1.0,OFFICIAL_MANUFACTURER_SOURCE|HIGH_AUTHORITY_SOURCE|EVIDENCE_GROUNDED|EXACT_MPN_MATCH|MANUFACTURER_VERIFIED|DIRECT_SPECIFICATION_MATCH|UOM_VALID|VALIDATION_PASS,EV-d465731c,SRC-2179c4fd,verified,2026-08-16T12:53:07.486100+00:00
PROD-0223,color,Slate Gray,1.0,100,AUTO_APPROVE,1.0,1.0,1.0,,,1.0,OFFICIAL_MANUFACTURER_SOURCE|HIGH_AUTHORITY_SOURCE|EVIDENCE_GROUNDED|EXACT_MPN_MATCH|MANUFACTURER_VERIFIED|DIRECT_SPECIFICATION_MATCH|VALIDATION_PASS,EV-a2933de1,SRC-797b6f2e,verified,2026-08-16T12:53:07.486166+00:00
PROD-0223,edge_profile,Grooved,1.0,100,AUTO_APPROVE,1.0,1.0,1.0,,,1.0,OFFICIAL_MANUFACTURER_SOURCE|HIGH_AUTHORITY_SOURCE|EVIDENCE_GROUNDED|EXACT_MPN_MATCH|MANUFACTURER_VERIFIED|DIRECT_SPECIFICATION_MATCH|VALIDATION_PASS,EV-06b7a3ab,SRC-797b6f2e,verified,2026-08-16T12:53:07.486181+00:00
PROD-0223,length,12 ft,1.0,100,AUTO_APPROVE,1.0,1.0,1.0,,1.0,1.0,OFFICIAL_MANUFACTURER_SOURCE|HIGH_AUTHORITY_SOURCE|EVIDENCE_GROUNDED|EXACT_MPN_MATCH|MANUFACTURER_VERIFIED|DIRECT_SPECIFICATION_MATCH|UOM_VALID|VALIDATION_PASS,EV-9ce99a93,SRC-797b6f2e,verified,2026-08-16T12:53:07.486195+00:00
PROD-0223,material,PVC,1.0,100,AUTO_APPROVE,1.0,1.0,1.0,1.0,,1.0,OFFICIAL_MANUFACTURER_SOURCE|HIGH_AUTHORITY_SOURCE|EVIDENCE_GROUNDED|EXACT_MPN_MATCH|MANUFACTURER_VERIFIED|DIRECT_SPECIFICATION_MATCH|LOV_VALID|VALIDATION_PASS,EV-17d5493d,SRC-797b6f2e,verified,2026-08-16T12:53:07.486209+00:00
PROD-0223,width_profile,1x6,1.0,100,AUTO_APPROVE,1.0,1.0,1.0,,1.0,1.0,OFFICIAL_MANUFACTURER_SOURCE|HIGH_AUTHORITY_SOURCE|EVIDENCE_GROUNDED|EXACT_MPN_MATCH|MANUFACTURER_VERIFIED|DIRECT_SPECIFICATION_MATCH|UOM_VALID|VALIDATION_PASS,EV-3a19f8e8,SRC-797b6f2e,verified,2026-08-16T12:53:07.486221+00:00
PROD-0224,color,Slate Gray,1.0,100,AUTO_APPROVE,1.0,1.0,1.0,,,1.0,OFFICIAL_MANUFACTURER_SOURCE|HIGH_AUTHORITY_SOURCE|EVIDENCE_GROUNDED|EXACT_MPN_MATCH|MANUFACTURER_VERIFIED|DIRECT_SPECIFICATION_MATCH|VALIDATION_PASS,EV-282a91ea,SRC-7466ff92,verified,2026-08-16T12:53:07.486286+00:00
PROD-0224,edge_profile,Grooved,1.0,100,AUTO_APPROVE,1.0,1.0,1.0,,,1.0,OFFICIAL_MANUFACTURER_SOURCE|HIGH_AUTHORITY_SOURCE|EVIDENCE_GROUNDED|EXACT_MPN_MATCH|MANUFACTURER_VERIFIED|DIRECT_SPECIFICATION_MATCH|VALIDATION_PASS,EV-9b0e6e2f,SRC-7466ff92,verified,2026-08-16T12:53:07.486300+00:00
PROD-0224,length,12 ft,1.0,100,AUTO_APPROVE,1.0,1.0,1.0,,1.0,1.0,OFFICIAL_MANUFACTURER_SOURCE|HIGH_AUTHORITY_SOURCE|EVIDENCE_GROUNDED|EXACT_MPN_MATCH|MANUFACTURER_VERIFIED|DIRECT_SPECIFICATION_MATCH|UOM_VALID|VALIDATION_PASS,EV-8da88ab4,SRC-7466ff92,verified,2026-08-16T12:53:07.486314+00:00
PROD-0224,material,PVC,1.0,100,AUTO_APPROVE,1.0,1.0,1.0,1.0,,1.0,OFFICIAL_MANUFACTURER_SOURCE|HIGH_AUTHORITY_SOURCE|EVIDENCE_GROUNDED|EXACT_MPN_MATCH|MANUFACTURER_VERIFIED|DIRECT_SPECIFICATION_MATCH|LOV_VALID|VALIDATION_PASS,EV-59f41b44,SRC-7466ff92,verified,2026-08-16T12:53:07.486326+00:00
PROD-0224,width_profile,1x6,1.0,100,AUTO_APPROVE,1.0,1.0,1.0,,1.0,1.0,OFFICIAL_MANUFACTURER_SOURCE|HIGH_AUTHORITY_SOURCE|EVIDENCE_GROUNDED|EXACT_MPN_MATCH|MANUFACTURER_VERIFIED|DIRECT_SPECIFICATION_MATCH|UOM_VALID|VALIDATION_PASS,EV-3e3bdca4,SRC-7466ff92,verified,2026-08-16T12:53:07.486338+00:00
PROD-0225,color,Slate Gray,1.0,100,AUTO_APPROVE,1.0,1.0,1.0,,,1.0,OFFICIAL_MANUFACTURER_SOURCE|HIGH_AUTHORITY_SOURCE|EVIDENCE_GROUNDED|EXACT_MPN_MATCH|MANUFACTURER_VERIFIED|DIRECT_SPECIFICATION_MATCH|VALIDATION_PASS,EV-595b381c,SRC-11ce1752,verified,2026-08-16T12:53:07.486403+00:00
PROD-0225,edge_profile,Grooved,1.0,100,AUTO_APPROVE,1.0,1.0,1.0,,,1.0,OFFICIAL_MANUFACTURER_SOURCE|HIGH_AUTHORITY_SOURCE|EVIDENCE_GROUNDED|EXACT_MPN_MATCH|MANUFACTURER_VERIFIED|DIRECT_SPECIFICATION_MATCH|VALIDATION_PASS,EV-6dbaf3b0,SRC-11ce1752,verified,2026-08-16T12:53:07.486418+00:00
PROD-0225,length,12 ft,1.0,100,AUTO_APPROVE,1.0,1.0,1.0,,1.0,1.0,OFFICIAL_MANUFACTURER_SOURCE|HIGH_AUTHORITY_SOURCE|EVIDENCE_GROUNDED|EXACT_MPN_MATCH|MANUFACTURER_VERIFIED|DIRECT_SPECIFICATION_MATCH|UOM_VALID|VALIDATION_PASS,EV-c29348a4,SRC-11ce1752,verified,2026-08-16T12:53:07.486432+00:00
PROD-0225,material,PVC,1.0,100,AUTO_APPROVE,1.0,1.0,1.0,1.0,,1.0,OFFICIAL_MANUFACTURER_SOURCE|HIGH_AUTHORITY_SOURCE|EVIDENCE_GROUNDED|EXACT_MPN_MATCH|MANUFACTURER_VERIFIED|DIRECT_SPECIFICATION_MATCH|LOV_VALID|VALIDATION_PASS,EV-a1622134,SRC-11ce1752,verified,2026-08-16T12:53:07.486444+00:00
PROD-0225,width_profile,1x6,1.0,100,AUTO_APPROVE,1.0,1.0,1.0,,1.0,1.0,OFFICIAL_MANUFACTURER_SOURCE|HIGH_AUTHORITY_SOURCE|EVIDENCE_GROUNDED|EXACT_MPN_MATCH|MANUFACTURER_VERIFIED|DIRECT_SPECIFICATION_MATCH|UOM_VALID|VALIDATION_PASS,EV-9ec5c628,SRC-11ce1752,verified,2026-08-16T12:53:07.486458+00:00
PROD-0226,color,Slate Gray,1.0,100,AUTO_APPROVE,1.0,1.0,1.0,,,1.0,OFFICIAL_MANUFACTURER_SOURCE|HIGH_AUTHORITY_SOURCE|EVIDENCE_GROUNDED|EXACT_MPN_MATCH|MANUFACTURER_VERIFIED|DIRECT_SPECIFICATION_MATCH|VALIDATION_PASS,EV-f432414f,SRC-270e8497,verified,2026-08-16T12:53:07.486524+00:00
PROD-0226,edge_profile,Grooved,1.0,100,AUTO_APPROVE,1.0,1.0,1.0,,,1.0,OFFICIAL_MANUFACTURER_SOURCE|HIGH_AUTHORITY_SOURCE|EVIDENCE_GROUNDED|EXACT_MPN_MATCH|MANUFACTURER_VERIFIED|DIRECT_SPECIFICATION_MATCH|VALIDATION_PASS,EV-628bef62,SRC-270e8497,verified,2026-08-16T12:53:07.486538+00:00
PROD-0226,length,12 ft,1.0,100,AUTO_APPROVE,1.0,1.0,1.0,,1.0,1.0,OFFICIAL_MANUFACTURER_SOURCE|HIGH_AUTHORITY_SOURCE|EVIDENCE_GROUNDED|EXACT_MPN_MATCH|MANUFACTURER_VERIFIED|DIRECT_SPECIFICATION_MATCH|UOM_VALID|VALIDATION_PASS,EV-656ecce9,SRC-270e8497,verified,2026-08-16T12:53:07.486551+00:00
PROD-0226,material,PVC,1.0,100,AUTO_APPROVE,1.0,1.0,1.0,1.0,,1.0,OFFICIAL_MANUFACTURER_SOURCE|HIGH_AUTHORITY_SOURCE|EVIDENCE_GROUNDED|EXACT_MPN_MATCH|MANUFACTURER_VERIFIED|DIRECT_SPECIFICATION_MATCH|LOV_VALID|VALIDATION_PASS,EV-0feb2a73,SRC-270e8497,verified,2026-08-16T12:53:07.486564+00:00
PROD-0226,width_profile,1x6,1.0,100,AUTO_APPROVE,1.0,1.0,1.0,,1.0,1.0,OFFICIAL_MANUFACTURER_SOURCE|HIGH_AUTHORITY_SOURCE|EVIDENCE_GROUNDED|EXACT_MPN_MATCH|MANUFACTURER_VERIFIED|DIRECT_SPECIFICATION_MATCH|UOM_VALID|VALIDATION_PASS,EV-bf9769a4,SRC-270e8497,verified,2026-08-16T12:53:07.486576+00:00
PROD-0227,color,Slate Gray,1.0,100,AUTO_APPROVE,1.0,1.0,1.0,,,1.0,OFFICIAL_MANUFACTURER_SOURCE|HIGH_AUTHORITY_SOURCE|EVIDENCE_GROUNDED|EXACT_MPN_MATCH|MANUFACTURER_VERIFIED|DIRECT_SPECIFICATION_MATCH|VALIDATION_PASS,EV-662b6962,SRC-fa02d9c6,verified,2026-08-16T12:53:07.486646+00:00
PROD-0227,edge_profile,Grooved,1.0,100,AUTO_APPROVE,1.0,1.0,1.0,,,1.0,OFFICIAL_MANUFACTURER_SOURCE|HIGH_AUTHORITY_SOURCE|EVIDENCE_GROUNDED|EXACT_MPN_MATCH|MANUFACTURER_VERIFIED|DIRECT_SPECIFICATION_MATCH|VALIDATION_PASS,EV-bcc25ee4,SRC-fa02d9c6,verified,2026-08-16T12:53:07.486662+00:00
PROD-0227,length,12 ft,1.0,100,AUTO_APPROVE,1.0,1.0,1.0,,1.0,1.0,OFFICIAL_MANUFACTURER_SOURCE|HIGH_AUTHORITY_SOURCE|EVIDENCE_GROUNDED|EXACT_MPN_MATCH|MANUFACTURER_VERIFIED|DIRECT_SPECIFICATION_MATCH|UOM_VALID|VALIDATION_PASS,EV-5f7119d5,SRC-fa02d9c6,verified,2026-08-16T12:53:07.486675+00:00
PROD-0227,material,PVC,1.0,100,AUTO_APPROVE,1.0,1.0,1.0,1.0,,1.0,OFFICIAL_MANUFACTURER_SOURCE|HIGH_AUTHORITY_SOURCE|EVIDENCE_GROUNDED|EXACT_MPN_MATCH|MANUFACTURER_VERIFIED|DIRECT_SPECIFICATION_MATCH|LOV_VALID|VALIDATION_PASS,EV-b1d37796,SRC-fa02d9c6,verified,2026-08-16T12:53:07.486688+00:00
PROD-0227,width_profile,1x6,1.0,100,AUTO_APPROVE,1.0,1.0,1.0,,1.0,1.0,OFFICIAL_MANUFACTURER_SOURCE|HIGH_AUTHORITY_SOURCE|EVIDENCE_GROUNDED|EXACT_MPN_MATCH|MANUFACTURER_VERIFIED|DIRECT_SPECIFICATION_MATCH|UOM_VALID|VALIDATION_PASS,EV-b0a18a76,SRC-fa02d9c6,verified,2026-08-16T12:53:07.486699+00:00
PROD-0228,color,Slate Gray,1.0,100,AUTO_APPROVE,1.0,1.0,1.0,,,1.0,OFFICIAL_MANUFACTURER_SOURCE|HIGH_AUTHORITY_SOURCE|EVIDENCE_GROUNDED|EXACT_MPN_MATCH|MANUFACTURER_VERIFIED|DIRECT_SPECIFICATION_MATCH|VALIDATION_PASS,EV-34c417c1,SRC-161fd77c,verified,2026-08-16T12:53:07.486764+00:00
PROD-0228,edge_profile,Grooved,1.0,100,AUTO_APPROVE,1.0,1.0,1.0,,,1.0,OFFICIAL_MANUFACTURER_SOURCE|HIGH_AUTHORITY_SOURCE|EVIDENCE_GROUNDED|EXACT_MPN_MATCH|MANUFACTURER_VERIFIED|DIRECT_SPECIFICATION_MATCH|VALIDATION_PASS,EV-3d8ae4f6,SRC-161fd77c,verified,2026-08-16T12:53:07.486778+00:00
PROD-0228,length,12 ft,1.0,100,AUTO_APPROVE,1.0,1.0,1.0,,1.0,1.0,OFFICIAL_MANUFACTURER_SOURCE|HIGH_AUTHORITY_SOURCE|EVIDENCE_GROUNDED|EXACT_MPN_MATCH|MANUFACTURER_VERIFIED|DIRECT_SPECIFICATION_MATCH|UOM_VALID|VALIDATION_PASS,EV-0c0e5d3e,SRC-161fd77c,verified,2026-08-16T12:53:07.486792+00:00
PROD-0228,material,PVC,1.0,100,AUTO_APPROVE,1.0,1.0,1.0,1.0,,1.0,OFFICIAL_MANUFACTURER_SOURCE|HIGH_AUTHORITY_SOURCE|EVIDENCE_GROUNDED|EXACT_MPN_MATCH|MANUFACTURER_VERIFIED|DIRECT_SPECIFICATION_MATCH|LOV_VALID|VALIDATION_PASS,EV-5c4507e3,SRC-161fd77c,verified,2026-08-16T12:53:07.486808+00:00
PROD-0228,width_profile,1x6,1.0,100,AUTO_APPROVE,1.0,1.0,1.0,,1.0,1.0,OFFICIAL_MANUFACTURER_SOURCE|HIGH_AUTHORITY_SOURCE|EVIDENCE_GROUNDED|EXACT_MPN_MATCH|MANUFACTURER_VERIFIED|DIRECT_SPECIFICATION_MATCH|UOM_VALID|VALIDATION_PASS,EV-892e5f51,SRC-161fd77c,verified,2026-08-16T12:53:07.486819+00:00
PROD-0229,color,Slate Gray,1.0,100,AUTO_APPROVE,1.0,1.0,1.0,,,1.0,OFFICIAL_MANUFACTURER_SOURCE|HIGH_AUTHORITY_SOURCE|EVIDENCE_GROUNDED|EXACT_MPN_MATCH|MANUFACTURER_VERIFIED|DIRECT_SPECIFICATION_MATCH|VALIDATION_PASS,EV-ad667139,SRC-538c43f5,verified,2026-08-16T12:53:07.486893+00:00
PROD-0229,edge_profile,Grooved,1.0,100,AUTO_APPROVE,1.0,1.0,1.0,,,1.0,OFFICIAL_MANUFACTURER_SOURCE|HIGH_AUTHORITY_SOURCE|EVIDENCE_GROUNDED|EXACT_MPN_MATCH|MANUFACTURER_VERIFIED|DIRECT_SPECIFICATION_MATCH|VALIDATION_PASS,EV-db161726,SRC-538c43f5,verified,2026-08-16T12:53:07.486909+00:00
PROD-0229,length,12 ft,1.0,100,AUTO_APPROVE,1.0,1.0,1.0,,1.0,1.0,OFFICIAL_MANUFACTURER_SOURCE|HIGH_AUTHORITY_SOURCE|EVIDENCE_GROUNDED|EXACT_MPN_MATCH|MANUFACTURER_VERIFIED|DIRECT_SPECIFICATION_MATCH|UOM_VALID|VALIDATION_PASS,EV-b8f5633e,SRC-538c43f5,verified,2026-08-16T12:53:07.486924+00:00
PROD-0229,material,PVC,1.0,100,AUTO_APPROVE,1.0,1.0,1.0,1.0,,1.0,OFFICIAL_MANUFACTURER_SOURCE|HIGH_AUTHORITY_SOURCE|EVIDENCE_GROUNDED|EXACT_MPN_MATCH|MANUFACTURER_VERIFIED|DIRECT_SPECIFICATION_MATCH|LOV_VALID|VALIDATION_PASS,EV-c685e455,SRC-538c43f5,verified,2026-08-16T12:53:07.486936+00:00
PROD-0229,width_profile,1x6,1.0,100,AUTO_APPROVE,1.0,1.0,1.0,,1.0,1.0,OFFICIAL_MANUFACTURER_SOURCE|HIGH_AUTHORITY_SOURCE|EVIDENCE_GROUNDED|EXACT_MPN_MATCH|MANUFACTURER_VERIFIED|DIRECT_SPECIFICATION_MATCH|UOM_VALID|VALIDATION_PASS,EV-13a5a1a5,SRC-538c43f5,verified,2026-08-16T12:53:07.486948+00:00
PROD-0230,color,Slate Gray,1.0,100,AUTO_APPROVE,1.0,1.0,1.0,,,1.0,OFFICIAL_MANUFACTURER_SOURCE|HIGH_AUTHORITY_SOURCE|EVIDENCE_GROUNDED|EXACT_MPN_MATCH|MANUFACTURER_VERIFIED|DIRECT_SPECIFICATION_MATCH|VALIDATION_PASS,EV-afeacd91,SRC-8139fa87,verified,2026-08-16T12:53:07.487018+00:00
PROD-0230,edge_profile,Grooved,1.0,100,AUTO_APPROVE,1.0,1.0,1.0,,,1.0,OFFICIAL_MANUFACTURER_SOURCE|HIGH_AUTHORITY_SOURCE|EVIDENCE_GROUNDED|EXACT_MPN_MATCH|MANUFACTURER_VERIFIED|DIRECT_SPECIFICATION_MATCH|VALIDATION_PASS,EV-36542a8d,SRC-8139fa87,verified,2026-08-16T12:53:07.487033+00:00
PROD-0230,length,12 ft,1.0,100,AUTO_APPROVE,1.0,1.0,1.0,,1.0,1.0,OFFICIAL_MANUFACTURER_SOURCE|HIGH_AUTHORITY_SOURCE|EVIDENCE_GROUNDED|EXACT_MPN_MATCH|MANUFACTURER_VERIFIED|DIRECT_SPECIFICATION_MATCH|UOM_VALID|VALIDATION_PASS,EV-a28fde23,SRC-8139fa87,verified,2026-08-16T12:53:07.487047+00:00
PROD-0230,material,PVC,1.0,100,AUTO_APPROVE,1.0,1.0,1.0,1.0,,1.0,OFFICIAL_MANUFACTURER_SOURCE|HIGH_AUTHORITY_SOURCE|EVIDENCE_GROUNDED|EXACT_MPN_MATCH|MANUFACTURER_VERIFIED|DIRECT_SPECIFICATION_MATCH|LOV_VALID|VALIDATION_PASS,EV-38650407,SRC-8139fa87,verified,2026-08-16T12:53:07.487061+00:00
PROD-0230,width_profile,1x6,1.0,100,AUTO_APPROVE,1.0,1.0,1.0,,1.0,1.0,OFFICIAL_MANUFACTURER_SOURCE|HIGH_AUTHORITY_SOURCE|EVIDENCE_GROUNDED|EXACT_MPN_MATCH|MANUFACTURER_VERIFIED|DIRECT_SPECIFICATION_MATCH|UOM_VALID|VALIDATION_PASS,EV-afbbcd5d,SRC-8139fa87,verified,2026-08-16T12:53:07.487078+00:00
PROD-0231,color,Slate Gray,1.0,100,AUTO_APPROVE,1.0,1.0,1.0,,,1.0,OFFICIAL_MANUFACTURER_SOURCE|HIGH_AUTHORITY_SOURCE|EVIDENCE_GROUNDED|EXACT_MPN_MATCH|MANUFACTURER_VERIFIED|DIRECT_SPECIFICATION_MATCH|VALIDATION_PASS,EV-4c53df02,SRC-8dec29bb,verified,2026-08-16T12:53:07.487143+00:00
PROD-0231,edge_profile,Grooved,1.0,100,AUTO_APPROVE,1.0,1.0,1.0,,,1.0,OFFICIAL_MANUFACTURER_SOURCE|HIGH_AUTHORITY_SOURCE|EVIDENCE_GROUNDED|EXACT_MPN_MATCH|MANUFACTURER_VERIFIED|DIRECT_SPECIFICATION_MATCH|VALIDATION_PASS,EV-084888cd,SRC-8dec29bb,verified,2026-08-16T12:53:07.487158+00:00
PROD-0231,length,12 ft,1.0,100,AUTO_APPROVE,1.0,1.0,1.0,,1.0,1.0,OFFICIAL_MANUFACTURER_SOURCE|HIGH_AUTHORITY_SOURCE|EVIDENCE_GROUNDED|EXACT_MPN_MATCH|MANUFACTURER_VERIFIED|DIRECT_SPECIFICATION_MATCH|UOM_VALID|VALIDATION_PASS,EV-cf617cc0,SRC-8dec29bb,verified,2026-08-16T12:53:07.487171+00:00
PROD-0231,material,PVC,1.0,100,AUTO_APPROVE,1.0,1.0,1.0,1.0,,1.0,OFFICIAL_MANUFACTURER_SOURCE|HIGH_AUTHORITY_SOURCE|EVIDENCE_GROUNDED|EXACT_MPN_MATCH|MANUFACTURER_VERIFIED|DIRECT_SPECIFICATION_MATCH|LOV_VALID|VALIDATION_PASS,EV-ce09de7b,SRC-8dec29bb,verified,2026-08-16T12:53:07.487184+00:00
PROD-0231,width_profile,1x6,1.0,100,AUTO_APPROVE,1.0,1.0,1.0,,1.0,1.0,OFFICIAL_MANUFACTURER_SOURCE|HIGH_AUTHORITY_SOURCE|EVIDENCE_GROUNDED|EXACT_MPN_MATCH|MANUFACTURER_VERIFIED|DIRECT_SPECIFICATION_MATCH|UOM_VALID|VALIDATION_PASS,EV-c429e139,SRC-8dec29bb,verified,2026-08-16T12:53:07.487196+00:00
PROD-0232,color,Slate Gray,1.0,100,AUTO_APPROVE,1.0,1.0,1.0,,,1.0,OFFICIAL_MANUFACTURER_SOURCE|HIGH_AUTHORITY_SOURCE|EVIDENCE_GROUNDED|EXACT_MPN_MATCH|MANUFACTURER_VERIFIED|DIRECT_SPECIFICATION_MATCH|VALIDATION_PASS,EV-f798f1da,SRC-0a02594d,verified,2026-08-16T12:53:07.487262+00:00
PROD-0232,edge_profile,Grooved,1.0,100,AUTO_APPROVE,1.0,1.0,1.0,,,1.0,OFFICIAL_MANUFACTURER_SOURCE|HIGH_AUTHORITY_SOURCE|EVIDENCE_GROUNDED|EXACT_MPN_MATCH|MANUFACTURER_VERIFIED|DIRECT_SPECIFICATION_MATCH|VALIDATION_PASS,EV-9efb58de,SRC-0a02594d,verified,2026-08-16T12:53:07.487277+00:00
PROD-0232,length,12 ft,1.0,100,AUTO_APPROVE,1.0,1.0,1.0,,1.0,1.0,OFFICIAL_MANUFACTURER_SOURCE|HIGH_AUTHORITY_SOURCE|EVIDENCE_GROUNDED|EXACT_MPN_MATCH|MANUFACTURER_VERIFIED|DIRECT_SPECIFICATION_MATCH|UOM_VALID|VALIDATION_PASS,EV-0a8b0f87,SRC-0a02594d,verified,2026-08-16T12:53:07.487290+00:00
PROD-0232,material,PVC,1.0,100,AUTO_APPROVE,1.0,1.0,1.0,1.0,,1.0,OFFICIAL_MANUFACTURER_SOURCE|HIGH_AUTHORITY_SOURCE|EVIDENCE_GROUNDED|EXACT_MPN_MATCH|MANUFACTURER_VERIFIED|DIRECT_SPECIFICATION_MATCH|LOV_VALID|VALIDATION_PASS,EV-98352b25,SRC-0a02594d,verified,2026-08-16T12:53:07.487303+00:00
PROD-0232,width_profile,1x6,1.0,100,AUTO_APPROVE,1.0,1.0,1.0,,1.0,1.0,OFFICIAL_MANUFACTURER_SOURCE|HIGH_AUTHORITY_SOURCE|EVIDENCE_GROUNDED|EXACT_MPN_MATCH|MANUFACTURER_VERIFIED|DIRECT_SPECIFICATION_MATCH|UOM_VALID|VALIDATION_PASS,EV-042e5fc6,SRC-0a02594d,verified,2026-08-16T12:53:07.487316+00:00
PROD-0233,color,Slate Gray,1.0,100,AUTO_APPROVE,1.0,1.0,1.0,,,1.0,OFFICIAL_MANUFACTURER_SOURCE|HIGH_AUTHORITY_SOURCE|EVIDENCE_GROUNDED|EXACT_MPN_MATCH|MANUFACTURER_VERIFIED|DIRECT_SPECIFICATION_MATCH|VALIDATION_PASS,EV-fe1d8052,SRC-20c84a34,verified,2026-08-16T12:53:07.487382+00:00
PROD-0233,edge_profile,Grooved,1.0,100,AUTO_APPROVE,1.0,1.0,1.0,,,1.0,OFFICIAL_MANUFACTURER_SOURCE|HIGH_AUTHORITY_SOURCE|EVIDENCE_GROUNDED|EXACT_MPN_MATCH|MANUFACTURER_VERIFIED|DIRECT_SPECIFICATION_MATCH|VALIDATION_PASS,EV-faf9dd7c,SRC-20c84a34,verified,2026-08-16T12:53:07.487396+00:00
PROD-0233,length,12 ft,1.0,100,AUTO_APPROVE,1.0,1.0,1.0,,1.0,1.0,OFFICIAL_MANUFACTURER_SOURCE|HIGH_AUTHORITY_SOURCE|EVIDENCE_GROUNDED|EXACT_MPN_MATCH|MANUFACTURER_VERIFIED|DIRECT_SPECIFICATION_MATCH|UOM_VALID|VALIDATION_PASS,EV-6f4c49ae,SRC-20c84a34,verified,2026-08-16T12:53:07.487409+00:00
PROD-0233,material,PVC,1.0,100,AUTO_APPROVE,1.0,1.0,1.0,1.0,,1.0,OFFICIAL_MANUFACTURER_SOURCE|HIGH_AUTHORITY_SOURCE|EVIDENCE_GROUNDED|EXACT_MPN_MATCH|MANUFACTURER_VERIFIED|DIRECT_SPECIFICATION_MATCH|LOV_VALID|VALIDATION_PASS,EV-e4a9dbed,SRC-20c84a34,verified,2026-08-16T12:53:07.487422+00:00
PROD-0233,width_profile,1x6,1.0,100,AUTO_APPROVE,1.0,1.0,1.0,,1.0,1.0,OFFICIAL_MANUFACTURER_SOURCE|HIGH_AUTHORITY_SOURCE|EVIDENCE_GROUNDED|EXACT_MPN_MATCH|MANUFACTURER_VERIFIED|DIRECT_SPECIFICATION_MATCH|UOM_VALID|VALIDATION_PASS,EV-1e53301c,SRC-20c84a34,verified,2026-08-16T12:53:07.487434+00:00
PROD-0234,color,Slate Gray,1.0,100,AUTO_APPROVE,1.0,1.0,1.0,,,1.0,OFFICIAL_MANUFACTURER_SOURCE|HIGH_AUTHORITY_SOURCE|EVIDENCE_GROUNDED|EXACT_MPN_MATCH|MANUFACTURER_VERIFIED|DIRECT_SPECIFICATION_MATCH|VALIDATION_PASS,EV-6f1dee9d,SRC-63e285e8,verified,2026-08-16T12:53:07.487513+00:00
PROD-0234,edge_profile,Grooved,1.0,100,AUTO_APPROVE,1.0,1.0,1.0,,,1.0,OFFICIAL_MANUFACTURER_SOURCE|HIGH_AUTHORITY_SOURCE|EVIDENCE_GROUNDED|EXACT_MPN_MATCH|MANUFACTURER_VERIFIED|DIRECT_SPECIFICATION_MATCH|VALIDATION_PASS,EV-a39314a2,SRC-63e285e8,verified,2026-08-16T12:53:07.487528+00:00
PROD-0234,length,12 ft,1.0,100,AUTO_APPROVE,1.0,1.0,1.0,,1.0,1.0,OFFICIAL_MANUFACTURER_SOURCE|HIGH_AUTHORITY_SOURCE|EVIDENCE_GROUNDED|EXACT_MPN_MATCH|MANUFACTURER_VERIFIED|DIRECT_SPECIFICATION_MATCH|UOM_VALID|VALIDATION_PASS,EV-15834553,SRC-63e285e8,verified,2026-08-16T12:53:07.487543+00:00
PROD-0234,material,PVC,1.0,100,AUTO_APPROVE,1.0,1.0,1.0,1.0,,1.0,OFFICIAL_MANUFACTURER_SOURCE|HIGH_AUTHORITY_SOURCE|EVIDENCE_GROUNDED|EXACT_MPN_MATCH|MANUFACTURER_VERIFIED|DIRECT_SPECIFICATION_MATCH|LOV_VALID|VALIDATION_PASS,EV-d74d454a,SRC-63e285e8,verified,2026-08-16T12:53:07.487557+00:00
PROD-0234,width_profile,1x6,1.0,100,AUTO_APPROVE,1.0,1.0,1.0,,1.0,1.0,OFFICIAL_MANUFACTURER_SOURCE|HIGH_AUTHORITY_SOURCE|EVIDENCE_GROUNDED|EXACT_MPN_MATCH|MANUFACTURER_VERIFIED|DIRECT_SPECIFICATION_MATCH|UOM_VALID|VALIDATION_PASS,EV-7cfc2d7b,SRC-63e285e8,verified,2026-08-16T12:53:07.487569+00:00
PROD-0235,color,Slate Gray,1.0,100,AUTO_APPROVE,1.0,1.0,1.0,,,1.0,OFFICIAL_MANUFACTURER_SOURCE|HIGH_AUTHORITY_SOURCE|EVIDENCE_GROUNDED|EXACT_MPN_MATCH|MANUFACTURER_VERIFIED|DIRECT_SPECIFICATION_MATCH|VALIDATION_PASS,EV-0224ec92,SRC-81109639,verified,2026-08-16T12:53:07.487633+00:00
PROD-0235,edge_profile,Grooved,1.0,100,AUTO_APPROVE,1.0,1.0,1.0,,,1.0,OFFICIAL_MANUFACTURER_SOURCE|HIGH_AUTHORITY_SOURCE|EVIDENCE_GROUNDED|EXACT_MPN_MATCH|MANUFACTURER_VERIFIED|DIRECT_SPECIFICATION_MATCH|VALIDATION_PASS,EV-14704c98,SRC-81109639,verified,2026-08-16T12:53:07.487648+00:00
PROD-0235,length,12 ft,1.0,100,AUTO_APPROVE,1.0,1.0,1.0,,1.0,1.0,OFFICIAL_MANUFACTURER_SOURCE|HIGH_AUTHORITY_SOURCE|EVIDENCE_GROUNDED|EXACT_MPN_MATCH|MANUFACTURER_VERIFIED|DIRECT_SPECIFICATION_MATCH|UOM_VALID|VALIDATION_PASS,EV-28eaf11b,SRC-81109639,verified,2026-08-16T12:53:07.487662+00:00
PROD-0235,material,PVC,1.0,100,AUTO_APPROVE,1.0,1.0,1.0,1.0,,1.0,OFFICIAL_MANUFACTURER_SOURCE|HIGH_AUTHORITY_SOURCE|EVIDENCE_GROUNDED|EXACT_MPN_MATCH|MANUFACTURER_VERIFIED|DIRECT_SPECIFICATION_MATCH|LOV_VALID|VALIDATION_PASS,EV-e7c58390,SRC-81109639,verified,2026-08-16T12:53:07.487674+00:00
PROD-0235,width_profile,1x6,1.0,100,AUTO_APPROVE,1.0,1.0,1.0,,1.0,1.0,OFFICIAL_MANUFACTURER_SOURCE|HIGH_AUTHORITY_SOURCE|EVIDENCE_GROUNDED|EXACT_MPN_MATCH|MANUFACTURER_VERIFIED|DIRECT_SPECIFICATION_MATCH|UOM_VALID|VALIDATION_PASS,EV-93a0962a,SRC-81109639,verified,2026-08-16T12:53:07.487685+00:00
PROD-0236,color,Slate Gray,1.0,100,AUTO_APPROVE,1.0,1.0,1.0,,,1.0,OFFICIAL_MANUFACTURER_SOURCE|HIGH_AUTHORITY_SOURCE|EVIDENCE_GROUNDED|EXACT_MPN_MATCH|MANUFACTURER_VERIFIED|DIRECT_SPECIFICATION_MATCH|VALIDATION_PASS,EV-0d3aa83d,SRC-183e5bf1,verified,2026-08-16T12:53:07.487752+00:00
PROD-0236,edge_profile,Grooved,1.0,100,AUTO_APPROVE,1.0,1.0,1.0,,,1.0,OFFICIAL_MANUFACTURER_SOURCE|HIGH_AUTHORITY_SOURCE|EVIDENCE_GROUNDED|EXACT_MPN_MATCH|MANUFACTURER_VERIFIED|DIRECT_SPECIFICATION_MATCH|VALIDATION_PASS,EV-410cac1c,SRC-183e5bf1,verified,2026-08-16T12:53:07.487767+00:00
PROD-0236,length,12 ft,1.0,100,AUTO_APPROVE,1.0,1.0,1.0,,1.0,1.0,OFFICIAL_MANUFACTURER_SOURCE|HIGH_AUTHORITY_SOURCE|EVIDENCE_GROUNDED|EXACT_MPN_MATCH|MANUFACTURER_VERIFIED|DIRECT_SPECIFICATION_MATCH|UOM_VALID|VALIDATION_PASS,EV-b881de8b,SRC-183e5bf1,verified,2026-08-16T12:53:07.487781+00:00
PROD-0236,width_profile,1x6,1.0,100,AUTO_APPROVE,1.0,1.0,1.0,,1.0,1.0,OFFICIAL_MANUFACTURER_SOURCE|HIGH_AUTHORITY_SOURCE|EVIDENCE_GROUNDED|EXACT_MPN_MATCH|MANUFACTURER_VERIFIED|DIRECT_SPECIFICATION_MATCH|UOM_VALID|VALIDATION_PASS,EV-f9bc3207,SRC-183e5bf1,verified,2026-08-16T12:53:07.487793+00:00
PROD-0237,color,Slate Gray,1.0,100,AUTO_APPROVE,1.0,1.0,1.0,,,1.0,OFFICIAL_MANUFACTURER_SOURCE|HIGH_AUTHORITY_SOURCE|EVIDENCE_GROUNDED|EXACT_MPN_MATCH|MANUFACTURER_VERIFIED|DIRECT_SPECIFICATION_MATCH|VALIDATION_PASS,EV-56c7665d,SRC-15f1f7de,verified,2026-08-16T12:53:07.487857+00:00
PROD-0237,edge_profile,Grooved,1.0,100,AUTO_APPROVE,1.0,1.0,1.0,,,1.0,OFFICIAL_MANUFACTURER_SOURCE|HIGH_AUTHORITY_SOURCE|EVIDENCE_GROUNDED|EXACT_MPN_MATCH|MANUFACTURER_VERIFIED|DIRECT_SPECIFICATION_MATCH|VALIDATION_PASS,EV-353c0d30,SRC-15f1f7de,verified,2026-08-16T12:53:07.487872+00:00
PROD-0237,length,12 ft,1.0,100,AUTO_APPROVE,1.0,1.0,1.0,,1.0,1.0,OFFICIAL_MANUFACTURER_SOURCE|HIGH_AUTHORITY_SOURCE|EVIDENCE_GROUNDED|EXACT_MPN_MATCH|MANUFACTURER_VERIFIED|DIRECT_SPECIFICATION_MATCH|UOM_VALID|VALIDATION_PASS,EV-d292733a,SRC-15f1f7de,verified,2026-08-16T12:53:07.487886+00:00
PROD-0237,width_profile,1x6,1.0,100,AUTO_APPROVE,1.0,1.0,1.0,,1.0,1.0,OFFICIAL_MANUFACTURER_SOURCE|HIGH_AUTHORITY_SOURCE|EVIDENCE_GROUNDED|EXACT_MPN_MATCH|MANUFACTURER_VERIFIED|DIRECT_SPECIFICATION_MATCH|UOM_VALID|VALIDATION_PASS,EV-0cc9fe6b,SRC-15f1f7de,verified,2026-08-16T12:53:07.487899+00:00
PROD-0238,color,Slate Gray,1.0,100,AUTO_APPROVE,1.0,1.0,1.0,,,1.0,OFFICIAL_MANUFACTURER_SOURCE|HIGH_AUTHORITY_SOURCE|EVIDENCE_GROUNDED|EXACT_MPN_MATCH|MANUFACTURER_VERIFIED|DIRECT_SPECIFICATION_MATCH|VALIDATION_PASS,EV-c6638819,SRC-3a5cdbc4,verified,2026-08-16T12:53:07.487966+00:00
PROD-0238,edge_profile,Grooved,1.0,100,AUTO_APPROVE,1.0,1.0,1.0,,,1.0,OFFICIAL_MANUFACTURER_SOURCE|HIGH_AUTHORITY_SOURCE|EVIDENCE_GROUNDED|EXACT_MPN_MATCH|MANUFACTURER_VERIFIED|DIRECT_SPECIFICATION_MATCH|VALIDATION_PASS,EV-ef18623d,SRC-3a5cdbc4,verified,2026-08-16T12:53:07.487982+00:00
PROD-0238,length,12 ft,1.0,100,AUTO_APPROVE,1.0,1.0,1.0,,1.0,1.0,OFFICIAL_MANUFACTURER_SOURCE|HIGH_AUTHORITY_SOURCE|EVIDENCE_GROUNDED|EXACT_MPN_MATCH|MANUFACTURER_VERIFIED|DIRECT_SPECIFICATION_MATCH|UOM_VALID|VALIDATION_PASS,EV-29f1b0a8,SRC-3a5cdbc4,verified,2026-08-16T12:53:07.487996+00:00
PROD-0238,width_profile,1x6,1.0,100,AUTO_APPROVE,1.0,1.0,1.0,,1.0,1.0,OFFICIAL_MANUFACTURER_SOURCE|HIGH_AUTHORITY_SOURCE|EVIDENCE_GROUNDED|EXACT_MPN_MATCH|MANUFACTURER_VERIFIED|DIRECT_SPECIFICATION_MATCH|UOM_VALID|VALIDATION_PASS,EV-e72de5f6,SRC-3a5cdbc4,verified,2026-08-16T12:53:07.488008+00:00
PROD-0239,color,Slate Gray,1.0,100,AUTO_APPROVE,1.0,1.0,1.0,,,1.0,OFFICIAL_MANUFACTURER_SOURCE|HIGH_AUTHORITY_SOURCE|EVIDENCE_GROUNDED|EXACT_MPN_MATCH|MANUFACTURER_VERIFIED|DIRECT_SPECIFICATION_MATCH|VALIDATION_PASS,EV-b7d1c55c,SRC-3824280d,verified,2026-08-16T12:53:07.488075+00:00
PROD-0239,edge_profile,Grooved,1.0,100,AUTO_APPROVE,1.0,1.0,1.0,,,1.0,OFFICIAL_MANUFACTURER_SOURCE|HIGH_AUTHORITY_SOURCE|EVIDENCE_GROUNDED|EXACT_MPN_MATCH|MANUFACTURER_VERIFIED|DIRECT_SPECIFICATION_MATCH|VALIDATION_PASS,EV-0789b854,SRC-3824280d,verified,2026-08-16T12:53:07.488091+00:00
PROD-0239,length,12 ft,1.0,100,AUTO_APPROVE,1.0,1.0,1.0,,1.0,1.0,OFFICIAL_MANUFACTURER_SOURCE|HIGH_AUTHORITY_SOURCE|EVIDENCE_GROUNDED|EXACT_MPN_MATCH|MANUFACTURER_VERIFIED|DIRECT_SPECIFICATION_MATCH|UOM_VALID|VALIDATION_PASS,EV-b608ff53,SRC-3824280d,verified,2026-08-16T12:53:07.488104+00:00
PROD-0239,width_profile,1x6,1.0,100,AUTO_APPROVE,1.0,1.0,1.0,,1.0,1.0,OFFICIAL_MANUFACTURER_SOURCE|HIGH_AUTHORITY_SOURCE|EVIDENCE_GROUNDED|EXACT_MPN_MATCH|MANUFACTURER_VERIFIED|DIRECT_SPECIFICATION_MATCH|UOM_VALID|VALIDATION_PASS,EV-864fe33a,SRC-3824280d,verified,2026-08-16T12:53:07.488119+00:00
PROD-0240,color,Slate Gray,1.0,100,AUTO_APPROVE,1.0,1.0,1.0,,,1.0,OFFICIAL_MANUFACTURER_SOURCE|HIGH_AUTHORITY_SOURCE|EVIDENCE_GROUNDED|EXACT_MPN_MATCH|MANUFACTURER_VERIFIED|DIRECT_SPECIFICATION_MATCH|VALIDATION_PASS,EV-2bbd24f8,SRC-82e64d70,verified,2026-08-16T12:53:07.488183+00:00
PROD-0240,edge_profile,Grooved,1.0,100,AUTO_APPROVE,1.0,1.0,1.0,,,1.0,OFFICIAL_MANUFACTURER_SOURCE|HIGH_AUTHORITY_SOURCE|EVIDENCE_GROUNDED|EXACT_MPN_MATCH|MANUFACTURER_VERIFIED|DIRECT_SPECIFICATION_MATCH|VALIDATION_PASS,EV-bc32c2de,SRC-82e64d70,verified,2026-08-16T12:53:07.488198+00:00
PROD-0240,length,12 ft,1.0,100,AUTO_APPROVE,1.0,1.0,1.0,,1.0,1.0,OFFICIAL_MANUFACTURER_SOURCE|HIGH_AUTHORITY_SOURCE|EVIDENCE_GROUNDED|EXACT_MPN_MATCH|MANUFACTURER_VERIFIED|DIRECT_SPECIFICATION_MATCH|UOM_VALID|VALIDATION_PASS,EV-69b266f9,SRC-82e64d70,verified,2026-08-16T12:53:07.488211+00:00
PROD-0240,width_profile,1x6,1.0,100,AUTO_APPROVE,1.0,1.0,1.0,,1.0,1.0,OFFICIAL_MANUFACTURER_SOURCE|HIGH_AUTHORITY_SOURCE|EVIDENCE_GROUNDED|EXACT_MPN_MATCH|MANUFACTURER_VERIFIED|DIRECT_SPECIFICATION_MATCH|UOM_VALID|VALIDATION_PASS,EV-efd83164,SRC-82e64d70,verified,2026-08-16T12:53:07.488224+00:00
PROD-0242,color,Slate Gray,1.0,100,AUTO_APPROVE,1.0,1.0,1.0,,,1.0,OFFICIAL_MANUFACTURER_SOURCE|HIGH_AUTHORITY_SOURCE|EVIDENCE_GROUNDED|EXACT_MPN_MATCH|MANUFACTURER_VERIFIED|DIRECT_SPECIFICATION_MATCH|VALIDATION_PASS,EV-0e753728,SRC-2eb389f2,verified,2026-08-16T12:53:07.488320+00:00
PROD-0242,edge_profile,Grooved,1.0,100,AUTO_APPROVE,1.0,1.0,1.0,,,1.0,OFFICIAL_MANUFACTURER_SOURCE|HIGH_AUTHORITY_SOURCE|EVIDENCE_GROUNDED|EXACT_MPN_MATCH|MANUFACTURER_VERIFIED|DIRECT_SPECIFICATION_MATCH|VALIDATION_PASS,EV-be038745,SRC-2eb389f2,verified,2026-08-16T12:53:07.488335+00:00
PROD-0242,length,12 ft,1.0,100,AUTO_APPROVE,1.0,1.0,1.0,,1.0,1.0,OFFICIAL_MANUFACTURER_SOURCE|HIGH_AUTHORITY_SOURCE|EVIDENCE_GROUNDED|EXACT_MPN_MATCH|MANUFACTURER_VERIFIED|DIRECT_SPECIFICATION_MATCH|UOM_VALID|VALIDATION_PASS,EV-4483495f,SRC-2eb389f2,verified,2026-08-16T12:53:07.488350+00:00
PROD-0242,width_profile,1x6,1.0,100,AUTO_APPROVE,1.0,1.0,1.0,,1.0,1.0,OFFICIAL_MANUFACTURER_SOURCE|HIGH_AUTHORITY_SOURCE|EVIDENCE_GROUNDED|EXACT_MPN_MATCH|MANUFACTURER_VERIFIED|DIRECT_SPECIFICATION_MATCH|UOM_VALID|VALIDATION_PASS,EV-03c6231b,SRC-2eb389f2,verified,2026-08-16T12:53:07.488364+00:00
PROD-0244,color,Slate Gray,1.0,100,AUTO_APPROVE,1.0,1.0,1.0,,,1.0,OFFICIAL_MANUFACTURER_SOURCE|HIGH_AUTHORITY_SOURCE|EVIDENCE_GROUNDED|EXACT_MPN_MATCH|MANUFACTURER_VERIFIED|DIRECT_SPECIFICATION_MATCH|VALIDATION_PASS,EV-217ef2d8,SRC-fe7d585f,verified,2026-08-16T12:53:07.488460+00:00
PROD-0244,edge_profile,Grooved,1.0,100,AUTO_APPROVE,1.0,1.0,1.0,,,1.0,OFFICIAL_MANUFACTURER_SOURCE|HIGH_AUTHORITY_SOURCE|EVIDENCE_GROUNDED|EXACT_MPN_MATCH|MANUFACTURER_VERIFIED|DIRECT_SPECIFICATION_MATCH|VALIDATION_PASS,EV-0bc2e0b4,SRC-fe7d585f,verified,2026-08-16T12:53:07.488475+00:00
PROD-0244,length,12 ft,1.0,100,AUTO_APPROVE,1.0,1.0,1.0,,1.0,1.0,OFFICIAL_MANUFACTURER_SOURCE|HIGH_AUTHORITY_SOURCE|EVIDENCE_GROUNDED|EXACT_MPN_MATCH|MANUFACTURER_VERIFIED|DIRECT_SPECIFICATION_MATCH|UOM_VALID|VALIDATION_PASS,EV-6f060cd3,SRC-fe7d585f,verified,2026-08-16T12:53:07.488488+00:00
PROD-0244,width_profile,1x6,1.0,100,AUTO_APPROVE,1.0,1.0,1.0,,1.0,1.0,OFFICIAL_MANUFACTURER_SOURCE|HIGH_AUTHORITY_SOURCE|EVIDENCE_GROUNDED|EXACT_MPN_MATCH|MANUFACTURER_VERIFIED|DIRECT_SPECIFICATION_MATCH|UOM_VALID|VALIDATION_PASS,EV-b8034573,SRC-fe7d585f,verified,2026-08-16T12:53:07.488501+00:00
PROD-0246,color,Slate Gray,1.0,100,AUTO_APPROVE,1.0,1.0,1.0,,,1.0,OFFICIAL_MANUFACTURER_SOURCE|HIGH_AUTHORITY_SOURCE|EVIDENCE_GROUNDED|EXACT_MPN_MATCH|MANUFACTURER_VERIFIED|DIRECT_SPECIFICATION_MATCH|VALIDATION_PASS,EV-2fa6943c,SRC-f127f3a0,verified,2026-08-16T12:53:07.488595+00:00
PROD-0246,edge_profile,Grooved,1.0,100,AUTO_APPROVE,1.0,1.0,1.0,,,1.0,OFFICIAL_MANUFACTURER_SOURCE|HIGH_AUTHORITY_SOURCE|EVIDENCE_GROUNDED|EXACT_MPN_MATCH|MANUFACTURER_VERIFIED|DIRECT_SPECIFICATION_MATCH|VALIDATION_PASS,EV-272a4042,SRC-f127f3a0,verified,2026-08-16T12:53:07.488611+00:00
PROD-0246,length,12 ft,1.0,100,AUTO_APPROVE,1.0,1.0,1.0,,1.0,1.0,OFFICIAL_MANUFACTURER_SOURCE|HIGH_AUTHORITY_SOURCE|EVIDENCE_GROUNDED|EXACT_MPN_MATCH|MANUFACTURER_VERIFIED|DIRECT_SPECIFICATION_MATCH|UOM_VALID|VALIDATION_PASS,EV-ce2eaac2,SRC-f127f3a0,verified,2026-08-16T12:53:07.488624+00:00
PROD-0246,material,PVC,1.0,100,AUTO_APPROVE,1.0,1.0,1.0,1.0,,1.0,OFFICIAL_MANUFACTURER_SOURCE|HIGH_AUTHORITY_SOURCE|EVIDENCE_GROUNDED|EXACT_MPN_MATCH|MANUFACTURER_VERIFIED|DIRECT_SPECIFICATION_MATCH|LOV_VALID|VALIDATION_PASS,EV-ff33bb47,SRC-f127f3a0,verified,2026-08-16T12:53:07.488637+00:00
PROD-0246,width_profile,1x6,1.0,100,AUTO_APPROVE,1.0,1.0,1.0,,1.0,1.0,OFFICIAL_MANUFACTURER_SOURCE|HIGH_AUTHORITY_SOURCE|EVIDENCE_GROUNDED|EXACT_MPN_MATCH|MANUFACTURER_VERIFIED|DIRECT_SPECIFICATION_MATCH|UOM_VALID|VALIDATION_PASS,EV-de082760,SRC-f127f3a0,verified,2026-08-16T12:53:07.488649+00:00
PROD-0247,color,Slate Gray,1.0,100,AUTO_APPROVE,1.0,1.0,1.0,,,1.0,OFFICIAL_MANUFACTURER_SOURCE|HIGH_AUTHORITY_SOURCE|EVIDENCE_GROUNDED|EXACT_MPN_MATCH|MANUFACTURER_VERIFIED|DIRECT_SPECIFICATION_MATCH|VALIDATION_PASS,EV-fdf1787c,SRC-28b0f987,verified,2026-08-16T12:53:07.488713+00:00
PROD-0247,edge_profile,Grooved,1.0,100,AUTO_APPROVE,1.0,1.0,1.0,,,1.0,OFFICIAL_MANUFACTURER_SOURCE|HIGH_AUTHORITY_SOURCE|EVIDENCE_GROUNDED|EXACT_MPN_MATCH|MANUFACTURER_VERIFIED|DIRECT_SPECIFICATION_MATCH|VALIDATION_PASS,EV-dcc920be,SRC-28b0f987,verified,2026-08-16T12:53:07.488728+00:00
PROD-0247,length,12 ft,1.0,100,AUTO_APPROVE,1.0,1.0,1.0,,1.0,1.0,OFFICIAL_MANUFACTURER_SOURCE|HIGH_AUTHORITY_SOURCE|EVIDENCE_GROUNDED|EXACT_MPN_MATCH|MANUFACTURER_VERIFIED|DIRECT_SPECIFICATION_MATCH|UOM_VALID|VALIDATION_PASS,EV-71782388,SRC-28b0f987,verified,2026-08-16T12:53:07.488744+00:00
PROD-0247,material,PVC,1.0,100,AUTO_APPROVE,1.0,1.0,1.0,1.0,,1.0,OFFICIAL_MANUFACTURER_SOURCE|HIGH_AUTHORITY_SOURCE|EVIDENCE_GROUNDED|EXACT_MPN_MATCH|MANUFACTURER_VERIFIED|DIRECT_SPECIFICATION_MATCH|LOV_VALID|VALIDATION_PASS,EV-76fea692,SRC-28b0f987,verified,2026-08-16T12:53:07.488758+00:00
PROD-0247,width_profile,1x6,1.0,100,AUTO_APPROVE,1.0,1.0,1.0,,1.0,1.0,OFFICIAL_MANUFACTURER_SOURCE|HIGH_AUTHORITY_SOURCE|EVIDENCE_GROUNDED|EXACT_MPN_MATCH|MANUFACTURER_VERIFIED|DIRECT_SPECIFICATION_MATCH|UOM_VALID|VALIDATION_PASS,EV-ff019802,SRC-28b0f987,verified,2026-08-16T12:53:07.488771+00:00
PROD-0248,color,Slate Gray,1.0,100,AUTO_APPROVE,1.0,1.0,1.0,,,1.0,OFFICIAL_MANUFACTURER_SOURCE|HIGH_AUTHORITY_SOURCE|EVIDENCE_GROUNDED|EXACT_MPN_MATCH|MANUFACTURER_VERIFIED|DIRECT_SPECIFICATION_MATCH|VALIDATION_PASS,EV-77a61729,SRC-ea922014,verified,2026-08-16T12:53:07.488948+00:00
PROD-0248,edge_profile,Grooved,1.0,100,AUTO_APPROVE,1.0,1.0,1.0,,,1.0,OFFICIAL_MANUFACTURER_SOURCE|HIGH_AUTHORITY_SOURCE|EVIDENCE_GROUNDED|EXACT_MPN_MATCH|MANUFACTURER_VERIFIED|DIRECT_SPECIFICATION_MATCH|VALIDATION_PASS,EV-22303f9c,SRC-ea922014,verified,2026-08-16T12:53:07.488970+00:00
PROD-0248,length,12 ft,1.0,100,AUTO_APPROVE,1.0,1.0,1.0,,1.0,1.0,OFFICIAL_MANUFACTURER_SOURCE|HIGH_AUTHORITY_SOURCE|EVIDENCE_GROUNDED|EXACT_MPN_MATCH|MANUFACTURER_VERIFIED|DIRECT_SPECIFICATION_MATCH|UOM_VALID|VALIDATION_PASS,EV-919ab894,SRC-ea922014,verified,2026-08-16T12:53:07.488984+00:00
PROD-0248,material,PVC,1.0,100,AUTO_APPROVE,1.0,1.0,1.0,1.0,,1.0,OFFICIAL_MANUFACTURER_SOURCE|HIGH_AUTHORITY_SOURCE|EVIDENCE_GROUNDED|EXACT_MPN_MATCH|MANUFACTURER_VERIFIED|DIRECT_SPECIFICATION_MATCH|LOV_VALID|VALIDATION_PASS,EV-44c144ba,SRC-ea922014,verified,2026-08-16T12:53:07.488999+00:00
PROD-0248,width_profile,1x6,1.0,100,AUTO_APPROVE,1.0,1.0,1.0,,1.0,1.0,OFFICIAL_MANUFACTURER_SOURCE|HIGH_AUTHORITY_SOURCE|EVIDENCE_GROUNDED|EXACT_MPN_MATCH|MANUFACTURER_VERIFIED|DIRECT_SPECIFICATION_MATCH|UOM_VALID|VALIDATION_PASS,EV-d9197146,SRC-ea922014,verified,2026-08-16T12:53:07.489013+00:00
PROD-0249,color,Slate Gray,1.0,100,AUTO_APPROVE,1.0,1.0,1.0,,,1.0,OFFICIAL_MANUFACTURER_SOURCE|HIGH_AUTHORITY_SOURCE|EVIDENCE_GROUNDED|EXACT_MPN_MATCH|MANUFACTURER_VERIFIED|DIRECT_SPECIFICATION_MATCH|VALIDATION_PASS,EV-82accf21,SRC-0a54fa4c,verified,2026-08-16T12:53:07.489165+00:00
PROD-0249,edge_profile,Grooved,1.0,100,AUTO_APPROVE,1.0,1.0,1.0,,,1.0,OFFICIAL_MANUFACTURER_SOURCE|HIGH_AUTHORITY_SOURCE|EVIDENCE_GROUNDED|EXACT_MPN_MATCH|MANUFACTURER_VERIFIED|DIRECT_SPECIFICATION_MATCH|VALIDATION_PASS,EV-d58bb366,SRC-0a54fa4c,verified,2026-08-16T12:53:07.489181+00:00
PROD-0249,length,12 ft,1.0,100,AUTO_APPROVE,1.0,1.0,1.0,,1.0,1.0,OFFICIAL_MANUFACTURER_SOURCE|HIGH_AUTHORITY_SOURCE|EVIDENCE_GROUNDED|EXACT_MPN_MATCH|MANUFACTURER_VERIFIED|DIRECT_SPECIFICATION_MATCH|UOM_VALID|VALIDATION_PASS,EV-d2d1d134,SRC-0a54fa4c,verified,2026-08-16T12:53:07.489214+00:00
PROD-0249,material,PVC,1.0,100,AUTO_APPROVE,1.0,1.0,1.0,1.0,,1.0,OFFICIAL_MANUFACTURER_SOURCE|HIGH_AUTHORITY_SOURCE|EVIDENCE_GROUNDED|EXACT_MPN_MATCH|MANUFACTURER_VERIFIED|DIRECT_SPECIFICATION_MATCH|LOV_VALID|VALIDATION_PASS,EV-38ad9fb8,SRC-0a54fa4c,verified,2026-08-16T12:53:07.489230+00:00
PROD-0249,width_profile,1x6,1.0,100,AUTO_APPROVE,1.0,1.0,1.0,,1.0,1.0,OFFICIAL_MANUFACTURER_SOURCE|HIGH_AUTHORITY_SOURCE|EVIDENCE_GROUNDED|EXACT_MPN_MATCH|MANUFACTURER_VERIFIED|DIRECT_SPECIFICATION_MATCH|UOM_VALID|VALIDATION_PASS,EV-dacd2758,SRC-0a54fa4c,verified,2026-08-16T12:53:07.489243+00:00
PROD-0250,color,Slate Gray,1.0,100,AUTO_APPROVE,1.0,1.0,1.0,,,1.0,OFFICIAL_MANUFACTURER_SOURCE|HIGH_AUTHORITY_SOURCE|EVIDENCE_GROUNDED|EXACT_MPN_MATCH|MANUFACTURER_VERIFIED|DIRECT_SPECIFICATION_MATCH|VALIDATION_PASS,EV-c1dfd084,SRC-e752d90a,verified,2026-08-16T12:53:07.489426+00:00
PROD-0250,edge_profile,Grooved,1.0,100,AUTO_APPROVE,1.0,1.0,1.0,,,1.0,OFFICIAL_MANUFACTURER_SOURCE|HIGH_AUTHORITY_SOURCE|EVIDENCE_GROUNDED|EXACT_MPN_MATCH|MANUFACTURER_VERIFIED|DIRECT_SPECIFICATION_MATCH|VALIDATION_PASS,EV-730cdf2c,SRC-e752d90a,verified,2026-08-16T12:53:07.489446+00:00
PROD-0250,length,12 ft,1.0,100,AUTO_APPROVE,1.0,1.0,1.0,,1.0,1.0,OFFICIAL_MANUFACTURER_SOURCE|HIGH_AUTHORITY_SOURCE|EVIDENCE_GROUNDED|EXACT_MPN_MATCH|MANUFACTURER_VERIFIED|DIRECT_SPECIFICATION_MATCH|UOM_VALID|VALIDATION_PASS,EV-2a2ff876,SRC-e752d90a,verified,2026-08-16T12:53:07.489461+00:00
PROD-0250,material,PVC,1.0,100,AUTO_APPROVE,1.0,1.0,1.0,1.0,,1.0,OFFICIAL_MANUFACTURER_SOURCE|HIGH_AUTHORITY_SOURCE|EVIDENCE_GROUNDED|EXACT_MPN_MATCH|MANUFACTURER_VERIFIED|DIRECT_SPECIFICATION_MATCH|LOV_VALID|VALIDATION_PASS,EV-415a0455,SRC-e752d90a,verified,2026-08-16T12:53:07.489478+00:00
PROD-0250,width_profile,1x6,1.0,100,AUTO_APPROVE,1.0,1.0,1.0,,1.0,1.0,OFFICIAL_MANUFACTURER_SOURCE|HIGH_AUTHORITY_SOURCE|EVIDENCE_GROUNDED|EXACT_MPN_MATCH|MANUFACTURER_VERIFIED|DIRECT_SPECIFICATION_MATCH|UOM_VALID|VALIDATION_PASS,EV-769f33ad,SRC-e752d90a,verified,2026-08-16T12:53:07.489491+00:00
PROD-0251,color,Slate Gray,1.0,100,AUTO_APPROVE,1.0,1.0,1.0,,,1.0,OFFICIAL_MANUFACTURER_SOURCE|HIGH_AUTHORITY_SOURCE|EVIDENCE_GROUNDED|EXACT_MPN_MATCH|MANUFACTURER_VERIFIED|DIRECT_SPECIFICATION_MATCH|VALIDATION_PASS,EV-f5fd41a1,SRC-45c92694,verified,2026-08-16T12:53:07.489616+00:00
PROD-0251,edge_profile,Grooved,1.0,100,AUTO_APPROVE,1.0,1.0,1.0,,,1.0,OFFICIAL_MANUFACTURER_SOURCE|HIGH_AUTHORITY_SOURCE|EVIDENCE_GROUNDED|EXACT_MPN_MATCH|MANUFACTURER_VERIFIED|DIRECT_SPECIFICATION_MATCH|VALIDATION_PASS,EV-9d8c4c93,SRC-45c92694,verified,2026-08-16T12:53:07.489636+00:00
PROD-0251,length,12 ft,1.0,100,AUTO_APPROVE,1.0,1.0,1.0,,1.0,1.0,OFFICIAL_MANUFACTURER_SOURCE|HIGH_AUTHORITY_SOURCE|EVIDENCE_GROUNDED|EXACT_MPN_MATCH|MANUFACTURER_VERIFIED|DIRECT_SPECIFICATION_MATCH|UOM_VALID|VALIDATION_PASS,EV-d79d8973,SRC-45c92694,verified,2026-08-16T12:53:07.489652+00:00
PROD-0251,material,PVC,1.0,100,AUTO_APPROVE,1.0,1.0,1.0,1.0,,1.0,OFFICIAL_MANUFACTURER_SOURCE|HIGH_AUTHORITY_SOURCE|EVIDENCE_GROUNDED|EXACT_MPN_MATCH|MANUFACTURER_VERIFIED|DIRECT_SPECIFICATION_MATCH|LOV_VALID|VALIDATION_PASS,EV-8f1d8697,SRC-45c92694,verified,2026-08-16T12:53:07.489708+00:00
PROD-0251,width_profile,1x6,1.0,100,AUTO_APPROVE,1.0,1.0,1.0,,1.0,1.0,OFFICIAL_MANUFACTURER_SOURCE|HIGH_AUTHORITY_SOURCE|EVIDENCE_GROUNDED|EXACT_MPN_MATCH|MANUFACTURER_VERIFIED|DIRECT_SPECIFICATION_MATCH|UOM_VALID|VALIDATION_PASS,EV-ca791ea4,SRC-45c92694,verified,2026-08-16T12:53:07.489731+00:00
PROD-0252,color,Slate Gray,1.0,100,AUTO_APPROVE,1.0,1.0,1.0,,,1.0,OFFICIAL_MANUFACTURER_SOURCE|HIGH_AUTHORITY_SOURCE|EVIDENCE_GROUNDED|EXACT_MPN_MATCH|MANUFACTURER_VERIFIED|DIRECT_SPECIFICATION_MATCH|VALIDATION_PASS,EV-84129ba6,SRC-a8d9ba6f,verified,2026-08-16T12:53:07.489845+00:00
PROD-0252,edge_profile,Grooved,1.0,100,AUTO_APPROVE,1.0,1.0,1.0,,,1.0,OFFICIAL_MANUFACTURER_SOURCE|HIGH_AUTHORITY_SOURCE|EVIDENCE_GROUNDED|EXACT_MPN_MATCH|MANUFACTURER_VERIFIED|DIRECT_SPECIFICATION_MATCH|VALIDATION_PASS,EV-c1d2e7c3,SRC-a8d9ba6f,verified,2026-08-16T12:53:07.489867+00:00
PROD-0252,length,12 ft,1.0,100,AUTO_APPROVE,1.0,1.0,1.0,,1.0,1.0,OFFICIAL_MANUFACTURER_SOURCE|HIGH_AUTHORITY_SOURCE|EVIDENCE_GROUNDED|EXACT_MPN_MATCH|MANUFACTURER_VERIFIED|DIRECT_SPECIFICATION_MATCH|UOM_VALID|VALIDATION_PASS,EV-a3eb4283,SRC-a8d9ba6f,verified,2026-08-16T12:53:07.489883+00:00
PROD-0252,material,PVC,1.0,100,AUTO_APPROVE,1.0,1.0,1.0,1.0,,1.0,OFFICIAL_MANUFACTURER_SOURCE|HIGH_AUTHORITY_SOURCE|EVIDENCE_GROUNDED|EXACT_MPN_MATCH|MANUFACTURER_VERIFIED|DIRECT_SPECIFICATION_MATCH|LOV_VALID|VALIDATION_PASS,EV-b34cbc58,SRC-a8d9ba6f,verified,2026-08-16T12:53:07.489897+00:00
PROD-0252,width_profile,1x6,1.0,100,AUTO_APPROVE,1.0,1.0,1.0,,1.0,1.0,OFFICIAL_MANUFACTURER_SOURCE|HIGH_AUTHORITY_SOURCE|EVIDENCE_GROUNDED|EXACT_MPN_MATCH|MANUFACTURER_VERIFIED|DIRECT_SPECIFICATION_MATCH|UOM_VALID|VALIDATION_PASS,EV-5979e3dc,SRC-a8d9ba6f,verified,2026-08-16T12:53:07.489911+00:00
PROD-0253,color,Slate Gray,1.0,100,AUTO_APPROVE,1.0,1.0,1.0,,,1.0,OFFICIAL_MANUFACTURER_SOURCE|HIGH_AUTHORITY_SOURCE|EVIDENCE_GROUNDED|EXACT_MPN_MATCH|MANUFACTURER_VERIFIED|DIRECT_SPECIFICATION_MATCH|VALIDATION_PASS,EV-719a52af,SRC-612a8cd0,verified,2026-08-16T12:53:07.490007+00:00
PROD-0253,edge_profile,Grooved,1.0,100,AUTO_APPROVE,1.0,1.0,1.0,,,1.0,OFFICIAL_MANUFACTURER_SOURCE|HIGH_AUTHORITY_SOURCE|EVIDENCE_GROUNDED|EXACT_MPN_MATCH|MANUFACTURER_VERIFIED|DIRECT_SPECIFICATION_MATCH|VALIDATION_PASS,EV-50889f7c,SRC-612a8cd0,verified,2026-08-16T12:53:07.490025+00:00
PROD-0253,length,12 ft,1.0,100,AUTO_APPROVE,1.0,1.0,1.0,,1.0,1.0,OFFICIAL_MANUFACTURER_SOURCE|HIGH_AUTHORITY_SOURCE|EVIDENCE_GROUNDED|EXACT_MPN_MATCH|MANUFACTURER_VERIFIED|DIRECT_SPECIFICATION_MATCH|UOM_VALID|VALIDATION_PASS,EV-c6559562,SRC-612a8cd0,verified,2026-08-16T12:53:07.490044+00:00
PROD-0253,material,PVC,1.0,100,AUTO_APPROVE,1.0,1.0,1.0,1.0,,1.0,OFFICIAL_MANUFACTURER_SOURCE|HIGH_AUTHORITY_SOURCE|EVIDENCE_GROUNDED|EXACT_MPN_MATCH|MANUFACTURER_VERIFIED|DIRECT_SPECIFICATION_MATCH|LOV_VALID|VALIDATION_PASS,EV-b7a987ae,SRC-612a8cd0,verified,2026-08-16T12:53:07.490063+00:00
PROD-0253,width_profile,1x6,1.0,100,AUTO_APPROVE,1.0,1.0,1.0,,1.0,1.0,OFFICIAL_MANUFACTURER_SOURCE|HIGH_AUTHORITY_SOURCE|EVIDENCE_GROUNDED|EXACT_MPN_MATCH|MANUFACTURER_VERIFIED|DIRECT_SPECIFICATION_MATCH|UOM_VALID|VALIDATION_PASS,EV-0223e331,SRC-612a8cd0,verified,2026-08-16T12:53:07.490080+00:00
PROD-0254,color,Slate Gray,1.0,100,AUTO_APPROVE,1.0,1.0,1.0,,,1.0,OFFICIAL_MANUFACTURER_SOURCE|HIGH_AUTHORITY_SOURCE|EVIDENCE_GROUNDED|EXACT_MPN_MATCH|MANUFACTURER_VERIFIED|DIRECT_SPECIFICATION_MATCH|VALIDATION_PASS,EV-9c147de0,SRC-7d0922fc,verified,2026-08-16T12:53:07.490160+00:00
PROD-0254,edge_profile,Grooved,1.0,100,AUTO_APPROVE,1.0,1.0,1.0,,,1.0,OFFICIAL_MANUFACTURER_SOURCE|HIGH_AUTHORITY_SOURCE|EVIDENCE_GROUNDED|EXACT_MPN_MATCH|MANUFACTURER_VERIFIED|DIRECT_SPECIFICATION_MATCH|VALIDATION_PASS,EV-960781cf,SRC-7d0922fc,verified,2026-08-16T12:53:07.490175+00:00
PROD-0254,length,12 ft,1.0,100,AUTO_APPROVE,1.0,1.0,1.0,,1.0,1.0,OFFICIAL_MANUFACTURER_SOURCE|HIGH_AUTHORITY_SOURCE|EVIDENCE_GROUNDED|EXACT_MPN_MATCH|MANUFACTURER_VERIFIED|DIRECT_SPECIFICATION_MATCH|UOM_VALID|VALIDATION_PASS,EV-ec3ca4d8,SRC-7d0922fc,verified,2026-08-16T12:53:07.490189+00:00
PROD-0254,material,PVC,1.0,100,AUTO_APPROVE,1.0,1.0,1.0,1.0,,1.0,OFFICIAL_MANUFACTURER_SOURCE|HIGH_AUTHORITY_SOURCE|EVIDENCE_GROUNDED|EXACT_MPN_MATCH|MANUFACTURER_VERIFIED|DIRECT_SPECIFICATION_MATCH|LOV_VALID|VALIDATION_PASS,EV-3d2d102f,SRC-7d0922fc,verified,2026-08-16T12:53:07.490201+00:00
PROD-0254,width_profile,1x6,1.0,100,AUTO_APPROVE,1.0,1.0,1.0,,1.0,1.0,OFFICIAL_MANUFACTURER_SOURCE|HIGH_AUTHORITY_SOURCE|EVIDENCE_GROUNDED|EXACT_MPN_MATCH|MANUFACTURER_VERIFIED|DIRECT_SPECIFICATION_MATCH|UOM_VALID|VALIDATION_PASS,EV-d41b37fa,SRC-7d0922fc,verified,2026-08-16T12:53:07.490213+00:00
PROD-0255,color,Slate Gray,1.0,100,AUTO_APPROVE,1.0,1.0,1.0,,,1.0,OFFICIAL_MANUFACTURER_SOURCE|HIGH_AUTHORITY_SOURCE|EVIDENCE_GROUNDED|EXACT_MPN_MATCH|MANUFACTURER_VERIFIED|DIRECT_SPECIFICATION_MATCH|VALIDATION_PASS,EV-821b4040,SRC-f378e438,verified,2026-08-16T12:53:07.490277+00:00
PROD-0255,edge_profile,Grooved,1.0,100,AUTO_APPROVE,1.0,1.0,1.0,,,1.0,OFFICIAL_MANUFACTURER_SOURCE|HIGH_AUTHORITY_SOURCE|EVIDENCE_GROUNDED|EXACT_MPN_MATCH|MANUFACTURER_VERIFIED|DIRECT_SPECIFICATION_MATCH|VALIDATION_PASS,EV-3af5aa8a,SRC-f378e438,verified,2026-08-16T12:53:07.490292+00:00
PROD-0255,length,12 ft,1.0,100,AUTO_APPROVE,1.0,1.0,1.0,,1.0,1.0,OFFICIAL_MANUFACTURER_SOURCE|HIGH_AUTHORITY_SOURCE|EVIDENCE_GROUNDED|EXACT_MPN_MATCH|MANUFACTURER_VERIFIED|DIRECT_SPECIFICATION_MATCH|UOM_VALID|VALIDATION_PASS,EV-e9570daf,SRC-f378e438,verified,2026-08-16T12:53:07.490306+00:00
PROD-0255,material,PVC,1.0,100,AUTO_APPROVE,1.0,1.0,1.0,1.0,,1.0,OFFICIAL_MANUFACTURER_SOURCE|HIGH_AUTHORITY_SOURCE|EVIDENCE_GROUNDED|EXACT_MPN_MATCH|MANUFACTURER_VERIFIED|DIRECT_SPECIFICATION_MATCH|LOV_VALID|VALIDATION_PASS,EV-b11fc28e,SRC-f378e438,verified,2026-08-16T12:53:07.490320+00:00
PROD-0255,width_profile,1x6,1.0,100,AUTO_APPROVE,1.0,1.0,1.0,,1.0,1.0,OFFICIAL_MANUFACTURER_SOURCE|HIGH_AUTHORITY_SOURCE|EVIDENCE_GROUNDED|EXACT_MPN_MATCH|MANUFACTURER_VERIFIED|DIRECT_SPECIFICATION_MATCH|UOM_VALID|VALIDATION_PASS,EV-a68dd66a,SRC-f378e438,verified,2026-08-16T12:53:07.490333+00:00
PROD-0256,color,Slate Gray,1.0,100,AUTO_APPROVE,1.0,1.0,1.0,,,1.0,OFFICIAL_MANUFACTURER_SOURCE|HIGH_AUTHORITY_SOURCE|EVIDENCE_GROUNDED|EXACT_MPN_MATCH|MANUFACTURER_VERIFIED|DIRECT_SPECIFICATION_MATCH|VALIDATION_PASS,EV-f5c3ec82,SRC-d7d26080,verified,2026-08-16T12:53:07.490402+00:00
PROD-0256,edge_profile,Grooved,1.0,100,AUTO_APPROVE,1.0,1.0,1.0,,,1.0,OFFICIAL_MANUFACTURER_SOURCE|HIGH_AUTHORITY_SOURCE|EVIDENCE_GROUNDED|EXACT_MPN_MATCH|MANUFACTURER_VERIFIED|DIRECT_SPECIFICATION_MATCH|VALIDATION_PASS,EV-7028374e,SRC-d7d26080,verified,2026-08-16T12:53:07.490418+00:00
PROD-0256,length,12 ft,1.0,100,AUTO_APPROVE,1.0,1.0,1.0,,1.0,1.0,OFFICIAL_MANUFACTURER_SOURCE|HIGH_AUTHORITY_SOURCE|EVIDENCE_GROUNDED|EXACT_MPN_MATCH|MANUFACTURER_VERIFIED|DIRECT_SPECIFICATION_MATCH|UOM_VALID|VALIDATION_PASS,EV-b60e741e,SRC-d7d26080,verified,2026-08-16T12:53:07.490434+00:00
PROD-0256,material,PVC,1.0,100,AUTO_APPROVE,1.0,1.0,1.0,1.0,,1.0,OFFICIAL_MANUFACTURER_SOURCE|HIGH_AUTHORITY_SOURCE|EVIDENCE_GROUNDED|EXACT_MPN_MATCH|MANUFACTURER_VERIFIED|DIRECT_SPECIFICATION_MATCH|LOV_VALID|VALIDATION_PASS,EV-4ca2ebbe,SRC-d7d26080,verified,2026-08-16T12:53:07.490448+00:00
PROD-0256,width_profile,1x6,1.0,100,AUTO_APPROVE,1.0,1.0,1.0,,1.0,1.0,OFFICIAL_MANUFACTURER_SOURCE|HIGH_AUTHORITY_SOURCE|EVIDENCE_GROUNDED|EXACT_MPN_MATCH|MANUFACTURER_VERIFIED|DIRECT_SPECIFICATION_MATCH|UOM_VALID|VALIDATION_PASS,EV-e6e16221,SRC-d7d26080,verified,2026-08-16T12:53:07.490463+00:00
PROD-0257,color,Slate Gray,1.0,100,AUTO_APPROVE,1.0,1.0,1.0,,,1.0,OFFICIAL_MANUFACTURER_SOURCE|HIGH_AUTHORITY_SOURCE|EVIDENCE_GROUNDED|EXACT_MPN_MATCH|MANUFACTURER_VERIFIED|DIRECT_SPECIFICATION_MATCH|VALIDATION_PASS,EV-20368395,SRC-0dc580ed,verified,2026-08-16T12:53:07.490535+00:00
PROD-0257,edge_profile,Grooved,1.0,100,AUTO_APPROVE,1.0,1.0,1.0,,,1.0,OFFICIAL_MANUFACTURER_SOURCE|HIGH_AUTHORITY_SOURCE|EVIDENCE_GROUNDED|EXACT_MPN_MATCH|MANUFACTURER_VERIFIED|DIRECT_SPECIFICATION_MATCH|VALIDATION_PASS,EV-c20d9215,SRC-0dc580ed,verified,2026-08-16T12:53:07.490550+00:00
PROD-0257,length,12 ft,1.0,100,AUTO_APPROVE,1.0,1.0,1.0,,1.0,1.0,OFFICIAL_MANUFACTURER_SOURCE|HIGH_AUTHORITY_SOURCE|EVIDENCE_GROUNDED|EXACT_MPN_MATCH|MANUFACTURER_VERIFIED|DIRECT_SPECIFICATION_MATCH|UOM_VALID|VALIDATION_PASS,EV-49fc67c6,SRC-0dc580ed,verified,2026-08-16T12:53:07.490565+00:00
PROD-0257,material,PVC,1.0,100,AUTO_APPROVE,1.0,1.0,1.0,1.0,,1.0,OFFICIAL_MANUFACTURER_SOURCE|HIGH_AUTHORITY_SOURCE|EVIDENCE_GROUNDED|EXACT_MPN_MATCH|MANUFACTURER_VERIFIED|DIRECT_SPECIFICATION_MATCH|LOV_VALID|VALIDATION_PASS,EV-dbd9c362,SRC-0dc580ed,verified,2026-08-16T12:53:07.490579+00:00
PROD-0257,width_profile,1x6,1.0,100,AUTO_APPROVE,1.0,1.0,1.0,,1.0,1.0,OFFICIAL_MANUFACTURER_SOURCE|HIGH_AUTHORITY_SOURCE|EVIDENCE_GROUNDED|EXACT_MPN_MATCH|MANUFACTURER_VERIFIED|DIRECT_SPECIFICATION_MATCH|UOM_VALID|VALIDATION_PASS,EV-61293698,SRC-0dc580ed,verified,2026-08-16T12:53:07.490595+00:00
PROD-0258,color,Slate Gray,1.0,100,AUTO_APPROVE,1.0,1.0,1.0,,,1.0,OFFICIAL_MANUFACTURER_SOURCE|HIGH_AUTHORITY_SOURCE|EVIDENCE_GROUNDED|EXACT_MPN_MATCH|MANUFACTURER_VERIFIED|DIRECT_SPECIFICATION_MATCH|VALIDATION_PASS,EV-4156c4f8,SRC-0f58a64f,verified,2026-08-16T12:53:07.490680+00:00
PROD-0258,edge_profile,Grooved,1.0,100,AUTO_APPROVE,1.0,1.0,1.0,,,1.0,OFFICIAL_MANUFACTURER_SOURCE|HIGH_AUTHORITY_SOURCE|EVIDENCE_GROUNDED|EXACT_MPN_MATCH|MANUFACTURER_VERIFIED|DIRECT_SPECIFICATION_MATCH|VALIDATION_PASS,EV-0c42effe,SRC-0f58a64f,verified,2026-08-16T12:53:07.490696+00:00
PROD-0258,length,12 ft,1.0,100,AUTO_APPROVE,1.0,1.0,1.0,,1.0,1.0,OFFICIAL_MANUFACTURER_SOURCE|HIGH_AUTHORITY_SOURCE|EVIDENCE_GROUNDED|EXACT_MPN_MATCH|MANUFACTURER_VERIFIED|DIRECT_SPECIFICATION_MATCH|UOM_VALID|VALIDATION_PASS,EV-6e3b42c6,SRC-0f58a64f,verified,2026-08-16T12:53:07.490709+00:00
PROD-0258,material,PVC,1.0,100,AUTO_APPROVE,1.0,1.0,1.0,1.0,,1.0,OFFICIAL_MANUFACTURER_SOURCE|HIGH_AUTHORITY_SOURCE|EVIDENCE_GROUNDED|EXACT_MPN_MATCH|MANUFACTURER_VERIFIED|DIRECT_SPECIFICATION_MATCH|LOV_VALID|VALIDATION_PASS,EV-364b1c4a,SRC-0f58a64f,verified,2026-08-16T12:53:07.490723+00:00
PROD-0258,width_profile,1x6,1.0,100,AUTO_APPROVE,1.0,1.0,1.0,,1.0,1.0,OFFICIAL_MANUFACTURER_SOURCE|HIGH_AUTHORITY_SOURCE|EVIDENCE_GROUNDED|EXACT_MPN_MATCH|MANUFACTURER_VERIFIED|DIRECT_SPECIFICATION_MATCH|UOM_VALID|VALIDATION_PASS,EV-64db3c93,SRC-0f58a64f,verified,2026-08-16T12:53:07.490735+00:00
PROD-0259,color,Slate Gray,1.0,100,AUTO_APPROVE,1.0,1.0,1.0,,,1.0,OFFICIAL_MANUFACTURER_SOURCE|HIGH_AUTHORITY_SOURCE|EVIDENCE_GROUNDED|EXACT_MPN_MATCH|MANUFACTURER_VERIFIED|DIRECT_SPECIFICATION_MATCH|VALIDATION_PASS,EV-e45691f4,SRC-1ca981b6,verified,2026-08-16T12:53:07.490806+00:00
PROD-0259,edge_profile,Grooved,1.0,100,AUTO_APPROVE,1.0,1.0,1.0,,,1.0,OFFICIAL_MANUFACTURER_SOURCE|HIGH_AUTHORITY_SOURCE|EVIDENCE_GROUNDED|EXACT_MPN_MATCH|MANUFACTURER_VERIFIED|DIRECT_SPECIFICATION_MATCH|VALIDATION_PASS,EV-793a0029,SRC-1ca981b6,verified,2026-08-16T12:53:07.490821+00:00
PROD-0259,length,12 ft,1.0,100,AUTO_APPROVE,1.0,1.0,1.0,,1.0,1.0,OFFICIAL_MANUFACTURER_SOURCE|HIGH_AUTHORITY_SOURCE|EVIDENCE_GROUNDED|EXACT_MPN_MATCH|MANUFACTURER_VERIFIED|DIRECT_SPECIFICATION_MATCH|UOM_VALID|VALIDATION_PASS,EV-34733ef6,SRC-1ca981b6,verified,2026-08-16T12:53:07.490834+00:00
PROD-0259,material,PVC,1.0,100,AUTO_APPROVE,1.0,1.0,1.0,1.0,,1.0,OFFICIAL_MANUFACTURER_SOURCE|HIGH_AUTHORITY_SOURCE|EVIDENCE_GROUNDED|EXACT_MPN_MATCH|MANUFACTURER_VERIFIED|DIRECT_SPECIFICATION_MATCH|LOV_VALID|VALIDATION_PASS,EV-980550f5,SRC-1ca981b6,verified,2026-08-16T12:53:07.490846+00:00
PROD-0259,width_profile,1x6,1.0,100,AUTO_APPROVE,1.0,1.0,1.0,,1.0,1.0,OFFICIAL_MANUFACTURER_SOURCE|HIGH_AUTHORITY_SOURCE|EVIDENCE_GROUNDED|EXACT_MPN_MATCH|MANUFACTURER_VERIFIED|DIRECT_SPECIFICATION_MATCH|UOM_VALID|VALIDATION_PASS,EV-9075b194,SRC-1ca981b6,verified,2026-08-16T12:53:07.490858+00:00
PROD-0260,color,Slate Gray,1.0,100,AUTO_APPROVE,1.0,1.0,1.0,,,1.0,OFFICIAL_MANUFACTURER_SOURCE|HIGH_AUTHORITY_SOURCE|EVIDENCE_GROUNDED|EXACT_MPN_MATCH|MANUFACTURER_VERIFIED|DIRECT_SPECIFICATION_MATCH|VALIDATION_PASS,EV-56046d7f,SRC-e2008a5a,verified,2026-08-16T12:53:07.490940+00:00
PROD-0260,edge_profile,Grooved,1.0,100,AUTO_APPROVE,1.0,1.0,1.0,,,1.0,OFFICIAL_MANUFACTURER_SOURCE|HIGH_AUTHORITY_SOURCE|EVIDENCE_GROUNDED|EXACT_MPN_MATCH|MANUFACTURER_VERIFIED|DIRECT_SPECIFICATION_MATCH|VALIDATION_PASS,EV-67e47ed3,SRC-e2008a5a,verified,2026-08-16T12:53:07.490955+00:00
PROD-0260,length,12 ft,1.0,100,AUTO_APPROVE,1.0,1.0,1.0,,1.0,1.0,OFFICIAL_MANUFACTURER_SOURCE|HIGH_AUTHORITY_SOURCE|EVIDENCE_GROUNDED|EXACT_MPN_MATCH|MANUFACTURER_VERIFIED|DIRECT_SPECIFICATION_MATCH|UOM_VALID|VALIDATION_PASS,EV-bdc2f3dd,SRC-e2008a5a,verified,2026-08-16T12:53:07.490968+00:00
PROD-0260,material,PVC,1.0,100,AUTO_APPROVE,1.0,1.0,1.0,1.0,,1.0,OFFICIAL_MANUFACTURER_SOURCE|HIGH_AUTHORITY_SOURCE|EVIDENCE_GROUNDED|EXACT_MPN_MATCH|MANUFACTURER_VERIFIED|DIRECT_SPECIFICATION_MATCH|LOV_VALID|VALIDATION_PASS,EV-d168e55e,SRC-e2008a5a,verified,2026-08-16T12:53:07.491003+00:00
PROD-0260,width_profile,1x6,1.0,100,AUTO_APPROVE,1.0,1.0,1.0,,1.0,1.0,OFFICIAL_MANUFACTURER_SOURCE|HIGH_AUTHORITY_SOURCE|EVIDENCE_GROUNDED|EXACT_MPN_MATCH|MANUFACTURER_VERIFIED|DIRECT_SPECIFICATION_MATCH|UOM_VALID|VALIDATION_PASS,EV-8c3e5b34,SRC-e2008a5a,verified,2026-08-16T12:53:07.491019+00:00
PROD-0261,color,Slate Gray,1.0,100,AUTO_APPROVE,1.0,1.0,1.0,,,1.0,OFFICIAL_MANUFACTURER_SOURCE|HIGH_AUTHORITY_SOURCE|EVIDENCE_GROUNDED|EXACT_MPN_MATCH|MANUFACTURER_VERIFIED|DIRECT_SPECIFICATION_MATCH|VALIDATION_PASS,EV-623e7951,SRC-1b359cc5,verified,2026-08-16T12:53:07.491120+00:00
PROD-0261,edge_profile,Grooved,1.0,100,AUTO_APPROVE,1.0,1.0,1.0,,,1.0,OFFICIAL_MANUFACTURER_SOURCE|HIGH_AUTHORITY_SOURCE|EVIDENCE_GROUNDED|EXACT_MPN_MATCH|MANUFACTURER_VERIFIED|DIRECT_SPECIFICATION_MATCH|VALIDATION_PASS,EV-0e5839e2,SRC-1b359cc5,verified,2026-08-16T12:53:07.491138+00:00
PROD-0261,length,12 ft,1.0,100,AUTO_APPROVE,1.0,1.0,1.0,,1.0,1.0,OFFICIAL_MANUFACTURER_SOURCE|HIGH_AUTHORITY_SOURCE|EVIDENCE_GROUNDED|EXACT_MPN_MATCH|MANUFACTURER_VERIFIED|DIRECT_SPECIFICATION_MATCH|UOM_VALID|VALIDATION_PASS,EV-04236db4,SRC-1b359cc5,verified,2026-08-16T12:53:07.491152+00:00
PROD-0261,material,PVC,1.0,100,AUTO_APPROVE,1.0,1.0,1.0,1.0,,1.0,OFFICIAL_MANUFACTURER_SOURCE|HIGH_AUTHORITY_SOURCE|EVIDENCE_GROUNDED|EXACT_MPN_MATCH|MANUFACTURER_VERIFIED|DIRECT_SPECIFICATION_MATCH|LOV_VALID|VALIDATION_PASS,EV-0bf68441,SRC-1b359cc5,verified,2026-08-16T12:53:07.491165+00:00
PROD-0261,width_profile,1x6,1.0,100,AUTO_APPROVE,1.0,1.0,1.0,,1.0,1.0,OFFICIAL_MANUFACTURER_SOURCE|HIGH_AUTHORITY_SOURCE|EVIDENCE_GROUNDED|EXACT_MPN_MATCH|MANUFACTURER_VERIFIED|DIRECT_SPECIFICATION_MATCH|UOM_VALID|VALIDATION_PASS,EV-64fc532d,SRC-1b359cc5,verified,2026-08-16T12:53:07.491177+00:00
PROD-0262,color,Slate Gray,1.0,100,AUTO_APPROVE,1.0,1.0,1.0,,,1.0,OFFICIAL_MANUFACTURER_SOURCE|HIGH_AUTHORITY_SOURCE|EVIDENCE_GROUNDED|EXACT_MPN_MATCH|MANUFACTURER_VERIFIED|DIRECT_SPECIFICATION_MATCH|VALIDATION_PASS,EV-900da665,SRC-14765f8a,verified,2026-08-16T12:53:07.491270+00:00
PROD-0262,edge_profile,Grooved,1.0,100,AUTO_APPROVE,1.0,1.0,1.0,,,1.0,OFFICIAL_MANUFACTURER_SOURCE|HIGH_AUTHORITY_SOURCE|EVIDENCE_GROUNDED|EXACT_MPN_MATCH|MANUFACTURER_VERIFIED|DIRECT_SPECIFICATION_MATCH|VALIDATION_PASS,EV-2a0cfeba,SRC-14765f8a,verified,2026-08-16T12:53:07.491286+00:00
PROD-0262,length,12 ft,1.0,100,AUTO_APPROVE,1.0,1.0,1.0,,1.0,1.0,OFFICIAL_MANUFACTURER_SOURCE|HIGH_AUTHORITY_SOURCE|EVIDENCE_GROUNDED|EXACT_MPN_MATCH|MANUFACTURER_VERIFIED|DIRECT_SPECIFICATION_MATCH|UOM_VALID|VALIDATION_PASS,EV-e9e0fe56,SRC-14765f8a,verified,2026-08-16T12:53:07.491299+00:00
PROD-0262,material,PVC,1.0,100,AUTO_APPROVE,1.0,1.0,1.0,1.0,,1.0,OFFICIAL_MANUFACTURER_SOURCE|HIGH_AUTHORITY_SOURCE|EVIDENCE_GROUNDED|EXACT_MPN_MATCH|MANUFACTURER_VERIFIED|DIRECT_SPECIFICATION_MATCH|LOV_VALID|VALIDATION_PASS,EV-e40d0160,SRC-14765f8a,verified,2026-08-16T12:53:07.491312+00:00
PROD-0262,width_profile,1x6,1.0,100,AUTO_APPROVE,1.0,1.0,1.0,,1.0,1.0,OFFICIAL_MANUFACTURER_SOURCE|HIGH_AUTHORITY_SOURCE|EVIDENCE_GROUNDED|EXACT_MPN_MATCH|MANUFACTURER_VERIFIED|DIRECT_SPECIFICATION_MATCH|UOM_VALID|VALIDATION_PASS,EV-3e6636ce,SRC-14765f8a,verified,2026-08-16T12:53:07.491325+00:00
PROD-0263,color,Slate Gray,1.0,100,AUTO_APPROVE,1.0,1.0,1.0,,,1.0,OFFICIAL_MANUFACTURER_SOURCE|HIGH_AUTHORITY_SOURCE|EVIDENCE_GROUNDED|EXACT_MPN_MATCH|MANUFACTURER_VERIFIED|DIRECT_SPECIFICATION_MATCH|VALIDATION_PASS,EV-42d299a4,SRC-0ae3752a,verified,2026-08-16T12:53:07.491395+00:00
PROD-0263,edge_profile,Grooved,1.0,100,AUTO_APPROVE,1.0,1.0,1.0,,,1.0,OFFICIAL_MANUFACTURER_SOURCE|HIGH_AUTHORITY_SOURCE|EVIDENCE_GROUNDED|EXACT_MPN_MATCH|MANUFACTURER_VERIFIED|DIRECT_SPECIFICATION_MATCH|VALIDATION_PASS,EV-49b237ef,SRC-0ae3752a,verified,2026-08-16T12:53:07.491410+00:00
PROD-0263,length,12 ft,1.0,100,AUTO_APPROVE,1.0,1.0,1.0,,1.0,1.0,OFFICIAL_MANUFACTURER_SOURCE|HIGH_AUTHORITY_SOURCE|EVIDENCE_GROUNDED|EXACT_MPN_MATCH|MANUFACTURER_VERIFIED|DIRECT_SPECIFICATION_MATCH|UOM_VALID|VALIDATION_PASS,EV-b1105ba6,SRC-0ae3752a,verified,2026-08-16T12:53:07.491424+00:00
PROD-0263,material,PVC,1.0,100,AUTO_APPROVE,1.0,1.0,1.0,1.0,,1.0,OFFICIAL_MANUFACTURER_SOURCE|HIGH_AUTHORITY_SOURCE|EVIDENCE_GROUNDED|EXACT_MPN_MATCH|MANUFACTURER_VERIFIED|DIRECT_SPECIFICATION_MATCH|LOV_VALID|VALIDATION_PASS,EV-de2f0f28,SRC-0ae3752a,verified,2026-08-16T12:53:07.491437+00:00
PROD-0263,width_profile,1x6,1.0,100,AUTO_APPROVE,1.0,1.0,1.0,,1.0,1.0,OFFICIAL_MANUFACTURER_SOURCE|HIGH_AUTHORITY_SOURCE|EVIDENCE_GROUNDED|EXACT_MPN_MATCH|MANUFACTURER_VERIFIED|DIRECT_SPECIFICATION_MATCH|UOM_VALID|VALIDATION_PASS,EV-3aaadc08,SRC-0ae3752a,verified,2026-08-16T12:53:07.491450+00:00
PROD-0264,color,Slate Gray,1.0,100,AUTO_APPROVE,1.0,1.0,1.0,,,1.0,OFFICIAL_MANUFACTURER_SOURCE|HIGH_AUTHORITY_SOURCE|EVIDENCE_GROUNDED|EXACT_MPN_MATCH|MANUFACTURER_VERIFIED|DIRECT_SPECIFICATION_MATCH|VALIDATION_PASS,EV-7b1aee2e,SRC-28d1c3bb,verified,2026-08-16T12:53:07.491519+00:00
PROD-0264,edge_profile,Grooved,1.0,100,AUTO_APPROVE,1.0,1.0,1.0,,,1.0,OFFICIAL_MANUFACTURER_SOURCE|HIGH_AUTHORITY_SOURCE|EVIDENCE_GROUNDED|EXACT_MPN_MATCH|MANUFACTURER_VERIFIED|DIRECT_SPECIFICATION_MATCH|VALIDATION_PASS,EV-04dfe252,SRC-28d1c3bb,verified,2026-08-16T12:53:07.491884+00:00
PROD-0264,length,12 ft,1.0,100,AUTO_APPROVE,1.0,1.0,1.0,,1.0,1.0,OFFICIAL_MANUFACTURER_SOURCE|HIGH_AUTHORITY_SOURCE|EVIDENCE_GROUNDED|EXACT_MPN_MATCH|MANUFACTURER_VERIFIED|DIRECT_SPECIFICATION_MATCH|UOM_VALID|VALIDATION_PASS,EV-a3f934d5,SRC-28d1c3bb,verified,2026-08-16T12:53:07.491917+00:00
PROD-0264,material,PVC,1.0,100,AUTO_APPROVE,1.0,1.0,1.0,1.0,,1.0,OFFICIAL_MANUFACTURER_SOURCE|HIGH_AUTHORITY_SOURCE|EVIDENCE_GROUNDED|EXACT_MPN_MATCH|MANUFACTURER_VERIFIED|DIRECT_SPECIFICATION_MATCH|LOV_VALID|VALIDATION_PASS,EV-a19b70e2,SRC-28d1c3bb,verified,2026-08-16T12:53:07.491930+00:00
PROD-0264,width_profile,1x6,1.0,100,AUTO_APPROVE,1.0,1.0,1.0,,1.0,1.0,OFFICIAL_MANUFACTURER_SOURCE|HIGH_AUTHORITY_SOURCE|EVIDENCE_GROUNDED|EXACT_MPN_MATCH|MANUFACTURER_VERIFIED|DIRECT_SPECIFICATION_MATCH|UOM_VALID|VALIDATION_PASS,EV-7e1fe0fd,SRC-28d1c3bb,verified,2026-08-16T12:53:07.491943+00:00
PROD-0265,color,Slate Gray,1.0,100,AUTO_APPROVE,1.0,1.0,1.0,,,1.0,OFFICIAL_MANUFACTURER_SOURCE|HIGH_AUTHORITY_SOURCE|EVIDENCE_GROUNDED|EXACT_MPN_MATCH|MANUFACTURER_VERIFIED|DIRECT_SPECIFICATION_MATCH|VALIDATION_PASS,EV-05ae2be7,SRC-fa690023,verified,2026-08-16T12:53:07.492066+00:00
PROD-0265,edge_profile,Grooved,1.0,100,AUTO_APPROVE,1.0,1.0,1.0,,,1.0,OFFICIAL_MANUFACTURER_SOURCE|HIGH_AUTHORITY_SOURCE|EVIDENCE_GROUNDED|EXACT_MPN_MATCH|MANUFACTURER_VERIFIED|DIRECT_SPECIFICATION_MATCH|VALIDATION_PASS,EV-fdb8efd7,SRC-fa690023,verified,2026-08-16T12:53:07.492082+00:00
PROD-0265,length,12 ft,1.0,100,AUTO_APPROVE,1.0,1.0,1.0,,1.0,1.0,OFFICIAL_MANUFACTURER_SOURCE|HIGH_AUTHORITY_SOURCE|EVIDENCE_GROUNDED|EXACT_MPN_MATCH|MANUFACTURER_VERIFIED|DIRECT_SPECIFICATION_MATCH|UOM_VALID|VALIDATION_PASS,EV-0ea5443e,SRC-fa690023,verified,2026-08-16T12:53:07.492095+00:00
PROD-0265,material,PVC,1.0,100,AUTO_APPROVE,1.0,1.0,1.0,1.0,,1.0,OFFICIAL_MANUFACTURER_SOURCE|HIGH_AUTHORITY_SOURCE|EVIDENCE_GROUNDED|EXACT_MPN_MATCH|MANUFACTURER_VERIFIED|DIRECT_SPECIFICATION_MATCH|LOV_VALID|VALIDATION_PASS,EV-50e46e3a,SRC-fa690023,verified,2026-08-16T12:53:07.492108+00:00
PROD-0265,width_profile,1x6,1.0,100,AUTO_APPROVE,1.0,1.0,1.0,,1.0,1.0,OFFICIAL_MANUFACTURER_SOURCE|HIGH_AUTHORITY_SOURCE|EVIDENCE_GROUNDED|EXACT_MPN_MATCH|MANUFACTURER_VERIFIED|DIRECT_SPECIFICATION_MATCH|UOM_VALID|VALIDATION_PASS,EV-d20db1a7,SRC-fa690023,verified,2026-08-16T12:53:07.492120+00:00
PROD-0266,color,Slate Gray,1.0,100,AUTO_APPROVE,1.0,1.0,1.0,,,1.0,OFFICIAL_MANUFACTURER_SOURCE|HIGH_AUTHORITY_SOURCE|EVIDENCE_GROUNDED|EXACT_MPN_MATCH|MANUFACTURER_VERIFIED|DIRECT_SPECIFICATION_MATCH|VALIDATION_PASS,EV-676d5ccd,SRC-a6be078e,verified,2026-08-16T12:53:07.492190+00:00
PROD-0266,edge_profile,Grooved,1.0,100,AUTO_APPROVE,1.0,1.0,1.0,,,1.0,OFFICIAL_MANUFACTURER_SOURCE|HIGH_AUTHORITY_SOURCE|EVIDENCE_GROUNDED|EXACT_MPN_MATCH|MANUFACTURER_VERIFIED|DIRECT_SPECIFICATION_MATCH|VALIDATION_PASS,EV-7cafeeef,SRC-a6be078e,verified,2026-08-16T12:53:07.492205+00:00
PROD-0266,length,12 ft,1.0,100,AUTO_APPROVE,1.0,1.0,1.0,,1.0,1.0,OFFICIAL_MANUFACTURER_SOURCE|HIGH_AUTHORITY_SOURCE|EVIDENCE_GROUNDED|EXACT_MPN_MATCH|MANUFACTURER_VERIFIED|DIRECT_SPECIFICATION_MATCH|UOM_VALID|VALIDATION_PASS,EV-5f76d951,SRC-a6be078e,verified,2026-08-16T12:53:07.492219+00:00
PROD-0266,material,PVC,1.0,100,AUTO_APPROVE,1.0,1.0,1.0,1.0,,1.0,OFFICIAL_MANUFACTURER_SOURCE|HIGH_AUTHORITY_SOURCE|EVIDENCE_GROUNDED|EXACT_MPN_MATCH|MANUFACTURER_VERIFIED|DIRECT_SPECIFICATION_MATCH|LOV_VALID|VALIDATION_PASS,EV-7cbb9610,SRC-a6be078e,verified,2026-08-16T12:53:07.492232+00:00
PROD-0266,width_profile,1x6,1.0,100,AUTO_APPROVE,1.0,1.0,1.0,,1.0,1.0,OFFICIAL_MANUFACTURER_SOURCE|HIGH_AUTHORITY_SOURCE|EVIDENCE_GROUNDED|EXACT_MPN_MATCH|MANUFACTURER_VERIFIED|DIRECT_SPECIFICATION_MATCH|UOM_VALID|VALIDATION_PASS,EV-344dc9cd,SRC-a6be078e,verified,2026-08-16T12:53:07.492244+00:00
PROD-0267,color,Slate Gray,1.0,100,AUTO_APPROVE,1.0,1.0,1.0,,,1.0,OFFICIAL_MANUFACTURER_SOURCE|HIGH_AUTHORITY_SOURCE|EVIDENCE_GROUNDED|EXACT_MPN_MATCH|MANUFACTURER_VERIFIED|DIRECT_SPECIFICATION_MATCH|VALIDATION_PASS,EV-10d26bb9,SRC-e8e38c65,verified,2026-08-16T12:53:07.492312+00:00
PROD-0267,edge_profile,Grooved,1.0,100,AUTO_APPROVE,1.0,1.0,1.0,,,1.0,OFFICIAL_MANUFACTURER_SOURCE|HIGH_AUTHORITY_SOURCE|EVIDENCE_GROUNDED|EXACT_MPN_MATCH|MANUFACTURER_VERIFIED|DIRECT_SPECIFICATION_MATCH|VALIDATION_PASS,EV-6d2416d7,SRC-e8e38c65,verified,2026-08-16T12:53:07.492327+00:00
PROD-0267,length,12 ft,1.0,100,AUTO_APPROVE,1.0,1.0,1.0,,1.0,1.0,OFFICIAL_MANUFACTURER_SOURCE|HIGH_AUTHORITY_SOURCE|EVIDENCE_GROUNDED|EXACT_MPN_MATCH|MANUFACTURER_VERIFIED|DIRECT_SPECIFICATION_MATCH|UOM_VALID|VALIDATION_PASS,EV-21df776e,SRC-e8e38c65,verified,2026-08-16T12:53:07.492340+00:00
PROD-0267,material,PVC,1.0,100,AUTO_APPROVE,1.0,1.0,1.0,1.0,,1.0,OFFICIAL_MANUFACTURER_SOURCE|HIGH_AUTHORITY_SOURCE|EVIDENCE_GROUNDED|EXACT_MPN_MATCH|MANUFACTURER_VERIFIED|DIRECT_SPECIFICATION_MATCH|LOV_VALID|VALIDATION_PASS,EV-914c5ad1,SRC-e8e38c65,verified,2026-08-16T12:53:07.492354+00:00
PROD-0267,width_profile,1x6,1.0,100,AUTO_APPROVE,1.0,1.0,1.0,,1.0,1.0,OFFICIAL_MANUFACTURER_SOURCE|HIGH_AUTHORITY_SOURCE|EVIDENCE_GROUNDED|EXACT_MPN_MATCH|MANUFACTURER_VERIFIED|DIRECT_SPECIFICATION_MATCH|UOM_VALID|VALIDATION_PASS,EV-7ab48997,SRC-e8e38c65,verified,2026-08-16T12:53:07.492365+00:00
PROD-0268,color,Slate Gray,1.0,100,AUTO_APPROVE,1.0,1.0,1.0,,,1.0,OFFICIAL_MANUFACTURER_SOURCE|HIGH_AUTHORITY_SOURCE|EVIDENCE_GROUNDED|EXACT_MPN_MATCH|MANUFACTURER_VERIFIED|DIRECT_SPECIFICATION_MATCH|VALIDATION_PASS,EV-6732ab30,SRC-4fc6adcf,verified,2026-08-16T12:53:07.492433+00:00
PROD-0268,edge_profile,Grooved,1.0,100,AUTO_APPROVE,1.0,1.0,1.0,,,1.0,OFFICIAL_MANUFACTURER_SOURCE|HIGH_AUTHORITY_SOURCE|EVIDENCE_GROUNDED|EXACT_MPN_MATCH|MANUFACTURER_VERIFIED|DIRECT_SPECIFICATION_MATCH|VALIDATION_PASS,EV-8ba18b29,SRC-4fc6adcf,verified,2026-08-16T12:53:07.492448+00:00
PROD-0268,length,12 ft,1.0,100,AUTO_APPROVE,1.0,1.0,1.0,,1.0,1.0,OFFICIAL_MANUFACTURER_SOURCE|HIGH_AUTHORITY_SOURCE|EVIDENCE_GROUNDED|EXACT_MPN_MATCH|MANUFACTURER_VERIFIED|DIRECT_SPECIFICATION_MATCH|UOM_VALID|VALIDATION_PASS,EV-44da672b,SRC-4fc6adcf,verified,2026-08-16T12:53:07.492462+00:00
PROD-0268,material,PVC,1.0,100,AUTO_APPROVE,1.0,1.0,1.0,1.0,,1.0,OFFICIAL_MANUFACTURER_SOURCE|HIGH_AUTHORITY_SOURCE|EVIDENCE_GROUNDED|EXACT_MPN_MATCH|MANUFACTURER_VERIFIED|DIRECT_SPECIFICATION_MATCH|LOV_VALID|VALIDATION_PASS,EV-8e5d5bbd,SRC-4fc6adcf,verified,2026-08-16T12:53:07.492475+00:00
PROD-0268,width_profile,1x6,1.0,100,AUTO_APPROVE,1.0,1.0,1.0,,1.0,1.0,OFFICIAL_MANUFACTURER_SOURCE|HIGH_AUTHORITY_SOURCE|EVIDENCE_GROUNDED|EXACT_MPN_MATCH|MANUFACTURER_VERIFIED|DIRECT_SPECIFICATION_MATCH|UOM_VALID|VALIDATION_PASS,EV-126fc5fe,SRC-4fc6adcf,verified,2026-08-16T12:53:07.492486+00:00
PROD-0269,color,Slate Gray,1.0,100,AUTO_APPROVE,1.0,1.0,1.0,,,1.0,OFFICIAL_MANUFACTURER_SOURCE|HIGH_AUTHORITY_SOURCE|EVIDENCE_GROUNDED|EXACT_MPN_MATCH|MANUFACTURER_VERIFIED|DIRECT_SPECIFICATION_MATCH|VALIDATION_PASS,EV-848c1938,SRC-81ea4aed,verified,2026-08-16T12:53:07.492551+00:00
PROD-0269,edge_profile,Grooved,1.0,100,AUTO_APPROVE,1.0,1.0,1.0,,,1.0,OFFICIAL_MANUFACTURER_SOURCE|HIGH_AUTHORITY_SOURCE|EVIDENCE_GROUNDED|EXACT_MPN_MATCH|MANUFACTURER_VERIFIED|DIRECT_SPECIFICATION_MATCH|VALIDATION_PASS,EV-59d87a5d,SRC-81ea4aed,verified,2026-08-16T12:53:07.492565+00:00
PROD-0269,length,12 ft,1.0,100,AUTO_APPROVE,1.0,1.0,1.0,,1.0,1.0,OFFICIAL_MANUFACTURER_SOURCE|HIGH_AUTHORITY_SOURCE|EVIDENCE_GROUNDED|EXACT_MPN_MATCH|MANUFACTURER_VERIFIED|DIRECT_SPECIFICATION_MATCH|UOM_VALID|VALIDATION_PASS,EV-0a618f0e,SRC-81ea4aed,verified,2026-08-16T12:53:07.492578+00:00
PROD-0269,material,PVC,1.0,100,AUTO_APPROVE,1.0,1.0,1.0,1.0,,1.0,OFFICIAL_MANUFACTURER_SOURCE|HIGH_AUTHORITY_SOURCE|EVIDENCE_GROUNDED|EXACT_MPN_MATCH|MANUFACTURER_VERIFIED|DIRECT_SPECIFICATION_MATCH|LOV_VALID|VALIDATION_PASS,EV-7ac54713,SRC-81ea4aed,verified,2026-08-16T12:53:07.492590+00:00
PROD-0269,width_profile,1x6,1.0,100,AUTO_APPROVE,1.0,1.0,1.0,,1.0,1.0,OFFICIAL_MANUFACTURER_SOURCE|HIGH_AUTHORITY_SOURCE|EVIDENCE_GROUNDED|EXACT_MPN_MATCH|MANUFACTURER_VERIFIED|DIRECT_SPECIFICATION_MATCH|UOM_VALID|VALIDATION_PASS,EV-8943e541,SRC-81ea4aed,verified,2026-08-16T12:53:07.492602+00:00
PROD-0270,color,Slate Gray,1.0,100,AUTO_APPROVE,1.0,1.0,1.0,,,1.0,OFFICIAL_MANUFACTURER_SOURCE|HIGH_AUTHORITY_SOURCE|EVIDENCE_GROUNDED|EXACT_MPN_MATCH|MANUFACTURER_VERIFIED|DIRECT_SPECIFICATION_MATCH|VALIDATION_PASS,EV-da612748,SRC-d2ee6767,verified,2026-08-16T12:53:07.492672+00:00
PROD-0270,edge_profile,Grooved,1.0,100,AUTO_APPROVE,1.0,1.0,1.0,,,1.0,OFFICIAL_MANUFACTURER_SOURCE|HIGH_AUTHORITY_SOURCE|EVIDENCE_GROUNDED|EXACT_MPN_MATCH|MANUFACTURER_VERIFIED|DIRECT_SPECIFICATION_MATCH|VALIDATION_PASS,EV-d6580600,SRC-d2ee6767,verified,2026-08-16T12:53:07.492689+00:00
PROD-0270,length,12 ft,1.0,100,AUTO_APPROVE,1.0,1.0,1.0,,1.0,1.0,OFFICIAL_MANUFACTURER_SOURCE|HIGH_AUTHORITY_SOURCE|EVIDENCE_GROUNDED|EXACT_MPN_MATCH|MANUFACTURER_VERIFIED|DIRECT_SPECIFICATION_MATCH|UOM_VALID|VALIDATION_PASS,EV-cba09a1f,SRC-d2ee6767,verified,2026-08-16T12:53:07.492702+00:00
PROD-0270,material,PVC,1.0,100,AUTO_APPROVE,1.0,1.0,1.0,1.0,,1.0,OFFICIAL_MANUFACTURER_SOURCE|HIGH_AUTHORITY_SOURCE|EVIDENCE_GROUNDED|EXACT_MPN_MATCH|MANUFACTURER_VERIFIED|DIRECT_SPECIFICATION_MATCH|LOV_VALID|VALIDATION_PASS,EV-ab941f7d,SRC-d2ee6767,verified,2026-08-16T12:53:07.492715+00:00
PROD-0270,width_profile,1x6,1.0,100,AUTO_APPROVE,1.0,1.0,1.0,,1.0,1.0,OFFICIAL_MANUFACTURER_SOURCE|HIGH_AUTHORITY_SOURCE|EVIDENCE_GROUNDED|EXACT_MPN_MATCH|MANUFACTURER_VERIFIED|DIRECT_SPECIFICATION_MATCH|UOM_VALID|VALIDATION_PASS,EV-37faefd2,SRC-d2ee6767,verified,2026-08-16T12:53:07.492726+00:00
PROD-0271,color,Slate Gray,1.0,100,AUTO_APPROVE,1.0,1.0,1.0,,,1.0,OFFICIAL_MANUFACTURER_SOURCE|HIGH_AUTHORITY_SOURCE|EVIDENCE_GROUNDED|EXACT_MPN_MATCH|MANUFACTURER_VERIFIED|DIRECT_SPECIFICATION_MATCH|VALIDATION_PASS,EV-8c010ea3,SRC-99528169,verified,2026-08-16T12:53:07.492794+00:00
PROD-0271,edge_profile,Grooved,1.0,100,AUTO_APPROVE,1.0,1.0,1.0,,,1.0,OFFICIAL_MANUFACTURER_SOURCE|HIGH_AUTHORITY_SOURCE|EVIDENCE_GROUNDED|EXACT_MPN_MATCH|MANUFACTURER_VERIFIED|DIRECT_SPECIFICATION_MATCH|VALIDATION_PASS,EV-3b73f600,SRC-99528169,verified,2026-08-16T12:53:07.492809+00:00
PROD-0271,length,12 ft,1.0,100,AUTO_APPROVE,1.0,1.0,1.0,,1.0,1.0,OFFICIAL_MANUFACTURER_SOURCE|HIGH_AUTHORITY_SOURCE|EVIDENCE_GROUNDED|EXACT_MPN_MATCH|MANUFACTURER_VERIFIED|DIRECT_SPECIFICATION_MATCH|UOM_VALID|VALIDATION_PASS,EV-3b0b137d,SRC-99528169,verified,2026-08-16T12:53:07.492822+00:00
PROD-0271,material,PVC,1.0,100,AUTO_APPROVE,1.0,1.0,1.0,1.0,,1.0,OFFICIAL_MANUFACTURER_SOURCE|HIGH_AUTHORITY_SOURCE|EVIDENCE_GROUNDED|EXACT_MPN_MATCH|MANUFACTURER_VERIFIED|DIRECT_SPECIFICATION_MATCH|LOV_VALID|VALIDATION_PASS,EV-0e74f296,SRC-99528169,verified,2026-08-16T12:53:07.492834+00:00
PROD-0271,width_profile,1x6,1.0,100,AUTO_APPROVE,1.0,1.0,1.0,,1.0,1.0,OFFICIAL_MANUFACTURER_SOURCE|HIGH_AUTHORITY_SOURCE|EVIDENCE_GROUNDED|EXACT_MPN_MATCH|MANUFACTURER_VERIFIED|DIRECT_SPECIFICATION_MATCH|UOM_VALID|VALIDATION_PASS,EV-83867721,SRC-99528169,verified,2026-08-16T12:53:07.492846+00:00
PROD-0272,color,Slate Gray,1.0,100,AUTO_APPROVE,1.0,1.0,1.0,,,1.0,OFFICIAL_MANUFACTURER_SOURCE|HIGH_AUTHORITY_SOURCE|EVIDENCE_GROUNDED|EXACT_MPN_MATCH|MANUFACTURER_VERIFIED|DIRECT_SPECIFICATION_MATCH|VALIDATION_PASS,EV-d89e4ecd,SRC-689f6f57,verified,2026-08-16T12:53:07.492919+00:00
PROD-0272,edge_profile,Grooved,1.0,100,AUTO_APPROVE,1.0,1.0,1.0,,,1.0,OFFICIAL_MANUFACTURER_SOURCE|HIGH_AUTHORITY_SOURCE|EVIDENCE_GROUNDED|EXACT_MPN_MATCH|MANUFACTURER_VERIFIED|DIRECT_SPECIFICATION_MATCH|VALIDATION_PASS,EV-4cbfee55,SRC-689f6f57,verified,2026-08-16T12:53:07.492934+00:00
PROD-0272,length,12 ft,1.0,100,AUTO_APPROVE,1.0,1.0,1.0,,1.0,1.0,OFFICIAL_MANUFACTURER_SOURCE|HIGH_AUTHORITY_SOURCE|EVIDENCE_GROUNDED|EXACT_MPN_MATCH|MANUFACTURER_VERIFIED|DIRECT_SPECIFICATION_MATCH|UOM_VALID|VALIDATION_PASS,EV-92867824,SRC-689f6f57,verified,2026-08-16T12:53:07.492947+00:00
PROD-0272,material,PVC,1.0,100,AUTO_APPROVE,1.0,1.0,1.0,1.0,,1.0,OFFICIAL_MANUFACTURER_SOURCE|HIGH_AUTHORITY_SOURCE|EVIDENCE_GROUNDED|EXACT_MPN_MATCH|MANUFACTURER_VERIFIED|DIRECT_SPECIFICATION_MATCH|LOV_VALID|VALIDATION_PASS,EV-0ab666bc,SRC-689f6f57,verified,2026-08-16T12:53:07.492960+00:00
PROD-0272,width_profile,1x6,1.0,100,AUTO_APPROVE,1.0,1.0,1.0,,1.0,1.0,OFFICIAL_MANUFACTURER_SOURCE|HIGH_AUTHORITY_SOURCE|EVIDENCE_GROUNDED|EXACT_MPN_MATCH|MANUFACTURER_VERIFIED|DIRECT_SPECIFICATION_MATCH|UOM_VALID|VALIDATION_PASS,EV-912f71bd,SRC-689f6f57,verified,2026-08-16T12:53:07.492972+00:00
PROD-0273,color,Slate Gray,1.0,100,AUTO_APPROVE,1.0,1.0,1.0,,,1.0,OFFICIAL_MANUFACTURER_SOURCE|HIGH_AUTHORITY_SOURCE|EVIDENCE_GROUNDED|EXACT_MPN_MATCH|MANUFACTURER_VERIFIED|DIRECT_SPECIFICATION_MATCH|VALIDATION_PASS,EV-d3c40046,SRC-8d4df0ee,verified,2026-08-16T12:53:07.493040+00:00
PROD-0273,edge_profile,Grooved,1.0,100,AUTO_APPROVE,1.0,1.0,1.0,,,1.0,OFFICIAL_MANUFACTURER_SOURCE|HIGH_AUTHORITY_SOURCE|EVIDENCE_GROUNDED|EXACT_MPN_MATCH|MANUFACTURER_VERIFIED|DIRECT_SPECIFICATION_MATCH|VALIDATION_PASS,EV-5b519cca,SRC-8d4df0ee,verified,2026-08-16T12:53:07.493055+00:00
PROD-0273,length,12 ft,1.0,100,AUTO_APPROVE,1.0,1.0,1.0,,1.0,1.0,OFFICIAL_MANUFACTURER_SOURCE|HIGH_AUTHORITY_SOURCE|EVIDENCE_GROUNDED|EXACT_MPN_MATCH|MANUFACTURER_VERIFIED|DIRECT_SPECIFICATION_MATCH|UOM_VALID|VALIDATION_PASS,EV-a98ddac1,SRC-8d4df0ee,verified,2026-08-16T12:53:07.493069+00:00
PROD-0273,material,PVC,1.0,100,AUTO_APPROVE,1.0,1.0,1.0,1.0,,1.0,OFFICIAL_MANUFACTURER_SOURCE|HIGH_AUTHORITY_SOURCE|EVIDENCE_GROUNDED|EXACT_MPN_MATCH|MANUFACTURER_VERIFIED|DIRECT_SPECIFICATION_MATCH|LOV_VALID|VALIDATION_PASS,EV-079142c6,SRC-8d4df0ee,verified,2026-08-16T12:53:07.493081+00:00
PROD-0273,width_profile,1x6,1.0,100,AUTO_APPROVE,1.0,1.0,1.0,,1.0,1.0,OFFICIAL_MANUFACTURER_SOURCE|HIGH_AUTHORITY_SOURCE|EVIDENCE_GROUNDED|EXACT_MPN_MATCH|MANUFACTURER_VERIFIED|DIRECT_SPECIFICATION_MATCH|UOM_VALID|VALIDATION_PASS,EV-18f3a964,SRC-8d4df0ee,verified,2026-08-16T12:53:07.493095+00:00
PROD-0274,color,Slate Gray,1.0,100,AUTO_APPROVE,1.0,1.0,1.0,,,1.0,OFFICIAL_MANUFACTURER_SOURCE|HIGH_AUTHORITY_SOURCE|EVIDENCE_GROUNDED|EXACT_MPN_MATCH|MANUFACTURER_VERIFIED|DIRECT_SPECIFICATION_MATCH|VALIDATION_PASS,EV-9f1da9f0,SRC-afbdaa8b,verified,2026-08-16T12:53:07.493158+00:00
PROD-0274,edge_profile,Grooved,1.0,100,AUTO_APPROVE,1.0,1.0,1.0,,,1.0,OFFICIAL_MANUFACTURER_SOURCE|HIGH_AUTHORITY_SOURCE|EVIDENCE_GROUNDED|EXACT_MPN_MATCH|MANUFACTURER_VERIFIED|DIRECT_SPECIFICATION_MATCH|VALIDATION_PASS,EV-2c1d5152,SRC-afbdaa8b,verified,2026-08-16T12:53:07.493173+00:00
PROD-0274,length,12 ft,1.0,100,AUTO_APPROVE,1.0,1.0,1.0,,1.0,1.0,OFFICIAL_MANUFACTURER_SOURCE|HIGH_AUTHORITY_SOURCE|EVIDENCE_GROUNDED|EXACT_MPN_MATCH|MANUFACTURER_VERIFIED|DIRECT_SPECIFICATION_MATCH|UOM_VALID|VALIDATION_PASS,EV-af66d98b,SRC-afbdaa8b,verified,2026-08-16T12:53:07.493186+00:00
PROD-0274,material,PVC,1.0,100,AUTO_APPROVE,1.0,1.0,1.0,1.0,,1.0,OFFICIAL_MANUFACTURER_SOURCE|HIGH_AUTHORITY_SOURCE|EVIDENCE_GROUNDED|EXACT_MPN_MATCH|MANUFACTURER_VERIFIED|DIRECT_SPECIFICATION_MATCH|LOV_VALID|VALIDATION_PASS,EV-1bee02eb,SRC-afbdaa8b,verified,2026-08-16T12:53:07.493199+00:00
PROD-0274,width_profile,1x6,1.0,100,AUTO_APPROVE,1.0,1.0,1.0,,1.0,1.0,OFFICIAL_MANUFACTURER_SOURCE|HIGH_AUTHORITY_SOURCE|EVIDENCE_GROUNDED|EXACT_MPN_MATCH|MANUFACTURER_VERIFIED|DIRECT_SPECIFICATION_MATCH|UOM_VALID|VALIDATION_PASS,EV-466fa83f,SRC-afbdaa8b,verified,2026-08-16T12:53:07.493215+00:00
PROD-0275,color,Slate Gray,1.0,100,AUTO_APPROVE,1.0,1.0,1.0,,,1.0,OFFICIAL_MANUFACTURER_SOURCE|HIGH_AUTHORITY_SOURCE|EVIDENCE_GROUNDED|EXACT_MPN_MATCH|MANUFACTURER_VERIFIED|DIRECT_SPECIFICATION_MATCH|VALIDATION_PASS,EV-8ff82fae,SRC-500d50b8,verified,2026-08-16T12:53:07.493279+00:00
PROD-0275,edge_profile,Grooved,1.0,100,AUTO_APPROVE,1.0,1.0,1.0,,,1.0,OFFICIAL_MANUFACTURER_SOURCE|HIGH_AUTHORITY_SOURCE|EVIDENCE_GROUNDED|EXACT_MPN_MATCH|MANUFACTURER_VERIFIED|DIRECT_SPECIFICATION_MATCH|VALIDATION_PASS,EV-e3069c11,SRC-500d50b8,verified,2026-08-16T12:53:07.493294+00:00
PROD-0275,length,12 ft,1.0,100,AUTO_APPROVE,1.0,1.0,1.0,,1.0,1.0,OFFICIAL_MANUFACTURER_SOURCE|HIGH_AUTHORITY_SOURCE|EVIDENCE_GROUNDED|EXACT_MPN_MATCH|MANUFACTURER_VERIFIED|DIRECT_SPECIFICATION_MATCH|UOM_VALID|VALIDATION_PASS,EV-ff189c3a,SRC-500d50b8,verified,2026-08-16T12:53:07.493308+00:00
PROD-0275,material,PVC,1.0,100,AUTO_APPROVE,1.0,1.0,1.0,1.0,,1.0,OFFICIAL_MANUFACTURER_SOURCE|HIGH_AUTHORITY_SOURCE|EVIDENCE_GROUNDED|EXACT_MPN_MATCH|MANUFACTURER_VERIFIED|DIRECT_SPECIFICATION_MATCH|LOV_VALID|VALIDATION_PASS,EV-6666faf7,SRC-500d50b8,verified,2026-08-16T12:53:07.493321+00:00
PROD-0275,width_profile,1x6,1.0,100,AUTO_APPROVE,1.0,1.0,1.0,,1.0,1.0,OFFICIAL_MANUFACTURER_SOURCE|HIGH_AUTHORITY_SOURCE|EVIDENCE_GROUNDED|EXACT_MPN_MATCH|MANUFACTURER_VERIFIED|DIRECT_SPECIFICATION_MATCH|UOM_VALID|VALIDATION_PASS,EV-a3260812,SRC-500d50b8,verified,2026-08-16T12:53:07.493333+00:00
PROD-0282,color,Slate Gray,1.0,100,AUTO_APPROVE,1.0,1.0,1.0,,,1.0,OFFICIAL_MANUFACTURER_SOURCE|HIGH_AUTHORITY_SOURCE|EVIDENCE_GROUNDED|EXACT_MPN_MATCH|MANUFACTURER_VERIFIED|DIRECT_SPECIFICATION_MATCH|VALIDATION_PASS,EV-cf30f690,SRC-b88deee3,verified,2026-08-16T12:53:07.493562+00:00
PROD-0282,edge_profile,Grooved,1.0,100,AUTO_APPROVE,1.0,1.0,1.0,,,1.0,OFFICIAL_MANUFACTURER_SOURCE|HIGH_AUTHORITY_SOURCE|EVIDENCE_GROUNDED|EXACT_MPN_MATCH|MANUFACTURER_VERIFIED|DIRECT_SPECIFICATION_MATCH|VALIDATION_PASS,EV-19bff63d,SRC-b88deee3,verified,2026-08-16T12:53:07.493577+00:00
PROD-0282,length,12 ft,1.0,100,AUTO_APPROVE,1.0,1.0,1.0,,1.0,1.0,OFFICIAL_MANUFACTURER_SOURCE|HIGH_AUTHORITY_SOURCE|EVIDENCE_GROUNDED|EXACT_MPN_MATCH|MANUFACTURER_VERIFIED|DIRECT_SPECIFICATION_MATCH|UOM_VALID|VALIDATION_PASS,EV-109caa5d,SRC-b88deee3,verified,2026-08-16T12:53:07.493591+00:00
PROD-0282,material,PVC,1.0,100,AUTO_APPROVE,1.0,1.0,1.0,1.0,,1.0,OFFICIAL_MANUFACTURER_SOURCE|HIGH_AUTHORITY_SOURCE|EVIDENCE_GROUNDED|EXACT_MPN_MATCH|MANUFACTURER_VERIFIED|DIRECT_SPECIFICATION_MATCH|LOV_VALID|VALIDATION_PASS,EV-4c531122,SRC-b88deee3,verified,2026-08-16T12:53:07.493604+00:00
PROD-0282,width_profile,1x6,1.0,100,AUTO_APPROVE,1.0,1.0,1.0,,1.0,1.0,OFFICIAL_MANUFACTURER_SOURCE|HIGH_AUTHORITY_SOURCE|EVIDENCE_GROUNDED|EXACT_MPN_MATCH|MANUFACTURER_VERIFIED|DIRECT_SPECIFICATION_MATCH|UOM_VALID|VALIDATION_PASS,EV-6e29fbfa,SRC-b88deee3,verified,2026-08-16T12:53:07.493618+00:00
PROD-0283,color,Slate Gray,1.0,100,AUTO_APPROVE,1.0,1.0,1.0,,,1.0,OFFICIAL_MANUFACTURER_SOURCE|HIGH_AUTHORITY_SOURCE|EVIDENCE_GROUNDED|EXACT_MPN_MATCH|MANUFACTURER_VERIFIED|DIRECT_SPECIFICATION_MATCH|VALIDATION_PASS,EV-f93f1f21,SRC-1eb46029,verified,2026-08-16T12:53:07.493683+00:00
PROD-0283,edge_profile,Grooved,1.0,100,AUTO_APPROVE,1.0,1.0,1.0,,,1.0,OFFICIAL_MANUFACTURER_SOURCE|HIGH_AUTHORITY_SOURCE|EVIDENCE_GROUNDED|EXACT_MPN_MATCH|MANUFACTURER_VERIFIED|DIRECT_SPECIFICATION_MATCH|VALIDATION_PASS,EV-f06935ba,SRC-1eb46029,verified,2026-08-16T12:53:07.493698+00:00
PROD-0283,length,12 ft,1.0,100,AUTO_APPROVE,1.0,1.0,1.0,,1.0,1.0,OFFICIAL_MANUFACTURER_SOURCE|HIGH_AUTHORITY_SOURCE|EVIDENCE_GROUNDED|EXACT_MPN_MATCH|MANUFACTURER_VERIFIED|DIRECT_SPECIFICATION_MATCH|UOM_VALID|VALIDATION_PASS,EV-79d87871,SRC-1eb46029,verified,2026-08-16T12:53:07.493712+00:00
PROD-0283,material,PVC,1.0,100,AUTO_APPROVE,1.0,1.0,1.0,1.0,,1.0,OFFICIAL_MANUFACTURER_SOURCE|HIGH_AUTHORITY_SOURCE|EVIDENCE_GROUNDED|EXACT_MPN_MATCH|MANUFACTURER_VERIFIED|DIRECT_SPECIFICATION_MATCH|LOV_VALID|VALIDATION_PASS,EV-8a2b11a1,SRC-1eb46029,verified,2026-08-16T12:53:07.493724+00:00
PROD-0283,width_profile,1x6,1.0,100,AUTO_APPROVE,1.0,1.0,1.0,,1.0,1.0,OFFICIAL_MANUFACTURER_SOURCE|HIGH_AUTHORITY_SOURCE|EVIDENCE_GROUNDED|EXACT_MPN_MATCH|MANUFACTURER_VERIFIED|DIRECT_SPECIFICATION_MATCH|UOM_VALID|VALIDATION_PASS,EV-b0511413,SRC-1eb46029,verified,2026-08-16T12:53:07.493736+00:00
PROD-0284,color,Slate Gray,1.0,100,AUTO_APPROVE,1.0,1.0,1.0,,,1.0,OFFICIAL_MANUFACTURER_SOURCE|HIGH_AUTHORITY_SOURCE|EVIDENCE_GROUNDED|EXACT_MPN_MATCH|MANUFACTURER_VERIFIED|DIRECT_SPECIFICATION_MATCH|VALIDATION_PASS,EV-eb842adf,SRC-11cb648c,verified,2026-08-16T12:53:07.493805+00:00
PROD-0284,edge_profile,Grooved,1.0,100,AUTO_APPROVE,1.0,1.0,1.0,,,1.0,OFFICIAL_MANUFACTURER_SOURCE|HIGH_AUTHORITY_SOURCE|EVIDENCE_GROUNDED|EXACT_MPN_MATCH|MANUFACTURER_VERIFIED|DIRECT_SPECIFICATION_MATCH|VALIDATION_PASS,EV-de89d082,SRC-11cb648c,verified,2026-08-16T12:53:07.493820+00:00
PROD-0284,length,12 ft,1.0,100,AUTO_APPROVE,1.0,1.0,1.0,,1.0,1.0,OFFICIAL_MANUFACTURER_SOURCE|HIGH_AUTHORITY_SOURCE|EVIDENCE_GROUNDED|EXACT_MPN_MATCH|MANUFACTURER_VERIFIED|DIRECT_SPECIFICATION_MATCH|UOM_VALID|VALIDATION_PASS,EV-2e7835b4,SRC-11cb648c,verified,2026-08-16T12:53:07.493833+00:00
PROD-0284,material,PVC,1.0,100,AUTO_APPROVE,1.0,1.0,1.0,1.0,,1.0,OFFICIAL_MANUFACTURER_SOURCE|HIGH_AUTHORITY_SOURCE|EVIDENCE_GROUNDED|EXACT_MPN_MATCH|MANUFACTURER_VERIFIED|DIRECT_SPECIFICATION_MATCH|LOV_VALID|VALIDATION_PASS,EV-99eb3ad6,SRC-11cb648c,verified,2026-08-16T12:53:07.493846+00:00
PROD-0284,width_profile,1x6,1.0,100,AUTO_APPROVE,1.0,1.0,1.0,,1.0,1.0,OFFICIAL_MANUFACTURER_SOURCE|HIGH_AUTHORITY_SOURCE|EVIDENCE_GROUNDED|EXACT_MPN_MATCH|MANUFACTURER_VERIFIED|DIRECT_SPECIFICATION_MATCH|UOM_VALID|VALIDATION_PASS,EV-baa04b83,SRC-11cb648c,verified,2026-08-16T12:53:07.493858+00:00
PROD-0285,color,Slate Gray,0.7781,78,REVIEW_RECOMMENDED,1.0,0.4,0.9,,,0.75,OFFICIAL_MANUFACTURER_SOURCE|HIGH_AUTHORITY_SOURCE|PARTIAL_EVIDENCE|VALIDATION_WARNING,,SRC-11cb648c,verified,2026-08-16T12:53:07.493926+00:00
PROD-0285,edge_profile,Grooved,0.7781,78,REVIEW_RECOMMENDED,1.0,0.4,0.9,,,0.75,OFFICIAL_MANUFACTURER_SOURCE|HIGH_AUTHORITY_SOURCE|PARTIAL_EVIDENCE|VALIDATION_WARNING,,SRC-11cb648c,verified,2026-08-16T12:53:07.493942+00:00
PROD-0285,length,12 ft,0.8028,80,REVIEW_RECOMMENDED,1.0,0.4,0.9,,1.0,0.75,OFFICIAL_MANUFACTURER_SOURCE|HIGH_AUTHORITY_SOURCE|PARTIAL_EVIDENCE|UOM_VALID|VALIDATION_WARNING,,SRC-11cb648c,verified,2026-08-16T12:53:07.493956+00:00
PROD-0285,material,PVC,0.8028,80,REVIEW_RECOMMENDED,1.0,0.4,0.9,1.0,,0.75,OFFICIAL_MANUFACTURER_SOURCE|HIGH_AUTHORITY_SOURCE|PARTIAL_EVIDENCE|LOV_VALID|VALIDATION_WARNING,,SRC-11cb648c,verified,2026-08-16T12:53:07.493969+00:00
PROD-0285,width_profile,1x6,0.8028,80,REVIEW_RECOMMENDED,1.0,0.4,0.9,,1.0,0.75,OFFICIAL_MANUFACTURER_SOURCE|HIGH_AUTHORITY_SOURCE|PARTIAL_EVIDENCE|UOM_VALID|VALIDATION_WARNING,,SRC-11cb648c,verified,2026-08-16T12:53:07.493981+00:00
PROD-0286,color,Slate Gray,1.0,100,AUTO_APPROVE,1.0,1.0,1.0,,,1.0,OFFICIAL_MANUFACTURER_SOURCE|HIGH_AUTHORITY_SOURCE|EVIDENCE_GROUNDED|EXACT_MPN_MATCH|MANUFACTURER_VERIFIED|DIRECT_SPECIFICATION_MATCH|VALIDATION_PASS,EV-7e371bd8,SRC-4ee2a634,verified,2026-08-16T12:53:07.494048+00:00
PROD-0286,edge_profile,Grooved,1.0,100,AUTO_APPROVE,1.0,1.0,1.0,,,1.0,OFFICIAL_MANUFACTURER_SOURCE|HIGH_AUTHORITY_SOURCE|EVIDENCE_GROUNDED|EXACT_MPN_MATCH|MANUFACTURER_VERIFIED|DIRECT_SPECIFICATION_MATCH|VALIDATION_PASS,EV-c8102218,SRC-4ee2a634,verified,2026-08-16T12:53:07.494064+00:00
PROD-0286,length,12 ft,1.0,100,AUTO_APPROVE,1.0,1.0,1.0,,1.0,1.0,OFFICIAL_MANUFACTURER_SOURCE|HIGH_AUTHORITY_SOURCE|EVIDENCE_GROUNDED|EXACT_MPN_MATCH|MANUFACTURER_VERIFIED|DIRECT_SPECIFICATION_MATCH|UOM_VALID|VALIDATION_PASS,EV-24c461c0,SRC-4ee2a634,verified,2026-08-16T12:53:07.494078+00:00
PROD-0286,material,PVC,1.0,100,AUTO_APPROVE,1.0,1.0,1.0,1.0,,1.0,OFFICIAL_MANUFACTURER_SOURCE|HIGH_AUTHORITY_SOURCE|EVIDENCE_GROUNDED|EXACT_MPN_MATCH|MANUFACTURER_VERIFIED|DIRECT_SPECIFICATION_MATCH|LOV_VALID|VALIDATION_PASS,EV-102820a4,SRC-4ee2a634,verified,2026-08-16T12:53:07.494091+00:00
PROD-0286,width_profile,1x6,1.0,100,AUTO_APPROVE,1.0,1.0,1.0,,1.0,1.0,OFFICIAL_MANUFACTURER_SOURCE|HIGH_AUTHORITY_SOURCE|EVIDENCE_GROUNDED|EXACT_MPN_MATCH|MANUFACTURER_VERIFIED|DIRECT_SPECIFICATION_MATCH|UOM_VALID|VALIDATION_PASS,EV-4ed8c608,SRC-4ee2a634,verified,2026-08-16T12:53:07.494104+00:00
PROD-0287,color,Slate Gray,1.0,100,AUTO_APPROVE,1.0,1.0,1.0,,,1.0,OFFICIAL_MANUFACTURER_SOURCE|HIGH_AUTHORITY_SOURCE|EVIDENCE_GROUNDED|EXACT_MPN_MATCH|MANUFACTURER_VERIFIED|DIRECT_SPECIFICATION_MATCH|VALIDATION_PASS,EV-f2cf85ce,SRC-c5fc9b54,verified,2026-08-16T12:53:07.494170+00:00
PROD-0287,edge_profile,Grooved,1.0,100,AUTO_APPROVE,1.0,1.0,1.0,,,1.0,OFFICIAL_MANUFACTURER_SOURCE|HIGH_AUTHORITY_SOURCE|EVIDENCE_GROUNDED|EXACT_MPN_MATCH|MANUFACTURER_VERIFIED|DIRECT_SPECIFICATION_MATCH|VALIDATION_PASS,EV-d265b459,SRC-c5fc9b54,verified,2026-08-16T12:53:07.494184+00:00
PROD-0287,length,12 ft,1.0,100,AUTO_APPROVE,1.0,1.0,1.0,,1.0,1.0,OFFICIAL_MANUFACTURER_SOURCE|HIGH_AUTHORITY_SOURCE|EVIDENCE_GROUNDED|EXACT_MPN_MATCH|MANUFACTURER_VERIFIED|DIRECT_SPECIFICATION_MATCH|UOM_VALID|VALIDATION_PASS,EV-bb8f4337,SRC-c5fc9b54,verified,2026-08-16T12:53:07.494197+00:00
PROD-0287,material,PVC,1.0,100,AUTO_APPROVE,1.0,1.0,1.0,1.0,,1.0,OFFICIAL_MANUFACTURER_SOURCE|HIGH_AUTHORITY_SOURCE|EVIDENCE_GROUNDED|EXACT_MPN_MATCH|MANUFACTURER_VERIFIED|DIRECT_SPECIFICATION_MATCH|LOV_VALID|VALIDATION_PASS,EV-40b4808f,SRC-c5fc9b54,verified,2026-08-16T12:53:07.494210+00:00
PROD-0287,width_profile,1x6,1.0,100,AUTO_APPROVE,1.0,1.0,1.0,,1.0,1.0,OFFICIAL_MANUFACTURER_SOURCE|HIGH_AUTHORITY_SOURCE|EVIDENCE_GROUNDED|EXACT_MPN_MATCH|MANUFACTURER_VERIFIED|DIRECT_SPECIFICATION_MATCH|UOM_VALID|VALIDATION_PASS,EV-b4c63a3b,SRC-c5fc9b54,verified,2026-08-16T12:53:07.494222+00:00
PROD-0289,color,Slate Gray,1.0,100,AUTO_APPROVE,1.0,1.0,1.0,,,1.0,OFFICIAL_MANUFACTURER_SOURCE|HIGH_AUTHORITY_SOURCE|EVIDENCE_GROUNDED|EXACT_MPN_MATCH|MANUFACTURER_VERIFIED|DIRECT_SPECIFICATION_MATCH|VALIDATION_PASS,EV-c32436b1,SRC-de4fc0e4,verified,2026-08-16T12:53:07.494324+00:00
PROD-0289,edge_profile,Grooved,1.0,100,AUTO_APPROVE,1.0,1.0,1.0,,,1.0,OFFICIAL_MANUFACTURER_SOURCE|HIGH_AUTHORITY_SOURCE|EVIDENCE_GROUNDED|EXACT_MPN_MATCH|MANUFACTURER_VERIFIED|DIRECT_SPECIFICATION_MATCH|VALIDATION_PASS,EV-aaaac984,SRC-de4fc0e4,verified,2026-08-16T12:53:07.494339+00:00
PROD-0289,length,12 ft,1.0,100,AUTO_APPROVE,1.0,1.0,1.0,,1.0,1.0,OFFICIAL_MANUFACTURER_SOURCE|HIGH_AUTHORITY_SOURCE|EVIDENCE_GROUNDED|EXACT_MPN_MATCH|MANUFACTURER_VERIFIED|DIRECT_SPECIFICATION_MATCH|UOM_VALID|VALIDATION_PASS,EV-b02b03dc,SRC-de4fc0e4,verified,2026-08-16T12:53:07.494351+00:00
PROD-0289,material,PVC,1.0,100,AUTO_APPROVE,1.0,1.0,1.0,1.0,,1.0,OFFICIAL_MANUFACTURER_SOURCE|HIGH_AUTHORITY_SOURCE|EVIDENCE_GROUNDED|EXACT_MPN_MATCH|MANUFACTURER_VERIFIED|DIRECT_SPECIFICATION_MATCH|LOV_VALID|VALIDATION_PASS,EV-93aaf686,SRC-de4fc0e4,verified,2026-08-16T12:53:07.494363+00:00
PROD-0289,width_profile,1x6,1.0,100,AUTO_APPROVE,1.0,1.0,1.0,,1.0,1.0,OFFICIAL_MANUFACTURER_SOURCE|HIGH_AUTHORITY_SOURCE|EVIDENCE_GROUNDED|EXACT_MPN_MATCH|MANUFACTURER_VERIFIED|DIRECT_SPECIFICATION_MATCH|UOM_VALID|VALIDATION_PASS,EV-4bc9c3d5,SRC-de4fc0e4,verified,2026-08-16T12:53:07.494374+00:00
PROD-0290,color,Slate Gray,1.0,100,AUTO_APPROVE,1.0,1.0,1.0,,,1.0,OFFICIAL_MANUFACTURER_SOURCE|HIGH_AUTHORITY_SOURCE|EVIDENCE_GROUNDED|EXACT_MPN_MATCH|MANUFACTURER_VERIFIED|DIRECT_SPECIFICATION_MATCH|VALIDATION_PASS,EV-cddd0520,SRC-37728860,verified,2026-08-16T12:53:07.494438+00:00
PROD-0290,edge_profile,Grooved,1.0,100,AUTO_APPROVE,1.0,1.0,1.0,,,1.0,OFFICIAL_MANUFACTURER_SOURCE|HIGH_AUTHORITY_SOURCE|EVIDENCE_GROUNDED|EXACT_MPN_MATCH|MANUFACTURER_VERIFIED|DIRECT_SPECIFICATION_MATCH|VALIDATION_PASS,EV-645671cd,SRC-37728860,verified,2026-08-16T12:53:07.494452+00:00
PROD-0290,length,12 ft,1.0,100,AUTO_APPROVE,1.0,1.0,1.0,,1.0,1.0,OFFICIAL_MANUFACTURER_SOURCE|HIGH_AUTHORITY_SOURCE|EVIDENCE_GROUNDED|EXACT_MPN_MATCH|MANUFACTURER_VERIFIED|DIRECT_SPECIFICATION_MATCH|UOM_VALID|VALIDATION_PASS,EV-5d7b9cce,SRC-37728860,verified,2026-08-16T12:53:07.494465+00:00
PROD-0290,material,PVC,1.0,100,AUTO_APPROVE,1.0,1.0,1.0,1.0,,1.0,OFFICIAL_MANUFACTURER_SOURCE|HIGH_AUTHORITY_SOURCE|EVIDENCE_GROUNDED|EXACT_MPN_MATCH|MANUFACTURER_VERIFIED|DIRECT_SPECIFICATION_MATCH|LOV_VALID|VALIDATION_PASS,EV-e93905af,SRC-37728860,verified,2026-08-16T12:53:07.494477+00:00
PROD-0290,width_profile,1x6,1.0,100,AUTO_APPROVE,1.0,1.0,1.0,,1.0,1.0,OFFICIAL_MANUFACTURER_SOURCE|HIGH_AUTHORITY_SOURCE|EVIDENCE_GROUNDED|EXACT_MPN_MATCH|MANUFACTURER_VERIFIED|DIRECT_SPECIFICATION_MATCH|UOM_VALID|VALIDATION_PASS,EV-9657ee40,SRC-37728860,verified,2026-08-16T12:53:07.494489+00:00
PROD-0291,color,Slate Gray,0.7781,78,REVIEW_RECOMMENDED,1.0,0.4,0.9,,,0.75,OFFICIAL_MANUFACTURER_SOURCE|HIGH_AUTHORITY_SOURCE|PARTIAL_EVIDENCE|VALIDATION_WARNING,,SRC-8f050dbb,verified,2026-08-16T12:53:07.494553+00:00
PROD-0291,edge_profile,Grooved,0.7781,78,REVIEW_RECOMMENDED,1.0,0.4,0.9,,,0.75,OFFICIAL_MANUFACTURER_SOURCE|HIGH_AUTHORITY_SOURCE|PARTIAL_EVIDENCE|VALIDATION_WARNING,,SRC-8f050dbb,verified,2026-08-16T12:53:07.494568+00:00
PROD-0291,length,12 ft,0.8028,80,REVIEW_RECOMMENDED,1.0,0.4,0.9,,1.0,0.75,OFFICIAL_MANUFACTURER_SOURCE|HIGH_AUTHORITY_SOURCE|PARTIAL_EVIDENCE|UOM_VALID|VALIDATION_WARNING,,SRC-8f050dbb,verified,2026-08-16T12:53:07.494583+00:00
PROD-0291,material,PVC,0.8028,80,REVIEW_RECOMMENDED,1.0,0.4,0.9,1.0,,0.75,OFFICIAL_MANUFACTURER_SOURCE|HIGH_AUTHORITY_SOURCE|PARTIAL_EVIDENCE|LOV_VALID|VALIDATION_WARNING,,SRC-8f050dbb,verified,2026-08-16T12:53:07.494596+00:00
PROD-0291,width_profile,1x6,0.8028,80,REVIEW_RECOMMENDED,1.0,0.4,0.9,,1.0,0.75,OFFICIAL_MANUFACTURER_SOURCE|HIGH_AUTHORITY_SOURCE|PARTIAL_EVIDENCE|UOM_VALID|VALIDATION_WARNING,,SRC-8f050dbb,verified,2026-08-16T12:53:07.494607+00:00
PROD-0292,color,Slate Gray,0.7781,78,REVIEW_RECOMMENDED,1.0,0.4,0.9,,,0.75,OFFICIAL_MANUFACTURER_SOURCE|HIGH_AUTHORITY_SOURCE|PARTIAL_EVIDENCE|VALIDATION_WARNING,,SRC-8f050dbb,verified,2026-08-16T12:53:07.494678+00:00
PROD-0292,edge_profile,Grooved,0.7781,78,REVIEW_RECOMMENDED,1.0,0.4,0.9,,,0.75,OFFICIAL_MANUFACTURER_SOURCE|HIGH_AUTHORITY_SOURCE|PARTIAL_EVIDENCE|VALIDATION_WARNING,,SRC-8f050dbb,verified,2026-08-16T12:53:07.494691+00:00
PROD-0292,length,12 ft,0.8028,80,REVIEW_RECOMMENDED,1.0,0.4,0.9,,1.0,0.75,OFFICIAL_MANUFACTURER_SOURCE|HIGH_AUTHORITY_SOURCE|PARTIAL_EVIDENCE|UOM_VALID|VALIDATION_WARNING,,SRC-8f050dbb,verified,2026-08-16T12:53:07.494703+00:00
PROD-0292,material,PVC,0.8028,80,REVIEW_RECOMMENDED,1.0,0.4,0.9,1.0,,0.75,OFFICIAL_MANUFACTURER_SOURCE|HIGH_AUTHORITY_SOURCE|PARTIAL_EVIDENCE|LOV_VALID|VALIDATION_WARNING,,SRC-8f050dbb,verified,2026-08-16T12:53:07.494715+00:00
PROD-0292,width_profile,1x6,0.8028,80,REVIEW_RECOMMENDED,1.0,0.4,0.9,,1.0,0.75,OFFICIAL_MANUFACTURER_SOURCE|HIGH_AUTHORITY_SOURCE|PARTIAL_EVIDENCE|UOM_VALID|VALIDATION_WARNING,,SRC-8f050dbb,verified,2026-08-16T12:53:07.494725+00:00
PROD-0293,color,Slate Gray,0.7781,78,REVIEW_RECOMMENDED,1.0,0.4,0.9,,,0.75,OFFICIAL_MANUFACTURER_SOURCE|HIGH_AUTHORITY_SOURCE|PARTIAL_EVIDENCE|VALIDATION_WARNING,,SRC-8f050dbb,verified,2026-08-16T12:53:07.494789+00:00
PROD-0293,edge_profile,Grooved,0.7781,78,REVIEW_RECOMMENDED,1.0,0.4,0.9,,,0.75,OFFICIAL_MANUFACTURER_SOURCE|HIGH_AUTHORITY_SOURCE|PARTIAL_EVIDENCE|VALIDATION_WARNING,,SRC-8f050dbb,verified,2026-08-16T12:53:07.494803+00:00
PROD-0293,length,12 ft,0.8028,80,REVIEW_RECOMMENDED,1.0,0.4,0.9,,1.0,0.75,OFFICIAL_MANUFACTURER_SOURCE|HIGH_AUTHORITY_SOURCE|PARTIAL_EVIDENCE|UOM_VALID|VALIDATION_WARNING,,SRC-8f050dbb,verified,2026-08-16T12:53:07.494815+00:00
PROD-0293,material,PVC,0.8028,80,REVIEW_RECOMMENDED,1.0,0.4,0.9,1.0,,0.75,OFFICIAL_MANUFACTURER_SOURCE|HIGH_AUTHORITY_SOURCE|PARTIAL_EVIDENCE|LOV_VALID|VALIDATION_WARNING,,SRC-8f050dbb,verified,2026-08-16T12:53:07.494827+00:00
PROD-0293,width_profile,1x6,0.8028,80,REVIEW_RECOMMENDED,1.0,0.4,0.9,,1.0,0.75,OFFICIAL_MANUFACTURER_SOURCE|HIGH_AUTHORITY_SOURCE|PARTIAL_EVIDENCE|UOM_VALID|VALIDATION_WARNING,,SRC-8f050dbb,verified,2026-08-16T12:53:07.494837+00:00
PROD-0294,color,Slate Gray,0.7781,78,REVIEW_RECOMMENDED,1.0,0.4,0.9,,,0.75,OFFICIAL_MANUFACTURER_SOURCE|HIGH_AUTHORITY_SOURCE|PARTIAL_EVIDENCE|VALIDATION_WARNING,,SRC-8f050dbb,verified,2026-08-16T12:53:07.494899+00:00
PROD-0294,edge_profile,Grooved,0.7781,78,REVIEW_RECOMMENDED,1.0,0.4,0.9,,,0.75,OFFICIAL_MANUFACTURER_SOURCE|HIGH_AUTHORITY_SOURCE|PARTIAL_EVIDENCE|VALIDATION_WARNING,,SRC-8f050dbb,verified,2026-08-16T12:53:07.494920+00:00
PROD-0294,length,12 ft,0.8028,80,REVIEW_RECOMMENDED,1.0,0.4,0.9,,1.0,0.75,OFFICIAL_MANUFACTURER_SOURCE|HIGH_AUTHORITY_SOURCE|PARTIAL_EVIDENCE|UOM_VALID|VALIDATION_WARNING,,SRC-8f050dbb,verified,2026-08-16T12:53:07.494935+00:00
PROD-0294,material,PVC,0.8028,80,REVIEW_RECOMMENDED,1.0,0.4,0.9,1.0,,0.75,OFFICIAL_MANUFACTURER_SOURCE|HIGH_AUTHORITY_SOURCE|PARTIAL_EVIDENCE|LOV_VALID|VALIDATION_WARNING,,SRC-8f050dbb,verified,2026-08-16T12:53:07.494947+00:00
PROD-0294,width_profile,1x6,0.8028,80,REVIEW_RECOMMENDED,1.0,0.4,0.9,,1.0,0.75,OFFICIAL_MANUFACTURER_SOURCE|HIGH_AUTHORITY_SOURCE|PARTIAL_EVIDENCE|UOM_VALID|VALIDATION_WARNING,,SRC-8f050dbb,verified,2026-08-16T12:53:07.494958+00:00
PROD-0295,color,Slate Gray,1.0,100,AUTO_APPROVE,1.0,1.0,1.0,,,1.0,OFFICIAL_MANUFACTURER_SOURCE|HIGH_AUTHORITY_SOURCE|EVIDENCE_GROUNDED|EXACT_MPN_MATCH|MANUFACTURER_VERIFIED|DIRECT_SPECIFICATION_MATCH|VALIDATION_PASS,EV-5ac97876,SRC-7c45be9a,verified,2026-08-16T12:53:07.495033+00:00
PROD-0295,edge_profile,Grooved,1.0,100,AUTO_APPROVE,1.0,1.0,1.0,,,1.0,OFFICIAL_MANUFACTURER_SOURCE|HIGH_AUTHORITY_SOURCE|EVIDENCE_GROUNDED|EXACT_MPN_MATCH|MANUFACTURER_VERIFIED|DIRECT_SPECIFICATION_MATCH|VALIDATION_PASS,EV-2d430dc8,SRC-7c45be9a,verified,2026-08-16T12:53:07.495050+00:00
PROD-0295,length,12 ft,1.0,100,AUTO_APPROVE,1.0,1.0,1.0,,1.0,1.0,OFFICIAL_MANUFACTURER_SOURCE|HIGH_AUTHORITY_SOURCE|EVIDENCE_GROUNDED|EXACT_MPN_MATCH|MANUFACTURER_VERIFIED|DIRECT_SPECIFICATION_MATCH|UOM_VALID|VALIDATION_PASS,EV-c2af40a5,SRC-7c45be9a,verified,2026-08-16T12:53:07.495064+00:00
PROD-0295,material,PVC,1.0,100,AUTO_APPROVE,1.0,1.0,1.0,1.0,,1.0,OFFICIAL_MANUFACTURER_SOURCE|HIGH_AUTHORITY_SOURCE|EVIDENCE_GROUNDED|EXACT_MPN_MATCH|MANUFACTURER_VERIFIED|DIRECT_SPECIFICATION_MATCH|LOV_VALID|VALIDATION_PASS,EV-3bf27056,SRC-7c45be9a,verified,2026-08-16T12:53:07.495076+00:00
PROD-0295,width_profile,1x6,1.0,100,AUTO_APPROVE,1.0,1.0,1.0,,1.0,1.0,OFFICIAL_MANUFACTURER_SOURCE|HIGH_AUTHORITY_SOURCE|EVIDENCE_GROUNDED|EXACT_MPN_MATCH|MANUFACTURER_VERIFIED|DIRECT_SPECIFICATION_MATCH|UOM_VALID|VALIDATION_PASS,EV-7fac7693,SRC-7c45be9a,verified,2026-08-16T12:53:07.495088+00:00
PROD-0296,color,Slate Gray,1.0,100,AUTO_APPROVE,1.0,1.0,1.0,,,1.0,OFFICIAL_MANUFACTURER_SOURCE|HIGH_AUTHORITY_SOURCE|EVIDENCE_GROUNDED|EXACT_MPN_MATCH|MANUFACTURER_VERIFIED|DIRECT_SPECIFICATION_MATCH|VALIDATION_PASS,EV-b4da6e6e,SRC-a8e054f4,verified,2026-08-16T12:53:07.495154+00:00
PROD-0296,edge_profile,Grooved,1.0,100,AUTO_APPROVE,1.0,1.0,1.0,,,1.0,OFFICIAL_MANUFACTURER_SOURCE|HIGH_AUTHORITY_SOURCE|EVIDENCE_GROUNDED|EXACT_MPN_MATCH|MANUFACTURER_VERIFIED|DIRECT_SPECIFICATION_MATCH|VALIDATION_PASS,EV-4a336d66,SRC-a8e054f4,verified,2026-08-16T12:53:07.495169+00:00
PROD-0296,length,12 ft,1.0,100,AUTO_APPROVE,1.0,1.0,1.0,,1.0,1.0,OFFICIAL_MANUFACTURER_SOURCE|HIGH_AUTHORITY_SOURCE|EVIDENCE_GROUNDED|EXACT_MPN_MATCH|MANUFACTURER_VERIFIED|DIRECT_SPECIFICATION_MATCH|UOM_VALID|VALIDATION_PASS,EV-ca2955a2,SRC-a8e054f4,verified,2026-08-16T12:53:07.495182+00:00
PROD-0296,material,PVC,1.0,100,AUTO_APPROVE,1.0,1.0,1.0,1.0,,1.0,OFFICIAL_MANUFACTURER_SOURCE|HIGH_AUTHORITY_SOURCE|EVIDENCE_GROUNDED|EXACT_MPN_MATCH|MANUFACTURER_VERIFIED|DIRECT_SPECIFICATION_MATCH|LOV_VALID|VALIDATION_PASS,EV-c9c8fea5,SRC-a8e054f4,verified,2026-08-16T12:53:07.495193+00:00
PROD-0296,width_profile,1x6,1.0,100,AUTO_APPROVE,1.0,1.0,1.0,,1.0,1.0,OFFICIAL_MANUFACTURER_SOURCE|HIGH_AUTHORITY_SOURCE|EVIDENCE_GROUNDED|EXACT_MPN_MATCH|MANUFACTURER_VERIFIED|DIRECT_SPECIFICATION_MATCH|UOM_VALID|VALIDATION_PASS,EV-ce74e06d,SRC-a8e054f4,verified,2026-08-16T12:53:07.495206+00:00
PROD-0298,length,12 ft,1.0,100,AUTO_APPROVE,1.0,1.0,1.0,,1.0,1.0,OFFICIAL_MANUFACTURER_SOURCE|HIGH_AUTHORITY_SOURCE|EVIDENCE_GROUNDED|EXACT_MPN_MATCH|MANUFACTURER_VERIFIED|DIRECT_SPECIFICATION_MATCH|UOM_VALID|VALIDATION_PASS,EV-03eb0c1f,SRC-bb0ad7e6,verified,2026-08-16T12:53:07.495292+00:00
PROD-0323,length,12 ft,1.0,100,AUTO_APPROVE,1.0,1.0,1.0,,1.0,1.0,OFFICIAL_MANUFACTURER_SOURCE|HIGH_AUTHORITY_SOURCE|EVIDENCE_GROUNDED|EXACT_MPN_MATCH|MANUFACTURER_VERIFIED|DIRECT_SPECIFICATION_MATCH|UOM_VALID|VALIDATION_PASS,EV-cd87853d,SRC-df3f7190,verified,2026-08-16T12:53:07.496088+00:00
PROD-0330,color,Slate Gray,1.0,100,AUTO_APPROVE,1.0,1.0,1.0,,,1.0,OFFICIAL_MANUFACTURER_SOURCE|HIGH_AUTHORITY_SOURCE|EVIDENCE_GROUNDED|EXACT_MPN_MATCH|MANUFACTURER_VERIFIED|DIRECT_SPECIFICATION_MATCH|VALIDATION_PASS,EV-306cbbfd,SRC-d093422f,verified,2026-08-16T12:53:07.496993+00:00
PROD-0334,color,Slate Gray,1.0,100,AUTO_APPROVE,1.0,1.0,1.0,,,1.0,OFFICIAL_MANUFACTURER_SOURCE|HIGH_AUTHORITY_SOURCE|EVIDENCE_GROUNDED|EXACT_MPN_MATCH|MANUFACTURER_VERIFIED|DIRECT_SPECIFICATION_MATCH|VALIDATION_PASS,EV-cf72ab1f,SRC-ce2f7335,verified,2026-08-16T12:53:07.497319+00:00
PROD-0334,edge_profile,Grooved,1.0,100,AUTO_APPROVE,1.0,1.0,1.0,,,1.0,OFFICIAL_MANUFACTURER_SOURCE|HIGH_AUTHORITY_SOURCE|EVIDENCE_GROUNDED|EXACT_MPN_MATCH|MANUFACTURER_VERIFIED|DIRECT_SPECIFICATION_MATCH|VALIDATION_PASS,EV-966cd56b,SRC-ce2f7335,verified,2026-08-16T12:53:07.497344+00:00
PROD-0334,length,12 ft,1.0,100,AUTO_APPROVE,1.0,1.0,1.0,,1.0,1.0,OFFICIAL_MANUFACTURER_SOURCE|HIGH_AUTHORITY_SOURCE|EVIDENCE_GROUNDED|EXACT_MPN_MATCH|MANUFACTURER_VERIFIED|DIRECT_SPECIFICATION_MATCH|UOM_VALID|VALIDATION_PASS,EV-0c94c9d4,SRC-ce2f7335,verified,2026-08-16T12:53:07.497364+00:00
PROD-0334,material,PVC,1.0,100,AUTO_APPROVE,1.0,1.0,1.0,1.0,,1.0,OFFICIAL_MANUFACTURER_SOURCE|HIGH_AUTHORITY_SOURCE|EVIDENCE_GROUNDED|EXACT_MPN_MATCH|MANUFACTURER_VERIFIED|DIRECT_SPECIFICATION_MATCH|LOV_VALID|VALIDATION_PASS,EV-c84da3f6,SRC-ce2f7335,verified,2026-08-16T12:53:07.497381+00:00
PROD-0334,width_profile,1x6,1.0,100,AUTO_APPROVE,1.0,1.0,1.0,,1.0,1.0,OFFICIAL_MANUFACTURER_SOURCE|HIGH_AUTHORITY_SOURCE|EVIDENCE_GROUNDED|EXACT_MPN_MATCH|MANUFACTURER_VERIFIED|DIRECT_SPECIFICATION_MATCH|UOM_VALID|VALIDATION_PASS,EV-2daecb17,SRC-ce2f7335,verified,2026-08-16T12:53:07.497396+00:00
PROD-0339,color,Slate Gray,1.0,100,AUTO_APPROVE,1.0,1.0,1.0,,,1.0,OFFICIAL_MANUFACTURER_SOURCE|HIGH_AUTHORITY_SOURCE|EVIDENCE_GROUNDED|EXACT_MPN_MATCH|MANUFACTURER_VERIFIED|DIRECT_SPECIFICATION_MATCH|VALIDATION_PASS,EV-cd33bb60,SRC-009afebc,verified,2026-08-16T12:53:07.497628+00:00
PROD-0339,edge_profile,Grooved,1.0,100,AUTO_APPROVE,1.0,1.0,1.0,,,1.0,OFFICIAL_MANUFACTURER_SOURCE|HIGH_AUTHORITY_SOURCE|EVIDENCE_GROUNDED|EXACT_MPN_MATCH|MANUFACTURER_VERIFIED|DIRECT_SPECIFICATION_MATCH|VALIDATION_PASS,EV-988d4e8d,SRC-009afebc,verified,2026-08-16T12:53:07.497646+00:00
PROD-0339,length,12 ft,1.0,100,AUTO_APPROVE,1.0,1.0,1.0,,1.0,1.0,OFFICIAL_MANUFACTURER_SOURCE|HIGH_AUTHORITY_SOURCE|EVIDENCE_GROUNDED|EXACT_MPN_MATCH|MANUFACTURER_VERIFIED|DIRECT_SPECIFICATION_MATCH|UOM_VALID|VALIDATION_PASS,EV-79cd0da3,SRC-009afebc,verified,2026-08-16T12:53:07.497662+00:00
PROD-0339,material,PVC,1.0,100,AUTO_APPROVE,1.0,1.0,1.0,1.0,,1.0,OFFICIAL_MANUFACTURER_SOURCE|HIGH_AUTHORITY_SOURCE|EVIDENCE_GROUNDED|EXACT_MPN_MATCH|MANUFACTURER_VERIFIED|DIRECT_SPECIFICATION_MATCH|LOV_VALID|VALIDATION_PASS,EV-136adf8e,SRC-009afebc,verified,2026-08-16T12:53:07.497679+00:00
PROD-0339,width_profile,1x6,1.0,100,AUTO_APPROVE,1.0,1.0,1.0,,1.0,1.0,OFFICIAL_MANUFACTURER_SOURCE|HIGH_AUTHORITY_SOURCE|EVIDENCE_GROUNDED|EXACT_MPN_MATCH|MANUFACTURER_VERIFIED|DIRECT_SPECIFICATION_MATCH|UOM_VALID|VALIDATION_PASS,EV-4e12a8ad,SRC-009afebc,verified,2026-08-16T12:53:07.497695+00:00
PROD-0349,length,12 ft,1.0,100,AUTO_APPROVE,1.0,1.0,1.0,,1.0,1.0,OFFICIAL_MANUFACTURER_SOURCE|HIGH_AUTHORITY_SOURCE|EVIDENCE_GROUNDED|EXACT_MPN_MATCH|MANUFACTURER_VERIFIED|DIRECT_SPECIFICATION_MATCH|UOM_VALID|VALIDATION_PASS,EV-f7968544,SRC-39fcfd6a,verified,2026-08-16T12:53:07.498102+00:00
PROD-0350,length,12 ft,1.0,100,AUTO_APPROVE,1.0,1.0,1.0,,1.0,1.0,OFFICIAL_MANUFACTURER_SOURCE|HIGH_AUTHORITY_SOURCE|EVIDENCE_GROUNDED|EXACT_MPN_MATCH|MANUFACTURER_VERIFIED|DIRECT_SPECIFICATION_MATCH|UOM_VALID|VALIDATION_PASS,EV-15bc2614,SRC-c08a12de,verified,2026-08-16T12:53:07.498192+00:00
PROD-0351,length,12 ft,1.0,100,AUTO_APPROVE,1.0,1.0,1.0,,1.0,1.0,OFFICIAL_MANUFACTURER_SOURCE|HIGH_AUTHORITY_SOURCE|EVIDENCE_GROUNDED|EXACT_MPN_MATCH|MANUFACTURER_VERIFIED|DIRECT_SPECIFICATION_MATCH|UOM_VALID|VALIDATION_PASS,EV-a27fbf04,SRC-22d948ed,verified,2026-08-16T12:53:07.498276+00:00
PROD-0352,length,12 ft,1.0,100,AUTO_APPROVE,1.0,1.0,1.0,,1.0,1.0,OFFICIAL_MANUFACTURER_SOURCE|HIGH_AUTHORITY_SOURCE|EVIDENCE_GROUNDED|EXACT_MPN_MATCH|MANUFACTURER_VERIFIED|DIRECT_SPECIFICATION_MATCH|UOM_VALID|VALIDATION_PASS,EV-dff23946,SRC-4683457a,verified,2026-08-16T12:53:07.498358+00:00
PROD-0353,length,12 ft,1.0,100,AUTO_APPROVE,1.0,1.0,1.0,,1.0,1.0,OFFICIAL_MANUFACTURER_SOURCE|HIGH_AUTHORITY_SOURCE|EVIDENCE_GROUNDED|EXACT_MPN_MATCH|MANUFACTURER_VERIFIED|DIRECT_SPECIFICATION_MATCH|UOM_VALID|VALIDATION_PASS,EV-8ee97d47,SRC-cb3227cf,verified,2026-08-16T12:53:07.498444+00:00
PROD-0354,length,12 ft,1.0,100,AUTO_APPROVE,1.0,1.0,1.0,,1.0,1.0,OFFICIAL_MANUFACTURER_SOURCE|HIGH_AUTHORITY_SOURCE|EVIDENCE_GROUNDED|EXACT_MPN_MATCH|MANUFACTURER_VERIFIED|DIRECT_SPECIFICATION_MATCH|UOM_VALID|VALIDATION_PASS,EV-cc51f2fa,SRC-77534675,verified,2026-08-16T12:53:07.498536+00:00
PROD-0355,length,12 ft,1.0,100,AUTO_APPROVE,1.0,1.0,1.0,,1.0,1.0,OFFICIAL_MANUFACTURER_SOURCE|HIGH_AUTHORITY_SOURCE|EVIDENCE_GROUNDED|EXACT_MPN_MATCH|MANUFACTURER_VERIFIED|DIRECT_SPECIFICATION_MATCH|UOM_VALID|VALIDATION_PASS,EV-ce68edfe,SRC-fd307a80,verified,2026-08-16T12:53:07.498621+00:00
PROD-0356,length,12 ft,1.0,100,AUTO_APPROVE,1.0,1.0,1.0,,1.0,1.0,OFFICIAL_MANUFACTURER_SOURCE|HIGH_AUTHORITY_SOURCE|EVIDENCE_GROUNDED|EXACT_MPN_MATCH|MANUFACTURER_VERIFIED|DIRECT_SPECIFICATION_MATCH|UOM_VALID|VALIDATION_PASS,EV-0c4b20aa,SRC-43096e40,verified,2026-08-16T12:53:07.498690+00:00
PROD-0357,length,12 ft,1.0,100,AUTO_APPROVE,1.0,1.0,1.0,,1.0,1.0,OFFICIAL_MANUFACTURER_SOURCE|HIGH_AUTHORITY_SOURCE|EVIDENCE_GROUNDED|EXACT_MPN_MATCH|MANUFACTURER_VERIFIED|DIRECT_SPECIFICATION_MATCH|UOM_VALID|VALIDATION_PASS,EV-296065bd,SRC-30ae4d85,verified,2026-08-16T12:53:07.498746+00:00
PROD-0358,length,12 ft,1.0,100,AUTO_APPROVE,1.0,1.0,1.0,,1.0,1.0,OFFICIAL_MANUFACTURER_SOURCE|HIGH_AUTHORITY_SOURCE|EVIDENCE_GROUNDED|EXACT_MPN_MATCH|MANUFACTURER_VERIFIED|DIRECT_SPECIFICATION_MATCH|UOM_VALID|VALIDATION_PASS,EV-3fab1232,SRC-25cf734b,verified,2026-08-16T12:53:07.498820+00:00
PROD-0359,length,12 ft,1.0,100,AUTO_APPROVE,1.0,1.0,1.0,,1.0,1.0,OFFICIAL_MANUFACTURER_SOURCE|HIGH_AUTHORITY_SOURCE|EVIDENCE_GROUNDED|EXACT_MPN_MATCH|MANUFACTURER_VERIFIED|DIRECT_SPECIFICATION_MATCH|UOM_VALID|VALIDATION_PASS,EV-8354461f,SRC-e17f8055,verified,2026-08-16T12:53:07.498885+00:00
PROD-0360,length,12 ft,1.0,100,AUTO_APPROVE,1.0,1.0,1.0,,1.0,1.0,OFFICIAL_MANUFACTURER_SOURCE|HIGH_AUTHORITY_SOURCE|EVIDENCE_GROUNDED|EXACT_MPN_MATCH|MANUFACTURER_VERIFIED|DIRECT_SPECIFICATION_MATCH|UOM_VALID|VALIDATION_PASS,EV-1fc076a5,SRC-ee152111,verified,2026-08-16T12:53:07.498945+00:00
PROD-0395,color_finish,Slate Gray,1.0,100,AUTO_APPROVE,1.0,1.0,1.0,1.0,,1.0,OFFICIAL_MANUFACTURER_SOURCE|HIGH_AUTHORITY_SOURCE|EVIDENCE_GROUNDED|EXACT_MPN_MATCH|MANUFACTURER_VERIFIED|DIRECT_SPECIFICATION_MATCH|LOV_VALID|VALIDATION_PASS,EV-bcd6085d,SRC-ebc9960f,verified,2026-08-16T12:53:07.499882+00:00
PROD-0395,color_temperature,2700 K,1.0,100,AUTO_APPROVE,1.0,1.0,1.0,1.0,,1.0,OFFICIAL_MANUFACTURER_SOURCE|HIGH_AUTHORITY_SOURCE|EVIDENCE_GROUNDED|EXACT_MPN_MATCH|MANUFACTURER_VERIFIED|DIRECT_SPECIFICATION_MATCH|LOV_VALID|VALIDATION_PASS,EV-bc3acaf5,SRC-ebc9960f,verified,2026-08-16T12:53:07.499900+00:00
PROD-0395,pack_quantity,5,1.0,100,AUTO_APPROVE,1.0,1.0,1.0,1.0,,1.0,OFFICIAL_MANUFACTURER_SOURCE|HIGH_AUTHORITY_SOURCE|EVIDENCE_GROUNDED|EXACT_MPN_MATCH|MANUFACTURER_VERIFIED|DIRECT_SPECIFICATION_MATCH|LOV_VALID|VALIDATION_PASS,EV-0ce50ad0,SRC-ebc9960f,verified,2026-08-16T12:53:07.499915+00:00
PROD-0395,wattage,60 W,1.0,100,AUTO_APPROVE,1.0,1.0,1.0,,1.0,1.0,OFFICIAL_MANUFACTURER_SOURCE|HIGH_AUTHORITY_SOURCE|EVIDENCE_GROUNDED|EXACT_MPN_MATCH|MANUFACTURER_VERIFIED|DIRECT_SPECIFICATION_MATCH|UOM_VALID|VALIDATION_PASS,EV-37e1a0d3,SRC-ebc9960f,verified,2026-08-16T12:53:07.499930+00:00
PROD-0447,color_finish,Slate Gray,1.0,100,AUTO_APPROVE,1.0,1.0,1.0,1.0,,1.0,OFFICIAL_MANUFACTURER_SOURCE|HIGH_AUTHORITY_SOURCE|EVIDENCE_GROUNDED|EXACT_MPN_MATCH|MANUFACTURER_VERIFIED|DIRECT_SPECIFICATION_MATCH|LOV_VALID|VALIDATION_PASS,EV-e95080a5,SRC-352f3644,verified,2026-08-16T12:53:07.501338+00:00
PROD-0447,pack_quantity,5,1.0,100,AUTO_APPROVE,1.0,1.0,1.0,1.0,,1.0,OFFICIAL_MANUFACTURER_SOURCE|HIGH_AUTHORITY_SOURCE|EVIDENCE_GROUNDED|EXACT_MPN_MATCH|MANUFACTURER_VERIFIED|DIRECT_SPECIFICATION_MATCH|LOV_VALID|VALIDATION_PASS,EV-c75fb7fb,SRC-352f3644,verified,2026-08-16T12:53:07.501357+00:00
PROD-0447,wattage,60 W,1.0,100,AUTO_APPROVE,1.0,1.0,1.0,,1.0,1.0,OFFICIAL_MANUFACTURER_SOURCE|HIGH_AUTHORITY_SOURCE|EVIDENCE_GROUNDED|EXACT_MPN_MATCH|MANUFACTURER_VERIFIED|DIRECT_SPECIFICATION_MATCH|UOM_VALID|VALIDATION_PASS,EV-ed4d4f01,SRC-352f3644,verified,2026-08-16T12:53:07.501373+00:00
PROD-0584,color_finish,Black,0.8639,86,REVIEW_RECOMMENDED,1.0,0.4,0.9875,1.0,,1.0,OFFICIAL_MANUFACTURER_SOURCE|HIGH_AUTHORITY_SOURCE|PARTIAL_EVIDENCE|DIRECT_SPECIFICATION_MATCH|LOV_VALID|VALIDATION_PASS,EV-b22c8c8e,SRC-bd7e17f6,unverified,2026-08-16T12:53:07.505482+00:00
PROD-0593,length,12 ft,1.0,100,AUTO_APPROVE,1.0,1.0,1.0,,1.0,1.0,OFFICIAL_MANUFACTURER_SOURCE|HIGH_AUTHORITY_SOURCE|EVIDENCE_GROUNDED|EXACT_MPN_MATCH|MANUFACTURER_VERIFIED|DIRECT_SPECIFICATION_MATCH|UOM_VALID|VALIDATION_PASS,EV-ca43514e,SRC-6492f0f9,verified,2026-08-16T12:53:07.505804+00:00
PROD-0594,length,12 ft,1.0,100,AUTO_APPROVE,1.0,1.0,1.0,,1.0,1.0,OFFICIAL_MANUFACTURER_SOURCE|HIGH_AUTHORITY_SOURCE|EVIDENCE_GROUNDED|EXACT_MPN_MATCH|MANUFACTURER_VERIFIED|DIRECT_SPECIFICATION_MATCH|UOM_VALID|VALIDATION_PASS,EV-02f164ec,SRC-99e39b98,verified,2026-08-16T12:53:07.505872+00:00
PROD-0600,length,12 ft,1.0,100,AUTO_APPROVE,1.0,1.0,1.0,,1.0,1.0,OFFICIAL_MANUFACTURER_SOURCE|HIGH_AUTHORITY_SOURCE|EVIDENCE_GROUNDED|EXACT_MPN_MATCH|MANUFACTURER_VERIFIED|DIRECT_SPECIFICATION_MATCH|UOM_VALID|VALIDATION_PASS,EV-7bcfe16a,SRC-a47e8721,verified,2026-08-16T12:53:07.506059+00:00
PROD-0688,color,Slate Gray,1.0,100,AUTO_APPROVE,1.0,1.0,1.0,,,1.0,OFFICIAL_MANUFACTURER_SOURCE|HIGH_AUTHORITY_SOURCE|EVIDENCE_GROUNDED|EXACT_MPN_MATCH|MANUFACTURER_VERIFIED|DIRECT_SPECIFICATION_MATCH|VALIDATION_PASS,EV-087294f5,SRC-61acedf2,verified,2026-08-16T12:53:07.508246+00:00
PROD-0688,edge_profile,Grooved,1.0,100,AUTO_APPROVE,1.0,1.0,1.0,,,1.0,OFFICIAL_MANUFACTURER_SOURCE|HIGH_AUTHORITY_SOURCE|EVIDENCE_GROUNDED|EXACT_MPN_MATCH|MANUFACTURER_VERIFIED|DIRECT_SPECIFICATION_MATCH|VALIDATION_PASS,EV-e007b646,SRC-61acedf2,verified,2026-08-16T12:53:07.508264+00:00
PROD-0688,length,12 ft,1.0,100,AUTO_APPROVE,1.0,1.0,1.0,,1.0,1.0,OFFICIAL_MANUFACTURER_SOURCE|HIGH_AUTHORITY_SOURCE|EVIDENCE_GROUNDED|EXACT_MPN_MATCH|MANUFACTURER_VERIFIED|DIRECT_SPECIFICATION_MATCH|UOM_VALID|VALIDATION_PASS,EV-2a251513,SRC-61acedf2,verified,2026-08-16T12:53:07.508278+00:00
PROD-0688,material,PVC,1.0,100,AUTO_APPROVE,1.0,1.0,1.0,1.0,,1.0,OFFICIAL_MANUFACTURER_SOURCE|HIGH_AUTHORITY_SOURCE|EVIDENCE_GROUNDED|EXACT_MPN_MATCH|MANUFACTURER_VERIFIED|DIRECT_SPECIFICATION_MATCH|LOV_VALID|VALIDATION_PASS,EV-ac9a4f4b,SRC-61acedf2,verified,2026-08-16T12:53:07.508291+00:00
PROD-0688,width_profile,1x6,1.0,100,AUTO_APPROVE,1.0,1.0,1.0,,1.0,1.0,OFFICIAL_MANUFACTURER_SOURCE|HIGH_AUTHORITY_SOURCE|EVIDENCE_GROUNDED|EXACT_MPN_MATCH|MANUFACTURER_VERIFIED|DIRECT_SPECIFICATION_MATCH|UOM_VALID|VALIDATION_PASS,EV-cd676c3f,SRC-61acedf2,verified,2026-08-16T12:53:07.508303+00:00
PROD-0750,drive_size,1/2 in,1.0,100,AUTO_APPROVE,1.0,1.0,1.0,,1.0,1.0,OFFICIAL_MANUFACTURER_SOURCE|HIGH_AUTHORITY_SOURCE|EVIDENCE_GROUNDED|EXACT_MPN_MATCH|MANUFACTURER_VERIFIED|DIRECT_SPECIFICATION_MATCH|UOM_VALID|VALIDATION_PASS,EV-f7701333,SRC-e29c232a,verified,2026-08-16T12:53:07.510502+00:00
PROD-0950,material,Aluminum,0.8639,86,REVIEW_RECOMMENDED,1.0,0.4,0.9875,1.0,,1.0,OFFICIAL_MANUFACTURER_SOURCE|HIGH_AUTHORITY_SOURCE|PARTIAL_EVIDENCE|DIRECT_SPECIFICATION_MATCH|LOV_VALID|VALIDATION_PASS,EV-15f5db00,SRC-4357cbcb,unverified,2026-08-16T12:53:07.516110+00:00
PROD-0951,material,Aluminum,0.8639,86,REVIEW_RECOMMENDED,1.0,0.4,0.9875,1.0,,1.0,OFFICIAL_MANUFACTURER_SOURCE|HIGH_AUTHORITY_SOURCE|PARTIAL_EVIDENCE|DIRECT_SPECIFICATION_MATCH|LOV_VALID|VALIDATION_PASS,EV-fe8e79c6,SRC-bcaf0021,unverified,2026-08-16T12:53:07.516178+00:00
PROD-0952,material,Aluminum,0.8639,86,REVIEW_RECOMMENDED,1.0,0.4,0.9875,1.0,,1.0,OFFICIAL_MANUFACTURER_SOURCE|HIGH_AUTHORITY_SOURCE|PARTIAL_EVIDENCE|DIRECT_SPECIFICATION_MATCH|LOV_VALID|VALIDATION_PASS,EV-97aa9aca,SRC-52c4805f,unverified,2026-08-16T12:53:07.516233+00:00
PROD-0953,color,Slate Gray,1.0,100,AUTO_APPROVE,1.0,1.0,1.0,,,1.0,OFFICIAL_MANUFACTURER_SOURCE|HIGH_AUTHORITY_SOURCE|EVIDENCE_GROUNDED|EXACT_MPN_MATCH|MANUFACTURER_VERIFIED|DIRECT_SPECIFICATION_MATCH|VALIDATION_PASS,EV-b0377b92,SRC-8981c78a,verified,2026-08-16T12:53:07.516302+00:00
PROD-0953,edge_profile,Grooved,1.0,100,AUTO_APPROVE,1.0,1.0,1.0,,,1.0,OFFICIAL_MANUFACTURER_SOURCE|HIGH_AUTHORITY_SOURCE|EVIDENCE_GROUNDED|EXACT_MPN_MATCH|MANUFACTURER_VERIFIED|DIRECT_SPECIFICATION_MATCH|VALIDATION_PASS,EV-b5bb6b88,SRC-8981c78a,verified,2026-08-16T12:53:07.516319+00:00
PROD-0953,length,12 ft,1.0,100,AUTO_APPROVE,1.0,1.0,1.0,,1.0,1.0,OFFICIAL_MANUFACTURER_SOURCE|HIGH_AUTHORITY_SOURCE|EVIDENCE_GROUNDED|EXACT_MPN_MATCH|MANUFACTURER_VERIFIED|DIRECT_SPECIFICATION_MATCH|UOM_VALID|VALIDATION_PASS,EV-182dc31c,SRC-8981c78a,verified,2026-08-16T12:53:07.516334+00:00
PROD-0953,material,PVC,1.0,100,AUTO_APPROVE,1.0,1.0,1.0,1.0,,1.0,OFFICIAL_MANUFACTURER_SOURCE|HIGH_AUTHORITY_SOURCE|EVIDENCE_GROUNDED|EXACT_MPN_MATCH|MANUFACTURER_VERIFIED|DIRECT_SPECIFICATION_MATCH|LOV_VALID|VALIDATION_PASS,EV-f27be80c,SRC-8981c78a,verified,2026-08-16T12:53:07.516347+00:00
PROD-0953,width_profile,1x6,1.0,100,AUTO_APPROVE,1.0,1.0,1.0,,1.0,1.0,OFFICIAL_MANUFACTURER_SOURCE|HIGH_AUTHORITY_SOURCE|EVIDENCE_GROUNDED|EXACT_MPN_MATCH|MANUFACTURER_VERIFIED|DIRECT_SPECIFICATION_MATCH|UOM_VALID|VALIDATION_PASS,EV-4992a8a6,SRC-8981c78a,verified,2026-08-16T12:53:07.516360+00:00
PROD-0954,material,Aluminum,0.8639,86,REVIEW_RECOMMENDED,1.0,0.4,0.9875,1.0,,1.0,OFFICIAL_MANUFACTURER_SOURCE|HIGH_AUTHORITY_SOURCE|PARTIAL_EVIDENCE|DIRECT_SPECIFICATION_MATCH|LOV_VALID|VALIDATION_PASS,EV-1aef87a0,SRC-e351ab31,unverified,2026-08-16T12:53:07.516425+00:00
PROD-0955,material,Aluminum,0.8639,86,REVIEW_RECOMMENDED,1.0,0.4,0.9875,1.0,,1.0,OFFICIAL_MANUFACTURER_SOURCE|HIGH_AUTHORITY_SOURCE|PARTIAL_EVIDENCE|DIRECT_SPECIFICATION_MATCH|LOV_VALID|VALIDATION_PASS,EV-f95d9071,SRC-ee57eee5,unverified,2026-08-16T12:53:07.516478+00:00
PROD-0956,material,Aluminum,0.8639,86,REVIEW_RECOMMENDED,1.0,0.4,0.9875,1.0,,1.0,OFFICIAL_MANUFACTURER_SOURCE|HIGH_AUTHORITY_SOURCE|PARTIAL_EVIDENCE|DIRECT_SPECIFICATION_MATCH|LOV_VALID|VALIDATION_PASS,EV-5958e1de,SRC-ec507ca1,unverified,2026-08-16T12:53:07.516529+00:00
PROD-0957,material,Aluminum,0.8639,86,REVIEW_RECOMMENDED,1.0,0.4,0.9875,1.0,,1.0,OFFICIAL_MANUFACTURER_SOURCE|HIGH_AUTHORITY_SOURCE|PARTIAL_EVIDENCE|DIRECT_SPECIFICATION_MATCH|LOV_VALID|VALIDATION_PASS,EV-42e67bc3,SRC-f9163052,unverified,2026-08-16T12:53:07.516579+00:00
PROD-0984,drive_size,1/2 in,1.0,100,AUTO_APPROVE,1.0,1.0,1.0,,1.0,1.0,OFFICIAL_MANUFACTURER_SOURCE|HIGH_AUTHORITY_SOURCE|EVIDENCE_GROUNDED|EXACT_MPN_MATCH|MANUFACTURER_VERIFIED|DIRECT_SPECIFICATION_MATCH|UOM_VALID|VALIDATION_PASS,EV-f4baf33f,SRC-355aeaee,verified,2026-08-16T12:53:07.517862+00:00
PROD-0985,drive_size,1/2 in,1.0,100,AUTO_APPROVE,1.0,1.0,1.0,,1.0,1.0,OFFICIAL_MANUFACTURER_SOURCE|HIGH_AUTHORITY_SOURCE|EVIDENCE_GROUNDED|EXACT_MPN_MATCH|MANUFACTURER_VERIFIED|DIRECT_SPECIFICATION_MATCH|UOM_VALID|VALIDATION_PASS,EV-c8a5647e,SRC-9c5fbe0a,verified,2026-08-16T12:53:07.517992+00:00
PROD-0991,color,Slate Gray,1.0,100,AUTO_APPROVE,1.0,1.0,1.0,,,1.0,OFFICIAL_MANUFACTURER_SOURCE|HIGH_AUTHORITY_SOURCE|EVIDENCE_GROUNDED|EXACT_MPN_MATCH|MANUFACTURER_VERIFIED|DIRECT_SPECIFICATION_MATCH|VALIDATION_PASS,EV-c8d74b95,SRC-4e158be9,verified,2026-08-16T12:53:07.518501+00:00
PROD-0991,edge_profile,Grooved,1.0,100,AUTO_APPROVE,1.0,1.0,1.0,,,1.0,OFFICIAL_MANUFACTURER_SOURCE|HIGH_AUTHORITY_SOURCE|EVIDENCE_GROUNDED|EXACT_MPN_MATCH|MANUFACTURER_VERIFIED|DIRECT_SPECIFICATION_MATCH|VALIDATION_PASS,EV-16978aef,SRC-4e158be9,verified,2026-08-16T12:53:07.518551+00:00
PROD-0991,length,12 ft,1.0,100,AUTO_APPROVE,1.0,1.0,1.0,,1.0,1.0,OFFICIAL_MANUFACTURER_SOURCE|HIGH_AUTHORITY_SOURCE|EVIDENCE_GROUNDED|EXACT_MPN_MATCH|MANUFACTURER_VERIFIED|DIRECT_SPECIFICATION_MATCH|UOM_VALID|VALIDATION_PASS,EV-9a4e9140,SRC-4e158be9,verified,2026-08-16T12:53:07.518585+00:00
PROD-0991,material,PVC,1.0,100,AUTO_APPROVE,1.0,1.0,1.0,1.0,,1.0,OFFICIAL_MANUFACTURER_SOURCE|HIGH_AUTHORITY_SOURCE|EVIDENCE_GROUNDED|EXACT_MPN_MATCH|MANUFACTURER_VERIFIED|DIRECT_SPECIFICATION_MATCH|LOV_VALID|VALIDATION_PASS,EV-b2d4b4ec,SRC-4e158be9,verified,2026-08-16T12:53:07.518614+00:00
PROD-0991,width_profile,1x6,1.0,100,AUTO_APPROVE,1.0,1.0,1.0,,1.0,1.0,OFFICIAL_MANUFACTURER_SOURCE|HIGH_AUTHORITY_SOURCE|EVIDENCE_GROUNDED|EXACT_MPN_MATCH|MANUFACTURER_VERIFIED|DIRECT_SPECIFICATION_MATCH|UOM_VALID|VALIDATION_PASS,EV-e8e1f198,SRC-4e158be9,verified,2026-08-16T12:53:07.518639+00:00
